conflicts_or_alternate_definitions,definition_text_sha256,external_references,id,internal_references,normalized_term,observed_term,record_type,review_state,scope,source_anchor,source_section
[],0055da0e1d2e89cca854448428e5535fdef0be6de5582ec47e8f2d2dc2c0d229,[],ibc2018:definition:48bd3ff42fac4de3a6266b7f,[],24-HOUR BASIS,24-HOUR BASIS,definition,verified,code_wide_unless_context_limits,"{""appendix"":null,""bbox"":[60.027,516.585,305.959,569.575],""chapter"":""2"",""line_id"":null,""observed_text_sha256"":""0055da0e1d2e89cca854448428e5535fdef0be6de5582ec47e8f2d2dc2c0d229"",""pdf_page"":40,""printed_page"":""13""}",202
[],87fbb2767fdc5baef85848ed98a1c71ef7b8f4a5d70224130a54862304dfd7ad,[],ibc2018:definition:39a1d5c18cedc3eb97fa62a3,[],AAC MASONRY,AAC MASONRY,definition,verified,code_wide_unless_context_limits,"{""appendix"":null,""bbox"":[60.027,575.324,306.018,617.437],""chapter"":""2"",""line_id"":null,""observed_text_sha256"":""87fbb2767fdc5baef85848ed98a1c71ef7b8f4a5d70224130a54862304dfd7ad"",""pdf_page"":40,""printed_page"":""13""}",202
[],f1f2605c76bddc5f7297a590d805fd0ee71c655e2a4bc2a945687604b837b73b,[],ibc2018:definition:12ab8e7453425d1f65adc6c6,[],ACCESSIBLE,ACCESSIBLE,definition,verified,code_wide_unless_context_limits,"{""appendix"":null,""bbox"":[60.027,623.187,305.874,643.223],""chapter"":""2"",""line_id"":null,""observed_text_sha256"":""f1f2605c76bddc5f7297a590d805fd0ee71c655e2a4bc2a945687604b837b73b"",""pdf_page"":40,""printed_page"":""13""}",202
[],728bb61fa5fe49eaedcc8fd423214fc0cee6ce24cf041472a6841d718ef1499e,[],ibc2018:definition:182c6a0210b923ec920fd815,[],ACCESSIBLE MEANS OF EGRESS,ACCESSIBLE MEANS OF EGRESS,definition,verified,code_wide_unless_context_limits,"{""appendix"":null,""bbox"":[60.027,649.052,305.904,680.075],""chapter"":""2"",""line_id"":null,""observed_text_sha256"":""728bb61fa5fe49eaedcc8fd423214fc0cee6ce24cf041472a6841d718ef1499e"",""pdf_page"":40,""printed_page"":""13""}",202
[],6bd1e1c72a65f5a30a5ba8260dad43ee47bdfa64eccb85047f4cb1d417909008,[],ibc2018:definition:4b9990209a188042b39a80d2,[],ACCESSIBLE ROUTE,ACCESSIBLE ROUTE,definition,verified,code_wide_unless_context_limits,"{""appendix"":null,""bbox"":[60.027,685.848,306.01,705.86],""chapter"":""2"",""line_id"":null,""observed_text_sha256"":""6bd1e1c72a65f5a30a5ba8260dad43ee47bdfa64eccb85047f4cb1d417909008"",""pdf_page"":40,""printed_page"":""13""}",202
[],5b4954dbdc20cab404de048a04a16c003130491ee417a85e21c89ccc832c625c,[],ibc2018:definition:d27f5961dada8e7b60218783,[],ACCESSIBLE UNIT,ACCESSIBLE UNIT,definition,verified,code_wide_unless_context_limits,"{""appendix"":null,""bbox"":[60.027,711.609,306.258,742.656],""chapter"":""2"",""line_id"":null,""observed_text_sha256"":""5b4954dbdc20cab404de048a04a16c003130491ee417a85e21c89ccc832c625c"",""pdf_page"":40,""printed_page"":""13""}",202
[],286a56892a899b9169f49643d4f656b5935ac1956405b8f0221328123b29bbd2,[],ibc2018:definition:693a41a2cb56a510d4b602a2,[],ACCREDITATION BODY,ACCREDITATION BODY,definition,verified,code_wide_unless_context_limits,"{""appendix"":null,""bbox"":[326.012,244.488,572.064,308.624],""chapter"":""2"",""line_id"":null,""observed_text_sha256"":""286a56892a899b9169f49643d4f656b5935ac1956405b8f0221328123b29bbd2"",""pdf_page"":40,""printed_page"":""13""}",202
[],0671701ddf77ba2dcef97e73c0b83a29981a7a8252584e69925cd35e9519b4a8,[],ibc2018:definition:976452fb9c86c11eaec8267c,[],ADDITION,ADDITION,definition,verified,code_wide_unless_context_limits,"{""appendix"":null,""bbox"":[326.013,313.955,571.484,334.078],""chapter"":""2"",""line_id"":null,""observed_text_sha256"":""0671701ddf77ba2dcef97e73c0b83a29981a7a8252584e69925cd35e9519b4a8"",""pdf_page"":40,""printed_page"":""13""}",202
[],917379bb24897483cac669f052f1e7c16e9cbaea38ea6028e5d85bc1f62eaf02,[],ibc2018:definition:47d0ef4f3639db749eab11d9,[],ADHERED MASONRY VENEER,ADHERED MASONRY VENEER,definition,verified,code_wide_unless_context_limits,"{""appendix"":null,""bbox"":[326.012,339.439,572.09,370.542],""chapter"":""2"",""line_id"":null,""observed_text_sha256"":""917379bb24897483cac669f052f1e7c16e9cbaea38ea6028e5d85bc1f62eaf02"",""pdf_page"":40,""printed_page"":""13""}",202
[],02eb4c24cda8f8625a31d59809a1917c75d8e1271aa4ee79bd91c136502fd0a8,[],ibc2018:definition:f4d3fb7290449e6a77ac1963,[],ADOBE CONSTRUCTION,ADOBE CONSTRUCTION,definition,verified,code_wide_unless_context_limits,"{""appendix"":null,""bbox"":[326.012,375.873,572.274,429.084],""chapter"":""2"",""line_id"":null,""observed_text_sha256"":""02eb4c24cda8f8625a31d59809a1917c75d8e1271aa4ee79bd91c136502fd0a8"",""pdf_page"":40,""printed_page"":""13""}",202
[],8bda093c7571d96f4e536e2b798a36e01941434c72db86d5b59325019bc4303d,[],ibc2018:definition:f798e378b81bd6bfa1735da1,[],AEROSOL CONTAINER,AEROSOL CONTAINER,definition,verified,code_wide_unless_context_limits,"{""appendix"":null,""bbox"":[326.012,507.399,571.638,549.433],""chapter"":""2"",""line_id"":null,""observed_text_sha256"":""8bda093c7571d96f4e536e2b798a36e01941434c72db86d5b59325019bc4303d"",""pdf_page"":40,""printed_page"":""13""}",202
[],2d8d260611dee38607ba9cac939ee95b1af768f8829b81371d6631d57119070e,[],ibc2018:definition:905512131d0d272ee1d08483,[],AEROSOL PRODUCT,AEROSOL PRODUCT,definition,verified,code_wide_unless_context_limits,"{""appendix"":null,""bbox"":[326.011,554.875,571.847,607.865],""chapter"":""2"",""line_id"":null,""observed_text_sha256"":""2d8d260611dee38607ba9cac939ee95b1af768f8829b81371d6631d57119070e"",""pdf_page"":40,""printed_page"":""13""}",202
[],3f32a3b29b1b63787c8a9ecfb59e5c2c4b35d577637f1f4e14c90ca15d1c0c37,[],ibc2018:definition:af9d23c9dcb75ad04e6567ad,[],AGGREGATE,AGGREGATE,definition,verified,code_wide_unless_context_limits,"{""appendix"":null,""bbox"":[326.011,722.645,571.72,742.711],""chapter"":""2"",""line_id"":null,""observed_text_sha256"":""3f32a3b29b1b63787c8a9ecfb59e5c2c4b35d577637f1f4e14c90ca15d1c0c37"",""pdf_page"":40,""printed_page"":""13""}",202
[],76d095f1c335ed02521cd84f2afe83bed4d3bd0e60664862edd9a22735f3a6b8,[],ibc2018:definition:edb246d1fa0c5c4333f8729c,[],AGRICULTURAL BUILDING,AGRICULTURAL BUILDING,definition,verified,code_wide_unless_context_limits,"{""appendix"":null,""bbox"":[40.049,77.674,286.159,141.785],""chapter"":""2"",""line_id"":null,""observed_text_sha256"":""76d095f1c335ed02521cd84f2afe83bed4d3bd0e60664862edd9a22735f3a6b8"",""pdf_page"":41,""printed_page"":""14""}",202
[],4534ed37f44c1e6c8244bda88d712e3e01a2d703843c8b94a136bd5f6609671e,[],ibc2018:definition:149cf8294e42531e8b87a58f,[],AIR-IMPERMEABLE INSULATION,AIR-IMPERMEABLE INSULATION,definition,verified,code_wide_unless_context_limits,"{""appendix"":null,""bbox"":[40.048,147.061,285.984,189.096],""chapter"":""2"",""line_id"":null,""observed_text_sha256"":""4534ed37f44c1e6c8244bda88d712e3e01a2d703843c8b94a136bd5f6609671e"",""pdf_page"":41,""printed_page"":""14""}",202
[],5a25bc746de888ed2cab893a309e18b14029ed8393952aaa632d316929441fa6,[],ibc2018:definition:1f1d9e3d0ce74798364958c3,[],AIR-INFLATED STRUCTURE,AIR-INFLATED STRUCTURE,definition,verified,code_wide_unless_context_limits,"{""appendix"":null,""bbox"":[40.103,194.428,286.122,236.517],""chapter"":""2"",""line_id"":null,""observed_text_sha256"":""5a25bc746de888ed2cab893a309e18b14029ed8393952aaa632d316929441fa6"",""pdf_page"":41,""printed_page"":""14""}",202
[],a60babd12e86e5def436a2e49a000229f980862c93d4742a072afafc7192edfa,[],ibc2018:definition:aa386b6b264f00029f69c90d,[],AIR-SUPPORTED STRUCTURE,AIR-SUPPORTED STRUCTURE,definition,verified,code_wide_unless_context_limits,"{""appendix"":null,""bbox"":[40.104,241.848,285.965,283.881],""chapter"":""2"",""line_id"":null,""observed_text_sha256"":""a60babd12e86e5def436a2e49a000229f980862c93d4742a072afafc7192edfa"",""pdf_page"":41,""printed_page"":""14""}",202
[],ef200a24bd930779d58b778fb081dcf2ecf8636d22b556810fc86a6cf100c5be,[],ibc2018:definition:53e1539bb4c8a64f39c43493,[],AISLE,AISLE,definition,verified,code_wide_unless_context_limits,"{""appendix"":null,""bbox"":[40.105,361.729,285.958,381.931],""chapter"":""2"",""line_id"":null,""observed_text_sha256"":""ef200a24bd930779d58b778fb081dcf2ecf8636d22b556810fc86a6cf100c5be"",""pdf_page"":41,""printed_page"":""14""}",202
[],27cce0faaf900146283a673ac8c56de540b4f6d4912648ad991fb6d222a16b6e,[],ibc2018:definition:a73cfd7223da4d15289b190c,[],AISLE ACCESSWAY,AISLE ACCESSWAY,definition,verified,code_wide_unless_context_limits,"{""appendix"":null,""bbox"":[40.105,387.183,285.911,407.219],""chapter"":""2"",""line_id"":null,""observed_text_sha256"":""27cce0faaf900146283a673ac8c56de540b4f6d4912648ad991fb6d222a16b6e"",""pdf_page"":41,""printed_page"":""14""}",202
[],1bb32e466e8f0da7475d573d625537c6a555759fa7949acc38dd6342519c2e17,[],ibc2018:definition:3e54d0022864b03e8d5e93db,[],ALARM NOTIFICATION APPLIANCE,ALARM NOTIFICATION APPLIANCE,definition,verified,code_wide_unless_context_limits,"{""appendix"":null,""bbox"":[40.105,412.47,286.123,454.639],""chapter"":""2"",""line_id"":null,""observed_text_sha256"":""1bb32e466e8f0da7475d573d625537c6a555759fa7949acc38dd6342519c2e17"",""pdf_page"":41,""printed_page"":""14""}",202
[],97f0d766faf10fd081f17f43e17122b02daf43a88267afd63a6955a1fb17dd43,[],ibc2018:definition:aa2abb7ebb495068be55cfd8,[],ALARM SIGNAL,ALARM SIGNAL,definition,verified,code_wide_unless_context_limits,"{""appendix"":null,""bbox"":[40.105,459.859,285.793,479.926],""chapter"":""2"",""line_id"":null,""observed_text_sha256"":""97f0d766faf10fd081f17f43e17122b02daf43a88267afd63a6955a1fb17dd43"",""pdf_page"":41,""printed_page"":""14""}",202
[],b618778aefbd45fbb0f384e2080843731a9efc4d5b047498e7721fbb09a62d58,[],ibc2018:definition:cf9821790625799958d243ac,[],ALARM VERIFICATION FEATURE,ALARM VERIFICATION FEATURE,definition,verified,code_wide_unless_context_limits,"{""appendix"":null,""bbox"":[40.105,485.257,286.529,560.325],""chapter"":""2"",""line_id"":null,""observed_text_sha256"":""b618778aefbd45fbb0f384e2080843731a9efc4d5b047498e7721fbb09a62d58"",""pdf_page"":41,""printed_page"":""14""}",202
[],dc9761bedd0a3c8ddd38b60293c34c9e780382a4fe2fae896331e848f9a84fbb,[],ibc2018:definition:7b5a0abe83cb31e6f0358051,[],ALLOWABLE STRESS DESIGN,ALLOWABLE STRESS DESIGN,definition,verified,code_wide_unless_context_limits,"{""appendix"":null,""bbox"":[40.104,565.545,286.158,618.59],""chapter"":""2"",""line_id"":null,""observed_text_sha256"":""dc9761bedd0a3c8ddd38b60293c34c9e780382a4fe2fae896331e848f9a84fbb"",""pdf_page"":41,""printed_page"":""14""}",202
[],9ab24d168e05a02695a299cafcaa807177fa10be07dce0c4b6d287513c0933ab,[],ibc2018:definition:cfc3623741ee7ef65f051aca,[],ALTERATION,ALTERATION,definition,verified,code_wide_unless_context_limits,"{""appendix"":null,""bbox"":[40.103,623.977,285.886,643.933],""chapter"":""2"",""line_id"":null,""observed_text_sha256"":""9ab24d168e05a02695a299cafcaa807177fa10be07dce0c4b6d287513c0933ab"",""pdf_page"":41,""printed_page"":""14""}",202
[],681fe9b6e2ac2d2a5ce11bd103315063332ef1c28675ba86ca925a7544ad33cb,[],ibc2018:definition:57d740c9f207c8e64804caad,[],ALTERNATING TREAD DEVICE,ALTERNATING TREAD DEVICE,definition,verified,code_wide_unless_context_limits,"{""appendix"":null,""bbox"":[40.103,649.264,286.17,702.365],""chapter"":""2"",""line_id"":null,""observed_text_sha256"":""681fe9b6e2ac2d2a5ce11bd103315063332ef1c28675ba86ca925a7544ad33cb"",""pdf_page"":41,""printed_page"":""14""}",202
[],d6639ed3680fcc793a7c013cb2664e06ba29a308a7fd85db04f7ea50e535fc53,[],ibc2018:definition:015c84d9e72e260083b434a5,[],AMBULATORY CARE FACILITY,AMBULATORY CARE FACILITY,definition,verified,code_wide_unless_context_limits,"{""appendix"":null,""bbox"":[40.103,77.539,551.882,738.718],""chapter"":""2"",""line_id"":null,""observed_text_sha256"":""d6639ed3680fcc793a7c013cb2664e06ba29a308a7fd85db04f7ea50e535fc53"",""pdf_page"":41,""printed_page"":""14""}",202
[],667615cfc9f5083277287049e7c2b491198a0a278756c8d2a34cc97a33dab738,[],ibc2018:definition:c55eb583271a82b5824f1b39,[],ANCHOR BUILDING,ANCHOR BUILDING,definition,verified,code_wide_unless_context_limits,"{""appendix"":null,""bbox"":[305.924,114.083,552.479,156.173],""chapter"":""2"",""line_id"":null,""observed_text_sha256"":""667615cfc9f5083277287049e7c2b491198a0a278756c8d2a34cc97a33dab738"",""pdf_page"":41,""printed_page"":""14""}",202
[],dc97ddbf864581594e91c50965ca9fc9e16c13e53a2d908f2365e05bf4ea4270,[],ibc2018:definition:71001e9b4f0acb65e25e2638,[],ANCHORED MASONRY VENEER,ANCHORED MASONRY VENEER,definition,verified,code_wide_unless_context_limits,"{""appendix"":null,""bbox"":[305.924,161.368,551.891,181.404],""chapter"":""2"",""line_id"":null,""observed_text_sha256"":""dc97ddbf864581594e91c50965ca9fc9e16c13e53a2d908f2365e05bf4ea4270"",""pdf_page"":41,""printed_page"":""14""}",202
[],0ba1ae6385aae8abc3fa59775933756a1f98cb11bf1780b28a974d36935607d9,[],ibc2018:definition:1b06a4411d4e889d731a0838,[],ANNULAR SPACE,ANNULAR SPACE,definition,verified,code_wide_unless_context_limits,"{""appendix"":null,""bbox"":[305.924,186.982,551.636,206.968],""chapter"":""2"",""line_id"":null,""observed_text_sha256"":""0ba1ae6385aae8abc3fa59775933756a1f98cb11bf1780b28a974d36935607d9"",""pdf_page"":41,""printed_page"":""14""}",202
[],0f5af6ee065511bf69ca27626c6f7ff7c3c417cef995e2a2c38e7352bb258bb0,[],ibc2018:definition:d83ebea67d07ac85b82c5b5d,[],ANNUNCIATOR,ANNUNCIATOR,definition,verified,code_wide_unless_context_limits,"{""appendix"":null,""bbox"":[305.978,212.355,551.98,254.389],""chapter"":""2"",""line_id"":null,""observed_text_sha256"":""0f5af6ee065511bf69ca27626c6f7ff7c3c417cef995e2a2c38e7352bb258bb0"",""pdf_page"":41,""printed_page"":""14""}",202
[],0ab959fae82e337165b86eee0299099959b232590769ed1919a173bae9a3bc31,[],ibc2018:definition:494f1634c40671e7a53cf61a,[],APPROVED,APPROVED,definition,verified,code_wide_unless_context_limits,"{""appendix"":null,""bbox"":[305.979,259.639,521.262,268.775],""chapter"":""2"",""line_id"":null,""observed_text_sha256"":""0ab959fae82e337165b86eee0299099959b232590769ed1919a173bae9a3bc31"",""pdf_page"":41,""printed_page"":""14""}",202
[],ac82c3c3f75dc536e4c06f5fa741425fe31409848145f21fc5e135f6d07d7ff4,[],ibc2018:definition:c32d1157ad6ac131a3bebd54,[],APPROVED AGENCY,APPROVED AGENCY,definition,verified,code_wide_unless_context_limits,"{""appendix"":null,""bbox"":[305.977,274.217,552.057,327.207],""chapter"":""2"",""line_id"":null,""observed_text_sha256"":""ac82c3c3f75dc536e4c06f5fa741425fe31409848145f21fc5e135f6d07d7ff4"",""pdf_page"":41,""printed_page"":""14""}",202
[],bf97a88f50fd04acfe05d9e1709fea03ee2fbe18177eb696ff535dedfe68bd97,[],ibc2018:definition:03197889a18233b758a2df7d,[],APPROVED FABRICATOR,APPROVED FABRICATOR,definition,verified,code_wide_unless_context_limits,"{""appendix"":null,""bbox"":[305.977,332.538,551.892,363.671],""chapter"":""2"",""line_id"":null,""observed_text_sha256"":""bf97a88f50fd04acfe05d9e1709fea03ee2fbe18177eb696ff535dedfe68bd97"",""pdf_page"":41,""printed_page"":""14""}",202
[],7dea82c373aafed6e09ce7c884db9f0ccf7cd0b32ed0b7f91370086ecbfd4ce5,[],ibc2018:definition:03ebd00ce466da7bf6a1235e,[],APPROVED SOURCE,APPROVED SOURCE,definition,verified,code_wide_unless_context_limits,"{""appendix"":null,""bbox"":[305.977,369.002,551.976,425.438],""chapter"":""2"",""line_id"":null,""observed_text_sha256"":""7dea82c373aafed6e09ce7c884db9f0ccf7cd0b32ed0b7f91370086ecbfd4ce5"",""pdf_page"":41,""printed_page"":""14""}",202
[],d3f28b362ebb8246ce98cfba65c2cb528af2b691bebb74383dbf45b61f3610df,[],ibc2018:definition:197f02985716f21a89f6558d,[],"AREA, BUILDING","AREA, BUILDING",definition,verified,code_wide_unless_context_limits,"{""appendix"":null,""bbox"":[305.922,503.627,551.988,567.628],""chapter"":""2"",""line_id"":null,""observed_text_sha256"":""d3f28b362ebb8246ce98cfba65c2cb528af2b691bebb74383dbf45b61f3610df"",""pdf_page"":41,""printed_page"":""14""}",202
[],e4a303d2548020f06e90e5ab761b392e0a69808dd78d941bdaabfca4433d2f9f,[],ibc2018:definition:351e998ef8fd1e02c7e3a77b,[],AREA OF REFUGE,AREA OF REFUGE,definition,verified,code_wide_unless_context_limits,"{""appendix"":null,""bbox"":[305.923,572.959,551.978,604.093],""chapter"":""2"",""line_id"":null,""observed_text_sha256"":""e4a303d2548020f06e90e5ab761b392e0a69808dd78d941bdaabfca4433d2f9f"",""pdf_page"":41,""printed_page"":""14""}",202
[],7f5390682f7dbc3b69ba1a4f11f94c90f89c84bfbbfce6547e3279e5837a866d,[],ibc2018:definition:921f16b2034d86db4e2b1a9b,[],AREA OF SPORT ACTIVITY,AREA OF SPORT ACTIVITY,definition,verified,code_wide_unless_context_limits,"{""appendix"":null,""bbox"":[305.923,609.479,552.067,640.446],""chapter"":""2"",""line_id"":null,""observed_text_sha256"":""7f5390682f7dbc3b69ba1a4f11f94c90f89c84bfbbfce6547e3279e5837a866d"",""pdf_page"":41,""printed_page"":""14""}",202
[],09b2071168bf3bb57058e7217328e9cc52e4ff21082d6228f9b914444e80910a,[],ibc2018:definition:558e4ee598e66bf4ac1bbdab,[],AREAWAY,AREAWAY,definition,verified,code_wide_unless_context_limits,"{""appendix"":null,""bbox"":[305.923,645.833,551.634,665.899],""chapter"":""2"",""line_id"":null,""observed_text_sha256"":""09b2071168bf3bb57058e7217328e9cc52e4ff21082d6228f9b914444e80910a"",""pdf_page"":41,""printed_page"":""14""}",202
[],f381b6b356563daf99f7aff27ae32bbe11b8db2c70d3aa7be041b257be419907,[],ibc2018:definition:1ece4baeab8577ccf5542333,[],"ASSEMBLY SEATING, MULTILEVEL","ASSEMBLY SEATING, MULTILEVEL",definition,verified,code_wide_unless_context_limits,"{""appendix"":null,""bbox"":[305.923,671.23,552.046,691.352],""chapter"":""2"",""line_id"":null,""observed_text_sha256"":""f381b6b356563daf99f7aff27ae32bbe11b8db2c70d3aa7be041b257be419907"",""pdf_page"":41,""printed_page"":""14""}",202
[],a87123bfad4849e09557554c015bafdfccc85d6c10b89d6b518c2231155e955a,[],ibc2018:definition:7abddaba03d4506c4c125550,[],ATRIUM,ATRIUM,definition,verified,code_wide_unless_context_limits,"{""appendix"":null,""bbox"":[305.922,696.604,551.843,738.828],""chapter"":""2"",""line_id"":null,""observed_text_sha256"":""a87123bfad4849e09557554c015bafdfccc85d6c10b89d6b518c2231155e955a"",""pdf_page"":41,""printed_page"":""14""}",202
[],2add6106df73bff0aead6cb57d839166543cf1457432de9f049f3b74e3bdf3d9,[],ibc2018:definition:473c697d549fb2da0afa3c19,[],ATTIC,ATTIC,definition,verified,code_wide_unless_context_limits,"{""appendix"":null,""bbox"":[59.951,113.695,305.743,133.762],""chapter"":""2"",""line_id"":null,""observed_text_sha256"":""2add6106df73bff0aead6cb57d839166543cf1457432de9f049f3b74e3bdf3d9"",""pdf_page"":42,""printed_page"":""15""}",202
[],eea93ea862558ad847cadffbcb489e716b6f1bea9bb241d5f6e953e2f5cdb71d,[],ibc2018:definition:e445f261ed0bb4e121259cad,[],AUDIBLE ALARM NOTIFICATION APPLIANCE,AUDIBLE ALARM NOTIFICATION APPLIANCE,definition,verified,code_wide_unless_context_limits,"{""appendix"":null,""bbox"":[59.951,138.841,305.754,158.717],""chapter"":""2"",""line_id"":null,""observed_text_sha256"":""eea93ea862558ad847cadffbcb489e716b6f1bea9bb241d5f6e953e2f5cdb71d"",""pdf_page"":42,""printed_page"":""15""}",202
[],228dca51be0bb3a1891741f841a91c766f184f9623f580e17e00e622b0f096b9,[],ibc2018:definition:ab09224d82df9e9c3fa81e40,[],AUTOMATIC,AUTOMATIC,definition,verified,code_wide_unless_context_limits,"{""appendix"":null,""bbox"":[59.95,163.716,306.02,216.817],""chapter"":""2"",""line_id"":null,""observed_text_sha256"":""228dca51be0bb3a1891741f841a91c766f184f9623f580e17e00e622b0f096b9"",""pdf_page"":42,""printed_page"":""15""}",202
[],f6400044e2b40a5ca6180c68ff6e9986ce67e1e7f98e38d5efe37ba2114d2fe1,[],ibc2018:definition:99f5a02b465eb385a98227fc,[],AUTOMATIC FIRE-EXTINGUISHING SYSTEM,AUTOMATIC FIRE-EXTINGUISHING SYSTEM,definition,verified,code_wide_unless_context_limits,"{""appendix"":null,""bbox"":[59.95,221.73,305.64,263.739],""chapter"":""2"",""line_id"":null,""observed_text_sha256"":""f6400044e2b40a5ca6180c68ff6e9986ce67e1e7f98e38d5efe37ba2114d2fe1"",""pdf_page"":42,""printed_page"":""15""}",202
[],042c37f5dce459143c0598a72a8496762881ad3e2a1cbb0805418832c42ed8c1,[],ibc2018:definition:e80030b5cede9db383c2b9af,[],AUTOMATIC SMOKE DETECTION SYSTEM,AUTOMATIC SMOKE DETECTION SYSTEM,definition,verified,code_wide_unless_context_limits,"{""appendix"":null,""bbox"":[60.004,268.683,305.992,310.772],""chapter"":""2"",""line_id"":null,""observed_text_sha256"":""042c37f5dce459143c0598a72a8496762881ad3e2a1cbb0805418832c42ed8c1"",""pdf_page"":42,""printed_page"":""15""}",202
[],1bfda6c2178c55adc120b0f24d6909d0aae881f3bbdd80f4efdffdd7437ee40b,[],ibc2018:definition:db5452070df37c5d9589d1c4,[],AUTOMATIC SPRINKLER SYSTEM,AUTOMATIC SPRINKLER SYSTEM,definition,verified,code_wide_unless_context_limits,"{""appendix"":null,""bbox"":[60.004,315.636,306.135,423.762],""chapter"":""2"",""line_id"":null,""observed_text_sha256"":""1bfda6c2178c55adc120b0f24d6909d0aae881f3bbdd80f4efdffdd7437ee40b"",""pdf_page"":42,""printed_page"":""15""}",202
[],49b73408232768df27dc8a556d68016556b6d4e174ff8e6efe3fb18a5d442759,[],ibc2018:definition:1c060fbfead2aafa1b74e3a2,[],AUTOMATIC WATER MIST SYSTEM,AUTOMATIC WATER MIST SYSTEM,definition,verified,code_wide_unless_context_limits,"{""appendix"":null,""bbox"":[60.005,428.65,306.068,525.74],""chapter"":""2"",""line_id"":null,""observed_text_sha256"":""49b73408232768df27dc8a556d68016556b6d4e174ff8e6efe3fb18a5d442759"",""pdf_page"":42,""printed_page"":""15""}",202
[],0f573bbc802a36d222e3c464cc3f6282a925783d64fd1c92ce8ca9bebc49bb49,[],ibc2018:definition:b2160b837966d24c0cf3c1fa,[],AVERAGE AMBIENT SOUND LEVEL,AVERAGE AMBIENT SOUND LEVEL,definition,verified,code_wide_unless_context_limits,"{""appendix"":null,""bbox"":[60.005,530.573,306.061,572.663],""chapter"":""2"",""line_id"":null,""observed_text_sha256"":""0f573bbc802a36d222e3c464cc3f6282a925783d64fd1c92ce8ca9bebc49bb49"",""pdf_page"":42,""printed_page"":""15""}",202
[],55c0ca9f7348fcc58e62f9aa7167b19f80ad3cb5fc2f7f0431a46950c28adc59,[],ibc2018:definition:13a346fed53b7d22815362ee,[],AWNING,AWNING,definition,verified,code_wide_unless_context_limits,"{""appendix"":null,""bbox"":[60.005,577.606,306.147,630.707],""chapter"":""2"",""line_id"":null,""observed_text_sha256"":""55c0ca9f7348fcc58e62f9aa7167b19f80ad3cb5fc2f7f0431a46950c28adc59"",""pdf_page"":42,""printed_page"":""15""}",202
[],088c777dc1bb84ff21127a0e3558b6e6cbb63736d46c401fb574cfe316d6f9ca,[],ibc2018:definition:4e82d99c4cfd0c98bf42285c,[],BACKING,BACKING,definition,verified,code_wide_unless_context_limits,"{""appendix"":null,""bbox"":[59.95,635.515,305.74,655.662],""chapter"":""2"",""line_id"":null,""observed_text_sha256"":""088c777dc1bb84ff21127a0e3558b6e6cbb63736d46c401fb574cfe316d6f9ca"",""pdf_page"":42,""printed_page"":""15""}",202
[],b80645c7590a738a1acf20bbd2b4ae527dc34d8577368dc3770c88e674016f9f,[],ibc2018:definition:58e2b3dad8cd5d281b202270,[],BALANCED DOOR,BALANCED DOOR,definition,verified,code_wide_unless_context_limits,"{""appendix"":null,""bbox"":[59.95,660.661,305.693,691.684],""chapter"":""2"",""line_id"":null,""observed_text_sha256"":""b80645c7590a738a1acf20bbd2b4ae527dc34d8577368dc3770c88e674016f9f"",""pdf_page"":42,""printed_page"":""15""}",202
[],d0710b0bf7f13e83880de5ba3646e4a553b33f764a04ee0c2a6fc3af43388571,[],ibc2018:definition:c4f92bc12495cd8681adda17,[],BALED COTTON,BALED COTTON,definition,verified,code_wide_unless_context_limits,"{""appendix"":null,""bbox"":[59.949,77.617,571.858,738.717],""chapter"":""2"",""line_id"":null,""observed_text_sha256"":""d0710b0bf7f13e83880de5ba3646e4a553b33f764a04ee0c2a6fc3af43388571"",""pdf_page"":42,""printed_page"":""15""}",202
[],cf362368467514278868c392bf75378f8addf532c9180527bc346c399b7ea4d2,[],ibc2018:definition:fa92564c4fe6ff5cd7375580,[],"BALED COTTON, DENSELY PACKED","BALED COTTON, DENSELY PACKED",definition,verified,code_wide_unless_context_limits,"{""appendix"":null,""bbox"":[325.99,113.529,571.887,177.807],""chapter"":""2"",""line_id"":null,""observed_text_sha256"":""cf362368467514278868c392bf75378f8addf532c9180527bc346c399b7ea4d2"",""pdf_page"":42,""printed_page"":""15""}",202
[],7fefb9779f4689a4743a83b74aa50a8ff08d4bf8c10ca76d3976a61b3d55f514,[],ibc2018:definition:2c930fa03af06d60ef888343,[],BALLAST,BALLAST,definition,verified,code_wide_unless_context_limits,"{""appendix"":null,""bbox"":[326.079,182.695,572.503,235.74],""chapter"":""2"",""line_id"":null,""observed_text_sha256"":""7fefb9779f4689a4743a83b74aa50a8ff08d4bf8c10ca76d3976a61b3d55f514"",""pdf_page"":42,""printed_page"":""15""}",202
[],c1d6a009f46a67e99cb0a82644ff8b456c9f10823f6dc832813af3b6b8e9890a,[],ibc2018:definition:05432b1dcc16bd68fa7ef3db,[],BARRICADE,BARRICADE,definition,verified,code_wide_unless_context_limits,"{""appendix"":null,""bbox"":[326.079,240.739,572.134,387.795],""chapter"":""2"",""line_id"":null,""observed_text_sha256"":""c1d6a009f46a67e99cb0a82644ff8b456c9f10823f6dc832813af3b6b8e9890a"",""pdf_page"":42,""printed_page"":""15""}",202
[],8e12c81792ebdf67ae8ae8e4c17a09e9fcc9dbe8ebddd82b8fa9fe89c5b27429,[],ibc2018:definition:c06dd1bbdb929ff4f4e3676c,[],BASE FLOOD,BASE FLOOD,definition,verified,code_wide_unless_context_limits,"{""appendix"":null,""bbox"":[326.079,392.548,572.558,412.751],""chapter"":""2"",""line_id"":null,""observed_text_sha256"":""8e12c81792ebdf67ae8ae8e4c17a09e9fcc9dbe8ebddd82b8fa9fe89c5b27429"",""pdf_page"":42,""printed_page"":""15""}",202
[],05bf31df2ada34c15e920f472d7ff51b0bdcaf9987d2e3f1d2cbb01e100dcdb3,[],ibc2018:definition:ad2c76ae34831e5018f8d627,[],BASE FLOOD ELEVATION,BASE FLOOD ELEVATION,definition,verified,code_wide_unless_context_limits,"{""appendix"":null,""bbox"":[326.078,417.749,572.197,517.717],""chapter"":""2"",""line_id"":null,""observed_text_sha256"":""05bf31df2ada34c15e920f472d7ff51b0bdcaf9987d2e3f1d2cbb01e100dcdb3"",""pdf_page"":42,""printed_page"":""15""}",202
[],0a35b12d8bec838a127be4ae6dc6ff7cdfdb5cf122421936866fec3e1265f8af,[],ibc2018:definition:c16e168f139f37ae368e67ff,[],BASEMENT,BASEMENT,definition,verified,code_wide_unless_context_limits,"{""appendix"":null,""bbox"":[326.078,522.636,572.502,564.75],""chapter"":""2"",""line_id"":null,""observed_text_sha256"":""0a35b12d8bec838a127be4ae6dc6ff7cdfdb5cf122421936866fec3e1265f8af"",""pdf_page"":42,""printed_page"":""15""}",202
[],6350e3ad0b07a2f67f69cbf1118c302a71130b74e64c6eeb0ac9e067f26621af,[],ibc2018:definition:d2cd0f2d3ebaccb79faa15c6,[],BEARING WALL STRUCTURE,BEARING WALL STRUCTURE,definition,verified,code_wide_unless_context_limits,"{""appendix"":null,""bbox"":[326.078,569.638,572.23,600.716],""chapter"":""2"",""line_id"":null,""observed_text_sha256"":""6350e3ad0b07a2f67f69cbf1118c302a71130b74e64c6eeb0ac9e067f26621af"",""pdf_page"":42,""printed_page"":""15""}",202
[],10395a2daadf6b491d9211e0a565fa3b7a175a36cbf568d05906765f28d68189,[],ibc2018:definition:2ee6521358a5f3add4f6c7d4,[],BED JOINT,BED JOINT,definition,verified,code_wide_unless_context_limits,"{""appendix"":null,""bbox"":[326.077,605.525,571.913,625.671],""chapter"":""2"",""line_id"":null,""observed_text_sha256"":""10395a2daadf6b491d9211e0a565fa3b7a175a36cbf568d05906765f28d68189"",""pdf_page"":42,""printed_page"":""15""}",202
[],218a0ffad36b994f30af7ddd1d4c525d9fa1504d4deb826828f03a9a9afe0244,[],ibc2018:definition:ecbd11b05027397d07f4a126,[],BLEACHERS,BLEACHERS,definition,verified,code_wide_unless_context_limits,"{""appendix"":null,""bbox"":[326.077,630.671,572.143,661.693],""chapter"":""2"",""line_id"":null,""observed_text_sha256"":""218a0ffad36b994f30af7ddd1d4c525d9fa1504d4deb826828f03a9a9afe0244"",""pdf_page"":42,""printed_page"":""15""}",202
[],40c67005cffb50b72918822f94ef4e7ad9dedc494e2c29e6e849b5f3373d05fa,[],ibc2018:definition:02c3c6f86bcdb06c3b2f1f8d,[],BOARDING HOUSE,BOARDING HOUSE,definition,verified,code_wide_unless_context_limits,"{""appendix"":null,""bbox"":[326.077,666.692,572.143,697.715],""chapter"":""2"",""line_id"":null,""observed_text_sha256"":""40c67005cffb50b72918822f94ef4e7ad9dedc494e2c29e6e849b5f3373d05fa"",""pdf_page"":42,""printed_page"":""15""}",202
[],3b80124b8e6feae5074aa05e5e6aa940b849925c15ad510e4f44560dc4589ddd,[],ibc2018:definition:0f43cb596d447ac2762c9012,[],BOILING POINT,BOILING POINT,definition,verified,code_wide_unless_context_limits,"{""appendix"":null,""bbox"":[326.077,702.658,572.07,733.349],""chapter"":""2"",""line_id"":null,""observed_text_sha256"":""3b80124b8e6feae5074aa05e5e6aa940b849925c15ad510e4f44560dc4589ddd"",""pdf_page"":42,""printed_page"":""15""}",202
[],e4fe6dc249976d8836915e4628f4cbf2554ed0089a16db4bd453a2eeeed78707,[],ibc2018:definition:a27e74a302c9c937893b661a,[],BRACED WALL LINE,BRACED WALL LINE,definition,verified,code_wide_unless_context_limits,"{""appendix"":null,""bbox"":[40.049,144.848,285.732,175.538],""chapter"":""2"",""line_id"":null,""observed_text_sha256"":""e4fe6dc249976d8836915e4628f4cbf2554ed0089a16db4bd453a2eeeed78707"",""pdf_page"":43,""printed_page"":""16""}",202
[],53cee87a468e422b22a7befdec91b640c4e7790f957247941c431ed625300855,[],ibc2018:definition:e5452792598277e02037e8d9,[],BRACED WALL PANEL,BRACED WALL PANEL,definition,verified,code_wide_unless_context_limits,"{""appendix"":null,""bbox"":[40.048,179.652,286.638,242.712],""chapter"":""2"",""line_id"":null,""observed_text_sha256"":""53cee87a468e422b22a7befdec91b640c4e7790f957247941c431ed625300855"",""pdf_page"":43,""printed_page"":""16""}",202
[],3a42294deff88a94b188f02cad2ab5b9a122ed26dab8402e54fd36c7745baa1b,[],ibc2018:definition:93c7c12290216335a03b238a,[],BREAKOUT,BREAKOUT,definition,verified,code_wide_unless_context_limits,"{""appendix"":null,""bbox"":[40.049,246.715,285.815,277.351],""chapter"":""2"",""line_id"":null,""observed_text_sha256"":""3a42294deff88a94b188f02cad2ab5b9a122ed26dab8402e54fd36c7745baa1b"",""pdf_page"":43,""printed_page"":""16""}",202
[],de9a9bb182ed4f35277db694152c369f4fc45a4a2d45649eb14578d13823ce9b,[],ibc2018:definition:8dd71f958e547c016d98258c,[],BRICK,BRICK,definition,verified,code_wide_unless_context_limits,"{""appendix"":null,""bbox"":[40.049,281.6,286.14,395.874],""chapter"":""2"",""line_id"":null,""observed_text_sha256"":""de9a9bb182ed4f35277db694152c369f4fc45a4a2d45649eb14578d13823ce9b"",""pdf_page"":43,""printed_page"":""16""}",202
[],4ed0580c6fdd00200d4d7ad29c9f4c5ea2eebf494669367c142001c0c5aaa4e1,[],ibc2018:definition:06619a77e82f2ff22b5d58d7,[],BUILDING,BUILDING,definition,verified,code_wide_unless_context_limits,"{""appendix"":null,""bbox"":[40.049,400.154,285.577,420.275],""chapter"":""2"",""line_id"":null,""observed_text_sha256"":""4ed0580c6fdd00200d4d7ad29c9f4c5ea2eebf494669367c142001c0c5aaa4e1"",""pdf_page"":43,""printed_page"":""16""}",202
[],afb50ea2573e11a23ba656852856774514c99fe073170509054bf494ff9da2e6,[],ibc2018:definition:3f89e5542638cc4a94fd9d3e,[],BUILDING AREA,BUILDING AREA,definition,verified,code_wide_unless_context_limits,"{""appendix"":null,""bbox"":[40.049,424.5,214.543,433.556],""chapter"":""2"",""line_id"":null,""observed_text_sha256"":""afb50ea2573e11a23ba656852856774514c99fe073170509054bf494ff9da2e6"",""pdf_page"":43,""printed_page"":""16""}",202
[],822bba980f2766e00d2831f8912df567a203348b708170d8efee024b65ee81e5,[],ibc2018:definition:c94f816e6554af626bc83117,[],BUILDING ELEMENT,BUILDING ELEMENT,definition,verified,code_wide_unless_context_limits,"{""appendix"":null,""bbox"":[40.049,437.835,286.053,490.88],""chapter"":""2"",""line_id"":null,""observed_text_sha256"":""822bba980f2766e00d2831f8912df567a203348b708170d8efee024b65ee81e5"",""pdf_page"":43,""printed_page"":""16""}",202
[],1835f3b863490b95451c3d2d769c8ab9269b649cdac74f2f1abd2858c86a1c3c,[],ibc2018:definition:4bbd066fc7df05500c20b8fd,[],BUILDING HEIGHT,BUILDING HEIGHT,definition,verified,code_wide_unless_context_limits,"{""appendix"":null,""bbox"":[40.049,495.16,234.629,504.216],""chapter"":""2"",""line_id"":null,""observed_text_sha256"":""1835f3b863490b95451c3d2d769c8ab9269b649cdac74f2f1abd2858c86a1c3c"",""pdf_page"":43,""printed_page"":""16""}",202
[],db0a9e01915f1586206e2c3c8147de7c86fe31feb6dcfca3601a7be81fe9d9fd,[],ibc2018:definition:8a39c060a79d1b0cba32fa05,[],ROOF PANEL (BIPV ROOF PANEL),ROOF PANEL (BIPV ROOF PANEL),definition,verified,code_wide_unless_context_limits,"{""appendix"":null,""bbox"":[40.049,565.931,285.736,586.053],""chapter"":""2"",""line_id"":null,""observed_text_sha256"":""db0a9e01915f1586206e2c3c8147de7c86fe31feb6dcfca3601a7be81fe9d9fd"",""pdf_page"":43,""printed_page"":""16""}",202
[],d911a13e97228b8b357e4f67afd08fa8da5d52a9c4ea399da199da6398c2fc87,[],ibc2018:definition:200cb2d9542ca06b9d892d06,[],BUILDING LINE,BUILDING LINE,definition,verified,code_wide_unless_context_limits,"{""appendix"":null,""bbox"":[40.049,590.277,285.566,621.3],""chapter"":""2"",""line_id"":null,""observed_text_sha256"":""d911a13e97228b8b357e4f67afd08fa8da5d52a9c4ea399da199da6398c2fc87"",""pdf_page"":43,""printed_page"":""16""}",202
[],57ac8ffb17c081d7f83200a648a2b66b4c9c14997b0713bc8843689fce43aa65,[],ibc2018:definition:4e02057ff1c23863703fe071,[],BUILDING OFFICIAL,BUILDING OFFICIAL,definition,verified,code_wide_unless_context_limits,"{""appendix"":null,""bbox"":[40.049,625.691,286.639,656.713],""chapter"":""2"",""line_id"":null,""observed_text_sha256"":""57ac8ffb17c081d7f83200a648a2b66b4c9c14997b0713bc8843689fce43aa65"",""pdf_page"":43,""printed_page"":""16""}",202
[],8426c3b63d2188b0db5e8ca5f86764752b2ff51e36390a795cba684ef6256e6c,[],ibc2018:definition:b613219799cf3877b0972b81,[],BUILT-UP ROOF COVERING,BUILT-UP ROOF COVERING,definition,verified,code_wide_unless_context_limits,"{""appendix"":null,""bbox"":[40.049,660.938,285.621,692.071],""chapter"":""2"",""line_id"":null,""observed_text_sha256"":""8426c3b63d2188b0db5e8ca5f86764752b2ff51e36390a795cba684ef6256e6c"",""pdf_page"":43,""printed_page"":""16""}",202
[],5915153417e088bce5a7ab6880dfbdfffa6372439953684cd9bb2793911cefc3,[],ibc2018:definition:8cbe49c9500d89640c48532d,[],STRUCTURE,STRUCTURE,definition,verified,code_wide_unless_context_limits,"{""appendix"":null,""bbox"":[40.049,77.562,551.772,738.385],""chapter"":""2"",""line_id"":null,""observed_text_sha256"":""5915153417e088bce5a7ab6880dfbdfffa6372439953684cd9bb2793911cefc3"",""pdf_page"":43,""printed_page"":""16""}",202
[],d31fbda5f351d6bc8fed947dcdc790fcc9b4730b9af8115eadd9f7cbfc2160b5,[],ibc2018:definition:1869a4e9af46083b07d9a98a,[],CANOPY,CANOPY,definition,verified,code_wide_unless_context_limits,"{""appendix"":null,""bbox"":[305.924,103.016,551.958,156.116],""chapter"":""2"",""line_id"":null,""observed_text_sha256"":""d31fbda5f351d6bc8fed947dcdc790fcc9b4730b9af8115eadd9f7cbfc2160b5"",""pdf_page"":43,""printed_page"":""16""}",202
[],76b8af20a4f6756d27afe2d9d093521e2f4f1e50be2c76326b92dea0a4245108,[],ibc2018:definition:27cb094b0c861a5e65e7fb86,[],CAPACITOR ENERGY STORAGE SYSTEM,CAPACITOR ENERGY STORAGE SYSTEM,definition,verified,code_wide_unless_context_limits,"{""appendix"":null,""bbox"":[305.924,161.724,552.403,236.736],""chapter"":""2"",""line_id"":null,""observed_text_sha256"":""76b8af20a4f6756d27afe2d9d093521e2f4f1e50be2c76326b92dea0a4245108"",""pdf_page"":43,""printed_page"":""16""}",202
[],077835c2e0b146bfa7311e24333f5d07f02aed3b44e2a40270f0d79fb823db1b,[],ibc2018:definition:e41ab66b559909a9ef9770eb,[],CARBON DIOXIDE EXTINGUISHING SYSTEMS,CARBON DIOXIDE EXTINGUISHING SYSTEMS,definition,verified,code_wide_unless_context_limits,"{""appendix"":null,""bbox"":[305.98,370.685,551.992,412.64],""chapter"":""2"",""line_id"":null,""observed_text_sha256"":""077835c2e0b146bfa7311e24333f5d07f02aed3b44e2a40270f0d79fb823db1b"",""pdf_page"":43,""printed_page"":""16""}",202
[],612a566138f5b07c3fddb973b7d29e3892fbc4fa4c7ec2b1dabcd7a1cbf855e3,[],ibc2018:definition:05c808c13245ef69ade60c7c,[],CARBON MONOXIDE ALARM,CARBON MONOXIDE ALARM,definition,verified,code_wide_unless_context_limits,"{""appendix"":null,""bbox"":[306.031,418.248,552.002,471.182],""chapter"":""2"",""line_id"":null,""observed_text_sha256"":""612a566138f5b07c3fddb973b7d29e3892fbc4fa4c7ec2b1dabcd7a1cbf855e3"",""pdf_page"":43,""printed_page"":""16""}",202
[],ff812dd4ff2e7d3a41b0069e0ebc29e19992d03c3b978d4b52092d57ca6a35fe,[],ibc2018:definition:2bfbb9eb54364cd015cf8d64,[],CARBON MONOXIDE DETECTOR,CARBON MONOXIDE DETECTOR,definition,verified,code_wide_unless_context_limits,"{""appendix"":null,""bbox"":[306.031,476.79,552.11,507.813],""chapter"":""2"",""line_id"":null,""observed_text_sha256"":""ff812dd4ff2e7d3a41b0069e0ebc29e19992d03c3b978d4b52092d57ca6a35fe"",""pdf_page"":43,""printed_page"":""16""}",202
[],a1081f008477945d3b8c8ede9338969b33826fbee4a4579dfa1f391f9fc05679,[],ibc2018:definition:3ed6492ac08e3dd0fe69922c,[],CARE SUITE,CARE SUITE,definition,verified,code_wide_unless_context_limits,"{""appendix"":null,""bbox"":[306.031,513.365,552.566,577.366],""chapter"":""2"",""line_id"":null,""observed_text_sha256"":""a1081f008477945d3b8c8ede9338969b33826fbee4a4579dfa1f391f9fc05679"",""pdf_page"":43,""printed_page"":""16""}",202
[],3b8dba4434635bc79521a0f14c070d30a6887dc1032f2cb27fff4bfdb78d1531,[],ibc2018:definition:303cdd0e9a1df503126fd008,[],CAST STONE,CAST STONE,definition,verified,code_wide_unless_context_limits,"{""appendix"":null,""bbox"":[306.031,582.974,552.498,613.997],""chapter"":""2"",""line_id"":null,""observed_text_sha256"":""3b8dba4434635bc79521a0f14c070d30a6887dc1032f2cb27fff4bfdb78d1531"",""pdf_page"":43,""printed_page"":""16""}",202
[],b09c955c39dd07b0c265912a71b5f6efffc4d7d1179e8014f247ae8b6a4a6f51,[],ibc2018:definition:f98ea67595738c93cb89ce1a,[],CEILING LIMIT,CEILING LIMIT,definition,verified,code_wide_unless_context_limits,"{""appendix"":null,""bbox"":[306.031,619.438,552.073,738.496],""chapter"":""2"",""line_id"":null,""observed_text_sha256"":""b09c955c39dd07b0c265912a71b5f6efffc4d7d1179e8014f247ae8b6a4a6f51"",""pdf_page"":43,""printed_page"":""16""}",202
[],2835abbd994b812a50040cb2754bfd610e3e664ed7a12a32859f3c89402e8738,[],ibc2018:definition:b3e53c56cf57111d5187b7ea,[],CEILING RADIATION DAMPER,CEILING RADIATION DAMPER,definition,verified,code_wide_unless_context_limits,"{""appendix"":null,""bbox"":[59.949,113.615,306.231,240.462],""chapter"":""2"",""line_id"":null,""observed_text_sha256"":""2835abbd994b812a50040cb2754bfd610e3e664ed7a12a32859f3c89402e8738"",""pdf_page"":44,""printed_page"":""17""}",202
[],6940203616ca4b238d78f97b20eb059f491d76d6bee0293fc8e4221530af2aaf,[],ibc2018:definition:a326e40ffc949e6bcd9b5905,[],CELL TIER,CELL TIER,definition,verified,code_wide_unless_context_limits,"{""appendix"":null,""bbox"":[59.999,243.698,305.996,263.734],""chapter"":""2"",""line_id"":null,""observed_text_sha256"":""6940203616ca4b238d78f97b20eb059f491d76d6bee0293fc8e4221530af2aaf"",""pdf_page"":44,""printed_page"":""17""}",202
[],3f0f9c384a430e96b87362803310336685826aef18ceec4ebad9c21a88f26cff,[],ibc2018:definition:78152aec281a33ff04ea5ac9,[],CEMENT PLASTER,CEMENT PLASTER,definition,verified,code_wide_unless_context_limits,"{""appendix"":null,""bbox"":[60.0,268.733,305.999,310.767],""chapter"":""2"",""line_id"":null,""observed_text_sha256"":""3f0f9c384a430e96b87362803310336685826aef18ceec4ebad9c21a88f26cff"",""pdf_page"":44,""printed_page"":""17""}",202
[],96b4c0c5d6ade7ca9fc0b020c32e24f315997f585cae194e851bf0813260fe2c,[],ibc2018:definition:b2a285a0b4f4cbaaa0e1cb35,[],CERAMIC FIBER BLANKET,CERAMIC FIBER BLANKET,definition,verified,code_wide_unless_context_limits,"{""appendix"":null,""bbox"":[60.0,315.766,306.118,368.756],""chapter"":""2"",""line_id"":null,""observed_text_sha256"":""96b4c0c5d6ade7ca9fc0b020c32e24f315997f585cae194e851bf0813260fe2c"",""pdf_page"":44,""printed_page"":""17""}",202
[],12e8d40ee93608a2952e6ea86933d4a18d4ac9e0b47a798baf3052eb2bfd162b,[],ibc2018:definition:e1479a7d5178a0ed9b80d9d2,[],CERTIFICATE OF COMPLIANCE,CERTIFICATE OF COMPLIANCE,definition,verified,code_wide_unless_context_limits,"{""appendix"":null,""bbox"":[60.014,373.728,305.902,415.762],""chapter"":""2"",""line_id"":null,""observed_text_sha256"":""12e8d40ee93608a2952e6ea86933d4a18d4ac9e0b47a798baf3052eb2bfd162b"",""pdf_page"":44,""printed_page"":""17""}",202
[],56d5621a89ab52e3677029d2cbdbf1e67556ca8b8260a468783da967955516cc,[],ibc2018:definition:07208ff07e2074cae038ef4d,[],CHANGE OF OCCUPANCY,CHANGE OF OCCUPANCY,definition,verified,code_wide_unless_context_limits,"{""appendix"":null,""bbox"":[60.015,420.761,305.906,451.396],""chapter"":""2"",""line_id"":null,""observed_text_sha256"":""56d5621a89ab52e3677029d2cbdbf1e67556ca8b8260a468783da967955516cc"",""pdf_page"":44,""printed_page"":""17""}",202
[],d7ed37283938618eed491f695fc44ab49fe9f496e62fa580b5c41e7b5dc3a554,[],ibc2018:definition:d51a061ec8daa1eb9e8d9950,[],CHILDREN’S PLAY STRUCTURE,CHILDREN’S PLAY STRUCTURE,definition,verified,code_wide_unless_context_limits,"{""appendix"":null,""bbox"":[60.016,519.142,305.885,549.778],""chapter"":""2"",""line_id"":null,""observed_text_sha256"":""d7ed37283938618eed491f695fc44ab49fe9f496e62fa580b5c41e7b5dc3a554"",""pdf_page"":44,""printed_page"":""17""}",202
[],9210354f776a6e0993a19f1a5383b4c3e30b8d75e35f9f0262b84e3bf84ee198,[],ibc2018:definition:3f6c569073fe652558c97778,[],CHIMNEY,CHIMNEY,definition,verified,code_wide_unless_context_limits,"{""appendix"":null,""bbox"":[60.016,554.5,306.053,680.529],""chapter"":""2"",""line_id"":null,""observed_text_sha256"":""9210354f776a6e0993a19f1a5383b4c3e30b8d75e35f9f0262b84e3bf84ee198"",""pdf_page"":44,""printed_page"":""17""}",202
[],ecfecf001232397102878a2a3bcc7eff66d8a05054a42630a3b2c5ba133562a5,[],ibc2018:definition:01647b85e44030e132199f49,[],CHIMNEY TYPES,CHIMNEY TYPES,definition,verified,code_wide_unless_context_limits,"{""appendix"":null,""bbox"":[60.017,77.641,572.593,729.72],""chapter"":""2"",""line_id"":null,""observed_text_sha256"":""ecfecf001232397102878a2a3bcc7eff66d8a05054a42630a3b2c5ba133562a5"",""pdf_page"":44,""printed_page"":""17""}",202
[],678ceb17a5361a5b85accb341679b6c6dff674e49a8bb6240cd5c55cf0b233d9,[],ibc2018:definition:7499160d3573d633ac0e5465,[],CIRCULATION PATH,CIRCULATION PATH,definition,verified,code_wide_unless_context_limits,"{""appendix"":null,""bbox"":[326.004,270.199,571.711,290.044],""chapter"":""2"",""line_id"":null,""observed_text_sha256"":""678ceb17a5361a5b85accb341679b6c6dff674e49a8bb6240cd5c55cf0b233d9"",""pdf_page"":44,""printed_page"":""17""}",202
[],9932c09837c471c9658200d6afe88f551d4bae8e6fc49b4c9520db5e880d18aa,[],ibc2018:definition:53baa079d4caa02957825773,[],CLEAN AGENT,CLEAN AGENT,definition,verified,code_wide_unless_context_limits,"{""appendix"":null,""bbox"":[326.004,293.826,572.004,324.461],""chapter"":""2"",""line_id"":null,""observed_text_sha256"":""9932c09837c471c9658200d6afe88f551d4bae8e6fc49b4c9520db5e880d18aa"",""pdf_page"":44,""printed_page"":""17""}",202
[],edd91933291362ec3d8992c3627f3fe35725b5f466cf8f6d08c5c5ed0816a95e,[],ibc2018:definition:923b45f3054426ffc2524931,[],CLIMATE ZONE,CLIMATE ZONE,definition,verified,code_wide_unless_context_limits,"{""appendix"":null,""bbox"":[326.004,328.243,571.931,358.878],""chapter"":""2"",""line_id"":null,""observed_text_sha256"":""edd91933291362ec3d8992c3627f3fe35725b5f466cf8f6d08c5c5ed0816a95e"",""pdf_page"":44,""printed_page"":""17""}",202
[],4771cd738225b9a76e611f44d88f767dbf6112eb7307d0e92d36a4530b207f0b,[],ibc2018:definition:887b1307363ebf72144420b9,[],"CLINIC, OUTPATIENT","CLINIC, OUTPATIENT",definition,verified,code_wide_unless_context_limits,"{""appendix"":null,""bbox"":[326.003,362.494,572.08,403.975],""chapter"":""2"",""line_id"":null,""observed_text_sha256"":""4771cd738225b9a76e611f44d88f767dbf6112eb7307d0e92d36a4530b207f0b"",""pdf_page"":44,""printed_page"":""17""}",202
[],caa4d7b246de3d8128ed859ea509df825cf95bc324d233133f53b7a47faae4cd,[],ibc2018:definition:23969828e955758e5ba442f1,[],CLOSED SYSTEM,CLOSED SYSTEM,definition,verified,code_wide_unless_context_limits,"{""appendix"":null,""bbox"":[326.002,407.676,572.483,503.352],""chapter"":""2"",""line_id"":null,""observed_text_sha256"":""caa4d7b246de3d8128ed859ea509df825cf95bc324d233133f53b7a47faae4cd"",""pdf_page"":44,""printed_page"":""17""}",202
[],698e9a8184c01680348f443570b6935cb78acdc5bdbb35e6d253a687530b049e,[],ibc2018:definition:df35f55a41d02a06a1113fe4,[],COASTAL A ZONE,COASTAL A ZONE,definition,verified,code_wide_unless_context_limits,"{""appendix"":null,""bbox"":[326.003,507.054,572.628,613.397],""chapter"":""2"",""line_id"":null,""observed_text_sha256"":""698e9a8184c01680348f443570b6935cb78acdc5bdbb35e6d253a687530b049e"",""pdf_page"":44,""printed_page"":""17""}",202
[],5484c748d2e7e2627ba1bc57f4813bbf89354a6773e7d5066866f8ed594bce84,[],ibc2018:definition:c4ab9e25f31111f61c910795,[],COASTAL HIGH-HAZARD AREA,COASTAL HIGH-HAZARD AREA,definition,verified,code_wide_unless_context_limits,"{""appendix"":null,""bbox"":[326.038,617.068,572.089,690.918],""chapter"":""2"",""line_id"":null,""observed_text_sha256"":""5484c748d2e7e2627ba1bc57f4813bbf89354a6773e7d5066866f8ed594bce84"",""pdf_page"":44,""printed_page"":""17""}",202
[],343e839670a9af63948c22195a9b1b172b872baf253f76b66b01535ffea72527,[],ibc2018:definition:52df7b43fb753ff13935d56e,[],COLLAR JOINT,COLLAR JOINT,definition,verified,code_wide_unless_context_limits,"{""appendix"":null,""bbox"":[326.038,694.699,572.038,736.125],""chapter"":""2"",""line_id"":null,""observed_text_sha256"":""343e839670a9af63948c22195a9b1b172b872baf253f76b66b01535ffea72527"",""pdf_page"":44,""printed_page"":""17""}",202
[],52ddcb7dc7a2b646f34e6e073348337f1cc9a2b8b1178cf15f731f6744bac5e2,[],ibc2018:definition:6601875f5b574a4089722710,[],COLLECTOR,COLLECTOR,definition,verified,code_wide_unless_context_limits,"{""appendix"":null,""bbox"":[40.049,77.594,285.732,129.944],""chapter"":""2"",""line_id"":null,""observed_text_sha256"":""52ddcb7dc7a2b646f34e6e073348337f1cc9a2b8b1178cf15f731f6744bac5e2"",""pdf_page"":45,""printed_page"":""18""}",202
[],adbdbcf8e4be797c795095ed5f85b52a310ab65dce33ef9bbc99662464d0c304,[],ibc2018:definition:37c82de1844f4819b8d44190,[],COMBINATION FIRE/SMOKE DAMPER,COMBINATION FIRE/SMOKE DAMPER,definition,verified,code_wide_unless_context_limits,"{""appendix"":null,""bbox"":[40.05,133.646,286.571,207.576],""chapter"":""2"",""line_id"":null,""observed_text_sha256"":""adbdbcf8e4be797c795095ed5f85b52a310ab65dce33ef9bbc99662464d0c304"",""pdf_page"":45,""printed_page"":""18""}",202
[],c258b6d5154d25a898bafed993aa5c81959377e7597e851dfda2a72c11217b1a,[],ibc2018:definition:ebf369a0f0f01fa95c9adf1c,[],COMBINED PILE RAFT,COMBINED PILE RAFT,definition,verified,code_wide_unless_context_limits,"{""appendix"":null,""bbox"":[40.05,211.358,285.883,252.783],""chapter"":""2"",""line_id"":null,""observed_text_sha256"":""c258b6d5154d25a898bafed993aa5c81959377e7597e851dfda2a72c11217b1a"",""pdf_page"":45,""printed_page"":""18""}",202
[],7f9c360546ed7793ed9431ecf170e189b41ad3f94a91c1c9e61e5677a21f82cd,[],ibc2018:definition:1e7822dd3e0927c575b6d258,[],COMBUSTIBLE DUST,COMBUSTIBLE DUST,definition,verified,code_wide_unless_context_limits,"{""appendix"":null,""bbox"":[40.051,256.374,286.184,308.669],""chapter"":""2"",""line_id"":null,""observed_text_sha256"":""7f9c360546ed7793ed9431ecf170e189b41ad3f94a91c1c9e61e5677a21f82cd"",""pdf_page"":45,""printed_page"":""18""}",202
[],c142c92be3a72e186ca6403e3e3592de815b48656c63b8f3dc6bb8a94ac83146,[],ibc2018:definition:f970ed56f6ed582870c960e9,[],COMBUSTIBLE FIBERS,COMBUSTIBLE FIBERS,definition,verified,code_wide_unless_context_limits,"{""appendix"":null,""bbox"":[40.051,312.451,286.099,386.301],""chapter"":""2"",""line_id"":null,""observed_text_sha256"":""c142c92be3a72e186ca6403e3e3592de815b48656c63b8f3dc6bb8a94ac83146"",""pdf_page"":45,""printed_page"":""18""}",202
[],6ddd7ddbde127f7e5f8554018a8d14808600411b8b98ec229c7795b2cad5a514,[],ibc2018:definition:610e23a5f49e3f7dd1879799,[],COMBUSTIBLE LIQUID,COMBUSTIBLE LIQUID,definition,verified,code_wide_unless_context_limits,"{""appendix"":null,""bbox"":[40.051,390.003,286.217,515.061],""chapter"":""2"",""line_id"":null,""observed_text_sha256"":""6ddd7ddbde127f7e5f8554018a8d14808600411b8b98ec229c7795b2cad5a514"",""pdf_page"":45,""printed_page"":""18""}",202
[],c7c5184e44be3d05ba1e64884b8c1a11a409f4df2c78a6660e2a56ce66aa20f2,[],ibc2018:definition:900c61b5e78b791e93ba84f4,[],COMMERCIAL MOTOR VEHICLE,COMMERCIAL MOTOR VEHICLE,definition,verified,code_wide_unless_context_limits,"{""appendix"":null,""bbox"":[40.051,518.842,286.215,549.478],""chapter"":""2"",""line_id"":null,""observed_text_sha256"":""c7c5184e44be3d05ba1e64884b8c1a11a409f4df2c78a6660e2a56ce66aa20f2"",""pdf_page"":45,""printed_page"":""18""}",202
[],5a362e12045fc76313f5f71935fbaa512d88d7ba848944985926b422a2d542a3,[],ibc2018:definition:210a7d5fd96789e2dddd44eb,[],COMMON PATH OF EGRESS TRAVEL,COMMON PATH OF EGRESS TRAVEL,definition,verified,code_wide_unless_context_limits,"{""appendix"":null,""bbox"":[40.052,600.403,286.162,652.673],""chapter"":""2"",""line_id"":null,""observed_text_sha256"":""5a362e12045fc76313f5f71935fbaa512d88d7ba848944985926b422a2d542a3"",""pdf_page"":45,""printed_page"":""18""}",202
[],65317c8739a20f4083930bce25c9973e8801308e1f7e79312a4bcda198fd133c,[],ibc2018:definition:78f732b2c480ad771b7b354e,[],COMMON USE,COMMON USE,definition,verified,code_wide_unless_context_limits,"{""appendix"":null,""bbox"":[40.053,656.375,285.901,687.09],""chapter"":""2"",""line_id"":null,""observed_text_sha256"":""65317c8739a20f4083930bce25c9973e8801308e1f7e79312a4bcda198fd133c"",""pdf_page"":45,""printed_page"":""18""}",202
[],a2609daf79653b0e71243c47e1805145b8c670965f4b51fd699eb6a9a0ba5a68,[],ibc2018:definition:730b7fdf033134ec5f949220,[],COMPRESSED GAS,COMPRESSED GAS,definition,verified,code_wide_unless_context_limits,"{""appendix"":null,""bbox"":[40.054,690.761,285.624,710.607],""chapter"":""2"",""line_id"":null,""observed_text_sha256"":""a2609daf79653b0e71243c47e1805145b8c670965f4b51fd699eb6a9a0ba5a68"",""pdf_page"":45,""printed_page"":""18""}",202
[],36d8d9ac2314ea5cd4bbc8fbdd337e1e9fb0a817d8efd6e5091237c7649439b0,[],ibc2018:definition:0abc239e253ec6e2337afbbd,[],CONCRETE,CONCRETE,definition,verified,code_wide_unless_context_limits,"{""appendix"":null,""bbox"":[305.986,305.723,552.461,695.976],""chapter"":""2"",""line_id"":null,""observed_text_sha256"":""36d8d9ac2314ea5cd4bbc8fbdd337e1e9fb0a817d8efd6e5091237c7649439b0"",""pdf_page"":45,""printed_page"":""18""}",202
[],8dd9f738ad6c4ee11c7e608fe5613e0403f094d340e24583a948e4f5e977b6e4,[],ibc2018:definition:1edf3ac639d236b40d05fdcc,[],CONGREGATE LIVING FACILITIES,CONGREGATE LIVING FACILITIES,definition,verified,code_wide_unless_context_limits,"{""appendix"":null,""bbox"":[306.054,700.754,551.72,731.721],""chapter"":""2"",""line_id"":null,""observed_text_sha256"":""8dd9f738ad6c4ee11c7e608fe5613e0403f094d340e24583a948e4f5e977b6e4"",""pdf_page"":45,""printed_page"":""18""}",202
[],d079d17e31a2844d4be43697c9912b376a518dfec3cd9d7d7e8c2cee681802d2,[],ibc2018:definition:6ac8ee98fc9cd5c3f1d9e8a2,[],CONSTANTLY ATTENDED LOCATION,CONSTANTLY ATTENDED LOCATION,definition,verified,code_wide_unless_context_limits,"{""appendix"":null,""bbox"":[59.949,77.674,305.952,130.774],""chapter"":""2"",""line_id"":null,""observed_text_sha256"":""d079d17e31a2844d4be43697c9912b376a518dfec3cd9d7d7e8c2cee681802d2"",""pdf_page"":46,""printed_page"":""19""}",202
[],f66c9bc082ced0cc3ae40061c68d5f515c8a2aaf36a23f8f7543d07505081384,[],ibc2018:definition:d1874a146887fcc8e3643aea,[],CONSTRUCTION DOCUMENTS,CONSTRUCTION DOCUMENTS,definition,verified,code_wide_unless_context_limits,"{""appendix"":null,""bbox"":[59.95,136.603,305.743,178.637],""chapter"":""2"",""line_id"":null,""observed_text_sha256"":""f66c9bc082ced0cc3ae40061c68d5f515c8a2aaf36a23f8f7543d07505081384"",""pdf_page"":46,""printed_page"":""19""}",202
[],69c46fb7128647aa3183846ee7dc30d3a55dbb231b3adddcd535b3ffc062949d,[],ibc2018:definition:09bc6b043930d3c4e6aa6f04,[],CONSTRUCTION TYPES,CONSTRUCTION TYPES,definition,verified,code_wide_unless_context_limits,"{""appendix"":null,""bbox"":[59.949,184.466,271.132,193.522],""chapter"":""2"",""line_id"":null,""observed_text_sha256"":""69c46fb7128647aa3183846ee7dc30d3a55dbb231b3adddcd535b3ffc062949d"",""pdf_page"":46,""printed_page"":""19""}",202
[],abd8a29c640ade53775d8525e7149b1fcbe47cdc6a7e5871045d7bfdde1b280d,[],ibc2018:definition:68ff58b63c15dc6c6e4cebaa,[],CONTROL AREA,CONTROL AREA,definition,verified,code_wide_unless_context_limits,"{""appendix"":null,""bbox"":[60.004,332.648,306.102,385.748],""chapter"":""2"",""line_id"":null,""observed_text_sha256"":""abd8a29c640ade53775d8525e7149b1fcbe47cdc6a7e5871045d7bfdde1b280d"",""pdf_page"":46,""printed_page"":""19""}",202
[],8a6900773edcc3ce5edbc9545b39f75fab34c63bcb17acca5861522dff89a8c3,[],ibc2018:definition:aedd1164ad764cdc29ffc740,[],CONTROLLED LOW-STRENGTH MATERIAL,CONTROLLED LOW-STRENGTH MATERIAL,definition,verified,code_wide_unless_context_limits,"{""appendix"":null,""bbox"":[60.004,391.658,306.006,422.545],""chapter"":""2"",""line_id"":null,""observed_text_sha256"":""8a6900773edcc3ce5edbc9545b39f75fab34c63bcb17acca5861522dff89a8c3"",""pdf_page"":46,""printed_page"":""19""}",202
[],366a45bc6075d14807c689b36c1ffc9c83f0a05ef864df634d515786e30f8fb1,[],ibc2018:definition:e35f3ce682381275435c0694,[],CONVENTIONAL LIGHT-FRAME CONSTRUCTION,CONVENTIONAL LIGHT-FRAME CONSTRUCTION,definition,verified,code_wide_unless_context_limits,"{""appendix"":null,""bbox"":[60.004,428.454,305.802,481.475],""chapter"":""2"",""line_id"":null,""observed_text_sha256"":""366a45bc6075d14807c689b36c1ffc9c83f0a05ef864df634d515786e30f8fb1"",""pdf_page"":46,""printed_page"":""19""}",202
[],c97648651a0fac11f17df9146db31e04849d9d0e6090d2f439929908f8a1480f,[],ibc2018:definition:1fe0095507476647efd3bfb3,[],CORNICE,CORNICE,definition,verified,code_wide_unless_context_limits,"{""appendix"":null,""bbox"":[60.004,487.303,306.078,507.26],""chapter"":""2"",""line_id"":null,""observed_text_sha256"":""c97648651a0fac11f17df9146db31e04849d9d0e6090d2f439929908f8a1480f"",""pdf_page"":46,""printed_page"":""19""}",202
[],c6f2eb0c3627b401c9eee112141f2fcab3b4d2f2655f2cb87d5266a3c98ac790,[],ibc2018:definition:a6a666662215d6edb16db750,[],CORRIDOR,CORRIDOR,definition,verified,code_wide_unless_context_limits,"{""appendix"":null,""bbox"":[60.005,513.009,305.858,533.156],""chapter"":""2"",""line_id"":null,""observed_text_sha256"":""c6f2eb0c3627b401c9eee112141f2fcab3b4d2f2655f2cb87d5266a3c98ac790"",""pdf_page"":46,""printed_page"":""19""}",202
[],e04fa394c347edf87fc4f11f244ba417327b9d64cd5c5a83acd9a9534a482925,[],ibc2018:definition:b3de85d7ae6cea9d341de6a8,[],"CORRIDOR, OPEN-ENDED","CORRIDOR, OPEN-ENDED",definition,verified,code_wide_unless_context_limits,"{""appendix"":null,""bbox"":[60.005,538.985,303.166,548.04],""chapter"":""2"",""line_id"":null,""observed_text_sha256"":""e04fa394c347edf87fc4f11f244ba417327b9d64cd5c5a83acd9a9534a482925"",""pdf_page"":46,""printed_page"":""19""}",202
[],35586cdc716a77cc6838139bde7ca150816f918c4731898fbdb0024e819403c9,[],ibc2018:definition:2b9fac15fcf35e7ba72a399e,[],CORRIDOR DAMPER,CORRIDOR DAMPER,definition,verified,code_wide_unless_context_limits,"{""appendix"":null,""bbox"":[60.005,553.789,305.962,606.97],""chapter"":""2"",""line_id"":null,""observed_text_sha256"":""35586cdc716a77cc6838139bde7ca150816f918c4731898fbdb0024e819403c9"",""pdf_page"":46,""printed_page"":""19""}",202
[],6ea0129adbf9ea3c8d55bdaafeecf0b356424bfc70d840678f98da668d4a26e5,[],ibc2018:definition:07cb39e7ed27ad345dd88440,[],CORROSION RESISTANCE,CORROSION RESISTANCE,definition,verified,code_wide_unless_context_limits,"{""appendix"":null,""bbox"":[60.005,612.799,305.685,643.766],""chapter"":""2"",""line_id"":null,""observed_text_sha256"":""6ea0129adbf9ea3c8d55bdaafeecf0b356424bfc70d840678f98da668d4a26e5"",""pdf_page"":46,""printed_page"":""19""}",202
[],00ba45a1442bb091d9d5b7d1420adde54f9c593f6089c224350c0c294afd18dc,[],ibc2018:definition:1de73f7cd580297fdd21f3e1,[],CORROSIVE,CORROSIVE,definition,verified,code_wide_unless_context_limits,"{""appendix"":null,""bbox"":[60.005,77.618,571.595,724.663],""chapter"":""2"",""line_id"":null,""observed_text_sha256"":""00ba45a1442bb091d9d5b7d1420adde54f9c593f6089c224350c0c294afd18dc"",""pdf_page"":46,""printed_page"":""19""}",202
[],8f14666c1eb4103766b9f0a9092757212c9d63a0d280911c6c933ec497683a7e,[],ibc2018:definition:a3e96710c0a3892ab7f0eb7c,[],COURT,COURT,definition,verified,code_wide_unless_context_limits,"{""appendix"":null,""bbox"":[326.045,103.238,571.922,134.26],""chapter"":""2"",""line_id"":null,""observed_text_sha256"":""8f14666c1eb4103766b9f0a9092757212c9d63a0d280911c6c933ec497683a7e"",""pdf_page"":46,""printed_page"":""19""}",202
[],d20ead7620a3d4549a7e9644d8d972b240a8b91bc1b8cda7f33bc5309ccea05d,[],ibc2018:definition:da0c0a9723b217d1404f0f26,[],COVERED MALL BUILDING,COVERED MALL BUILDING,definition,verified,code_wide_unless_context_limits,"{""appendix"":null,""bbox"":[325.991,139.924,572.016,237.125],""chapter"":""2"",""line_id"":null,""observed_text_sha256"":""d20ead7620a3d4549a7e9644d8d972b240a8b91bc1b8cda7f33bc5309ccea05d"",""pdf_page"":46,""printed_page"":""19""}",202
[],52c04cdcead1d89f113f3b6914844661f963274faae526dcbdba59770daeaa14,[],ibc2018:definition:6f7aac0b00e5a46b1b9c3580,[],CRIPPLE WALL,CRIPPLE WALL,definition,verified,code_wide_unless_context_limits,"{""appendix"":null,""bbox"":[326.046,418.691,572.114,449.658],""chapter"":""2"",""line_id"":null,""observed_text_sha256"":""52c04cdcead1d89f113f3b6914844661f963274faae526dcbdba59770daeaa14"",""pdf_page"":46,""printed_page"":""19""}",202
[],bd446dab5cff8fc2477074cbd6f5e8eb4f146dd96e8c7235a6885eb90d96615e,[],ibc2018:definition:e3660ac36bc5db3d5711a251,[],CRITICAL CIRCUIT,CRITICAL CIRCUIT,definition,verified,code_wide_unless_context_limits,"{""appendix"":null,""bbox"":[326.045,455.377,571.574,475.388],""chapter"":""2"",""line_id"":null,""observed_text_sha256"":""bd446dab5cff8fc2477074cbd6f5e8eb4f146dd96e8c7235a6885eb90d96615e"",""pdf_page"":46,""printed_page"":""19""}",202
[],2a3afc73685bba7869bdd4f0da4aacddf820b1b76586e2a0a11597cc5f742f9a,[],ibc2018:definition:9620f4393a38a45bed871004,[],CROSS-LAMINATED TIMBER,CROSS-LAMINATED TIMBER,definition,verified,code_wide_unless_context_limits,"{""appendix"":null,""bbox"":[326.045,480.94,572.464,534.041],""chapter"":""2"",""line_id"":null,""observed_text_sha256"":""2a3afc73685bba7869bdd4f0da4aacddf820b1b76586e2a0a11597cc5f742f9a"",""pdf_page"":46,""printed_page"":""19""}",202
[],8c4b6a15d57258ee9fcc82d01479e8c3a1bd3b395c1ded1ebc6b0cf6466463e1,[],ibc2018:definition:a08fc44fb32def3ceb4592cf,[],CRYOGENIC FLUID,CRYOGENIC FLUID,definition,verified,code_wide_unless_context_limits,"{""appendix"":null,""bbox"":[326.045,539.513,572.292,570.727],""chapter"":""2"",""line_id"":null,""observed_text_sha256"":""8c4b6a15d57258ee9fcc82d01479e8c3a1bd3b395c1ded1ebc6b0cf6466463e1"",""pdf_page"":46,""printed_page"":""19""}",202
[],46b55ef195e63bef1970d774a7a56d4889163bc6279ad59d9e5722896abfbfff,[],ibc2018:definition:ecbb2406045f5426135e3a8f,[],CUSTODIAL CARE,CUSTODIAL CARE,definition,verified,code_wide_unless_context_limits,"{""appendix"":null,""bbox"":[326.045,576.334,571.992,651.347],""chapter"":""2"",""line_id"":null,""observed_text_sha256"":""46b55ef195e63bef1970d774a7a56d4889163bc6279ad59d9e5722896abfbfff"",""pdf_page"":46,""printed_page"":""19""}",202
[],f6dbc4530dcf54728cae8a3ee693040406a07c1affbfd51a0206d7ed1089e67c,[],ibc2018:definition:250cbabdb223be71ed899161,[],DALLE GLASS,DALLE GLASS,definition,verified,code_wide_unless_context_limits,"{""appendix"":null,""bbox"":[326.045,656.954,572.161,688.088],""chapter"":""2"",""line_id"":null,""observed_text_sha256"":""f6dbc4530dcf54728cae8a3ee693040406a07c1affbfd51a0206d7ed1089e67c"",""pdf_page"":46,""printed_page"":""19""}",202
[],35a04f1b7f095ba712ebecbf81d1875d8778871d8ba1aed690dc2a43881b52be,[],ibc2018:definition:9e1efff6d684816b7577531e,[],DAMPER,DAMPER,definition,verified,code_wide_unless_context_limits,"{""appendix"":null,""bbox"":[326.045,693.56,572.057,724.663],""chapter"":""2"",""line_id"":null,""observed_text_sha256"":""35a04f1b7f095ba712ebecbf81d1875d8778871d8ba1aed690dc2a43881b52be"",""pdf_page"":46,""printed_page"":""19""}",202
[],be8c9085f33d74086df3c7d6bd631e2243c2abe6d7f90b91327e7c7721c956b7,[],ibc2018:definition:73b70319fc7de493a0cfddd1,[],DANGEROUS,DANGEROUS,definition,verified,code_wide_unless_context_limits,"{""appendix"":null,""bbox"":[40.05,77.674,286.062,108.807],""chapter"":""2"",""line_id"":null,""observed_text_sha256"":""be8c9085f33d74086df3c7d6bd631e2243c2abe6d7f90b91327e7c7721c956b7"",""pdf_page"":47,""printed_page"":""20""}",202
[],954aa11c1155ac337dd9793729d027e41cdd7669785aa80c81c16b429c49be42,[],ibc2018:definition:4c88f57c4dc7c6df4afc654b,[],DAY BOX,DAY BOX,definition,verified,code_wide_unless_context_limits,"{""appendix"":null,""bbox"":[40.051,198.023,285.993,240.057],""chapter"":""2"",""line_id"":null,""observed_text_sha256"":""954aa11c1155ac337dd9793729d027e41cdd7669785aa80c81c16b429c49be42"",""pdf_page"":47,""printed_page"":""20""}",202
[],adf0d1574c90f2bd9ab62220aa0801c009d5ecf6ab171057e7f7640e91037757,[],ibc2018:definition:6501e9e25c2a99eeb0f0c31d,[],DEAD LOAD,DEAD LOAD,definition,verified,code_wide_unless_context_limits,"{""appendix"":null,""bbox"":[40.05,245.554,285.965,331.467],""chapter"":""2"",""line_id"":null,""observed_text_sha256"":""adf0d1574c90f2bd9ab62220aa0801c009d5ecf6ab171057e7f7640e91037757"",""pdf_page"":47,""printed_page"":""20""}",202
[],0ff771f16e4723e5b3ad3edebd94cc961de5d7e88611e9347f90b52b8b96dbca,[],ibc2018:definition:10667378e12814f0e38614a3,[],DECORATIVE GLASS,DECORATIVE GLASS,definition,verified,code_wide_unless_context_limits,"{""appendix"":null,""bbox"":[40.05,336.884,286.052,400.965],""chapter"":""2"",""line_id"":null,""observed_text_sha256"":""0ff771f16e4723e5b3ad3edebd94cc961de5d7e88611e9347f90b52b8b96dbca"",""pdf_page"":47,""printed_page"":""20""}",202
[],692946da14f85b6c81d6d6532d4121fba3af2c76bfd4bb184b384f602c9a2bfb,[],ibc2018:definition:57e27ef3b5eff7d4c63526af,[],DECORATIVE MATERIALS,DECORATIVE MATERIALS,definition,verified,code_wide_unless_context_limits,"{""appendix"":null,""bbox"":[40.049,406.407,286.049,536.365],""chapter"":""2"",""line_id"":null,""observed_text_sha256"":""692946da14f85b6c81d6d6532d4121fba3af2c76bfd4bb184b384f602c9a2bfb"",""pdf_page"":47,""printed_page"":""20""}",202
[],490debfea091da815c9ca49c6da8996eaa0d1b84d22ae0b5a330fabdda7bce63,[],ibc2018:definition:90506b8c9b4827e470a7882f,[],DEEP FOUNDATION,DEEP FOUNDATION,definition,verified,code_wide_unless_context_limits,"{""appendix"":null,""bbox"":[40.049,541.751,286.166,572.884],""chapter"":""2"",""line_id"":null,""observed_text_sha256"":""490debfea091da815c9ca49c6da8996eaa0d1b84d22ae0b5a330fabdda7bce63"",""pdf_page"":47,""printed_page"":""20""}",202
[],c30fa4b91ac5f1d2c96d26df9e552dee776b0fe9c6ec7ac66c706cc23f4f794f,[],ibc2018:definition:11af331a20417eec455b20e9,[],DEFEND-IN-PLACE,DEFEND-IN-PLACE,definition,verified,code_wide_unless_context_limits,"{""appendix"":null,""bbox"":[40.05,578.215,286.674,631.261],""chapter"":""2"",""line_id"":null,""observed_text_sha256"":""c30fa4b91ac5f1d2c96d26df9e552dee776b0fe9c6ec7ac66c706cc23f4f794f"",""pdf_page"":47,""printed_page"":""20""}",202
[],d08dc056d2e631008ec649b4361016986f65385b903698090e37bc90e5c5e273,[],ibc2018:definition:b60c67978538d41380cd3faa,[],DEFERRED SUBMITTAL,DEFERRED SUBMITTAL,definition,verified,code_wide_unless_context_limits,"{""appendix"":null,""bbox"":[40.049,636.647,286.113,678.681],""chapter"":""2"",""line_id"":null,""observed_text_sha256"":""d08dc056d2e631008ec649b4361016986f65385b903698090e37bc90e5c5e273"",""pdf_page"":47,""printed_page"":""20""}",202
[],19871b0bfdbf9dbf4cacb669f3b502ef3c1ce50ef9bfd06150fc2670f44ad41b,[],ibc2018:definition:8258e9da5f492a94195e08a5,[],DEFLAGRATION,DEFLAGRATION,definition,verified,code_wide_unless_context_limits,"{""appendix"":null,""bbox"":[40.049,684.123,286.13,737.113],""chapter"":""2"",""line_id"":null,""observed_text_sha256"":""19871b0bfdbf9dbf4cacb669f3b502ef3c1ce50ef9bfd06150fc2670f44ad41b"",""pdf_page"":47,""printed_page"":""20""}",202
[],efdada6243927d62308811f48d35dae405b10efb81be3a79d28349f15279aeea,[],ibc2018:definition:4e4747f85197aff2ab1ef7de,[],DELAYED-ACTION CLOSER,DELAYED-ACTION CLOSER,definition,verified,code_wide_unless_context_limits,"{""appendix"":null,""bbox"":[305.98,77.563,551.9,119.542],""chapter"":""2"",""line_id"":null,""observed_text_sha256"":""efdada6243927d62308811f48d35dae405b10efb81be3a79d28349f15279aeea"",""pdf_page"":47,""printed_page"":""20""}",202
[],83da52520aa1fa55319358c80347b5da5edb03e209b1c9f81dc4e821904d5584,[],ibc2018:definition:63d56d305f5227f112c72126,[],DELUGE SYSTEM,DELUGE SYSTEM,definition,verified,code_wide_unless_context_limits,"{""appendix"":null,""bbox"":[305.979,125.979,551.982,190.091],""chapter"":""2"",""line_id"":null,""observed_text_sha256"":""83da52520aa1fa55319358c80347b5da5edb03e209b1c9f81dc4e821904d5584"",""pdf_page"":47,""printed_page"":""20""}",202
[],bfdcc064f483686a0d5bd8fe82daa004321f2fa13ffcf3d34c45361b73f01298,[],ibc2018:definition:79ddc27b5971313a766f23ed,[],DESIGN DISPLACEMENT,DESIGN DISPLACEMENT,definition,verified,code_wide_unless_context_limits,"{""appendix"":null,""bbox"":[305.979,196.529,542.556,205.584],""chapter"":""2"",""line_id"":null,""observed_text_sha256"":""bfdcc064f483686a0d5bd8fe82daa004321f2fa13ffcf3d34c45361b73f01298"",""pdf_page"":47,""printed_page"":""20""}",202
[],78d5c31fa270534662b0280b69cf21489de438d2c2c529a6de0c4f88fb98d7b8,[],ibc2018:definition:ad2907e3ddad7ddab432b0a2,[],DESIGN EARTHQUAKE GROUND MOTION,DESIGN EARTHQUAKE GROUND MOTION,definition,verified,code_wide_unless_context_limits,"{""appendix"":null,""bbox"":[305.98,212.022,551.939,242.989],""chapter"":""2"",""line_id"":null,""observed_text_sha256"":""78d5c31fa270534662b0280b69cf21489de438d2c2c529a6de0c4f88fb98d7b8"",""pdf_page"":47,""printed_page"":""20""}",202
[],a9f3f04bc1dfcceb7e46c9682abcbc76d1e735608b9a2829a280bec78d01de6b,[],ibc2018:definition:20ad16bf1a35996e8edea414,[],DESIGN FLOOD,DESIGN FLOOD,definition,verified,code_wide_unless_context_limits,"{""appendix"":null,""bbox"":[305.979,249.458,551.827,269.549],""chapter"":""2"",""line_id"":null,""observed_text_sha256"":""a9f3f04bc1dfcceb7e46c9682abcbc76d1e735608b9a2829a280bec78d01de6b"",""pdf_page"":47,""printed_page"":""20""}",202
[],657305cad245b9e5719785d7f803b3e554a228334ddf04f673a82967625a6225,[],ibc2018:definition:1af8bc3c2ec24712b39131e0,[],DESIGN FLOOD ELEVATION,DESIGN FLOOD ELEVATION,definition,verified,code_wide_unless_context_limits,"{""appendix"":null,""bbox"":[305.979,340.228,551.99,437.208],""chapter"":""2"",""line_id"":null,""observed_text_sha256"":""657305cad245b9e5719785d7f803b3e554a228334ddf04f673a82967625a6225"",""pdf_page"":47,""printed_page"":""20""}",202
[],93692a6be01906d00a3e4b54da32954c5193cbe0ad23e92565f75d2137bb48b4,[],ibc2018:definition:6cff627116ab616ccd7fbd14,[],"DESIGN PROFESSIONAL, REGISTERED","DESIGN PROFESSIONAL, REGISTERED",definition,verified,code_wide_unless_context_limits,"{""appendix"":null,""bbox"":[305.98,443.646,551.663,463.712],""chapter"":""2"",""line_id"":null,""observed_text_sha256"":""93692a6be01906d00a3e4b54da32954c5193cbe0ad23e92565f75d2137bb48b4"",""pdf_page"":47,""printed_page"":""20""}",202
[],704ad5e7ea7f78ce7f62edac2d2f8f560327d15c9d8dce61b2a4641da9403b3d,[],ibc2018:definition:1cc9e5baa367594dd52f3dba,[],"CHARGE, REGISTERED","CHARGE, REGISTERED",definition,verified,code_wide_unless_context_limits,"{""appendix"":null,""bbox"":[305.98,481.217,551.659,501.283],""chapter"":""2"",""line_id"":null,""observed_text_sha256"":""704ad5e7ea7f78ce7f62edac2d2f8f560327d15c9d8dce61b2a4641da9403b3d"",""pdf_page"":47,""printed_page"":""20""}",202
[],0c471d133c1ddb3b422aa04c872a13080c3194e66c957b71d2f70fb4c94764df,[],ibc2018:definition:bb978b98d6bff90eef8f03e6,[],DESIGN STRENGTH,DESIGN STRENGTH,definition,verified,code_wide_unless_context_limits,"{""appendix"":null,""bbox"":[305.98,507.721,551.838,527.678],""chapter"":""2"",""line_id"":null,""observed_text_sha256"":""0c471d133c1ddb3b422aa04c872a13080c3194e66c957b71d2f70fb4c94764df"",""pdf_page"":47,""printed_page"":""20""}",202
[],78b09cb9dc4e7121675b80e9479912a79c393ff4d18f3992306c4ea1224b9197,[],ibc2018:definition:3f7be654280a39a989dbc66c,[],DESIGNATED SEISMIC SYSTEM,DESIGNATED SEISMIC SYSTEM,definition,verified,code_wide_unless_context_limits,"{""appendix"":null,""bbox"":[305.979,534.226,551.856,587.285],""chapter"":""2"",""line_id"":null,""observed_text_sha256"":""78b09cb9dc4e7121675b80e9479912a79c393ff4d18f3992306c4ea1224b9197"",""pdf_page"":47,""printed_page"":""20""}",202
[],73506403788b0003c08e3fef871b9a6d6469d4449789008dd4ba7f88cc341ca8,[],ibc2018:definition:4547b9838c243a8084804ea9,[],DETACHED BUILDING,DETACHED BUILDING,definition,verified,code_wide_unless_context_limits,"{""appendix"":null,""bbox"":[306.007,593.587,551.998,635.757],""chapter"":""2"",""line_id"":null,""observed_text_sha256"":""73506403788b0003c08e3fef871b9a6d6469d4449789008dd4ba7f88cc341ca8"",""pdf_page"":47,""printed_page"":""20""}",202
[],2d9af16123dbc718fa0ae71ec66fe32096185adffe7f3304407c31c012404491,[],ibc2018:definition:1ca444b0b6f92a65f0235ff9,[],WALL,WALL,definition,verified,code_wide_unless_context_limits,"{""appendix"":null,""bbox"":[306.008,653.206,427.88,662.261],""chapter"":""2"",""line_id"":null,""observed_text_sha256"":""2d9af16123dbc718fa0ae71ec66fe32096185adffe7f3304407c31c012404491"",""pdf_page"":47,""printed_page"":""20""}",202
[],70299adec0b32a8b3b652bcb54b7693cf5e49aee43d8cd0c4e1577e4af331234,[],ibc2018:definition:f7ee03384495b7eedec1e4e2,[],DETECTABLE WARNING,DETECTABLE WARNING,definition,verified,code_wide_unless_context_limits,"{""appendix"":null,""bbox"":[306.008,668.644,551.802,710.733],""chapter"":""2"",""line_id"":null,""observed_text_sha256"":""70299adec0b32a8b3b652bcb54b7693cf5e49aee43d8cd0c4e1577e4af331234"",""pdf_page"":47,""printed_page"":""20""}",202
[],6606a8b94c4980fbda3e20f25a2bd2b28429a2745c2eef0a77a89bb2c882db53,[],ibc2018:definition:528ee1ff2af38e6ddfb6a5a1,[],"DETECTOR, HEAT","DETECTOR, HEAT",definition,verified,code_wide_unless_context_limits,"{""appendix"":null,""bbox"":[306.008,717.226,552.111,737.237],""chapter"":""2"",""line_id"":null,""observed_text_sha256"":""6606a8b94c4980fbda3e20f25a2bd2b28429a2745c2eef0a77a89bb2c882db53"",""pdf_page"":47,""printed_page"":""20""}",202
[],c6becf32eb6a7359eaf9bf17e819bc9394b19e2e1a0fab62375d185a5e226e6c,[],ibc2018:definition:c606ebbd5a2c127544c4a35c,[],DETONATION,DETONATION,definition,verified,code_wide_unless_context_limits,"{""appendix"":null,""bbox"":[59.949,77.674,306.05,141.785],""chapter"":""2"",""line_id"":null,""observed_text_sha256"":""c6becf32eb6a7359eaf9bf17e819bc9394b19e2e1a0fab62375d185a5e226e6c"",""pdf_page"":48,""printed_page"":""21""}",202
[],875600c0aa524fd290393701f5507723a047354150e39b8717429083c604ff05,[],ibc2018:definition:e29d68e5cee2b42f3415d058,[],DETOXIFICATION FACILITIES,DETOXIFICATION FACILITIES,definition,verified,code_wide_unless_context_limits,"{""appendix"":null,""bbox"":[59.95,146.673,305.913,188.707],""chapter"":""2"",""line_id"":null,""observed_text_sha256"":""875600c0aa524fd290393701f5507723a047354150e39b8717429083c604ff05"",""pdf_page"":48,""printed_page"":""21""}",202
[],b7fda14aa8d0bcbbb0b518916014caba89fff67921c44fabd624baed7d37af04,[],ibc2018:definition:663a87b6d2cbda5f201846fd,[],DIAPHRAGM,DIAPHRAGM,definition,verified,code_wide_unless_context_limits,"{""appendix"":null,""bbox"":[59.95,193.707,306.061,498.738],""chapter"":""2"",""line_id"":null,""observed_text_sha256"":""b7fda14aa8d0bcbbb0b518916014caba89fff67921c44fabd624baed7d37af04"",""pdf_page"":48,""printed_page"":""21""}",202
[],cab6b817f61d497a3956d391d3cb801d413e241fbfd57885eb7dca971ade8eee,[],ibc2018:definition:12470386e6229ca2e80f7bbb,[],DIRECT ACCESS,DIRECT ACCESS,definition,verified,code_wide_unless_context_limits,"{""appendix"":null,""bbox"":[60.006,503.626,305.788,534.759],""chapter"":""2"",""line_id"":null,""observed_text_sha256"":""cab6b817f61d497a3956d391d3cb801d413e241fbfd57885eb7dca971ade8eee"",""pdf_page"":48,""printed_page"":""21""}",202
[],e1c9a70471c4fbee4688ee13421df69ea8b29aa06a1694efdfeb4b1b96921332,[],ibc2018:definition:e6d7b2a9252021c5e87e2ab1,[],DISPENSING,DISPENSING,definition,verified,code_wide_unless_context_limits,"{""appendix"":null,""bbox"":[60.006,539.593,305.619,570.726],""chapter"":""2"",""line_id"":null,""observed_text_sha256"":""e1c9a70471c4fbee4688ee13421df69ea8b29aa06a1694efdfeb4b1b96921332"",""pdf_page"":48,""printed_page"":""21""}",202
[],de2a9cb976501f9ae761dee02e2a0900499bddba42279d7ad104528446a0821b,[],ibc2018:definition:7c81baf88472c5f57e948235,[],"DOOR, BALANCED","DOOR, BALANCED",definition,verified,code_wide_unless_context_limits,"{""appendix"":null,""bbox"":[60.006,575.614,241.922,584.669],""chapter"":""2"",""line_id"":null,""observed_text_sha256"":""de2a9cb976501f9ae761dee02e2a0900499bddba42279d7ad104528446a0821b"",""pdf_page"":48,""printed_page"":""21""}",202
[],7e878cb916075f9c3528ec97176d07de7a50ba889edbb85a2d660f4bcf8c0b61,[],ibc2018:definition:695682464825760e46ba72ab,[],"DOOR, LOW-ENERGY POWER-OPERATED","DOOR, LOW-ENERGY POWER-OPERATED",definition,verified,code_wide_unless_context_limits,"{""appendix"":null,""bbox"":[60.006,589.669,305.804,609.735],""chapter"":""2"",""line_id"":null,""observed_text_sha256"":""7e878cb916075f9c3528ec97176d07de7a50ba889edbb85a2d660f4bcf8c0b61"",""pdf_page"":48,""printed_page"":""21""}",202
[],49ccefbdab5221ba88f4ee7eecacb3855381508bef65a1a00d997628e7f0793c,[],ibc2018:definition:1b4b0c0942d8808389859ee5,[],"DOOR, POWER-ASSISTED","DOOR, POWER-ASSISTED",definition,verified,code_wide_unless_context_limits,"{""appendix"":null,""bbox"":[60.006,614.624,298.085,623.679],""chapter"":""2"",""line_id"":null,""observed_text_sha256"":""49ccefbdab5221ba88f4ee7eecacb3855381508bef65a1a00d997628e7f0793c"",""pdf_page"":48,""printed_page"":""21""}",202
[],3c8b73ac7d9ad3a27d7f3b43b55663990b12e3f0b20f44ccfe551a58b34cfff1,[],ibc2018:definition:2e5fa8c25271f9ce51b47e8a,[],"DOOR, POWER-OPERATED","DOOR, POWER-OPERATED",definition,verified,code_wide_unless_context_limits,"{""appendix"":null,""bbox"":[60.006,628.678,303.784,637.734],""chapter"":""2"",""line_id"":null,""observed_text_sha256"":""3c8b73ac7d9ad3a27d7f3b43b55663990b12e3f0b20f44ccfe551a58b34cfff1"",""pdf_page"":48,""printed_page"":""21""}",202
[],c2946de6389a4d4e349dc652e2e84715b522c87e7f6a49dacb83850826e984d4,[],ibc2018:definition:2d03762ff903a1c9e942b659,[],"DOORWAY, EXIT ACCESS","DOORWAY, EXIT ACCESS",definition,verified,code_wide_unless_context_limits,"{""appendix"":null,""bbox"":[60.006,642.678,300.852,651.733],""chapter"":""2"",""line_id"":null,""observed_text_sha256"":""c2946de6389a4d4e349dc652e2e84715b522c87e7f6a49dacb83850826e984d4"",""pdf_page"":48,""printed_page"":""21""}",202
[],1f2a26df93545516418040a4a20bf8204e80da9f0eac803c5ed5398ab8f441bc,[],ibc2018:definition:7e059550826274712179bdc9,[],DORMITORY,DORMITORY,definition,verified,code_wide_unless_context_limits,"{""appendix"":null,""bbox"":[60.005,656.621,305.951,709.722],""chapter"":""2"",""line_id"":null,""observed_text_sha256"":""1f2a26df93545516418040a4a20bf8204e80da9f0eac803c5ed5398ab8f441bc"",""pdf_page"":48,""printed_page"":""21""}",202
[],97c957c22f32723618e5e4bdbde8daec2913510cc082ce6e6f7f72f756377b21,[],ibc2018:definition:2a11bda0de3f95d1dc407744,[],DRAFTSTOP,DRAFTSTOP,definition,verified,code_wide_unless_context_limits,"{""appendix"":null,""bbox"":[60.005,77.673,571.6,734.677],""chapter"":""2"",""line_id"":null,""observed_text_sha256"":""97c957c22f32723618e5e4bdbde8daec2913510cc082ce6e6f7f72f756377b21"",""pdf_page"":48,""printed_page"":""21""}",202
[],630d3b195f09d6f2d25c3c5371a6e5035be297072806730c44c7e276be9734d3,[],ibc2018:definition:cb0905849e221791209a394e,[],DRAG STRUT,DRAG STRUT,definition,verified,code_wide_unless_context_limits,"{""appendix"":null,""bbox"":[326.045,103.513,461.447,112.569],""chapter"":""2"",""line_id"":null,""observed_text_sha256"":""630d3b195f09d6f2d25c3c5371a6e5035be297072806730c44c7e276be9734d3"",""pdf_page"":48,""printed_page"":""21""}",202
[],2161a7b816d5aa84e05fc7c4830b739224542905c093cfd7eaa278775dc64aed,[],ibc2018:definition:8ed2b5873819c1f7cad00839,[],DRILLED SHAFT,DRILLED SHAFT,definition,verified,code_wide_unless_context_limits,"{""appendix"":null,""bbox"":[326.045,118.398,572.086,171.388],""chapter"":""2"",""line_id"":null,""observed_text_sha256"":""2161a7b816d5aa84e05fc7c4830b739224542905c093cfd7eaa278775dc64aed"",""pdf_page"":48,""printed_page"":""21""}",202
[],9e416465b478c8171223986ff6fa21e7135eb71b1b007347fb9db3f03f27df0b,[],ibc2018:definition:bab4bd89d25c7694c5e4600d,[],DRY-CHEMICAL EXTINGUISHING AGENT,DRY-CHEMICAL EXTINGUISHING AGENT,definition,verified,code_wide_unless_context_limits,"{""appendix"":null,""bbox"":[325.99,214.013,571.94,289.192],""chapter"":""2"",""line_id"":null,""observed_text_sha256"":""9e416465b478c8171223986ff6fa21e7135eb71b1b007347fb9db3f03f27df0b"",""pdf_page"":48,""printed_page"":""21""}",202
[],fb8f8a631b13030da8b4eb8c876cb6890a09b5f94affc66ff448d546071bda7b,[],ibc2018:definition:2df0680627852a7d4c27ca4b,[],DRY FLOODPROOFING,DRY FLOODPROOFING,definition,verified,code_wide_unless_context_limits,"{""appendix"":null,""bbox"":[325.992,295.02,571.938,358.966],""chapter"":""2"",""line_id"":null,""observed_text_sha256"":""fb8f8a631b13030da8b4eb8c876cb6890a09b5f94affc66ff448d546071bda7b"",""pdf_page"":48,""printed_page"":""21""}",202
[],9f570a52407ddbe8d3c18e18cdb75bd1b0e5b452a5eae80cd1ad906e56a8cdf7,[],ibc2018:definition:bb740b9a9475f5bc4669c62f,[],DWELLING,DWELLING,definition,verified,code_wide_unless_context_limits,"{""appendix"":null,""bbox"":[325.992,364.715,571.649,395.929],""chapter"":""2"",""line_id"":null,""observed_text_sha256"":""9f570a52407ddbe8d3c18e18cdb75bd1b0e5b452a5eae80cd1ad906e56a8cdf7"",""pdf_page"":48,""printed_page"":""21""}",202
[],89fb5a110aaa4e3e392c85955db5c1fd53de67602a662eb217d3c043a0928fce,[],ibc2018:definition:4db41db7b926b372df7b707f,[],DWELLING UNIT,DWELLING UNIT,definition,verified,code_wide_unless_context_limits,"{""appendix"":null,""bbox"":[325.992,401.647,571.866,443.681],""chapter"":""2"",""line_id"":null,""observed_text_sha256"":""89fb5a110aaa4e3e392c85955db5c1fd53de67602a662eb217d3c043a0928fce"",""pdf_page"":48,""printed_page"":""21""}",202
[],2ca9211d84c8fcfd03742c74b25b3183dd7691f9aa31f997e5de43469b03a145,[],ibc2018:definition:b3c6849ed7e9a94a58acdb73,[],"DWELLING UNIT OR SLEEPING UNIT, MULTISTORY","DWELLING UNIT OR SLEEPING UNIT, MULTISTORY",definition,verified,code_wide_unless_context_limits,"{""appendix"":null,""bbox"":[325.992,449.59,571.589,469.577],""chapter"":""2"",""line_id"":null,""observed_text_sha256"":""2ca9211d84c8fcfd03742c74b25b3183dd7691f9aa31f997e5de43469b03a145"",""pdf_page"":48,""printed_page"":""21""}",202
[],04109aabd546dfc489676e77bea3d465c472091e3f169abdef3e213ea22abd85,[],ibc2018:definition:c1c9420fa409df9ad238c92b,[],EGRESS COURT,EGRESS COURT,definition,verified,code_wide_unless_context_limits,"{""appendix"":null,""bbox"":[325.992,475.326,571.654,495.417],""chapter"":""2"",""line_id"":null,""observed_text_sha256"":""04109aabd546dfc489676e77bea3d465c472091e3f169abdef3e213ea22abd85"",""pdf_page"":48,""printed_page"":""21""}",202
[],ba70e20721f5b01bc39ab056e76e6e3a40183ff7ee1922e8962350ff9a6c42a6,[],ibc2018:definition:ce6230912392d648687d36cf,[],ELECTRICAL CIRCUIT PROTECTIVE SYSTEM,ELECTRICAL CIRCUIT PROTECTIVE SYSTEM,definition,verified,code_wide_unless_context_limits,"{""appendix"":null,""bbox"":[326.046,501.327,571.84,565.247],""chapter"":""2"",""line_id"":null,""observed_text_sha256"":""ba70e20721f5b01bc39ab056e76e6e3a40183ff7ee1922e8962350ff9a6c42a6"",""pdf_page"":48,""printed_page"":""21""}",202
[],ac25cf29db0b4335b35ab46d49b3a8c797d1faf1783ea29b0f1c14ee309f52ff,[],ibc2018:definition:324994bb109a41f214955f01,[],ELEVATOR GROUP,ELEVATOR GROUP,definition,verified,code_wide_unless_context_limits,"{""appendix"":null,""bbox"":[326.046,571.021,572.231,602.155],""chapter"":""2"",""line_id"":null,""observed_text_sha256"":""ac25cf29db0b4335b35ab46d49b3a8c797d1faf1783ea29b0f1c14ee309f52ff"",""pdf_page"":48,""printed_page"":""21""}",202
[],042b0fe6b1f026265b76d7ba7fe690840202b6331baccc2a5977365f128ac0fb,[],ibc2018:definition:b53fed22d38d565929f0ffea,[],EMERGENCY ALARM SYSTEM,EMERGENCY ALARM SYSTEM,definition,verified,code_wide_unless_context_limits,"{""appendix"":null,""bbox"":[326.046,607.873,571.614,639.006],""chapter"":""2"",""line_id"":null,""observed_text_sha256"":""042b0fe6b1f026265b76d7ba7fe690840202b6331baccc2a5977365f128ac0fb"",""pdf_page"":48,""printed_page"":""21""}",202
[],f649173a54cfc2b4f825b1aab2e2c59b3e21161eedb25537e28b455079228573,[],ibc2018:definition:6beaea8861e27b5b92fc87b9,[],EMERGENCY CONTROL STATION,EMERGENCY CONTROL STATION,definition,verified,code_wide_unless_context_limits,"{""appendix"":null,""bbox"":[326.046,644.756,572.566,686.869],""chapter"":""2"",""line_id"":null,""observed_text_sha256"":""f649173a54cfc2b4f825b1aab2e2c59b3e21161eedb25537e28b455079228573"",""pdf_page"":48,""printed_page"":""21""}",202
[],6e9b70f1f146b11052701812125c1b29d6e4d0dc8a504d2073ef2fbb49fa0e95,[],ibc2018:definition:5065783d0bef7740f05fefc9,[],EMERGENCY ESCAPE AND RESCUE OPENING,EMERGENCY ESCAPE AND RESCUE OPENING,definition,verified,code_wide_unless_context_limits,"{""appendix"":null,""bbox"":[326.046,692.668,571.954,734.622],""chapter"":""2"",""line_id"":null,""observed_text_sha256"":""6e9b70f1f146b11052701812125c1b29d6e4d0dc8a504d2073ef2fbb49fa0e95"",""pdf_page"":48,""printed_page"":""21""}",202
[],1575e4c0d0d006f06f52c6d6630f8e6bb0a56e4753dcf31b59f1eb8044b85608,[],ibc2018:definition:f856c314847988343845596d,[],EMERGENCY POWER SYSTEM,EMERGENCY POWER SYSTEM,definition,verified,code_wide_unless_context_limits,"{""appendix"":null,""bbox"":[40.05,77.674,285.898,152.741],""chapter"":""2"",""line_id"":null,""observed_text_sha256"":""1575e4c0d0d006f06f52c6d6630f8e6bb0a56e4753dcf31b59f1eb8044b85608"",""pdf_page"":49,""printed_page"":""22""}",202
[],f14e8508e1a06ee1429939ac4595a96f4371146b24cd7b0e365faa5c90ab1a01,[],ibc2018:definition:3d4452775d8ce91e01349f93,[],EMERGENCY VOICE/ALARM COMMUNICATIONS,EMERGENCY VOICE/ALARM COMMUNICATIONS,definition,verified,code_wide_unless_context_limits,"{""appendix"":null,""bbox"":[40.05,159.923,286.076,212.944],""chapter"":""2"",""line_id"":null,""observed_text_sha256"":""f14e8508e1a06ee1429939ac4595a96f4371146b24cd7b0e365faa5c90ab1a01"",""pdf_page"":49,""printed_page"":""22""}",202
[],5f5e25962c44bb5b80b8077d341f330fd06a031f4155e7e6e9a16244f5095270,[],ibc2018:definition:dcf12a793cd65e7330796a9d,[],EMPLOYEE WORK AREA,EMPLOYEE WORK AREA,definition,verified,code_wide_unless_context_limits,"{""appendix"":null,""bbox"":[40.05,219.99,286.051,262.024],""chapter"":""2"",""line_id"":null,""observed_text_sha256"":""5f5e25962c44bb5b80b8077d341f330fd06a031f4155e7e6e9a16244f5095270"",""pdf_page"":49,""printed_page"":""22""}",202
[],32c5fc5bc476cdffec377818d8d88a6f8a7c1c1ea0e5f6892e70389182636cbb,[],ibc2018:definition:a1ececea56156ab8b249e5f7,[],ENGINEERED WOOD RIM BOARD,ENGINEERED WOOD RIM BOARD,definition,verified,code_wide_unless_context_limits,"{""appendix"":null,""bbox"":[40.049,269.181,286.298,344.193],""chapter"":""2"",""line_id"":null,""observed_text_sha256"":""32c5fc5bc476cdffec377818d8d88a6f8a7c1c1ea0e5f6892e70389182636cbb"",""pdf_page"":49,""printed_page"":""22""}",202
[],9596286105499dcd493b4bad8d18d8174412672e21f7a2e84c27c82b45691e90,[],ibc2018:definition:32ca758b5388b4f402346b30,[],"ENTRANCE, PUBLIC","ENTRANCE, PUBLIC",definition,verified,code_wide_unless_context_limits,"{""appendix"":null,""bbox"":[40.05,351.35,236.35,360.406],""chapter"":""2"",""line_id"":null,""observed_text_sha256"":""9596286105499dcd493b4bad8d18d8174412672e21f7a2e84c27c82b45691e90"",""pdf_page"":49,""printed_page"":""22""}",202
[],1002aff8fe9a174da9fd487ef184becbdd522b630414a848028eed9c27515ee5,[],ibc2018:definition:34543f13b6d3c612be58d3f8,[],"ENTRANCE, RESTRICTED","ENTRANCE, RESTRICTED",definition,verified,code_wide_unless_context_limits,"{""appendix"":null,""bbox"":[40.049,367.508,276.023,376.563],""chapter"":""2"",""line_id"":null,""observed_text_sha256"":""1002aff8fe9a174da9fd487ef184becbdd522b630414a848028eed9c27515ee5"",""pdf_page"":49,""printed_page"":""22""}",202
[],dc8d8d68bc3c617f4b63a9b8fde4e09675d94babec2170a32d870398383c76c4,[],ibc2018:definition:214c2e1ead81417a4c3e3f68,[],"ENTRANCE, SERVICE","ENTRANCE, SERVICE",definition,verified,code_wide_unless_context_limits,"{""appendix"":null,""bbox"":[40.049,383.61,244.76,392.665],""chapter"":""2"",""line_id"":null,""observed_text_sha256"":""dc8d8d68bc3c617f4b63a9b8fde4e09675d94babec2170a32d870398383c76c4"",""pdf_page"":49,""printed_page"":""22""}",202
[],652d285566a9b679ab8b01c02a08ad25e0e35d1be451069d7943176dc88e328a,[],ibc2018:definition:b2ee68060685c6928c14bef9,[],EQUIPMENT PLATFORM,EQUIPMENT PLATFORM,definition,verified,code_wide_unless_context_limits,"{""appendix"":null,""bbox"":[40.049,399.822,286.215,452.867],""chapter"":""2"",""line_id"":null,""observed_text_sha256"":""652d285566a9b679ab8b01c02a08ad25e0e35d1be451069d7943176dc88e328a"",""pdf_page"":49,""printed_page"":""22""}",202
[],d5620809fd67bbfe43fc33b2ebee588c2b31217763d219932e6a0c53d14447b6,[],ibc2018:definition:cd4b80c2f237d0d9afc19827,[],ESSENTIAL FACILITIES,ESSENTIAL FACILITIES,definition,verified,code_wide_unless_context_limits,"{""appendix"":null,""bbox"":[40.049,459.913,286.639,501.947],""chapter"":""2"",""line_id"":null,""observed_text_sha256"":""d5620809fd67bbfe43fc33b2ebee588c2b31217763d219932e6a0c53d14447b6"",""pdf_page"":49,""printed_page"":""22""}",202
[],6382044015dff278ed3ecec3172b9d79fde17ae962f18a79a4bcadcc7af840a5,[],ibc2018:definition:4dbd750da971a0fab1fdd9da,[],EXHAUSTED ENCLOSURE,EXHAUSTED ENCLOSURE,definition,verified,code_wide_unless_context_limits,"{""appendix"":null,""bbox"":[40.048,509.104,286.528,606.195],""chapter"":""2"",""line_id"":null,""observed_text_sha256"":""6382044015dff278ed3ecec3172b9d79fde17ae962f18a79a4bcadcc7af840a5"",""pdf_page"":49,""printed_page"":""22""}",202
[],abac6120c719c6c304ad48d07ce3b880feeff44cdcbbd71ca5c35984a9efec17,[],ibc2018:definition:be6eff39ead86b061ad7378f,[],EXISTING BUILDING,EXISTING BUILDING,definition,verified,code_wide_unless_context_limits,"{""appendix"":null,""bbox"":[40.048,613.241,285.995,644.374],""chapter"":""2"",""line_id"":null,""observed_text_sha256"":""abac6120c719c6c304ad48d07ce3b880feeff44cdcbbd71ca5c35984a9efec17"",""pdf_page"":49,""printed_page"":""22""}",202
[],da1b700158de80af6a1832d6da12fc7bfa7ce608258021ff903d988b26fea951,[],ibc2018:definition:cfb374ec018fd26251a3ffc6,[],EXISTING STRUCTURE,EXISTING STRUCTURE,definition,verified,code_wide_unless_context_limits,"{""appendix"":null,""bbox"":[40.049,651.365,286.011,682.499],""chapter"":""2"",""line_id"":null,""observed_text_sha256"":""da1b700158de80af6a1832d6da12fc7bfa7ce608258021ff903d988b26fea951"",""pdf_page"":49,""printed_page"":""22""}",202
[],4b76912700ed2a6db9ab5d4e79f81b4d9f61816cc8d63eebd4c48eeee4ae2c98,[],ibc2018:definition:3254184a76825373f3c14b1c,[],EXIT,EXIT,definition,verified,code_wide_unless_context_limits,"{""appendix"":null,""bbox"":[40.048,689.465,286.275,742.59],""chapter"":""2"",""line_id"":null,""observed_text_sha256"":""4b76912700ed2a6db9ab5d4e79f81b4d9f61816cc8d63eebd4c48eeee4ae2c98"",""pdf_page"":49,""printed_page"":""22""}",202
[],05c20d43c099a36eebbadf81a2b5d9fcd37481ef0515766083ceeb24c9dfcb23,[],ibc2018:definition:841f609290c1610d835c2147,[],EXIT ACCESS,EXIT ACCESS,definition,verified,code_wide_unless_context_limits,"{""appendix"":null,""bbox"":[305.977,77.483,552.033,108.807],""chapter"":""2"",""line_id"":null,""observed_text_sha256"":""05c20d43c099a36eebbadf81a2b5d9fcd37481ef0515766083ceeb24c9dfcb23"",""pdf_page"":49,""printed_page"":""22""}",202
[],0965f56b9de1b73882c669ab5681efeeb0f58edcfdf0cc9bc51170c17f8ffc5e,[],ibc2018:definition:55b49d87ba90485e86d0af6b,[],EXIT ACCESS DOORWAY,EXIT ACCESS DOORWAY,definition,verified,code_wide_unless_context_limits,"{""appendix"":null,""bbox"":[305.977,113.916,552.068,155.95],""chapter"":""2"",""line_id"":null,""observed_text_sha256"":""0965f56b9de1b73882c669ab5681efeeb0f58edcfdf0cc9bc51170c17f8ffc5e"",""pdf_page"":49,""printed_page"":""22""}",202
[],16c01a85ae9a88831f436813333dbe0bccd7a8cc94e1ffd5506375bbc98aeefb,[],ibc2018:definition:c69141f40fb4d334974253be,[],EXIT ACCESS RAMP,EXIT ACCESS RAMP,definition,verified,code_wide_unless_context_limits,"{""appendix"":null,""bbox"":[305.978,160.98,551.664,181.182],""chapter"":""2"",""line_id"":null,""observed_text_sha256"":""16c01a85ae9a88831f436813333dbe0bccd7a8cc94e1ffd5506375bbc98aeefb"",""pdf_page"":49,""printed_page"":""22""}",202
[],cab62b6e9fec13e61e463e57a6987e9a717ef79e30ccb57922e331521c63c667,[],ibc2018:definition:83e34397383232bd221b294e,[],EXIT ACCESS STAIRWAY,EXIT ACCESS STAIRWAY,definition,verified,code_wide_unless_context_limits,"{""appendix"":null,""bbox"":[305.978,186.212,551.771,206.358],""chapter"":""2"",""line_id"":null,""observed_text_sha256"":""cab62b6e9fec13e61e463e57a6987e9a717ef79e30ccb57922e331521c63c667"",""pdf_page"":49,""printed_page"":""22""}",202
[],6132ea6e182e253b1da11fc659560acdc9e3e90d3152f35e7851a1c29d7c96e0,[],ibc2018:definition:ee0e1917309d86ef0c414f78,[],EXIT DISCHARGE,EXIT DISCHARGE,definition,verified,code_wide_unless_context_limits,"{""appendix"":null,""bbox"":[305.978,211.388,553.836,242.491],""chapter"":""2"",""line_id"":null,""observed_text_sha256"":""6132ea6e182e253b1da11fc659560acdc9e3e90d3152f35e7851a1c29d7c96e0"",""pdf_page"":49,""printed_page"":""22""}",202
[],2333db6cd4ba2cbc0f125d56211968db1976bb9349eaf85041b11156cea0e921,[],ibc2018:definition:0afd930a5c5bce90b6846e48,[],"EXIT DISCHARGE, LEVEL OF","EXIT DISCHARGE, LEVEL OF",definition,verified,code_wide_unless_context_limits,"{""appendix"":null,""bbox"":[305.978,247.52,551.908,278.734],""chapter"":""2"",""line_id"":null,""observed_text_sha256"":""2333db6cd4ba2cbc0f125d56211968db1976bb9349eaf85041b11156cea0e921"",""pdf_page"":49,""printed_page"":""22""}",202
[],6f4e024cbebdbc72ecd8f41d93164757a621baa062f79813c306b0012d2a0c63,[],ibc2018:definition:f07147973f05b5b301a41dc0,[],"EXIT, HORIZONTAL","EXIT, HORIZONTAL",definition,verified,code_wide_unless_context_limits,"{""appendix"":null,""bbox"":[305.979,283.844,497.511,292.899],""chapter"":""2"",""line_id"":null,""observed_text_sha256"":""6f4e024cbebdbc72ecd8f41d93164757a621baa062f79813c306b0012d2a0c63"",""pdf_page"":49,""printed_page"":""22""}",202
[],d29c4733c34359aa1a28f46a3e9bbb05b6bc958e8c9e44b79e4ae53290bb07f0,[],ibc2018:definition:a0191a4504f08073ac7264fa,[],EXIT PASSAGEWAY,EXIT PASSAGEWAY,definition,verified,code_wide_unless_context_limits,"{""appendix"":null,""bbox"":[305.978,297.929,551.662,351.054],""chapter"":""2"",""line_id"":null,""observed_text_sha256"":""d29c4733c34359aa1a28f46a3e9bbb05b6bc958e8c9e44b79e4ae53290bb07f0"",""pdf_page"":49,""printed_page"":""22""}",202
[],7471776f6848c96d136337937d987ccfe843817ad15c252ace7c249d16822cb5,[],ibc2018:definition:658d7ab0ff3b28ecbf8146f8,[],EXPANDED VINYL WALL COVERING,EXPANDED VINYL WALL COVERING,definition,verified,code_wide_unless_context_limits,"{""appendix"":null,""bbox"":[305.978,356.163,551.997,442.242],""chapter"":""2"",""line_id"":null,""observed_text_sha256"":""7471776f6848c96d136337937d987ccfe843817ad15c252ace7c249d16822cb5"",""pdf_page"":49,""printed_page"":""22""}",202
[],671618356144c48999cd0bb5692605d97e547529c9c94600f8fb29b6bff24416,[],ibc2018:definition:3e7e21e353b9ee8bac76b5fd,[],EXPLOSION,EXPLOSION,definition,verified,code_wide_unless_context_limits,"{""appendix"":null,""bbox"":[305.978,447.352,552.092,489.386],""chapter"":""2"",""line_id"":null,""observed_text_sha256"":""671618356144c48999cd0bb5692605d97e547529c9c94600f8fb29b6bff24416"",""pdf_page"":49,""printed_page"":""22""}",202
[],9c693aed69e312dab327ec92b5e24d10079dfa863c3e0f0a7560e9dd77d9492b,[],ibc2018:definition:58fc9faf849f9606724b2f15,[],EXPLOSIVE,EXPLOSIVE,definition,verified,code_wide_unless_context_limits,"{""appendix"":null,""bbox"":[305.98,559.069,551.895,623.181],""chapter"":""2"",""line_id"":null,""observed_text_sha256"":""9c693aed69e312dab327ec92b5e24d10079dfa863c3e0f0a7560e9dd77d9492b"",""pdf_page"":49,""printed_page"":""22""}",202
[],ad8d8115073126f188d87d751864fa6a722714567ba9725d8217ecc7fb985542,[],ibc2018:definition:1eef03431f5813b5d1c1d79b,[],EXTERIOR EXIT RAMP,EXTERIOR EXIT RAMP,definition,verified,code_wide_unless_context_limits,"{""appendix"":null,""bbox"":[59.998,77.537,571.754,718.631],""chapter"":""2"",""line_id"":null,""observed_text_sha256"":""ad8d8115073126f188d87d751864fa6a722714567ba9725d8217ecc7fb985542"",""pdf_page"":50,""printed_page"":""23""}",202
[],ae31693fcaadc85758a926fdcacca191872554b9fe5a443216e80f5893b5c645,[],ibc2018:definition:20e00f9308f7a57f9e402205,[],EXTERIOR EXIT STAIRWAY,EXTERIOR EXIT STAIRWAY,definition,verified,code_wide_unless_context_limits,"{""appendix"":null,""bbox"":[325.984,102.548,572.045,144.662],""chapter"":""2"",""line_id"":null,""observed_text_sha256"":""ae31693fcaadc85758a926fdcacca191872554b9fe5a443216e80f5893b5c645"",""pdf_page"":50,""printed_page"":""23""}",202
[],248158cc81f3a818efb892590d0b8db7afed2a7f5bd349014cf05c2dfb263456,[],ibc2018:definition:005918508abaf3d8db846b5d,[],EXTERIOR INSULATION AND FINISH SYSTEMS (EIFS),EXTERIOR INSULATION AND FINISH SYSTEMS (EIFS),definition,verified,code_wide_unless_context_limits,"{""appendix"":null,""bbox"":[325.984,149.63,572.086,213.828],""chapter"":""2"",""line_id"":null,""observed_text_sha256"":""248158cc81f3a818efb892590d0b8db7afed2a7f5bd349014cf05c2dfb263456"",""pdf_page"":50,""printed_page"":""23""}",202
[],9ae52e2086c8c3c31adbbe7c0b8ccfa40f61f2fe3b64c21bd48f974749a90d01,[],ibc2018:definition:0e2ae17311b1cd12a655e97b,[],EXTERIOR INSULATION AND FINISH SYSTEMS (EIFS) WITH DRAINAGE,EXTERIOR INSULATION AND FINISH SYSTEMS (EIFS) WITH DRAINAGE,definition,verified,code_wide_unless_context_limits,"{""appendix"":null,""bbox"":[326.038,218.797,571.927,260.751],""chapter"":""2"",""line_id"":null,""observed_text_sha256"":""9ae52e2086c8c3c31adbbe7c0b8ccfa40f61f2fe3b64c21bd48f974749a90d01"",""pdf_page"":50,""printed_page"":""23""}",202
[],3432703821b7bc8a188a33b444d8f3828765b5c92c90cf48c550ee6cbe733dbe,[],ibc2018:definition:5006ba40c445aae259ac8445,[],EXTERIOR SURFACES,EXTERIOR SURFACES,definition,verified,code_wide_unless_context_limits,"{""appendix"":null,""bbox"":[326.038,265.749,568.656,274.805],""chapter"":""2"",""line_id"":null,""observed_text_sha256"":""3432703821b7bc8a188a33b444d8f3828765b5c92c90cf48c550ee6cbe733dbe"",""pdf_page"":50,""printed_page"":""23""}",202
[],8fc894500072db228e0c94a7a33ca174784dc2b939a63c56e797451366c20c59,[],ibc2018:definition:30ff47901df804a191be4db9,[],EXTERIOR WALL,EXTERIOR WALL,definition,verified,code_wide_unless_context_limits,"{""appendix"":null,""bbox"":[326.038,279.749,572.04,321.838],""chapter"":""2"",""line_id"":null,""observed_text_sha256"":""8fc894500072db228e0c94a7a33ca174784dc2b939a63c56e797451366c20c59"",""pdf_page"":50,""printed_page"":""23""}",202
[],9a9270a02e74d09ee4941c50de043543979e3cebf944f4c86f5001a04a1da6ce,[],ibc2018:definition:581baa3b2df5cdb1e10d0cee,[],EXTERIOR WALL COVERING,EXTERIOR WALL COVERING,definition,verified,code_wide_unless_context_limits,"{""appendix"":null,""bbox"":[325.984,326.671,572.471,401.683],""chapter"":""2"",""line_id"":null,""observed_text_sha256"":""9a9270a02e74d09ee4941c50de043543979e3cebf944f4c86f5001a04a1da6ce"",""pdf_page"":50,""printed_page"":""23""}",202
[],f7aefa48b43fa95cb4995f4a7f42761f60fb2b0c6c3cbed3dafbc15cebaec917,[],ibc2018:definition:2373db38605381ee2de99d3e,[],EXTERIOR WALL ENVELOPE,EXTERIOR WALL ENVELOPE,definition,verified,code_wide_unless_context_limits,"{""appendix"":null,""bbox"":[326.039,406.683,572.471,470.684],""chapter"":""2"",""line_id"":null,""observed_text_sha256"":""f7aefa48b43fa95cb4995f4a7f42761f60fb2b0c6c3cbed3dafbc15cebaec917"",""pdf_page"":50,""printed_page"":""23""}",202
[],01ee35a83f2dcddbe177ba3bb444f4f56a8ceb1838accdd1334cf4423017e092,[],ibc2018:definition:79f320ece1b7acfadae8cbce,[],F RATING,F RATING,definition,verified,code_wide_unless_context_limits,"{""appendix"":null,""bbox"":[326.039,475.602,571.854,517.716],""chapter"":""2"",""line_id"":null,""observed_text_sha256"":""01ee35a83f2dcddbe177ba3bb444f4f56a8ceb1838accdd1334cf4423017e092"",""pdf_page"":50,""printed_page"":""23""}",202
[],df05c09cafbe566511d98f59188e5d8f463377bed527f822880cf11742379c86,[],ibc2018:definition:bb7ff01a6de4de4a0d664704,[],FABRIC PARTITION,FABRIC PARTITION,definition,verified,code_wide_unless_context_limits,"{""appendix"":null,""bbox"":[326.038,522.716,572.113,575.65],""chapter"":""2"",""line_id"":null,""observed_text_sha256"":""df05c09cafbe566511d98f59188e5d8f463377bed527f822880cf11742379c86"",""pdf_page"":50,""printed_page"":""23""}",202
[],d6b928cd8bf29fca8645c76b4ab38124be4fc0fb536e19a836f162557dabedbf,[],ibc2018:definition:49d23f1df4d2919d8a56f406,[],FABRICATED ITEM,FABRICATED ITEM,definition,verified,code_wide_unless_context_limits,"{""appendix"":null,""bbox"":[325.981,580.649,572.573,721.674],""chapter"":""2"",""line_id"":null,""observed_text_sha256"":""d6b928cd8bf29fca8645c76b4ab38124be4fc0fb536e19a836f162557dabedbf"",""pdf_page"":50,""printed_page"":""23""}",202
[],ebabbee2c48197e5dbb7e0585d435415683c4f987745b61077f79da5193016d9,[],ibc2018:definition:3c782599c7821c85378473d0,[],FABRICATION AREA,FABRICATION AREA,definition,verified,code_wide_unless_context_limits,"{""appendix"":null,""bbox"":[40.05,77.674,286.246,141.785],""chapter"":""2"",""line_id"":null,""observed_text_sha256"":""ebabbee2c48197e5dbb7e0585d435415683c4f987745b61077f79da5193016d9"",""pdf_page"":51,""printed_page"":""24""}",202
[],ae8995758371ece0abe7f923630ed60352f2938645705871ca74c0da00165b01,[],ibc2018:definition:492e88007eb3e64cf4be46b5,[],FACILITY,FACILITY,definition,verified,code_wide_unless_context_limits,"{""appendix"":null,""bbox"":[40.05,146.785,286.091,177.807],""chapter"":""2"",""line_id"":null,""observed_text_sha256"":""ae8995758371ece0abe7f923630ed60352f2938645705871ca74c0da00165b01"",""pdf_page"":51,""printed_page"":""24""}",202
[],349b1d6b580e20c96b283669c2a0301c0296673022622fd0c335476cfdf8250c,[],ibc2018:definition:69dd8cfa2262ac85404df7b1,[],FACTORED LOAD,FACTORED LOAD,definition,verified,code_wide_unless_context_limits,"{""appendix"":null,""bbox"":[40.05,182.837,286.556,202.873],""chapter"":""2"",""line_id"":null,""observed_text_sha256"":""349b1d6b580e20c96b283669c2a0301c0296673022622fd0c335476cfdf8250c"",""pdf_page"":51,""printed_page"":""24""}",202
[],47955e90d63d63a9d77b3db65f0592e3afd7a77d1ab94bb69e736b007ee90fa3,[],ibc2018:definition:6881b960f2bc8998ffbf7491,[],FENESTRATION,FENESTRATION,definition,verified,code_wide_unless_context_limits,"{""appendix"":null,""bbox"":[40.05,207.983,286.64,271.984],""chapter"":""2"",""line_id"":null,""observed_text_sha256"":""47955e90d63d63a9d77b3db65f0592e3afd7a77d1ab94bb69e736b007ee90fa3"",""pdf_page"":51,""printed_page"":""24""}",202
[],90f38e86aa547089d73264e5dd3618273ecb0f86f55298b61966b061491e634f,[],ibc2018:definition:69677808cf32d69512bd1ae9,[],"FENESTRATION, VERTICAL","FENESTRATION, VERTICAL",definition,verified,code_wide_unless_context_limits,"{""appendix"":null,""bbox"":[40.049,276.983,286.294,319.017],""chapter"":""2"",""line_id"":null,""observed_text_sha256"":""90f38e86aa547089d73264e5dd3618273ecb0f86f55298b61966b061491e634f"",""pdf_page"":51,""printed_page"":""24""}",202
[],8ccbcb3421ef9da810a7bf6d4696fa419a2306dc7b41706625fc03af30a2918a,[],ibc2018:definition:854a0c846bd97ea417665df6,[],"SOFFIT, TRIM AND UNDERLAYMENT) PRODUCTS","SOFFIT, TRIM AND UNDERLAYMENT) PRODUCTS",definition,verified,code_wide_unless_context_limits,"{""appendix"":null,""bbox"":[40.049,335.107,285.697,366.16],""chapter"":""2"",""line_id"":null,""observed_text_sha256"":""8ccbcb3421ef9da810a7bf6d4696fa419a2306dc7b41706625fc03af30a2918a"",""pdf_page"":51,""printed_page"":""24""}",202
[],b311a8df9a026a7a4ce2043cdd4b46253c682f72aff1f05d4f492bc1df2f1144,[],ibc2018:definition:547ae35f1f4f780843511b7d,[],FIBER-REINFORCED POLYMER,FIBER-REINFORCED POLYMER,definition,verified,code_wide_unless_context_limits,"{""appendix"":null,""bbox"":[40.049,371.159,286.101,435.161],""chapter"":""2"",""line_id"":null,""observed_text_sha256"":""b311a8df9a026a7a4ce2043cdd4b46253c682f72aff1f05d4f492bc1df2f1144"",""pdf_page"":51,""printed_page"":""24""}",202
[],a8387023bdd478d82c1d2272e766941899f1ed7c98d99f06cba1acb75319df7c,[],ibc2018:definition:3f2244d5fe6001fc16b4b914,[],FIBERBOARD,FIBERBOARD,definition,verified,code_wide_unless_context_limits,"{""appendix"":null,""bbox"":[40.049,440.27,286.25,482.379],""chapter"":""2"",""line_id"":null,""observed_text_sha256"":""a8387023bdd478d82c1d2272e766941899f1ed7c98d99f06cba1acb75319df7c"",""pdf_page"":51,""printed_page"":""24""}",202
[],5d49f4c32f32e2d5b787798983391afdd8124f3e2250ada2b1be3744f1300288,[],ibc2018:definition:636e99bb8d04fd4be3f8283f,[],FIELD NAILING,FIELD NAILING,definition,verified,code_wide_unless_context_limits,"{""appendix"":null,""bbox"":[40.122,487.378,205.661,496.434],""chapter"":""2"",""line_id"":null,""observed_text_sha256"":""5d49f4c32f32e2d5b787798983391afdd8124f3e2250ada2b1be3744f1300288"",""pdf_page"":51,""printed_page"":""24""}",202
[],a4eb5efde44bcb2b6949ab2eceeae67db56cddc856b30564408dc49a712b60bc,[],ibc2018:definition:5682fe963d81eb4aa6e99ddc,[],"FIRE ALARM BOX, MANUAL","FIRE ALARM BOX, MANUAL",definition,verified,code_wide_unless_context_limits,"{""appendix"":null,""bbox"":[40.122,501.432,286.018,521.499],""chapter"":""2"",""line_id"":null,""observed_text_sha256"":""a4eb5efde44bcb2b6949ab2eceeae67db56cddc856b30564408dc49a712b60bc"",""pdf_page"":51,""printed_page"":""24""}",202
[],c8d1aa39d02a6e9af25fa323b20f8c4dccd85071388c9c409f9b95d135d244d7,[],ibc2018:definition:1eb96031e7d53b597e64e7e3,[],FIRE ALARM CONTROL UNIT,FIRE ALARM CONTROL UNIT,definition,verified,code_wide_unless_context_limits,"{""appendix"":null,""bbox"":[40.122,526.498,286.255,601.51],""chapter"":""2"",""line_id"":null,""observed_text_sha256"":""c8d1aa39d02a6e9af25fa323b20f8c4dccd85071388c9c409f9b95d135d244d7"",""pdf_page"":51,""printed_page"":""24""}",202
[],b6e021e6a0f45edc32eb18be024b04707069915f0b064dd2447fe517273a228e,[],ibc2018:definition:62fa88cd652334c81d6539c4,[],FIRE ALARM SIGNAL,FIRE ALARM SIGNAL,definition,verified,code_wide_unless_context_limits,"{""appendix"":null,""bbox"":[40.122,606.43,285.867,659.61],""chapter"":""2"",""line_id"":null,""observed_text_sha256"":""b6e021e6a0f45edc32eb18be024b04707069915f0b064dd2447fe517273a228e"",""pdf_page"":51,""printed_page"":""24""}",202
[],3d05779032d77403d0e164355d61ec732edc9646bfc5a103b2b02a0d330d44d6,[],ibc2018:definition:a27cd58791fb37be68e64d38,[],FIRE ALARM SYSTEM,FIRE ALARM SYSTEM,definition,verified,code_wide_unless_context_limits,"{""appendix"":null,""bbox"":[40.122,664.609,286.067,717.655],""chapter"":""2"",""line_id"":null,""observed_text_sha256"":""3d05779032d77403d0e164355d61ec732edc9646bfc5a103b2b02a0d330d44d6"",""pdf_page"":51,""printed_page"":""24""}",202
[],24eb8ebc543e1760c939895df4cc7535cfe541024f010f72243e9b6ce90a6243,[],ibc2018:definition:c616969763a87f1ade9a4a88,[],FIRE AREA,FIRE AREA,definition,verified,code_wide_unless_context_limits,"{""appendix"":null,""bbox"":[40.122,77.613,552.42,742.72],""chapter"":""2"",""line_id"":null,""observed_text_sha256"":""24eb8ebc543e1760c939895df4cc7535cfe541024f010f72243e9b6ce90a6243"",""pdf_page"":51,""printed_page"":""24""}",202
[],73b5b9cd983529f04ed5c164b9478901278aff05fdd9e7c3912dd78fd8e3eeca,[],ibc2018:definition:8166b2effc2638b44693df12,[],FIRE BARRIER,FIRE BARRIER,definition,verified,code_wide_unless_context_limits,"{""appendix"":null,""bbox"":[305.997,125.832,551.773,156.91],""chapter"":""2"",""line_id"":null,""observed_text_sha256"":""73b5b9cd983529f04ed5c164b9478901278aff05fdd9e7c3912dd78fd8e3eeca"",""pdf_page"":51,""printed_page"":""24""}",202
[],0aea667421368feb317e260906fbecb6c72f683dd96069e4880cc1c8174aaef2,[],ibc2018:definition:0b3d8cb2f409ae1a01e4b425,[],FIRE COMMAND CENTER,FIRE COMMAND CENTER,definition,verified,code_wide_unless_context_limits,"{""appendix"":null,""bbox"":[305.997,163.016,551.997,205.05],""chapter"":""2"",""line_id"":null,""observed_text_sha256"":""0aea667421368feb317e260906fbecb6c72f683dd96069e4880cc1c8174aaef2"",""pdf_page"":51,""printed_page"":""24""}",202
[],5d6291c5570d2cd1c4419725c311fd37194f423f3403405811bacae4aec7bc60,[],ibc2018:definition:f64cedcf868064f12a07b8e2,[],FIRE DAMPER,FIRE DAMPER,definition,verified,code_wide_unless_context_limits,"{""appendix"":null,""bbox"":[305.997,211.02,551.913,297.179],""chapter"":""2"",""line_id"":null,""observed_text_sha256"":""5d6291c5570d2cd1c4419725c311fd37194f423f3403405811bacae4aec7bc60"",""pdf_page"":51,""printed_page"":""24""}",202
[],0ef65f1b59cac5ad145ab61247b34fd98f503b1d914723d673801abf976b4fa9,[],ibc2018:definition:79c7eb9d296c4d7cddd9e6be,[],"FIRE DETECTOR, AUTOMATIC","FIRE DETECTOR, AUTOMATIC",definition,verified,code_wide_unless_context_limits,"{""appendix"":null,""bbox"":[305.998,303.23,551.982,323.186],""chapter"":""2"",""line_id"":null,""observed_text_sha256"":""0ef65f1b59cac5ad145ab61247b34fd98f503b1d914723d673801abf976b4fa9"",""pdf_page"":51,""printed_page"":""24""}",202
[],6ca5f92a8d39d87e7de7ca326f8cf0ba0160366039f4020d47f4819457f2e5aa,[],ibc2018:definition:68127cbbea45b816d5b13e87,[],FIRE DOOR,FIRE DOOR,definition,verified,code_wide_unless_context_limits,"{""appendix"":null,""bbox"":[305.998,329.322,552.55,349.358],""chapter"":""2"",""line_id"":null,""observed_text_sha256"":""6ca5f92a8d39d87e7de7ca326f8cf0ba0160366039f4020d47f4819457f2e5aa"",""pdf_page"":51,""printed_page"":""24""}",202
[],6742030f558ad5e0f65460a08259624a0958b706fdd37afb9e106dfe5fe05341,[],ibc2018:definition:d33e658f1391d427271adbae,[],FIRE DOOR ASSEMBLY,FIRE DOOR ASSEMBLY,definition,verified,code_wide_unless_context_limits,"{""appendix"":null,""bbox"":[305.998,355.329,552.191,386.542],""chapter"":""2"",""line_id"":null,""observed_text_sha256"":""6742030f558ad5e0f65460a08259624a0958b706fdd37afb9e106dfe5fe05341"",""pdf_page"":51,""printed_page"":""24""}",202
[],c337636b07ce4013fb503e2d2f2bab8af252000871944375f694f17c4b0929ea,[],ibc2018:definition:8716b3e927a51833287bc094,[],"FIRE DOOR ASSEMBLY, FLOOR","FIRE DOOR ASSEMBLY, FLOOR",definition,verified,code_wide_unless_context_limits,"{""appendix"":null,""bbox"":[305.998,392.728,552.031,412.714],""chapter"":""2"",""line_id"":null,""observed_text_sha256"":""c337636b07ce4013fb503e2d2f2bab8af252000871944375f694f17c4b0929ea"",""pdf_page"":51,""printed_page"":""24""}",202
[],a42069cdeeeece5c64cd09ffd31a7dd4a36136bf76cc5ca5c9bca974ff4aa25e,[],ibc2018:definition:8afe8e9706d9d398fcdae777,[],FIRE EXIT HARDWARE,FIRE EXIT HARDWARE,definition,verified,code_wide_unless_context_limits,"{""appendix"":null,""bbox"":[305.998,418.851,551.622,438.887],""chapter"":""2"",""line_id"":null,""observed_text_sha256"":""a42069cdeeeece5c64cd09ffd31a7dd4a36136bf76cc5ca5c9bca974ff4aa25e"",""pdf_page"":51,""printed_page"":""24""}",202
[],57f13b1c20f4e73b7c5cccc4f5d71798932f3835eedee61e21ddaec54b1f74ff,[],ibc2018:definition:c965f94a0701c981964e12dd,[],FIRE LANE,FIRE LANE,definition,verified,code_wide_unless_context_limits,"{""appendix"":null,""bbox"":[305.998,444.937,551.681,476.071],""chapter"":""2"",""line_id"":null,""observed_text_sha256"":""57f13b1c20f4e73b7c5cccc4f5d71798932f3835eedee61e21ddaec54b1f74ff"",""pdf_page"":51,""printed_page"":""24""}",202
[],052b70827db0c69b9e6c3df18a315588fea5964f01518064e215d15654ac7645,[],ibc2018:definition:75ffdb71ecc1fb903cb73373,[],FIRE PARTITION,FIRE PARTITION,definition,verified,code_wide_unless_context_limits,"{""appendix"":null,""bbox"":[305.997,482.066,551.901,513.088],""chapter"":""2"",""line_id"":null,""observed_text_sha256"":""052b70827db0c69b9e6c3df18a315588fea5964f01518064e215d15654ac7645"",""pdf_page"":51,""printed_page"":""24""}",202
[],159ecb37c82fea58f3dd80d979e7bcfa042d2021f69822cae68f6dfc2e1f87d4,[],ibc2018:definition:2b4ef7ae1303be99aaece325,[],FIRE PROTECTION RATING,FIRE PROTECTION RATING,definition,verified,code_wide_unless_context_limits,"{""appendix"":null,""bbox"":[305.997,519.139,551.906,561.173],""chapter"":""2"",""line_id"":null,""observed_text_sha256"":""159ecb37c82fea58f3dd80d979e7bcfa042d2021f69822cae68f6dfc2e1f87d4"",""pdf_page"":51,""printed_page"":""24""}",202
[],93c3a10e8befe62645b47c05373106e1cd782e0db8a7d4d9888c1bd680b9bfa9,[],ibc2018:definition:478026663c8202ebfdc12345,[],FIRE PROTECTION SYSTEM,FIRE PROTECTION SYSTEM,definition,verified,code_wide_unless_context_limits,"{""appendix"":null,""bbox"":[305.997,567.198,551.679,620.323],""chapter"":""2"",""line_id"":null,""observed_text_sha256"":""93c3a10e8befe62645b47c05373106e1cd782e0db8a7d4d9888c1bd680b9bfa9"",""pdf_page"":51,""printed_page"":""24""}",202
[],596020f5eddc943ea865ec62ba8743d9a8ec1efae37acece6f719a09066050c1,[],ibc2018:definition:4a59ceb0c4785aca603d8628,[],FIRE-RATED GLAZING,FIRE-RATED GLAZING,definition,verified,code_wide_unless_context_limits,"{""appendix"":null,""bbox"":[305.997,626.294,552.01,646.496],""chapter"":""2"",""line_id"":null,""observed_text_sha256"":""596020f5eddc943ea865ec62ba8743d9a8ec1efae37acece6f719a09066050c1"",""pdf_page"":51,""printed_page"":""24""}",202
[],ba56d19c556a214d4db3c050af209dce4d1d08ba6121bfe99c32fe8be82fe9ab,[],ibc2018:definition:93f854589b34e204e78c4dcf,[],FIRE RESISTANCE,FIRE RESISTANCE,definition,verified,code_wide_unless_context_limits,"{""appendix"":null,""bbox"":[305.997,652.546,551.997,683.569],""chapter"":""2"",""line_id"":null,""observed_text_sha256"":""ba56d19c556a214d4db3c050af209dce4d1d08ba6121bfe99c32fe8be82fe9ab"",""pdf_page"":51,""printed_page"":""24""}",202
[],2c8bbc330ba35965b2ad86953d2653de08107159baf4ae2f124d3c1198f8e4c7,[],ibc2018:definition:4bfedf9fb76b6bf07d1a2d8a,[],FIRE-RESISTANCE RATING,FIRE-RESISTANCE RATING,definition,verified,code_wide_unless_context_limits,"{""appendix"":null,""bbox"":[305.997,689.62,552.055,742.72],""chapter"":""2"",""line_id"":null,""observed_text_sha256"":""2c8bbc330ba35965b2ad86953d2653de08107159baf4ae2f124d3c1198f8e4c7"",""pdf_page"":51,""printed_page"":""24""}",202
[],ee498382b2c5838e1074653820093c5252331b9ecc3992b35cca54ee3b257ffc,[],ibc2018:definition:a7770e8fdc2a62f07fcfd4dd,[],FIRE-RESISTANT JOINT SYSTEM,FIRE-RESISTANT JOINT SYSTEM,definition,verified,code_wide_unless_context_limits,"{""appendix"":null,""bbox"":[59.95,77.674,306.484,141.785],""chapter"":""2"",""line_id"":null,""observed_text_sha256"":""ee498382b2c5838e1074653820093c5252331b9ecc3992b35cca54ee3b257ffc"",""pdf_page"":52,""printed_page"":""25""}",202
[],5a52ce66a29379f764a126e5c4339c743d135e9c72d2da9d9176a65c28b9ce5a,[],ibc2018:definition:d5470af3f20c9ce9fbec61c8,[],FIRE SAFETY FUNCTIONS,FIRE SAFETY FUNCTIONS,definition,verified,code_wide_unless_context_limits,"{""appendix"":null,""bbox"":[59.95,146.673,306.43,188.707],""chapter"":""2"",""line_id"":null,""observed_text_sha256"":""5a52ce66a29379f764a126e5c4339c743d135e9c72d2da9d9176a65c28b9ce5a"",""pdf_page"":52,""printed_page"":""25""}",202
[],7affc0f6b27752e26ec265347080aaa5ecb51359941037fc643db687539d9d1a,[],ibc2018:definition:2d1e9b3c3fed6a896fb6e920,[],FIRE SEPARATION DISTANCE,FIRE SEPARATION DISTANCE,definition,verified,code_wide_unless_context_limits,"{""appendix"":null,""bbox"":[59.95,193.707,305.491,213.773],""chapter"":""2"",""line_id"":null,""observed_text_sha256"":""7affc0f6b27752e26ec265347080aaa5ecb51359941037fc643db687539d9d1a"",""pdf_page"":52,""printed_page"":""25""}",202
[],758471ba94b86553ec2422f7d81d08ce53365cb988c113820741b7a8bc3d1346,[],ibc2018:definition:6594658e30161ccba1429fe0,[],FIRE WALL,FIRE WALL,definition,verified,code_wide_unless_context_limits,"{""appendix"":null,""bbox"":[59.949,285.78,305.853,349.782],""chapter"":""2"",""line_id"":null,""observed_text_sha256"":""758471ba94b86553ec2422f7d81d08ce53365cb988c113820741b7a8bc3d1346"",""pdf_page"":52,""printed_page"":""25""}",202
[],3ad55c36ce485403701a005552ebc8aaf5d0ce88ceabf6e024d2f789f867a886,[],ibc2018:definition:1b7a7917329ec00e480bcc56,[],FIRE WINDOW ASSEMBLY,FIRE WINDOW ASSEMBLY,definition,verified,code_wide_unless_context_limits,"{""appendix"":null,""bbox"":[59.949,354.725,305.969,374.737],""chapter"":""2"",""line_id"":null,""observed_text_sha256"":""3ad55c36ce485403701a005552ebc8aaf5d0ce88ceabf6e024d2f789f867a886"",""pdf_page"":52,""printed_page"":""25""}",202
[],b3961565a7283c524f23471882a1395769454573e4815965e07657f74475da9d,[],ibc2018:definition:0e222f26ae51d4f5148ae800,[],FIREBLOCKING,FIREBLOCKING,definition,verified,code_wide_unless_context_limits,"{""appendix"":null,""bbox"":[59.949,379.68,305.81,421.77],""chapter"":""2"",""line_id"":null,""observed_text_sha256"":""b3961565a7283c524f23471882a1395769454573e4815965e07657f74475da9d"",""pdf_page"":52,""printed_page"":""25""}",202
[],396f742fe379f8836d25c53a5f8bc2445e0adefcb3fa21daf77a963f19f925c8,[],ibc2018:definition:cb83bec6a1e6992cc51dc907,[],FIREPLACE,FIREPLACE,definition,verified,code_wide_unless_context_limits,"{""appendix"":null,""bbox"":[59.949,426.714,305.78,457.736],""chapter"":""2"",""line_id"":null,""observed_text_sha256"":""396f742fe379f8836d25c53a5f8bc2445e0adefcb3fa21daf77a963f19f925c8"",""pdf_page"":52,""printed_page"":""25""}",202
[],6330aa847fd70a10cf00fa8012206989d247b9dbee70327fb0ee92170fe4e977,[],ibc2018:definition:40cb344d293ad5fa233f4c13,[],FIREPLACE THROAT,FIREPLACE THROAT,definition,verified,code_wide_unless_context_limits,"{""appendix"":null,""bbox"":[59.949,462.735,305.647,482.691],""chapter"":""2"",""line_id"":null,""observed_text_sha256"":""6330aa847fd70a10cf00fa8012206989d247b9dbee70327fb0ee92170fe4e977"",""pdf_page"":52,""printed_page"":""25""}",202
[],2c9916ba439db4a4fe7e331691f150b9914b6d5c72cb6c1bca5f02d23eabc634,[],ibc2018:definition:e10f68ab931aaf4b2e1103f3,[],"FIRESTOP, MEMBRANE-PENETRATION","FIRESTOP, MEMBRANE-PENETRATION",definition,verified,code_wide_unless_context_limits,"{""appendix"":null,""bbox"":[59.948,487.69,305.519,507.757],""chapter"":""2"",""line_id"":null,""observed_text_sha256"":""2c9916ba439db4a4fe7e331691f150b9914b6d5c72cb6c1bca5f02d23eabc634"",""pdf_page"":52,""printed_page"":""25""}",202
[],b7cda141cfb392cf82aad3bcc815ffd46cb2be00cb0006320ea3163a1b5e2083,[],ibc2018:definition:b1d1a8e38d551fbfd7154c24,[],"FIRESTOP, PENETRATION","FIRESTOP, PENETRATION",definition,verified,code_wide_unless_context_limits,"{""appendix"":null,""bbox"":[59.948,512.645,299.895,521.701],""chapter"":""2"",""line_id"":null,""observed_text_sha256"":""b7cda141cfb392cf82aad3bcc815ffd46cb2be00cb0006320ea3163a1b5e2083"",""pdf_page"":52,""printed_page"":""25""}",202
[],5ab8df366b673bd0846855043a2f7c6072ab28b3cde3989b46c63c35fd6e230e,[],ibc2018:definition:4e47fa9059e6f8e31634b849,[],"FIRESTOP SYSTEM, THROUGH-PENETRATION","FIRESTOP SYSTEM, THROUGH-PENETRATION",definition,verified,code_wide_unless_context_limits,"{""appendix"":null,""bbox"":[59.948,526.78,303.442,546.767],""chapter"":""2"",""line_id"":null,""observed_text_sha256"":""5ab8df366b673bd0846855043a2f7c6072ab28b3cde3989b46c63c35fd6e230e"",""pdf_page"":52,""printed_page"":""25""}",202
[],25b5ab7bca7693ad040b3481af5c7ccdbbca8e5d543512c233ef32e9e2749bc6,[],ibc2018:definition:aa90448e61c6d354dd95ac13,[],FIREWORKS,FIREWORKS,definition,verified,code_wide_unless_context_limits,"{""appendix"":null,""bbox"":[59.948,77.673,572.209,742.701],""chapter"":""2"",""line_id"":null,""observed_text_sha256"":""25b5ab7bca7693ad040b3481af5c7ccdbbca8e5d543512c233ef32e9e2749bc6"",""pdf_page"":52,""printed_page"":""25""}",202
[],c42363dafd1b5b71576b039b65e1436d4638d077eecf842c0dcd8613363515cb,[],ibc2018:definition:fc4457c2bbc2e3e4d5c486fb,[],FIXED BASE OPERATOR (FBO),FIXED BASE OPERATOR (FBO),definition,verified,code_wide_unless_context_limits,"{""appendix"":null,""bbox"":[325.989,147.061,572.167,199.995],""chapter"":""2"",""line_id"":null,""observed_text_sha256"":""c42363dafd1b5b71576b039b65e1436d4638d077eecf842c0dcd8613363515cb"",""pdf_page"":52,""printed_page"":""25""}",202
[],3a2ec9bd0fd91fe0253993aba06bc8ffe971db74ef1a3271bc47d71fd274824d,[],ibc2018:definition:08f957a22878a0b49e316e8e,[],FIXED SEATING,FIXED SEATING,definition,verified,code_wide_unless_context_limits,"{""appendix"":null,""bbox"":[325.989,205.382,571.904,236.515],""chapter"":""2"",""line_id"":null,""observed_text_sha256"":""3a2ec9bd0fd91fe0253993aba06bc8ffe971db74ef1a3271bc47d71fd274824d"",""pdf_page"":52,""printed_page"":""25""}",202
[],01589399b3eefe2c8e229ce8ec797092c0dac97d83cbfe09dab8c1e26b66116e,[],ibc2018:definition:bb59d09e5f6d156b99629ecf,[],FLAME SPREAD,FLAME SPREAD,definition,verified,code_wide_unless_context_limits,"{""appendix"":null,""bbox"":[325.989,241.846,571.879,261.802],""chapter"":""2"",""line_id"":null,""observed_text_sha256"":""01589399b3eefe2c8e229ce8ec797092c0dac97d83cbfe09dab8c1e26b66116e"",""pdf_page"":52,""printed_page"":""25""}",202
[],a08d1f13fa3d5994a8bd2e4b2298aaf0f33036da96d35001c4faa1042134a78f,[],ibc2018:definition:f77f0008ca749d14fd64e9b6,[],FLAME SPREAD INDEX,FLAME SPREAD INDEX,definition,verified,code_wide_unless_context_limits,"{""appendix"":null,""bbox"":[325.989,267.133,571.99,309.223],""chapter"":""2"",""line_id"":null,""observed_text_sha256"":""a08d1f13fa3d5994a8bd2e4b2298aaf0f33036da96d35001c4faa1042134a78f"",""pdf_page"":52,""printed_page"":""25""}",202
[],a2009b99a31c0b244f0778b95fd4b2a963ae6e1694f9872df26229d7b4a287c5,[],ibc2018:definition:5eb8b2bffac73ca2e81b17a7,[],FLAMMABLE GAS,FLAMMABLE GAS,definition,verified,code_wide_unless_context_limits,"{""appendix"":null,""bbox"":[325.988,314.554,572.005,334.786],""chapter"":""2"",""line_id"":null,""observed_text_sha256"":""a2009b99a31c0b244f0778b95fd4b2a963ae6e1694f9872df26229d7b4a287c5"",""pdf_page"":52,""printed_page"":""25""}",202
[],bf3943c510b50795a25c46763620574ef73be237361ddab6c7992206a19ea3de,[],ibc2018:definition:a6d1d3e7458e59728c03c9e4,[],FLAMMABLE LIQUEFIED GAS,FLAMMABLE LIQUEFIED GAS,definition,verified,code_wide_unless_context_limits,"{""appendix"":null,""bbox"":[325.988,460.356,571.584,491.379],""chapter"":""2"",""line_id"":null,""observed_text_sha256"":""bf3943c510b50795a25c46763620574ef73be237361ddab6c7992206a19ea3de"",""pdf_page"":52,""printed_page"":""25""}",202
[],6ec603fdd6577ffa9c38f27f53ba9a6a8e4580e8193e4eb843ac88765e46604e,[],ibc2018:definition:cbee1788fe25000cc37d057d,[],FLAMMABLE LIQUID,FLAMMABLE LIQUID,definition,verified,code_wide_unless_context_limits,"{""appendix"":null,""bbox"":[325.989,496.629,571.849,538.743],""chapter"":""2"",""line_id"":null,""observed_text_sha256"":""6ec603fdd6577ffa9c38f27f53ba9a6a8e4580e8193e4eb843ac88765e46604e"",""pdf_page"":52,""printed_page"":""25""}",202
[],54d5558d262beb44a387e36a7f7e1ad8f547b541926cf2f2ee5cd58150f4d6f7,[],ibc2018:definition:90ad2267427f24b50a32e98b,[],FLAMMABLE MATERIAL,FLAMMABLE MATERIAL,definition,verified,code_wide_unless_context_limits,"{""appendix"":null,""bbox"":[326.044,642.235,572.578,673.368],""chapter"":""2"",""line_id"":null,""observed_text_sha256"":""54d5558d262beb44a387e36a7f7e1ad8f547b541926cf2f2ee5cd58150f4d6f7"",""pdf_page"":52,""printed_page"":""25""}",202
[],1686d82d8ac274828b43731617944b732cdd034b0b864faef05e7541f3ad0e8e,[],ibc2018:definition:8079e27ed1c7ec523a820fd7,[],FLAMMABLE SOLID,FLAMMABLE SOLID,definition,verified,code_wide_unless_context_limits,"{""appendix"":null,""bbox"":[326.044,678.619,572.062,742.701],""chapter"":""2"",""line_id"":null,""observed_text_sha256"":""1686d82d8ac274828b43731617944b732cdd034b0b864faef05e7541f3ad0e8e"",""pdf_page"":52,""printed_page"":""25""}",202
[],210a02ac1ebdea92424817ce46022c6da2920654059d9536cbcc6dceb7d2d477,[],ibc2018:definition:b0c44ae22f8ad65c5e8e328b,[],FLAMMABLE VAPORS OR FUMES,FLAMMABLE VAPORS OR FUMES,definition,verified,code_wide_unless_context_limits,"{""appendix"":null,""bbox"":[40.05,135.773,286.17,166.796],""chapter"":""2"",""line_id"":null,""observed_text_sha256"":""210a02ac1ebdea92424817ce46022c6da2920654059d9536cbcc6dceb7d2d477"",""pdf_page"":53,""printed_page"":""26""}",202
[],6b68a576b0d24a679331e089100c0b4b903cbc071d292ffab19bc3f64495524e,[],ibc2018:definition:7158a55a32f88dbe9be8913b,[],FLASH POINT,FLASH POINT,definition,verified,code_wide_unless_context_limits,"{""appendix"":null,""bbox"":[40.05,171.74,286.64,235.741],""chapter"":""2"",""line_id"":null,""observed_text_sha256"":""6b68a576b0d24a679331e089100c0b4b903cbc071d292ffab19bc3f64495524e"",""pdf_page"":53,""printed_page"":""26""}",202
[],11ae400e438e697d235a2f61a5ba3bddca718d2fa1b0614b9fbfc0bb7dd0d555,[],ibc2018:definition:342ef5e20c2f0a293f847e69,[],FLIGHT,FLIGHT,definition,verified,code_wide_unless_context_limits,"{""appendix"":null,""bbox"":[40.05,251.64,286.008,307.729],""chapter"":""2"",""line_id"":null,""observed_text_sha256"":""11ae400e438e697d235a2f61a5ba3bddca718d2fa1b0614b9fbfc0bb7dd0d555"",""pdf_page"":53,""printed_page"":""26""}",202
[],499bd10a5668cea825823f1711e8c1be6e78fd51cd95c8a6d1465ae1063403d6,[],ibc2018:definition:f0f888e497b5a88462285495,[],FLOOD DAMAGE-RESISTANT MATERIALS,FLOOD DAMAGE-RESISTANT MATERIALS,definition,verified,code_wide_unless_context_limits,"{""appendix"":null,""bbox"":[40.05,351.817,286.076,393.771],""chapter"":""2"",""line_id"":null,""observed_text_sha256"":""499bd10a5668cea825823f1711e8c1be6e78fd51cd95c8a6d1465ae1063403d6"",""pdf_page"":53,""printed_page"":""26""}",202
[],3f3a09a3a3ae56ce4cf736e17a3247be487eef9ed8e8932a236aea91fea277ef,[],ibc2018:definition:03d4cb9712d62401bf8aa160,[],"FLOOD, DESIGN","FLOOD, DESIGN",definition,verified,code_wide_unless_context_limits,"{""appendix"":null,""bbox"":[40.052,398.66,206.264,407.715],""chapter"":""2"",""line_id"":null,""observed_text_sha256"":""3f3a09a3a3ae56ce4cf736e17a3247be487eef9ed8e8932a236aea91fea277ef"",""pdf_page"":53,""printed_page"":""26""}",202
[],2d1bc1d8ca1242cea3a6c9fb5ed058266a27f6c77ec86bb4231cd8a56640a6a8,[],ibc2018:definition:e28ec4b394b57891b9b564df,[],"FLOOD ELEVATION, DESIGN","FLOOD ELEVATION, DESIGN",definition,verified,code_wide_unless_context_limits,"{""appendix"":null,""bbox"":[40.051,412.714,285.661,432.781],""chapter"":""2"",""line_id"":null,""observed_text_sha256"":""2d1bc1d8ca1242cea3a6c9fb5ed058266a27f6c77ec86bb4231cd8a56640a6a8"",""pdf_page"":53,""printed_page"":""26""}",202
[],5fc5fedf9e69a08400cdae17a1d1b6613aaf998e2f0e091b6d4cdc1904d5fbef,[],ibc2018:definition:2e82ce37daa464d9fea2589c,[],FLOOD HAZARD AREA,FLOOD HAZARD AREA,definition,verified,code_wide_unless_context_limits,"{""appendix"":null,""bbox"":[40.052,437.669,285.623,457.736],""chapter"":""2"",""line_id"":null,""observed_text_sha256"":""5fc5fedf9e69a08400cdae17a1d1b6613aaf998e2f0e091b6d4cdc1904d5fbef"",""pdf_page"":53,""printed_page"":""26""}",202
[],9817281065819dc3bd10e52a083b8c8ae19351859b72ec57f3fee2935f259b4e,[],ibc2018:definition:0ddb8e86534808795a749d4f,[],"FLOOD HAZARD AREAS, SPECIAL","FLOOD HAZARD AREAS, SPECIAL",definition,verified,code_wide_unless_context_limits,"{""appendix"":null,""bbox"":[40.052,523.657,285.855,543.779],""chapter"":""2"",""line_id"":null,""observed_text_sha256"":""9817281065819dc3bd10e52a083b8c8ae19351859b72ec57f3fee2935f259b4e"",""pdf_page"":53,""printed_page"":""26""}",202
[],d0f83aea2a7946e22cd6b74b749d567784ccebcc9ab9eb185e3cf84339989926,[],ibc2018:definition:1560b9f0aed2b999558c4d43,[],FLOOD INSURANCE RATE MAP (FIRM),FLOOD INSURANCE RATE MAP (FIRM),definition,verified,code_wide_unless_context_limits,"{""appendix"":null,""bbox"":[40.051,548.667,286.022,601.712],""chapter"":""2"",""line_id"":null,""observed_text_sha256"":""d0f83aea2a7946e22cd6b74b749d567784ccebcc9ab9eb185e3cf84339989926"",""pdf_page"":53,""printed_page"":""26""}",202
[],e9739dadb50043ef9b54199f3f1662378a85be98faa5ea741ed6672a19348459,[],ibc2018:definition:9fa58debc4ac81d2f0b494fe,[],FLOOD INSURANCE STUDY,FLOOD INSURANCE STUDY,definition,verified,code_wide_unless_context_limits,"{""appendix"":null,""bbox"":[40.051,606.711,286.105,659.646],""chapter"":""2"",""line_id"":null,""observed_text_sha256"":""e9739dadb50043ef9b54199f3f1662378a85be98faa5ea741ed6672a19348459"",""pdf_page"":53,""printed_page"":""26""}",202
[],4f04c7ba037a6cc10a91a5326a804f1da929c0312becb7355021eef3318fa9e4,[],ibc2018:definition:5c4e1517d4d11ffc750b84b7,[],FLOODWAY,FLOODWAY,definition,verified,code_wide_unless_context_limits,"{""appendix"":null,""bbox"":[40.052,664.645,286.197,717.745],""chapter"":""2"",""line_id"":null,""observed_text_sha256"":""4f04c7ba037a6cc10a91a5326a804f1da929c0312becb7355021eef3318fa9e4"",""pdf_page"":53,""printed_page"":""26""}",202
[],5b76b5a58362c942f9612890eab5352f461368c612fffc9e2165dbb39d81b192,[],ibc2018:definition:c73404a24ee6342c0312542b,[],"FLOOR AREA, GROSS","FLOOR AREA, GROSS",definition,verified,code_wide_unless_context_limits,"{""appendix"":null,""bbox"":[40.052,77.593,552.217,742.701],""chapter"":""2"",""line_id"":null,""observed_text_sha256"":""5b76b5a58362c942f9612890eab5352f461368c612fffc9e2165dbb39d81b192"",""pdf_page"":53,""printed_page"":""26""}",202
[],acf5ded79c8c4ad645c7f0b955655baa6929983037dbaded40246d58bb6e9375,[],ibc2018:definition:3a8a6f58522ffb9f8384b8d2,[],"FLOOR AREA, NET","FLOOR AREA, NET",definition,verified,code_wide_unless_context_limits,"{""appendix"":null,""bbox"":[305.982,169.581,551.992,211.671],""chapter"":""2"",""line_id"":null,""observed_text_sha256"":""acf5ded79c8c4ad645c7f0b955655baa6929983037dbaded40246d58bb6e9375"",""pdf_page"":53,""printed_page"":""26""}",202
[],4f0d4ffb4be1963b777007fc3e7da3a950ddf0e4243d52265255b00d03bd9245,[],ibc2018:definition:8810a7e407eee273b474aa68,[],FLOOR FIRE DOOR ASSEMBLY,FLOOR FIRE DOOR ASSEMBLY,definition,verified,code_wide_unless_context_limits,"{""appendix"":null,""bbox"":[305.981,217.611,551.954,270.545],""chapter"":""2"",""line_id"":null,""observed_text_sha256"":""4f0d4ffb4be1963b777007fc3e7da3a950ddf0e4243d52265255b00d03bd9245"",""pdf_page"":53,""printed_page"":""26""}",202
[],a88fb268db8b80eb1a34b3dd177cebe29e18abeeba26f7cdb519dd4cd60e39d2,[],ibc2018:definition:f8faf45b074ec1aacbe85d75,[],FOAM-EXTINGUISHING SYSTEM,FOAM-EXTINGUISHING SYSTEM,definition,verified,code_wide_unless_context_limits,"{""appendix"":null,""bbox"":[305.981,276.485,552.029,307.507],""chapter"":""2"",""line_id"":null,""observed_text_sha256"":""a88fb268db8b80eb1a34b3dd177cebe29e18abeeba26f7cdb519dd4cd60e39d2"",""pdf_page"":53,""printed_page"":""26""}",202
[],6cf7ee0b911f323d67b390f152ae32237a1e626f77ab1c62e2f1acb0b749d884,[],ibc2018:definition:ffe7aabf651490c36eb71821,[],FOAM PLASTIC INSULATION,FOAM PLASTIC INSULATION,definition,verified,code_wide_unless_context_limits,"{""appendix"":null,""bbox"":[305.981,313.336,552.405,377.529],""chapter"":""2"",""line_id"":null,""observed_text_sha256"":""6cf7ee0b911f323d67b390f152ae32237a1e626f77ab1c62e2f1acb0b749d884"",""pdf_page"":53,""printed_page"":""26""}",202
[],1e73d1a93d10fa33d19cb98e8db90b459587598eb499fcc0a8dc92e1ebf199aa,[],ibc2018:definition:566d2eb9d39be4fa79035553,[],FOLDING AND TELESCOPIC SEATING,FOLDING AND TELESCOPIC SEATING,definition,verified,code_wide_unless_context_limits,"{""appendix"":null,""bbox"":[306.024,383.358,552.448,425.392],""chapter"":""2"",""line_id"":null,""observed_text_sha256"":""1e73d1a93d10fa33d19cb98e8db90b459587598eb499fcc0a8dc92e1ebf199aa"",""pdf_page"":53,""printed_page"":""26""}",202
[],35d48ed38ee9b454e49c3bcf6b84a0e5954abec3bda8d01db5c8cc314ccedffa,[],ibc2018:definition:f8527732efabeeac19055b55,[],FOOD COURT,FOOD COURT,definition,verified,code_wide_unless_context_limits,"{""appendix"":null,""bbox"":[306.025,431.332,551.928,451.288],""chapter"":""2"",""line_id"":null,""observed_text_sha256"":""35d48ed38ee9b454e49c3bcf6b84a0e5954abec3bda8d01db5c8cc314ccedffa"",""pdf_page"":53,""printed_page"":""26""}",202
[],fd49c7ce3069424753defcb82e82ca264ab255a8e0812a0612cacf49b344fe99,[],ibc2018:definition:0a8e461b70bd8d9817fd4f52,[],FOSTER CARE FACILITIES,FOSTER CARE FACILITIES,definition,verified,code_wide_unless_context_limits,"{""appendix"":null,""bbox"":[306.025,457.227,551.908,536.159],""chapter"":""2"",""line_id"":null,""observed_text_sha256"":""fd49c7ce3069424753defcb82e82ca264ab255a8e0812a0612cacf49b344fe99"",""pdf_page"":53,""printed_page"":""26""}",202
[],1049045872a872aaad275e3c5feba79e42e5bd7a9e8e03b591ee4fda781e5920,[],ibc2018:definition:45e3927b8d2e2628be853dae,[],FRAME STRUCTURE,FRAME STRUCTURE,definition,verified,code_wide_unless_context_limits,"{""appendix"":null,""bbox"":[306.051,542.098,551.865,573.066],""chapter"":""2"",""line_id"":null,""observed_text_sha256"":""1049045872a872aaad275e3c5feba79e42e5bd7a9e8e03b591ee4fda781e5920"",""pdf_page"":53,""printed_page"":""26""}",202
[],c09fe171d8c5011e1e365bd67a90ea1362f0dc02691849fd9f43583b22559db5,[],ibc2018:definition:e34e5cbb28c87090110ac8f4,[],"FUEL CELL POWER SYSTEM, STATIONARY","FUEL CELL POWER SYSTEM, STATIONARY",definition,verified,code_wide_unless_context_limits,"{""appendix"":null,""bbox"":[306.051,578.894,551.813,620.928],""chapter"":""2"",""line_id"":null,""observed_text_sha256"":""c09fe171d8c5011e1e365bd67a90ea1362f0dc02691849fd9f43583b22559db5"",""pdf_page"":53,""printed_page"":""26""}",202
[],f54d804beb58928ad7dd26ab01b0e7edd4c46045e1e37c8f8499f42776706ad0,[],ibc2018:definition:e34734ad0580ea6b479f1716,[],GABLE,GABLE,definition,verified,code_wide_unless_context_limits,"{""appendix"":null,""bbox"":[59.997,103.735,305.844,145.769],""chapter"":""2"",""line_id"":null,""observed_text_sha256"":""f54d804beb58928ad7dd26ab01b0e7edd4c46045e1e37c8f8499f42776706ad0"",""pdf_page"":54,""printed_page"":""27""}",202
[],35ba3dfa5bce432497f04b55a961cec4f85f557206ff7dee70d4ef257686fd55,[],ibc2018:definition:739178e0468687fe21cf88f3,[],GAMING,GAMING,definition,verified,code_wide_unless_context_limits,"{""appendix"":null,""bbox"":[59.998,151.709,305.875,226.721],""chapter"":""2"",""line_id"":null,""observed_text_sha256"":""35ba3dfa5bce432497f04b55a961cec4f85f557206ff7dee70d4ef257686fd55"",""pdf_page"":54,""printed_page"":""27""}",202
[],1892d6b28a4f16d68d7d6005eeff2c82582c7968b97dbbef91ff8c1cb0ca00cc,[],ibc2018:definition:a43c1d8e2fcbc0453df92aef,[],GAMING AREA,GAMING AREA,definition,verified,code_wide_unless_context_limits,"{""appendix"":null,""bbox"":[59.998,232.716,306.006,307.729],""chapter"":""2"",""line_id"":null,""observed_text_sha256"":""1892d6b28a4f16d68d7d6005eeff2c82582c7968b97dbbef91ff8c1cb0ca00cc"",""pdf_page"":54,""printed_page"":""27""}",202
[],3c8fbb635986e87e0cb91cb66a98e34a7052d7db62088d729f1b717cbba62d1f,[],ibc2018:definition:30c0caa38569e9299c20f392,[],GAMING MACHINE TYPE,GAMING MACHINE TYPE,definition,verified,code_wide_unless_context_limits,"{""appendix"":null,""bbox"":[59.999,313.668,305.898,344.691],""chapter"":""2"",""line_id"":null,""observed_text_sha256"":""3c8fbb635986e87e0cb91cb66a98e34a7052d7db62088d729f1b717cbba62d1f"",""pdf_page"":54,""printed_page"":""27""}",202
[],c74cb6f30bf7b84506ca79a48d97549d3db8974ceb8834e2c959845baf155c86,[],ibc2018:definition:22069d0ae5c32a8301a28109,[],GAMING TABLE TYPE,GAMING TABLE TYPE,definition,verified,code_wide_unless_context_limits,"{""appendix"":null,""bbox"":[59.999,350.631,305.898,392.665],""chapter"":""2"",""line_id"":null,""observed_text_sha256"":""c74cb6f30bf7b84506ca79a48d97549d3db8974ceb8834e2c959845baf155c86"",""pdf_page"":54,""printed_page"":""27""}",202
[],726fe1b6757a8367871364b816a250680bd0f80b829428b09b5ae8b26eaedfe3,[],ibc2018:definition:bdb61da61aa3537689f2d600,[],GAS CABINET,GAS CABINET,definition,verified,code_wide_unless_context_limits,"{""appendix"":null,""bbox"":[59.999,398.605,306.026,451.705],""chapter"":""2"",""line_id"":null,""observed_text_sha256"":""726fe1b6757a8367871364b816a250680bd0f80b829428b09b5ae8b26eaedfe3"",""pdf_page"":54,""printed_page"":""27""}",202
[],5b04dc77fa3016f55e3a493090938d8bbde2e80d1dc383e800208216217f3d86,[],ibc2018:definition:0663453baff21d9bfaa5cb88,[],GAS DETECTION SYSTEM,GAS DETECTION SYSTEM,definition,verified,code_wide_unless_context_limits,"{""appendix"":null,""bbox"":[60.0,457.645,306.057,543.668],""chapter"":""2"",""line_id"":null,""observed_text_sha256"":""5b04dc77fa3016f55e3a493090938d8bbde2e80d1dc383e800208216217f3d86"",""pdf_page"":54,""printed_page"":""27""}",202
[],8f86bfe47ed0b2ca172e95989d1bb1d265d89bff5db78104c6e433d228caa448,[],ibc2018:definition:eeff9d341ec35009c3941c2f,[],GAS ROOM,GAS ROOM,definition,verified,code_wide_unless_context_limits,"{""appendix"":null,""bbox"":[60.0,549.663,306.037,580.631],""chapter"":""2"",""line_id"":null,""observed_text_sha256"":""8f86bfe47ed0b2ca172e95989d1bb1d265d89bff5db78104c6e433d228caa448"",""pdf_page"":54,""printed_page"":""27""}",202
[],11d54dc20c326bdea485650a7a2079bdcf458e665de9cb071cef28b5ad106fb1,[],ibc2018:definition:287b34cccc02088802fda58f,[],GASEOUS HYDROGEN SYSTEM,GASEOUS HYDROGEN SYSTEM,definition,verified,code_wide_unless_context_limits,"{""appendix"":null,""bbox"":[60.0,586.57,306.479,694.617],""chapter"":""2"",""line_id"":null,""observed_text_sha256"":""11d54dc20c326bdea485650a7a2079bdcf458e665de9cb071cef28b5ad106fb1"",""pdf_page"":54,""printed_page"":""27""}",202
[],c52b36ea9f8e2d21ec125ebafbe5ede8c895f06f8ca5be3033d9627bb755ce46,[],ibc2018:definition:b4ba4c1c0d73d8423efc9232,[],GLASS FIBERBOARD,GLASS FIBERBOARD,definition,verified,code_wide_unless_context_limits,"{""appendix"":null,""bbox"":[60.0,700.556,306.007,742.59],""chapter"":""2"",""line_id"":null,""observed_text_sha256"":""c52b36ea9f8e2d21ec125ebafbe5ede8c895f06f8ca5be3033d9627bb755ce46"",""pdf_page"":54,""printed_page"":""27""}",202
[],099db9a89eebec412fced15c55beadc4ea61dc4515e194bc14662dc8c8fd7a9e,[],ibc2018:definition:84ef20ac70d2e02bde77955e,[],GRADE (LUMBER),GRADE (LUMBER),definition,verified,code_wide_unless_context_limits,"{""appendix"":null,""bbox"":[325.986,77.563,572.036,119.541],""chapter"":""2"",""line_id"":null,""observed_text_sha256"":""099db9a89eebec412fced15c55beadc4ea61dc4515e194bc14662dc8c8fd7a9e"",""pdf_page"":54,""printed_page"":""27""}",202
[],974fd154ce88b384cf780bb496a39b05c1876d03b2cdef561aa83228ad98af17,[],ibc2018:definition:035718734fe6604b36cb45cf,[],GRADE FLOOR OPENING,GRADE FLOOR OPENING,definition,verified,code_wide_unless_context_limits,"{""appendix"":null,""bbox"":[325.986,124.651,572.051,166.685],""chapter"":""2"",""line_id"":null,""observed_text_sha256"":""974fd154ce88b384cf780bb496a39b05c1876d03b2cdef561aa83228ad98af17"",""pdf_page"":54,""printed_page"":""27""}",202
[],566e0b713753a52e07f8cec9463fd9ee357c533ee0b9c9048dea1e2eac6c09cd,[],ibc2018:definition:0cc80ecb8a5bcec393e6bf47,[],GRADE PLANE,GRADE PLANE,definition,verified,code_wide_unless_context_limits,"{""appendix"":null,""bbox"":[325.986,171.684,572.034,257.762],""chapter"":""2"",""line_id"":null,""observed_text_sha256"":""566e0b713753a52e07f8cec9463fd9ee357c533ee0b9c9048dea1e2eac6c09cd"",""pdf_page"":54,""printed_page"":""27""}",202
[],3c5fb93cc4dda3c65dba417b594599e6ecb7fad7f10a1ee2f3e19ffe765b8249,[],ibc2018:definition:7b9d0f618c657bce01dfbe4b,[],"GRADE PLANE, STORY ABOVE","GRADE PLANE, STORY ABOVE",definition,verified,code_wide_unless_context_limits,"{""appendix"":null,""bbox"":[325.986,262.842,571.762,283.05],""chapter"":""2"",""line_id"":null,""observed_text_sha256"":""3c5fb93cc4dda3c65dba417b594599e6ecb7fad7f10a1ee2f3e19ffe765b8249"",""pdf_page"":54,""printed_page"":""27""}",202
[],349a0e0dced53773d8f819e3686a99993495f6a63893ddd8a9bc2ad53fe4d6f0,[],ibc2018:definition:3340a538ec4a73d39445667f,[],GRANDSTAND,GRANDSTAND,definition,verified,code_wide_unless_context_limits,"{""appendix"":null,""bbox"":[326.041,288.049,572.107,319.071],""chapter"":""2"",""line_id"":null,""observed_text_sha256"":""349a0e0dced53773d8f819e3686a99993495f6a63893ddd8a9bc2ad53fe4d6f0"",""pdf_page"":54,""printed_page"":""27""}",202
[],50249111ddcf31f9be9b83c8062e6656c2bb16b1498fdfdacd6155448e96fae6,[],ibc2018:definition:6903f4b78f4d53766a778c75,[],GREENHOUSE,GREENHOUSE,definition,verified,code_wide_unless_context_limits,"{""appendix"":null,""bbox"":[326.041,324.181,572.151,366.215],""chapter"":""2"",""line_id"":null,""observed_text_sha256"":""50249111ddcf31f9be9b83c8062e6656c2bb16b1498fdfdacd6155448e96fae6"",""pdf_page"":54,""printed_page"":""27""}",202
[],c99411399e22ba4977a8c494e604e321f1c925886bbaa876a3b989effdfbcc46,[],ibc2018:definition:b15eacb6ba4db332b0b4adf6,[],GROSS LEASABLE AREA,GROSS LEASABLE AREA,definition,verified,code_wide_unless_context_limits,"{""appendix"":null,""bbox"":[326.041,371.214,572.631,435.215],""chapter"":""2"",""line_id"":null,""observed_text_sha256"":""c99411399e22ba4977a8c494e604e321f1c925886bbaa876a3b989effdfbcc46"",""pdf_page"":54,""printed_page"":""27""}",202
[],e354eb4b91959c8af888dd0b8fd3ad609196bab2097be1e670c7f5555383a99c,[],ibc2018:definition:6b17615daf57e9bd909468d6,[],GROUP HOME,GROUP HOME,definition,verified,code_wide_unless_context_limits,"{""appendix"":null,""bbox"":[326.04,440.325,571.986,482.359],""chapter"":""2"",""line_id"":null,""observed_text_sha256"":""e354eb4b91959c8af888dd0b8fd3ad609196bab2097be1e670c7f5555383a99c"",""pdf_page"":54,""printed_page"":""27""}",202
[],72e986562b945b731ab235f8242809864160fb1982bb975f929459e16abbdf4b,[],ibc2018:definition:945b913c10ebfeb8148cfd8a,[],GUARD,GUARD,definition,verified,code_wide_unless_context_limits,"{""appendix"":null,""bbox"":[326.04,487.358,572.073,529.392],""chapter"":""2"",""line_id"":null,""observed_text_sha256"":""72e986562b945b731ab235f8242809864160fb1982bb975f929459e16abbdf4b"",""pdf_page"":54,""printed_page"":""27""}",202
[],e7ca4635176c1d3c3445557172736b3af85001eacd2833a9dd04aa04a5560daf,[],ibc2018:definition:181d9942fd091035e2d57bc0,[],GUESTROOM,GUESTROOM,definition,verified,code_wide_unless_context_limits,"{""appendix"":null,""bbox"":[326.04,534.391,571.911,554.458],""chapter"":""2"",""line_id"":null,""observed_text_sha256"":""e7ca4635176c1d3c3445557172736b3af85001eacd2833a9dd04aa04a5560daf"",""pdf_page"":54,""printed_page"":""27""}",202
[],b89f81a7a42c393106e285b0b9a2d93f031ed2668cffabb4083fdac88effd7e8,[],ibc2018:definition:570daca826068034a5161609,[],GYPSUM BOARD,GYPSUM BOARD,definition,verified,code_wide_unless_context_limits,"{""appendix"":null,""bbox"":[326.04,559.457,572.521,645.536],""chapter"":""2"",""line_id"":null,""observed_text_sha256"":""b89f81a7a42c393106e285b0b9a2d93f031ed2668cffabb4083fdac88effd7e8"",""pdf_page"":54,""printed_page"":""27""}",202
[],be920d589dc439a0c1a6a3c63200327bb8101897de287e471a85b8a76b00d837,[],ibc2018:definition:fa68cc01f2dfdbb339e8088e,[],GYPSUM PANEL PRODUCT,GYPSUM PANEL PRODUCT,definition,verified,code_wide_unless_context_limits,"{""appendix"":null,""bbox"":[326.041,650.479,571.998,670.602],""chapter"":""2"",""line_id"":null,""observed_text_sha256"":""be920d589dc439a0c1a6a3c63200327bb8101897de287e471a85b8a76b00d837"",""pdf_page"":54,""printed_page"":""27""}",202
[],4d4bfa5f7e9f3105d624ba3d48c010925be6b92cf7180eec3703bd6873af65e0,[],ibc2018:definition:04c73887d7b173225afdd814,[],GYPSUM PLASTER,GYPSUM PLASTER,definition,verified,code_wide_unless_context_limits,"{""appendix"":null,""bbox"":[326.042,675.6,572.194,706.568],""chapter"":""2"",""line_id"":null,""observed_text_sha256"":""4d4bfa5f7e9f3105d624ba3d48c010925be6b92cf7180eec3703bd6873af65e0"",""pdf_page"":54,""printed_page"":""27""}",202
[],e839d9e1885d408b8611d2416b6b8e180abe80f61c703895fc16244c76cd0c70,[],ibc2018:definition:68877c6213d789b68b7b431a,[],GYPSUM VENEER PLASTER,GYPSUM VENEER PLASTER,definition,verified,code_wide_unless_context_limits,"{""appendix"":null,""bbox"":[326.042,711.598,572.458,744.462],""chapter"":""2"",""line_id"":null,""observed_text_sha256"":""e839d9e1885d408b8611d2416b6b8e180abe80f61c703895fc16244c76cd0c70"",""pdf_page"":54,""printed_page"":""27""}",202
[],970f3c2bb69590bfb5389d026464fa1274a2fe952f36cfda74fc2f876bd28072,[],ibc2018:definition:ff955e918cc25970111f796a,[],HABITABLE SPACE,HABITABLE SPACE,definition,verified,code_wide_unless_context_limits,"{""appendix"":null,""bbox"":[40.05,77.674,285.899,119.763],""chapter"":""2"",""line_id"":null,""observed_text_sha256"":""970f3c2bb69590bfb5389d026464fa1274a2fe952f36cfda74fc2f876bd28072"",""pdf_page"":55,""printed_page"":""28""}",202
[],21e01da8c4db1f8600ea57f59782ad4dc97e9d98497fbfbc87faf1c3d3944ba4,[],ibc2018:definition:a3ea3912a9c021a3c252af5f,[],HALOGENATED EXTINGUISHING SYSTEM,HALOGENATED EXTINGUISHING SYSTEM,definition,verified,code_wide_unless_context_limits,"{""appendix"":null,""bbox"":[40.05,124.706,285.813,166.796],""chapter"":""2"",""line_id"":null,""observed_text_sha256"":""21e01da8c4db1f8600ea57f59782ad4dc97e9d98497fbfbc87faf1c3d3944ba4"",""pdf_page"":55,""printed_page"":""28""}",202
[],105c619fd79f89ffea80f0b4288961d3e976eb1da54ff1f196464f677695b9e1,[],ibc2018:definition:b124789d81586dff83081393,[],HANDLING,HANDLING,definition,verified,code_wide_unless_context_limits,"{""appendix"":null,""bbox"":[40.05,171.74,285.996,191.751],""chapter"":""2"",""line_id"":null,""observed_text_sha256"":""105c619fd79f89ffea80f0b4288961d3e976eb1da54ff1f196464f677695b9e1"",""pdf_page"":55,""printed_page"":""28""}",202
[],3cfbd70b1ad9ce12a7494767630a5f97d7d0d1d92f2715d76f1e7913abc3386d,[],ibc2018:definition:736a6f182bfd2a8885653cb0,[],HANDRAIL,HANDRAIL,definition,verified,code_wide_unless_context_limits,"{""appendix"":null,""bbox"":[40.049,196.695,286.118,216.817],""chapter"":""2"",""line_id"":null,""observed_text_sha256"":""3cfbd70b1ad9ce12a7494767630a5f97d7d0d1d92f2715d76f1e7913abc3386d"",""pdf_page"":55,""printed_page"":""28""}",202
[],61d0acd76df55aa7f0d21e1fc00dee90e87e6730f2b5d076c183060c32c481c3,[],ibc2018:definition:c1efe3a4068104d44aa81eb6,[],HARDBOARD,HARDBOARD,definition,verified,code_wide_unless_context_limits,"{""appendix"":null,""bbox"":[40.049,221.65,286.305,263.739],""chapter"":""2"",""line_id"":null,""observed_text_sha256"":""61d0acd76df55aa7f0d21e1fc00dee90e87e6730f2b5d076c183060c32c481c3"",""pdf_page"":55,""printed_page"":""28""}",202
[],b70d1c9ad617781e5a9b231eb6218e780dd4be9a38b7bd8257e5dec57163053f,[],ibc2018:definition:12fd628be04c6ccc154890bc,[],HARDWARE,HARDWARE,definition,verified,code_wide_unless_context_limits,"{""appendix"":null,""bbox"":[40.085,268.728,285.574,288.85],""chapter"":""2"",""line_id"":null,""observed_text_sha256"":""b70d1c9ad617781e5a9b231eb6218e780dd4be9a38b7bd8257e5dec57163053f"",""pdf_page"":55,""printed_page"":""28""}",202
[],13f2d287fb3fcd01da9f1755207e5d24da0b7d96ec6301445a5de7256c0aa6ea,[],ibc2018:definition:f633dc7c0fe21055fd9bb835,[],HAZARDOUS MATERIALS,HAZARDOUS MATERIALS,definition,verified,code_wide_unless_context_limits,"{""appendix"":null,""bbox"":[40.084,293.683,286.165,335.717],""chapter"":""2"",""line_id"":null,""observed_text_sha256"":""13f2d287fb3fcd01da9f1755207e5d24da0b7d96ec6301445a5de7256c0aa6ea"",""pdf_page"":55,""printed_page"":""28""}",202
[],459283820e487edaf564a3743045ffb186b76f98bb35c205c395cdd90a437fc3,[],ibc2018:definition:1715a416ab1eb20fd45c611f,[],HAZARDOUS PRODUCTION MATERIAL (HPM),HAZARDOUS PRODUCTION MATERIAL (HPM),definition,verified,code_wide_unless_context_limits,"{""appendix"":null,""bbox"":[40.084,340.796,286.103,415.784],""chapter"":""2"",""line_id"":null,""observed_text_sha256"":""459283820e487edaf564a3743045ffb186b76f98bb35c205c395cdd90a437fc3"",""pdf_page"":55,""printed_page"":""28""}",202
[],b58e9a52a235969344e2e6ff2bfaa8217046d14e20b3ea20d52f94488cf48e96,[],ibc2018:definition:a124e54a6245c196095d600f,[],HEAD JOINT,HEAD JOINT,definition,verified,code_wide_unless_context_limits,"{""appendix"":null,""bbox"":[40.084,420.648,285.946,451.751],""chapter"":""2"",""line_id"":null,""observed_text_sha256"":""b58e9a52a235969344e2e6ff2bfaa8217046d14e20b3ea20d52f94488cf48e96"",""pdf_page"":55,""printed_page"":""28""}",202
[],574a414ba5400e44df5043357b076c61c1a79928616b167abd13dc15b8ebbabc,[],ibc2018:definition:00da4427435be0ed1995750a,[],HEALTH HAZARD,HEALTH HAZARD,definition,verified,code_wide_unless_context_limits,"{""appendix"":null,""bbox"":[40.084,456.749,286.194,509.684],""chapter"":""2"",""line_id"":null,""observed_text_sha256"":""574a414ba5400e44df5043357b076c61c1a79928616b167abd13dc15b8ebbabc"",""pdf_page"":55,""printed_page"":""28""}",202
[],99488103f8405222876e07939b747256be8f76fde37ac0e2f00159318a3511a9,[],ibc2018:definition:eee046d37b2f7be74ec8c266,[],HEAT DETECTOR,HEAT DETECTOR,definition,verified,code_wide_unless_context_limits,"{""appendix"":null,""bbox"":[40.085,514.683,218.399,523.738],""chapter"":""2"",""line_id"":null,""observed_text_sha256"":""99488103f8405222876e07939b747256be8f76fde37ac0e2f00159318a3511a9"",""pdf_page"":55,""printed_page"":""28""}",202
[],28b9db2db8b56ff0cff62eb6597353a982c11387fb09899ffb8483d011a3621f,[],ibc2018:definition:6ef2be1862aa40bcd42efa10,[],"HEIGHT, BUILDING","HEIGHT, BUILDING",definition,verified,code_wide_unless_context_limits,"{""appendix"":null,""bbox"":[40.084,528.738,286.08,548.694],""chapter"":""2"",""line_id"":null,""observed_text_sha256"":""28b9db2db8b56ff0cff62eb6597353a982c11387fb09899ffb8483d011a3621f"",""pdf_page"":55,""printed_page"":""28""}",202
[],33a5cb9bc854b13c1c780e142a5918fd183e595824abf020ea65cb47e1d42852,[],ibc2018:definition:13952b370508e0b47361ba0f,[],HELICAL PILE,HELICAL PILE,definition,verified,code_wide_unless_context_limits,"{""appendix"":null,""bbox"":[40.084,553.693,286.037,606.793],""chapter"":""2"",""line_id"":null,""observed_text_sha256"":""33a5cb9bc854b13c1c780e142a5918fd183e595824abf020ea65cb47e1d42852"",""pdf_page"":55,""printed_page"":""28""}",202
[],64985c5a67938815ab1cdbb3a057aec844e69b78bacf00421db00e633fa8b5b4,[],ibc2018:definition:119a337c2a8688f7bb0bcbe1,[],HELIPAD,HELIPAD,definition,verified,code_wide_unless_context_limits,"{""appendix"":null,""bbox"":[40.084,611.626,285.57,631.749],""chapter"":""2"",""line_id"":null,""observed_text_sha256"":""64985c5a67938815ab1cdbb3a057aec844e69b78bacf00421db00e633fa8b5b4"",""pdf_page"":55,""printed_page"":""28""}",202
[],ab787236bf71495079b7cfd1f570a7417df44ea737047254391ea33f305b086b,[],ibc2018:definition:febf1b2f34c6b948e4999106,[],HELIPORT,HELIPORT,definition,verified,code_wide_unless_context_limits,"{""appendix"":null,""bbox"":[40.084,636.747,285.877,689.682],""chapter"":""2"",""line_id"":null,""observed_text_sha256"":""ab787236bf71495079b7cfd1f570a7417df44ea737047254391ea33f305b086b"",""pdf_page"":55,""printed_page"":""28""}",202
[],008739a6f617b7509721a195950c72c0dae140f1aace900e9c7feea561eb54d3,[],ibc2018:definition:6ecdf81d854a2735d200956a,[],HELISTOP,HELISTOP,definition,verified,code_wide_unless_context_limits,"{""appendix"":null,""bbox"":[40.084,694.681,285.888,725.649],""chapter"":""2"",""line_id"":null,""observed_text_sha256"":""008739a6f617b7509721a195950c72c0dae140f1aace900e9c7feea561eb54d3"",""pdf_page"":55,""printed_page"":""28""}",202
[],a5b1660e8f86116354c08ba6850fd31eb98fcf14c9012d7899b717a4ea1523bf,[],ibc2018:definition:301d27a8cdc9c5a7d3482bd3,[],HIGHER EDUCATION LABORATORY,HIGHER EDUCATION LABORATORY,definition,verified,code_wide_unless_context_limits,"{""appendix"":null,""bbox"":[305.959,77.663,551.79,141.775],""chapter"":""2"",""line_id"":null,""observed_text_sha256"":""a5b1660e8f86116354c08ba6850fd31eb98fcf14c9012d7899b717a4ea1523bf"",""pdf_page"":55,""printed_page"":""28""}",202
[],70e36035c87d1338f69298b5d857fb494ad8e16ad3934d271f3de6fda8f90cb9,[],ibc2018:definition:708cef01b47c8007bcbe13f9,[],HIGHLY TOXIC,HIGHLY TOXIC,definition,verified,code_wide_unless_context_limits,"{""appendix"":null,""bbox"":[305.959,146.663,551.837,177.797],""chapter"":""2"",""line_id"":null,""observed_text_sha256"":""70e36035c87d1338f69298b5d857fb494ad8e16ad3934d271f3de6fda8f90cb9"",""pdf_page"":55,""printed_page"":""28""}",202
[],3c72ebaf1026d637d1be49b1475501b61b0383997c3861edf2110c761331099b,[],ibc2018:definition:9f1e4897f6b17d40b948c49e,[],HIGH-PRESSURE DECORATIVE EXTERIORGRADE COMPACT LAMINATE (HPL),HIGH-PRESSURE DECORATIVE EXTERIORGRADE COMPACT LAMINATE (HPL),definition,verified,code_wide_unless_context_limits,"{""appendix"":null,""bbox"":[306.008,436.787,551.995,500.708],""chapter"":""2"",""line_id"":null,""observed_text_sha256"":""3c72ebaf1026d637d1be49b1475501b61b0383997c3861edf2110c761331099b"",""pdf_page"":55,""printed_page"":""28""}",202
[],a3057b6c11547b21241eb6e40b182bb681a01b7f62828eca6c155b1534b5233a,[],ibc2018:definition:92843bb88cea134082c4df59,[],HIGH-PRESSURE DECORATIVE EXTERIORGRADE COMPACT LAMINATE (HPL) SYSTEM,HIGH-PRESSURE DECORATIVE EXTERIORGRADE COMPACT LAMINATE (HPL) SYSTEM,definition,verified,code_wide_unless_context_limits,"{""appendix"":null,""bbox"":[306.007,505.787,551.799,558.752],""chapter"":""2"",""line_id"":null,""observed_text_sha256"":""a3057b6c11547b21241eb6e40b182bb681a01b7f62828eca6c155b1534b5233a"",""pdf_page"":55,""printed_page"":""28""}",202
[],9fd40e1c4b4fa75084bb34c517c0a8d49685c6291b318effee74db03b962ffa0,[],ibc2018:definition:27b58e66ab10622cd5e4251f,[],HIGH-RISE BUILDING,HIGH-RISE BUILDING,definition,verified,code_wide_unless_context_limits,"{""appendix"":null,""bbox"":[306.007,563.641,551.799,594.774],""chapter"":""2"",""line_id"":null,""observed_text_sha256"":""9fd40e1c4b4fa75084bb34c517c0a8d49685c6291b318effee74db03b962ffa0"",""pdf_page"":55,""printed_page"":""28""}",202
[],530ebe477cee7ee236bc605569db770d998d75779e88159cd9baac705c869733,[],ibc2018:definition:18338d63c1cd1904a0feb5d1,[],HISTORIC BUILDINGS,HISTORIC BUILDINGS,definition,verified,code_wide_unless_context_limits,"{""appendix"":null,""bbox"":[306.007,599.607,551.876,619.729],""chapter"":""2"",""line_id"":null,""observed_text_sha256"":""530ebe477cee7ee236bc605569db770d998d75779e88159cd9baac705c869733"",""pdf_page"":55,""printed_page"":""28""}",202
[],11b6fbdfceb740fad40c3589bdb62bb94113baec6a0351764637c8eb4e10d782,[],ibc2018:definition:de1e99c2fca30db1c192f70a,[],HORIZONTAL ASSEMBLY,HORIZONTAL ASSEMBLY,definition,verified,code_wide_unless_context_limits,"{""appendix"":null,""bbox"":[59.95,77.674,306.194,108.807],""chapter"":""2"",""line_id"":null,""observed_text_sha256"":""11b6fbdfceb740fad40c3589bdb62bb94113baec6a0351764637c8eb4e10d782"",""pdf_page"":56,""printed_page"":""29""}",202
[],edfd7bbe61c1e9c818c8a7c120b97caddea94196c657d2e24191b245742c6fb5,[],ibc2018:definition:e759044785164c9e4e1dfd2f,[],HORIZONTAL EXIT,HORIZONTAL EXIT,definition,verified,code_wide_unless_context_limits,"{""appendix"":null,""bbox"":[59.95,113.615,305.865,166.796],""chapter"":""2"",""line_id"":null,""observed_text_sha256"":""edfd7bbe61c1e9c818c8a7c120b97caddea94196c657d2e24191b245742c6fb5"",""pdf_page"":56,""printed_page"":""29""}",202
[],186b7bd549631a1b76f8e877880c314f1a8ffe270e9e17b8df6ac3d7c368f51c,[],ibc2018:definition:ddfd03af4e109ee878fd6832,[],HOSPITALS AND PSYCHIATRIC HOSPITALS,HOSPITALS AND PSYCHIATRIC HOSPITALS,definition,verified,code_wide_unless_context_limits,"{""appendix"":null,""bbox"":[59.95,171.819,305.804,213.773],""chapter"":""2"",""line_id"":null,""observed_text_sha256"":""186b7bd549631a1b76f8e877880c314f1a8ffe270e9e17b8df6ac3d7c368f51c"",""pdf_page"":56,""printed_page"":""29""}",202
[],2ba701451b6d5e385d3f07f246198aeb0d2c6aca209a103c4735fbb6157a7c44,[],ibc2018:definition:e8096d139e0ad0f598698f0c,[],HOUSING UNIT,HOUSING UNIT,definition,verified,code_wide_unless_context_limits,"{""appendix"":null,""bbox"":[59.95,218.582,305.836,238.784],""chapter"":""2"",""line_id"":null,""observed_text_sha256"":""2ba701451b6d5e385d3f07f246198aeb0d2c6aca209a103c4735fbb6157a7c44"",""pdf_page"":56,""printed_page"":""29""}",202
[],1dd57475ebc7b3d28dbff9b7a287d144911433268f45ed90f7824e2ff2bc03d2,[],ibc2018:definition:2b8c6b154a68bc6a5d20ef34,[],HPM,HPM,definition,verified,code_wide_unless_context_limits,"{""appendix"":null,""bbox"":[59.95,243.728,241.753,252.783],""chapter"":""2"",""line_id"":null,""observed_text_sha256"":""1dd57475ebc7b3d28dbff9b7a287d144911433268f45ed90f7824e2ff2bc03d2"",""pdf_page"":56,""printed_page"":""29""}",202
[],d3d8b296046e955fae8573557b78c26642ed3e6647bfeb559815d128231b4a1a,[],ibc2018:definition:5323c1360362ae953952eacb,[],HPM ROOM,HPM ROOM,definition,verified,code_wide_unless_context_limits,"{""appendix"":null,""bbox"":[59.951,257.671,306.458,299.705],""chapter"":""2"",""line_id"":null,""observed_text_sha256"":""d3d8b296046e955fae8573557b78c26642ed3e6647bfeb559815d128231b4a1a"",""pdf_page"":56,""printed_page"":""29""}",202
[],8426175b396f5aaa49d289012a798c394314bc87191e120cb8a97a85c1336530,[],ibc2018:definition:0eacc72ed095cd1f66dafd7d,[],HURRICANE-PRONE REGIONS,HURRICANE-PRONE REGIONS,definition,verified,code_wide_unless_context_limits,"{""appendix"":null,""bbox"":[59.95,304.704,306.009,324.771],""chapter"":""2"",""line_id"":null,""observed_text_sha256"":""8426175b396f5aaa49d289012a798c394314bc87191e120cb8a97a85c1336530"",""pdf_page"":56,""printed_page"":""29""}",202
[],535c556fefb0681d5cdf959710949d945cfb171c072ddf2407f1dc22a77b58d3,[],ibc2018:definition:9bba64a7ac69f4420e833e87,[],HYDROGEN FUEL GAS ROOM,HYDROGEN FUEL GAS ROOM,definition,verified,code_wide_unless_context_limits,"{""appendix"":null,""bbox"":[60.019,390.799,305.843,421.767],""chapter"":""2"",""line_id"":null,""observed_text_sha256"":""535c556fefb0681d5cdf959710949d945cfb171c072ddf2407f1dc22a77b58d3"",""pdf_page"":56,""printed_page"":""29""}",202
[],8755811a4d6edf3179cff77180ee78c5e6007553fecb9482ceddf521dbf07795,[],ibc2018:definition:d568d191c4ca55692d151e63,[],ICE-SENSITIVE STRUCTURE,ICE-SENSITIVE STRUCTURE,definition,verified,code_wide_unless_context_limits,"{""appendix"":null,""bbox"":[60.019,426.766,306.03,501.778],""chapter"":""2"",""line_id"":null,""observed_text_sha256"":""8755811a4d6edf3179cff77180ee78c5e6007553fecb9482ceddf521dbf07795"",""pdf_page"":56,""printed_page"":""29""}",202
[],d3cb0c1fbe732ba7c162b5214ed2d1419caa4a8691eb3c7522fd08fe098b4f3d,[],ibc2018:definition:6c6cd8cc741c057eb04db8e5,[],HEALTH (IDLH),HEALTH (IDLH),definition,verified,code_wide_unless_context_limits,"{""appendix"":null,""bbox"":[60.018,517.678,306.443,658.773],""chapter"":""2"",""line_id"":null,""observed_text_sha256"":""d3cb0c1fbe732ba7c162b5214ed2d1419caa4a8691eb3c7522fd08fe098b4f3d"",""pdf_page"":56,""printed_page"":""29""}",202
[],3e2cc8957e2ed7927fea8dec3bd645509f6df85947388aa0900d04a140bee2b3,[],ibc2018:definition:f91719ddb825ab445aae35c8,[],IMPACT LOAD,IMPACT LOAD,definition,verified,code_wide_unless_context_limits,"{""appendix"":null,""bbox"":[60.052,663.693,306.061,705.807],""chapter"":""2"",""line_id"":null,""observed_text_sha256"":""3e2cc8957e2ed7927fea8dec3bd645509f6df85947388aa0900d04a140bee2b3"",""pdf_page"":56,""printed_page"":""29""}",202
[],49c38009bf4ba3402a16139cd0e13bd3978a5868b672f5d7ce51a08900384dd9,[],ibc2018:definition:fd456af9df557c0ae910584a,[],INCAPABLE OF SELF-PRESERVATION,INCAPABLE OF SELF-PRESERVATION,definition,verified,code_wide_unless_context_limits,"{""appendix"":null,""bbox"":[60.053,77.741,572.121,730.762],""chapter"":""2"",""line_id"":null,""observed_text_sha256"":""49c38009bf4ba3402a16139cd0e13bd3978a5868b672f5d7ce51a08900384dd9"",""pdf_page"":56,""printed_page"":""29""}",202
[],d2dd23f67691619d33147c151bd4c59833158246fcf28368a377e9a6d8eacd24,[],ibc2018:definition:de24ed3f6f82c6648b5fb4ba,[],INCOMPATIBLE MATERIALS,INCOMPATIBLE MATERIALS,definition,verified,code_wide_unless_context_limits,"{""appendix"":null,""bbox"":[326.038,102.807,571.916,144.841],""chapter"":""2"",""line_id"":null,""observed_text_sha256"":""d2dd23f67691619d33147c151bd4c59833158246fcf28368a377e9a6d8eacd24"",""pdf_page"":56,""printed_page"":""29""}",202
[],9164b1136538c4ee2d79f56c733ec8bf4142768437cee5dbf56dae57f2e0e347,[],ibc2018:definition:bed4a9e858b954824f9830bf,[],INERT GAS,INERT GAS,definition,verified,code_wide_unless_context_limits,"{""appendix"":null,""bbox"":[326.037,149.729,572.245,246.819],""chapter"":""2"",""line_id"":null,""observed_text_sha256"":""9164b1136538c4ee2d79f56c733ec8bf4142768437cee5dbf56dae57f2e0e347"",""pdf_page"":56,""printed_page"":""29""}",202
[],5183c02bcf4638a22430c843fef9f56e72080a2826e74e779c0c24806ac2d175,[],ibc2018:definition:b73f9858d0dea4091cc34681,[],INITIATING DEVICE,INITIATING DEVICE,definition,verified,code_wide_unless_context_limits,"{""appendix"":null,""bbox"":[326.038,251.708,571.984,282.786],""chapter"":""2"",""line_id"":null,""observed_text_sha256"":""5183c02bcf4638a22430c843fef9f56e72080a2826e74e779c0c24806ac2d175"",""pdf_page"":56,""printed_page"":""29""}",202
[],dc584fcfb419f6c55ac80fd300b357be2f5fd915fc5ebc677de2967770f3b05d,[],ibc2018:definition:9c6a375ad483aff8298f86c8,[],INTENDED TO BE OCCUPIED AS A RESIDENCE,INTENDED TO BE OCCUPIED AS A RESIDENCE,definition,verified,code_wide_unless_context_limits,"{""appendix"":null,""bbox"":[325.982,287.754,572.057,329.708],""chapter"":""2"",""line_id"":null,""observed_text_sha256"":""dc584fcfb419f6c55ac80fd300b357be2f5fd915fc5ebc677de2967770f3b05d"",""pdf_page"":56,""printed_page"":""29""}",202
[],9a8988613a194281bc18e0c1891902935de9c2dd433c40f95cd058f924726bed,[],ibc2018:definition:0ca3733df2bd95234c50f268,[],INTERIOR EXIT RAMP,INTERIOR EXIT RAMP,definition,verified,code_wide_unless_context_limits,"{""appendix"":null,""bbox"":[325.982,334.627,571.89,387.808],""chapter"":""2"",""line_id"":null,""observed_text_sha256"":""9a8988613a194281bc18e0c1891902935de9c2dd433c40f95cd058f924726bed"",""pdf_page"":56,""printed_page"":""29""}",202
[],29d09737e82dded411433a73cfe7b3242b8af12a89e3ad444a2a35711a8ac10a,[],ibc2018:definition:11b0bd2dd3150db97121c9de,[],INTERIOR EXIT STAIRWAY,INTERIOR EXIT STAIRWAY,definition,verified,code_wide_unless_context_limits,"{""appendix"":null,""bbox"":[326.036,392.56,572.042,445.741],""chapter"":""2"",""line_id"":null,""observed_text_sha256"":""29d09737e82dded411433a73cfe7b3242b8af12a89e3ad444a2a35711a8ac10a"",""pdf_page"":56,""printed_page"":""29""}",202
[],96fda83138cf88e0f3431595328901b867533f5ce43f065f3104baaf5f6287a7,[],ibc2018:definition:d807fad510cd2756a910a9cc,[],INTERIOR FINISH,INTERIOR FINISH,definition,verified,code_wide_unless_context_limits,"{""appendix"":null,""bbox"":[326.036,450.66,572.464,470.696],""chapter"":""2"",""line_id"":null,""observed_text_sha256"":""96fda83138cf88e0f3431595328901b867533f5ce43f065f3104baaf5f6287a7"",""pdf_page"":56,""printed_page"":""29""}",202
[],05ee40c09f28794e84bf12ffd1b316039a6614a20a96f4d29efb92cd68f85901,[],ibc2018:definition:6b440d7db62031f13f15834d,[],INTERIOR FLOOR FINISH,INTERIOR FLOOR FINISH,definition,verified,code_wide_unless_context_limits,"{""appendix"":null,""bbox"":[326.037,475.695,572.122,506.829],""chapter"":""2"",""line_id"":null,""observed_text_sha256"":""05ee40c09f28794e84bf12ffd1b316039a6614a20a96f4d29efb92cd68f85901"",""pdf_page"":56,""printed_page"":""29""}",202
[],3fcd1fccd5b4f1d538e923908a5cb97de6c5b9f4b62642921703edd6274e357f,[],ibc2018:definition:a357cc22c643d421ff9fd640,[],INTERIOR FLOOR-WALL BASE,INTERIOR FLOOR-WALL BASE,definition,verified,code_wide_unless_context_limits,"{""appendix"":null,""bbox"":[326.037,511.692,571.918,542.795],""chapter"":""2"",""line_id"":null,""observed_text_sha256"":""3fcd1fccd5b4f1d538e923908a5cb97de6c5b9f4b62642921703edd6274e357f"",""pdf_page"":56,""printed_page"":""29""}",202
[],b7e6e91824c77bcf90f2a2885a70a19b34542f724ebcb2208dcbab1224bd1f24,[],ibc2018:definition:54bf9bb0c7175918bfdf3ebf,[],INTERIOR SURFACES,INTERIOR SURFACES,definition,verified,code_wide_unless_context_limits,"{""appendix"":null,""bbox"":[326.037,547.794,572.116,567.861],""chapter"":""2"",""line_id"":null,""observed_text_sha256"":""b7e6e91824c77bcf90f2a2885a70a19b34542f724ebcb2208dcbab1224bd1f24"",""pdf_page"":56,""printed_page"":""29""}",202
[],78bbd38df4a4a285e5105f1f4a34a0b5e7dcfd00cd82ffb9d9ca7d26d0b6de1b,[],ibc2018:definition:f16a11cb5f3f320837ec46c7,[],INTERIOR WALL AND CEILING FINISH,INTERIOR WALL AND CEILING FINISH,definition,verified,code_wide_unless_context_limits,"{""appendix"":null,""bbox"":[326.037,572.749,571.73,647.706],""chapter"":""2"",""line_id"":null,""observed_text_sha256"":""78bbd38df4a4a285e5105f1f4a34a0b5e7dcfd00cd82ffb9d9ca7d26d0b6de1b"",""pdf_page"":56,""printed_page"":""29""}",202
[],a1488c5b402415dc119c580a19f5a9a63e7e8c8eaf4edc8c4b00784077d842fe,[],ibc2018:definition:02ed926360140f50dec03902,[],INTERLAYMENT,INTERLAYMENT,definition,verified,code_wide_unless_context_limits,"{""appendix"":null,""bbox"":[326.037,652.705,572.125,683.728],""chapter"":""2"",""line_id"":null,""observed_text_sha256"":""a1488c5b402415dc119c580a19f5a9a63e7e8c8eaf4edc8c4b00784077d842fe"",""pdf_page"":56,""printed_page"":""29""}",202
[],b14f0ecb81e6c7b73a23a1119a7f5e1ad566999a01a46f549a27c4863abe650a,[],ibc2018:definition:3db5cc3fa9d8b7c59863d32d,[],INTUMESCENT FIRE-RESISTANT COATINGS,INTUMESCENT FIRE-RESISTANT COATINGS,definition,verified,code_wide_unless_context_limits,"{""appendix"":null,""bbox"":[326.038,688.807,572.187,741.772],""chapter"":""2"",""line_id"":null,""observed_text_sha256"":""b14f0ecb81e6c7b73a23a1119a7f5e1ad566999a01a46f549a27c4863abe650a"",""pdf_page"":56,""printed_page"":""29""}",202
[],e45ef5e5ff950d8f6abdf2f422c611b6386aac23df49bc5944b70a692b29c340,[],ibc2018:definition:08693313c929bbf25a0dd1bb,[],JOINT,JOINT,definition,verified,code_wide_unless_context_limits,"{""appendix"":null,""bbox"":[40.05,77.674,285.928,119.763],""chapter"":""2"",""line_id"":null,""observed_text_sha256"":""e45ef5e5ff950d8f6abdf2f422c611b6386aac23df49bc5944b70a692b29c340"",""pdf_page"":57,""printed_page"":""30""}",202
[],f4dc26829863377ca8a13bd5d40283a995432e7c3646676c4b1cafa410941f1b,[],ibc2018:definition:9d225380edcf7960a73b7f1f,[],JURISDICTION,JURISDICTION,definition,verified,code_wide_unless_context_limits,"{""appendix"":null,""bbox"":[40.05,125.315,285.587,145.437],""chapter"":""2"",""line_id"":null,""observed_text_sha256"":""f4dc26829863377ca8a13bd5d40283a995432e7c3646676c4b1cafa410941f1b"",""pdf_page"":57,""printed_page"":""30""}",202
[],d3e90298bba6968aff73d71d465c6857fd787750c2a89859dffda0e825168c68,[],ibc2018:definition:4020c00d05084c38dbc26528,[],L RATING,L RATING,definition,verified,code_wide_unless_context_limits,"{""appendix"":null,""bbox"":[40.05,150.91,285.929,182.012],""chapter"":""2"",""line_id"":null,""observed_text_sha256"":""d3e90298bba6968aff73d71d465c6857fd787750c2a89859dffda0e825168c68"",""pdf_page"":57,""printed_page"":""30""}",202
[],587b3d6636adbfd9dfe61b445ab6e08b803663286efb4ddabe294a62a7e5cc23,[],ibc2018:definition:d017017043aa39cbdb7d287c,[],LABEL,LABEL,definition,verified,code_wide_unless_context_limits,"{""appendix"":null,""bbox"":[40.05,187.62,286.626,273.644],""chapter"":""2"",""line_id"":null,""observed_text_sha256"":""587b3d6636adbfd9dfe61b445ab6e08b803663286efb4ddabe294a62a7e5cc23"",""pdf_page"":57,""printed_page"":""30""}",202
[],4e8c47700bbeae1945a032d372bfe72339d33aefd25163d9b572923f0a71d116,[],ibc2018:definition:7060902316fb67a1595c585e,[],LABELED,LABELED,definition,verified,code_wide_unless_context_limits,"{""appendix"":null,""bbox"":[40.05,279.251,286.64,376.231],""chapter"":""2"",""line_id"":null,""observed_text_sha256"":""4e8c47700bbeae1945a032d372bfe72339d33aefd25163d9b572923f0a71d116"",""pdf_page"":57,""printed_page"":""30""}",202
[],7a83875604f07e32ca3f107b2e1807ea5421f2fa61a466721fb7468235b5ae4b,[],ibc2018:definition:d9fedb795fde3a4c0e86d744,[],LABORATORY SUITE,LABORATORY SUITE,definition,verified,code_wide_unless_context_limits,"{""appendix"":null,""bbox"":[40.05,381.839,286.052,445.95],""chapter"":""2"",""line_id"":null,""observed_text_sha256"":""7a83875604f07e32ca3f107b2e1807ea5421f2fa61a466721fb7468235b5ae4b"",""pdf_page"":57,""printed_page"":""30""}",202
[],f136186754fb73740209759eb28ed29c6792e072251cb3f88e6c35dfa09396fd,[],ibc2018:definition:13ddf9fd95a5476d3197e873,[],LEVEL OF EXIT DISCHARGE,LEVEL OF EXIT DISCHARGE,definition,verified,code_wide_unless_context_limits,"{""appendix"":null,""bbox"":[40.05,451.503,285.591,471.459],""chapter"":""2"",""line_id"":null,""observed_text_sha256"":""f136186754fb73740209759eb28ed29c6792e072251cb3f88e6c35dfa09396fd"",""pdf_page"":57,""printed_page"":""30""}",202
[],621cae33356a1755bcc76f32651097b9f25c84450cbf17461a93906157f0ff8c,[],ibc2018:definition:f5159f4e962683f831cf7664,[],LIGHT-DIFFUSING SYSTEM,LIGHT-DIFFUSING SYSTEM,definition,verified,code_wide_unless_context_limits,"{""appendix"":null,""bbox"":[40.05,477.067,285.931,552.079],""chapter"":""2"",""line_id"":null,""observed_text_sha256"":""621cae33356a1755bcc76f32651097b9f25c84450cbf17461a93906157f0ff8c"",""pdf_page"":57,""printed_page"":""30""}",202
[],98ad8a1549196424eb3118f2e81f65331c913d125e80a4f50f645fcfa6c8eeb8,[],ibc2018:definition:734e202d2edb67c17a99152d,[],LIGHT-FRAME CONSTRUCTION,LIGHT-FRAME CONSTRUCTION,definition,verified,code_wide_unless_context_limits,"{""appendix"":null,""bbox"":[40.051,557.687,285.773,599.721],""chapter"":""2"",""line_id"":null,""observed_text_sha256"":""98ad8a1549196424eb3118f2e81f65331c913d125e80a4f50f645fcfa6c8eeb8"",""pdf_page"":57,""printed_page"":""30""}",202
[],ef6acb2bca67f6c904516dccd11586abed7d125c0a4940388373334c27937da3,[],ibc2018:definition:7cf5b548ab9584240e9682c3,[],LIGHT-TRANSMITTING PLASTIC ROOF PANELS,LIGHT-TRANSMITTING PLASTIC ROOF PANELS,definition,verified,code_wide_unless_context_limits,"{""appendix"":null,""bbox"":[40.051,605.409,286.076,658.373],""chapter"":""2"",""line_id"":null,""observed_text_sha256"":""ef6acb2bca67f6c904516dccd11586abed7d125c0a4940388373334c27937da3"",""pdf_page"":57,""printed_page"":""30""}",202
[],8c0481d4cf19c2cc5d8de478e1c9685a5cb53d93f87750b861ae7f0ac6ec73c1,[],ibc2018:definition:5fe51202ab20522ce93a2c6c,[],LIGHT-TRANSMITTING PLASTIC WALL PANELS,LIGHT-TRANSMITTING PLASTIC WALL PANELS,definition,verified,code_wide_unless_context_limits,"{""appendix"":null,""bbox"":[40.051,664.061,285.682,706.015],""chapter"":""2"",""line_id"":null,""observed_text_sha256"":""8c0481d4cf19c2cc5d8de478e1c9685a5cb53d93f87750b861ae7f0ac6ec73c1"",""pdf_page"":57,""printed_page"":""30""}",202
[],2e47688ce84b478da803f3828a6c8191f2b7c733271997231b04f978f2a00324,[],ibc2018:definition:ab473c84b6e86a93665875f8,[],LIMIT OF MODERATE WAVE ACTION,LIMIT OF MODERATE WAVE ACTION,definition,verified,code_wide_unless_context_limits,"{""appendix"":null,""bbox"":[40.052,711.623,286.157,742.795],""chapter"":""2"",""line_id"":null,""observed_text_sha256"":""2e47688ce84b478da803f3828a6c8191f2b7c733271997231b04f978f2a00324"",""pdf_page"":57,""printed_page"":""30""}",202
[],887527e17488911f0ed450268495e00e077b3a147ecfdeabdc0c088e252e9e78,[],ibc2018:definition:ace002e3d7f1fd852662337c,[],LIMIT STATE,LIMIT STATE,definition,verified,code_wide_unless_context_limits,"{""appendix"":null,""bbox"":[305.999,77.768,552.029,119.802],""chapter"":""2"",""line_id"":null,""observed_text_sha256"":""887527e17488911f0ed450268495e00e077b3a147ecfdeabdc0c088e252e9e78"",""pdf_page"":57,""printed_page"":""30""}",202
[],46371a9cbce033dc48cfa79da42b54fb33de9794e54ba1fc3fabb479cc12d64e,[],ibc2018:definition:fe23a6151343eb2341f58eb1,[],LIQUID,LIQUID,definition,verified,code_wide_unless_context_limits,"{""appendix"":null,""bbox"":[305.999,125.354,552.064,156.487],""chapter"":""2"",""line_id"":null,""observed_text_sha256"":""46371a9cbce033dc48cfa79da42b54fb33de9794e54ba1fc3fabb479cc12d64e"",""pdf_page"":57,""printed_page"":""30""}",202
[],2dd2066cd13ae0483ece2ae0ec67709780f649d42b667ad0d6af47cce85af5db,[],ibc2018:definition:aba66840a427a021235138fc,[],LIQUID STORAGE ROOM,LIQUID STORAGE ROOM,definition,verified,code_wide_unless_context_limits,"{""appendix"":null,""bbox"":[305.999,184.007,551.999,215.03],""chapter"":""2"",""line_id"":null,""observed_text_sha256"":""2dd2066cd13ae0483ece2ae0ec67709780f649d42b667ad0d6af47cce85af5db"",""pdf_page"":57,""printed_page"":""30""}",202
[],6c29c37e6107da4de1f5a3182b9693537cef0638c5d28226aea99b09bf68c46b,[],ibc2018:definition:99cd7a0d626f4be3ec3772d9,[],"LIQUID USE, DISPENSING AND MIXING ROOM","LIQUID USE, DISPENSING AND MIXING ROOM",definition,verified,code_wide_unless_context_limits,"{""appendix"":null,""bbox"":[305.999,220.717,551.626,262.671],""chapter"":""2"",""line_id"":null,""observed_text_sha256"":""6c29c37e6107da4de1f5a3182b9693537cef0638c5d28226aea99b09bf68c46b"",""pdf_page"":57,""printed_page"":""30""}",202
[],b3dc3371c827114803c17ee7e29cd61a73aee65382b1c8af0bcc0dabe7708e69,[],ibc2018:definition:35ea9dee4ffebe56f6eeb0b6,[],LISTED,LISTED,definition,verified,code_wide_unless_context_limits,"{""appendix"":null,""bbox"":[305.999,268.279,551.996,365.369],""chapter"":""2"",""line_id"":null,""observed_text_sha256"":""b3dc3371c827114803c17ee7e29cd61a73aee65382b1c8af0bcc0dabe7708e69"",""pdf_page"":57,""printed_page"":""30""}",202
[],476befd562a87830226c30672df804d3beef9512e49f543aa317fb386971f886,[],ibc2018:definition:b6f1c99ca9c3d31c2dfaae17,[],LIVE/WORK UNIT,LIVE/WORK UNIT,definition,verified,code_wide_unless_context_limits,"{""appendix"":null,""bbox"":[306.0,370.841,552.396,401.944],""chapter"":""2"",""line_id"":null,""observed_text_sha256"":""476befd562a87830226c30672df804d3beef9512e49f543aa317fb386971f886"",""pdf_page"":57,""printed_page"":""30""}",202
[],043aa3682c43f2a2e5ce515dbfee81913e72d036c930bcbe26eba034818eb8b8,[],ibc2018:definition:e20d164bb105476dc103ea79,[],LIVE LOAD,LIVE LOAD,definition,verified,code_wide_unless_context_limits,"{""appendix"":null,""bbox"":[306.0,407.472,551.85,449.586],""chapter"":""2"",""line_id"":null,""observed_text_sha256"":""043aa3682c43f2a2e5ce515dbfee81913e72d036c930bcbe26eba034818eb8b8"",""pdf_page"":57,""printed_page"":""30""}",202
[],50742e0319317b578881365dfe00b5f434e652ae81b33317fe05dd34aa893850,[],ibc2018:definition:1a1b8a6c521797492ef0b009,[],"LIVE LOAD, ROOF","LIVE LOAD, ROOF",definition,verified,code_wide_unless_context_limits,"{""appendix"":null,""bbox"":[306.001,455.058,530.04,464.194],""chapter"":""2"",""line_id"":null,""observed_text_sha256"":""50742e0319317b578881365dfe00b5f434e652ae81b33317fe05dd34aa893850"",""pdf_page"":57,""printed_page"":""30""}",202
[],94d6131d363785ad727fe546c8a937dba7a7752487d27015a733e5242af73350,[],ibc2018:definition:0bb61a30e3b74684a4fe1ef9,[],LOAD AND RESISTANCE FACTOR DESIGN (LRFD),LOAD AND RESISTANCE FACTOR DESIGN (LRFD),definition,verified,code_wide_unless_context_limits,"{""appendix"":null,""bbox"":[305.999,557.805,552.183,621.727],""chapter"":""2"",""line_id"":null,""observed_text_sha256"":""94d6131d363785ad727fe546c8a937dba7a7752487d27015a733e5242af73350"",""pdf_page"":57,""printed_page"":""30""}",202
[],2c3310b019e535df784d3860c6a5d97b8196bb70b84e42a5a68e2ff0da60c0d8,[],ibc2018:definition:068086df6a9517725a0b18bc,[],LOAD EFFECTS,LOAD EFFECTS,definition,verified,code_wide_unless_context_limits,"{""appendix"":null,""bbox"":[306.0,627.334,551.99,647.401],""chapter"":""2"",""line_id"":null,""observed_text_sha256"":""2c3310b019e535df784d3860c6a5d97b8196bb70b84e42a5a68e2ff0da60c0d8"",""pdf_page"":57,""printed_page"":""30""}",202
[],54553a5d979940f04063871eababd199a3111eb5ac8c89ab11671e68a2196614,[],ibc2018:definition:2d5416fef3faf9438b195657,[],LOAD FACTOR,LOAD FACTOR,definition,verified,code_wide_unless_context_limits,"{""appendix"":null,""bbox"":[306.0,653.009,552.046,706.22],""chapter"":""2"",""line_id"":null,""observed_text_sha256"":""54553a5d979940f04063871eababd199a3111eb5ac8c89ab11671e68a2196614"",""pdf_page"":57,""printed_page"":""30""}",202
[],56ba2388ee1f9ac3de3218e0146d07a1b7642015191b9b0c294ca72623338a31,[],ibc2018:definition:ce21843a49d29be467b97cf1,[],LOADS,LOADS,definition,verified,code_wide_unless_context_limits,"{""appendix"":null,""bbox"":[306.0,711.828,551.944,742.795],""chapter"":""2"",""line_id"":null,""observed_text_sha256"":""56ba2388ee1f9ac3de3218e0146d07a1b7642015191b9b0c294ca72623338a31"",""pdf_page"":57,""printed_page"":""30""}",202
[],c62b26a1f1acb3ede4372b0531d8ad74633aa001441a4649a4c3c0734565fac2,[],ibc2018:definition:39332813780e362a1b3e0df6,[],LODGING HOUSE,LODGING HOUSE,definition,verified,code_wide_unless_context_limits,"{""appendix"":null,""bbox"":[59.95,125.094,305.865,156.227],""chapter"":""2"",""line_id"":null,""observed_text_sha256"":""c62b26a1f1acb3ede4372b0531d8ad74633aa001441a4649a4c3c0734565fac2"",""pdf_page"":58,""printed_page"":""31""}",202
[],42d329d62eefc44f1527eca24c14349d2d60f1fc0e79621292e02020c69e026f,[],ibc2018:definition:0664e3e2f15655cd8d2a6d0f,[],LOT,LOT,definition,verified,code_wide_unless_context_limits,"{""appendix"":null,""bbox"":[59.951,161.558,292.661,170.614],""chapter"":""2"",""line_id"":null,""observed_text_sha256"":""42d329d62eefc44f1527eca24c14349d2d60f1fc0e79621292e02020c69e026f"",""pdf_page"":58,""printed_page"":""31""}",202
[],5fe33245d5d6008de06f31a042dc88f721e5bb17312384d897b9c7438affdfd4,[],ibc2018:definition:23d6554abe18f48b9b14e6d8,[],LOT LINE,LOT LINE,definition,verified,code_wide_unless_context_limits,"{""appendix"":null,""bbox"":[59.951,175.945,306.005,195.956],""chapter"":""2"",""line_id"":null,""observed_text_sha256"":""5fe33245d5d6008de06f31a042dc88f721e5bb17312384d897b9c7438affdfd4"",""pdf_page"":58,""printed_page"":""31""}",202
[],ea1042f886c494301fcc46fe16af2c982380dd1a4d8d7c8f4da9c9d428a60ea7,[],ibc2018:definition:f24580aa3b7e572a1798e397,[],LOW-ENERGY POWER-OPERATED DOOR,LOW-ENERGY POWER-OPERATED DOOR,definition,verified,code_wide_unless_context_limits,"{""appendix"":null,""bbox"":[59.951,201.287,306.098,276.3],""chapter"":""2"",""line_id"":null,""observed_text_sha256"":""ea1042f886c494301fcc46fe16af2c982380dd1a4d8d7c8f4da9c9d428a60ea7"",""pdf_page"":58,""printed_page"":""31""}",202
[],5573073575d76d40bc4ebb00832c44fb0d38116f5ee9076c4d0e3e7955af3099,[],ibc2018:definition:ef6e1f6c8854ea1e0b6a81c8,[],LOWER FLAMMABLE LIMIT (LFL),LOWER FLAMMABLE LIMIT (LFL),definition,verified,code_wide_unless_context_limits,"{""appendix"":null,""bbox"":[59.951,281.63,306.011,323.72],""chapter"":""2"",""line_id"":null,""observed_text_sha256"":""5573073575d76d40bc4ebb00832c44fb0d38116f5ee9076c4d0e3e7955af3099"",""pdf_page"":58,""printed_page"":""31""}",202
[],a53b97582684ff54a424233a31ef0114b4c9e08e71ea7b22eaa2165347cbfef5,[],ibc2018:definition:2c445cd0ca0e629bc0cb513f,[],LOWEST FLOOR,LOWEST FLOOR,definition,verified,code_wide_unless_context_limits,"{""appendix"":null,""bbox"":[59.952,329.051,306.061,393.163],""chapter"":""2"",""line_id"":null,""observed_text_sha256"":""a53b97582684ff54a424233a31ef0114b4c9e08e71ea7b22eaa2165347cbfef5"",""pdf_page"":58,""printed_page"":""31""}",202
[],1f71cc68f039671a27ae153084361bd949ea253827d391cbcec22cc8d19013ef,[],ibc2018:definition:881a70de98df7b0fb1603e57,[],MAIN WINDFORCE-RESISTING SYSTEM,MAIN WINDFORCE-RESISTING SYSTEM,definition,verified,code_wide_unless_context_limits,"{""appendix"":null,""bbox"":[59.952,398.494,305.8,454.929],""chapter"":""2"",""line_id"":null,""observed_text_sha256"":""1f71cc68f039671a27ae153084361bd949ea253827d391cbcec22cc8d19013ef"",""pdf_page"":58,""printed_page"":""31""}",202
[],58624e5d44f4378f41961e77151b33cfee23bc8ad96656fa5f2b79caf946fcc6,[],ibc2018:definition:e91cccfd9b4e5c60a90f0b43,[],OPEN,OPEN,definition,verified,code_wide_unless_context_limits,"{""appendix"":null,""bbox"":[59.953,456.815,213.199,465.87],""chapter"":""2"",""line_id"":null,""observed_text_sha256"":""58624e5d44f4378f41961e77151b33cfee23bc8ad96656fa5f2b79caf946fcc6"",""pdf_page"":58,""printed_page"":""31""}",202
[],cfa04b163af58f6299527f61707e3497f169b3e01c2c733c58246421afcc1f30,[],ibc2018:definition:e807e03840f0f3ee6098e41c,[],MANUAL FIRE ALARM BOX,MANUAL FIRE ALARM BOX,definition,verified,code_wide_unless_context_limits,"{""appendix"":null,""bbox"":[59.952,471.201,305.934,491.323],""chapter"":""2"",""line_id"":null,""observed_text_sha256"":""cfa04b163af58f6299527f61707e3497f169b3e01c2c733c58246421afcc1f30"",""pdf_page"":58,""printed_page"":""31""}",202
[],148c0788cafe5634045620c9533bd36936957982b506c352f18187b4d378e50d,[],ibc2018:definition:c10be616cda6edf6159ded53,[],MANUFACTURER’S DESIGNATION,MANUFACTURER’S DESIGNATION,definition,verified,code_wide_unless_context_limits,"{""appendix"":null,""bbox"":[59.951,496.654,306.006,538.688],""chapter"":""2"",""line_id"":null,""observed_text_sha256"":""148c0788cafe5634045620c9533bd36936957982b506c352f18187b4d378e50d"",""pdf_page"":58,""printed_page"":""31""}",202
[],ecd6aadc8960e2da33f1a961a3916be7652024812aa1dd439c613c1283948673,[],ibc2018:definition:7483d06940be4058c89651cd,[],MARK,MARK,definition,verified,code_wide_unless_context_limits,"{""appendix"":null,""bbox"":[59.951,544.019,305.91,586.108],""chapter"":""2"",""line_id"":null,""observed_text_sha256"":""ecd6aadc8960e2da33f1a961a3916be7652024812aa1dd439c613c1283948673"",""pdf_page"":58,""printed_page"":""31""}",202
[],d86dcae3adc5c15cfacece86b5cc284a4b8b75560613a0b4b7d398514416bc5f,[],ibc2018:definition:8409c01e5049b2b0836a21a3,[],MARQUEE,MARQUEE,definition,verified,code_wide_unless_context_limits,"{""appendix"":null,""bbox"":[59.951,591.359,306.006,633.474],""chapter"":""2"",""line_id"":null,""observed_text_sha256"":""d86dcae3adc5c15cfacece86b5cc284a4b8b75560613a0b4b7d398514416bc5f"",""pdf_page"":58,""printed_page"":""31""}",202
[],27dbc067ecd25db78c1da173bc0b626389b2cf2a168939e1f536d1c416b1e342,[],ibc2018:definition:682c76e80badbc20605f3b62,[],MASONRY,MASONRY,definition,verified,code_wide_unless_context_limits,"{""appendix"":null,""bbox"":[60.007,638.804,306.486,680.838],""chapter"":""2"",""line_id"":null,""observed_text_sha256"":""27dbc067ecd25db78c1da173bc0b626389b2cf2a168939e1f536d1c416b1e342"",""pdf_page"":58,""printed_page"":""31""}",202
[],60cfde8f7e2134abea66983ef0f4ca4cd63d5c246826b813ab3282dd56c57f59,[],ibc2018:definition:d2013f5c8e2c0b6d10c23574,[],MASONRY UNIT,MASONRY UNIT,definition,verified,code_wide_unless_context_limits,"{""appendix"":null,""bbox"":[325.995,198.551,571.995,229.654],""chapter"":""2"",""line_id"":null,""observed_text_sha256"":""60cfde8f7e2134abea66983ef0f4ca4cd63d5c246826b813ab3282dd56c57f59"",""pdf_page"":58,""printed_page"":""31""}",202
[],75f4e558be95661eb1274deba4cd18142c3b8c7b6e582741357bda7a256d28d0,[],ibc2018:definition:1f9e6705c5b8e2d7aef60be8,[],MASTIC FIRE-RESISTANT COATINGS,MASTIC FIRE-RESISTANT COATINGS,definition,verified,code_wide_unless_context_limits,"{""appendix"":null,""bbox"":[325.995,330.49,571.984,372.523],""chapter"":""2"",""line_id"":null,""observed_text_sha256"":""75f4e558be95661eb1274deba4cd18142c3b8c7b6e582741357bda7a256d28d0"",""pdf_page"":58,""printed_page"":""31""}",202
[],03560b0db07352a145d6511f68be6d4eae7d5da6465654bac2687f189ad14c2b,[],ibc2018:definition:c5dca2b11797bb5f8038accd,[],MEANS OF EGRESS,MEANS OF EGRESS,definition,verified,code_wide_unless_context_limits,"{""appendix"":null,""bbox"":[325.995,378.242,572.033,431.176],""chapter"":""2"",""line_id"":null,""observed_text_sha256"":""03560b0db07352a145d6511f68be6d4eae7d5da6465654bac2687f189ad14c2b"",""pdf_page"":58,""printed_page"":""31""}",202
[],f2df50a8673f78287baa9287d0267a9aa681c9eacd08875933b67ceeb1332d80,[],ibc2018:definition:cd516743b4843b8b835da168,[],GARAGES,GARAGES,definition,verified,code_wide_unless_context_limits,"{""appendix"":null,""bbox"":[326.056,447.794,572.18,489.963],""chapter"":""2"",""line_id"":null,""observed_text_sha256"":""f2df50a8673f78287baa9287d0267a9aa681c9eacd08875933b67ceeb1332d80"",""pdf_page"":58,""printed_page"":""31""}",202
[],3531d582548aa8eb03eefbae37be14c00ce0536f986e2e7c3efb0296a5f3d192,[],ibc2018:definition:dd9d2aed195ddfac4adb4f30,[],MECHANICAL EQUIPMENT SCREEN,MECHANICAL EQUIPMENT SCREEN,definition,verified,code_wide_unless_context_limits,"{""appendix"":null,""bbox"":[326.057,495.515,571.962,526.538],""chapter"":""2"",""line_id"":null,""observed_text_sha256"":""3531d582548aa8eb03eefbae37be14c00ce0536f986e2e7c3efb0296a5f3d192"",""pdf_page"":58,""printed_page"":""31""}",202
[],427c93522d8d2ca2679e56091841bbaa5d0f5495180b4ef0eb52e1c4b0cb1f15,[],ibc2018:definition:32f4607a50f3cc5bf0ffc450,[],MEDICAL CARE,MEDICAL CARE,definition,verified,code_wide_unless_context_limits,"{""appendix"":null,""bbox"":[326.057,532.09,571.799,552.212],""chapter"":""2"",""line_id"":null,""observed_text_sha256"":""427c93522d8d2ca2679e56091841bbaa5d0f5495180b4ef0eb52e1c4b0cb1f15"",""pdf_page"":58,""printed_page"":""31""}",202
[],05ee4454008c4b83ba1c5e7a7b478418185cbac024ed715c76c46c21d12c5657,[],ibc2018:definition:ec501731261d2e2669f87689,[],MEMBRANE-COVERED CABLE STRUCTURE,MEMBRANE-COVERED CABLE STRUCTURE,definition,verified,code_wide_unless_context_limits,"{""appendix"":null,""bbox"":[326.057,557.9,572.188,599.854],""chapter"":""2"",""line_id"":null,""observed_text_sha256"":""05ee4454008c4b83ba1c5e7a7b478418185cbac024ed715c76c46c21d12c5657"",""pdf_page"":58,""printed_page"":""31""}",202
[],7498589745e9a74efdd34196e276e38e3746b07092ed6f2a3e6051553946c340,[],ibc2018:definition:0198a78d8f6ee63667b5e179,[],MEMBRANE-COVERED FRAME STRUCTURE,MEMBRANE-COVERED FRAME STRUCTURE,definition,verified,code_wide_unless_context_limits,"{""appendix"":null,""bbox"":[326.058,605.486,572.113,647.44],""chapter"":""2"",""line_id"":null,""observed_text_sha256"":""7498589745e9a74efdd34196e276e38e3746b07092ed6f2a3e6051553946c340"",""pdf_page"":58,""printed_page"":""31""}",202
[],d47b1058f97d72d2c087e918fd4307992eb14d83cd501061ce51b76b2e762a73,[],ibc2018:definition:d28dfc9ee10a9d6fdde1a0c8,[],MEMBRANE PENETRATION,MEMBRANE PENETRATION,definition,verified,code_wide_unless_context_limits,"{""appendix"":null,""bbox"":[326.058,653.048,571.697,684.071],""chapter"":""2"",""line_id"":null,""observed_text_sha256"":""d47b1058f97d72d2c087e918fd4307992eb14d83cd501061ce51b76b2e762a73"",""pdf_page"":58,""printed_page"":""31""}",202
[],138935b199febbe9b8c7f4c933b05d4455293b5e657a67c65a053f4cadd7488f,[],ibc2018:definition:fb346fea025e63cce56c4b02,[],MEMBRANE-PENETRATION FIRESTOP,MEMBRANE-PENETRATION FIRESTOP,definition,verified,code_wide_unless_context_limits,"{""appendix"":null,""bbox"":[326.058,689.623,572.099,742.724],""chapter"":""2"",""line_id"":null,""observed_text_sha256"":""138935b199febbe9b8c7f4c933b05d4455293b5e657a67c65a053f4cadd7488f"",""pdf_page"":58,""printed_page"":""31""}",202
[],45b0e6e87b1a1515878c60853abaa11d075de6c6cabac1304de6a0b0b7a91d24,[],ibc2018:definition:2ed38b28ea1c135c5f142a02,[],MEMBRANE-PENETRATION FIRESTOP SYSTEM,MEMBRANE-PENETRATION FIRESTOP SYSTEM,definition,verified,code_wide_unless_context_limits,"{""appendix"":null,""bbox"":[40.05,77.754,286.184,152.741],""chapter"":""2"",""line_id"":null,""observed_text_sha256"":""45b0e6e87b1a1515878c60853abaa11d075de6c6cabac1304de6a0b0b7a91d24"",""pdf_page"":59,""printed_page"":""32""}",202
[],84d5c1c51183672a03da7d991e0bf5dfd0db7be6bef6ea714bec1a23c2a6cc87,[],ibc2018:definition:bf6c157df8b0f13142a4b4ed,[],MERCHANDISE PAD,MERCHANDISE PAD,definition,verified,code_wide_unless_context_limits,"{""appendix"":null,""bbox"":[40.051,158.681,286.076,222.682],""chapter"":""2"",""line_id"":null,""observed_text_sha256"":""84d5c1c51183672a03da7d991e0bf5dfd0db7be6bef6ea714bec1a23c2a6cc87"",""pdf_page"":59,""printed_page"":""32""}",202
[],01581d51b33eb63f4a1072f3768340fef07c072d3be71f3e66dad3af15a4045a,[],ibc2018:definition:5b5a0afffde7e3dca0db5150,[],METAL COMPOSITE MATERIAL (MCM),METAL COMPOSITE MATERIAL (MCM),definition,verified,code_wide_unless_context_limits,"{""appendix"":null,""bbox"":[40.051,228.511,285.844,259.589],""chapter"":""2"",""line_id"":null,""observed_text_sha256"":""01581d51b33eb63f4a1072f3768340fef07c072d3be71f3e66dad3af15a4045a"",""pdf_page"":59,""printed_page"":""32""}",202
[],90252655904501181fec868825db10c2ea70caed5119c55d2c8f445e3d493474,[],ibc2018:definition:a88134010b1eed05917ec70c,[],METAL COMPOSITE MATERIAL (MCM) SYSTEM,METAL COMPOSITE MATERIAL (MCM) SYSTEM,definition,verified,code_wide_unless_context_limits,"{""appendix"":null,""bbox"":[40.051,265.498,286.318,318.519],""chapter"":""2"",""line_id"":null,""observed_text_sha256"":""90252655904501181fec868825db10c2ea70caed5119c55d2c8f445e3d493474"",""pdf_page"":59,""printed_page"":""32""}",202
[],856cfbe2773042be0c4d2f31496dfa3d695e8c949283d595e3794ceacf6c31d0,[],ibc2018:definition:4d59fb0fa20016a55dfe219d,[],METAL ROOF PANEL,METAL ROOF PANEL,definition,verified,code_wide_unless_context_limits,"{""appendix"":null,""bbox"":[40.05,324.348,286.142,355.429],""chapter"":""2"",""line_id"":null,""observed_text_sha256"":""856cfbe2773042be0c4d2f31496dfa3d695e8c949283d595e3794ceacf6c31d0"",""pdf_page"":59,""printed_page"":""32""}",202
[],2130bdf85c96cd081def43174ea2a7ee4c905d830a83ba337437fe1fbe12a7ed,[],ibc2018:definition:af4356b354ca345e85988db7,[],METAL ROOF SHINGLE,METAL ROOF SHINGLE,definition,verified,code_wide_unless_context_limits,"{""appendix"":null,""bbox"":[40.111,361.369,285.95,392.391],""chapter"":""2"",""line_id"":null,""observed_text_sha256"":""2130bdf85c96cd081def43174ea2a7ee4c905d830a83ba337437fe1fbe12a7ed"",""pdf_page"":59,""printed_page"":""32""}",202
[],b03177acffce1f37871844b9e4c5c137b98068358a8241c9a373fc6a3038d3fa,[],ibc2018:definition:d147b9f1c9f61c8f53db8c39,[],MEZZANINE,MEZZANINE,definition,verified,code_wide_unless_context_limits,"{""appendix"":null,""bbox"":[40.111,398.319,285.848,429.341],""chapter"":""2"",""line_id"":null,""observed_text_sha256"":""b03177acffce1f37871844b9e4c5c137b98068358a8241c9a373fc6a3038d3fa"",""pdf_page"":59,""printed_page"":""32""}",202
[],1d6a557c87ab1de2bcfa105d9bec38071f1753896086025b052fd364acd830a1,[],ibc2018:definition:29d8fef8607283c1236cb514,[],MICROPILE,MICROPILE,definition,verified,code_wide_unless_context_limits,"{""appendix"":null,""bbox"":[40.111,435.17,286.026,477.204],""chapter"":""2"",""line_id"":null,""observed_text_sha256"":""1d6a557c87ab1de2bcfa105d9bec38071f1753896086025b052fd364acd830a1"",""pdf_page"":59,""printed_page"":""32""}",202
[],ff5576a32c5f5289791c3497ac97b16ea9a99d071eaf985dde1136d0c6862c8d,[],ibc2018:definition:cd0965d9ab4e332d8cf37894,[],MINERAL BOARD,MINERAL BOARD,definition,verified,code_wide_unless_context_limits,"{""appendix"":null,""bbox"":[40.111,483.144,286.235,525.178],""chapter"":""2"",""line_id"":null,""observed_text_sha256"":""ff5576a32c5f5289791c3497ac97b16ea9a99d071eaf985dde1136d0c6862c8d"",""pdf_page"":59,""printed_page"":""32""}",202
[],ff555b140d2f79f496ad56882bebe9772f0b064b183169b8073d2b3f9d069cdf,[],ibc2018:definition:e2fb60bb012b2fc5b43b1651,[],MINERAL FIBER,MINERAL FIBER,definition,verified,code_wide_unless_context_limits,"{""appendix"":null,""bbox"":[40.111,531.007,285.849,562.03],""chapter"":""2"",""line_id"":null,""observed_text_sha256"":""ff555b140d2f79f496ad56882bebe9772f0b064b183169b8073d2b3f9d069cdf"",""pdf_page"":59,""printed_page"":""32""}",202
[],8a17255e37cec0b2ca635debb07f41a3f018c0befdab7f79eaf3e1cf74e609c0,[],ibc2018:definition:d8f5d2876b448230e7b00cb7,[],MINERAL WOOL,MINERAL WOOL,definition,verified,code_wide_unless_context_limits,"{""appendix"":null,""bbox"":[40.111,567.97,285.936,610.004],""chapter"":""2"",""line_id"":null,""observed_text_sha256"":""8a17255e37cec0b2ca635debb07f41a3f018c0befdab7f79eaf3e1cf74e609c0"",""pdf_page"":59,""printed_page"":""32""}",202
[],eeb827ae3eb80e1f39f537e8dd678fcf0f98ed49fc5e8b47e858cc3b880719f9,[],ibc2018:definition:7efd566ef0a344563dbcb6fc,[],MODIFIED BITUMEN ROOF COVERING,MODIFIED BITUMEN ROOF COVERING,definition,verified,code_wide_unless_context_limits,"{""appendix"":null,""bbox"":[40.111,615.832,286.147,657.867],""chapter"":""2"",""line_id"":null,""observed_text_sha256"":""eeb827ae3eb80e1f39f537e8dd678fcf0f98ed49fc5e8b47e858cc3b880719f9"",""pdf_page"":59,""printed_page"":""32""}",202
[],70ee7492b2c2db58309f51981515fdffa46462589c2e2354035908cd1672521a,[],ibc2018:definition:9556841cf70d1b0f787a6540,[],MORTAR,MORTAR,definition,verified,code_wide_unless_context_limits,"{""appendix"":null,""bbox"":[40.112,663.695,286.13,694.829],""chapter"":""2"",""line_id"":null,""observed_text_sha256"":""70ee7492b2c2db58309f51981515fdffa46462589c2e2354035908cd1672521a"",""pdf_page"":59,""printed_page"":""32""}",202
[],9699b8d9f2d1833ceb1fccc93284048d56378ee7b88a0119eb6e898973911e80,[],ibc2018:definition:7d43b1873c5ab1e53692df6e,[],"MORTAR, SURFACE-BONDING","MORTAR, SURFACE-BONDING",definition,verified,code_wide_unless_context_limits,"{""appendix"":null,""bbox"":[40.112,700.658,286.167,742.692],""chapter"":""2"",""line_id"":null,""observed_text_sha256"":""9699b8d9f2d1833ceb1fccc93284048d56378ee7b88a0119eb6e898973911e80"",""pdf_page"":59,""printed_page"":""32""}",202
[],40638605e77e1e61c1f8190bff999884095b2ce3adf9fc59114fa773d61d7618,[],ibc2018:definition:8d592e3c37aa9e2f8af496f3,[],MULTILEVEL ASSEMBLY SEATING,MULTILEVEL ASSEMBLY SEATING,definition,verified,code_wide_unless_context_limits,"{""appendix"":null,""bbox"":[305.987,77.664,551.71,119.698],""chapter"":""2"",""line_id"":null,""observed_text_sha256"":""40638605e77e1e61c1f8190bff999884095b2ce3adf9fc59114fa773d61d7618"",""pdf_page"":59,""printed_page"":""32""}",202
[],82670d1679b35bd456be321677d3d5dd7883f01a12fa883a449ded96c509c4dc,[],ibc2018:definition:d71164eabfbf53024dfe3165,[],MULTIPLE-STATION ALARM DEVICE,MULTIPLE-STATION ALARM DEVICE,definition,verified,code_wide_unless_context_limits,"{""appendix"":null,""bbox"":[305.988,124.698,552.051,188.699],""chapter"":""2"",""line_id"":null,""observed_text_sha256"":""82670d1679b35bd456be321677d3d5dd7883f01a12fa883a449ded96c509c4dc"",""pdf_page"":59,""printed_page"":""32""}",202
[],197cdf5e93d8962aea4e1f34cfed2b62ffcbdb3746fbdd34fa0456da699d0b73,[],ibc2018:definition:f5cde473443921512a2d54a4,[],MULTIPLE-STATION SMOKE ALARM,MULTIPLE-STATION SMOKE ALARM,definition,verified,code_wide_unless_context_limits,"{""appendix"":null,""bbox"":[305.988,193.698,551.988,235.732],""chapter"":""2"",""line_id"":null,""observed_text_sha256"":""197cdf5e93d8962aea4e1f34cfed2b62ffcbdb3746fbdd34fa0456da699d0b73"",""pdf_page"":59,""printed_page"":""32""}",202
[],e7ef0483661e0782e840d4613d26d528b5966180e3912e4f34f72418c85b3269,[],ibc2018:definition:904f0fc66a37837fc4ca0f9e,[],MULTISTORY UNIT,MULTISTORY UNIT,definition,verified,code_wide_unless_context_limits,"{""appendix"":null,""bbox"":[305.989,240.651,551.813,260.687],""chapter"":""2"",""line_id"":null,""observed_text_sha256"":""e7ef0483661e0782e840d4613d26d528b5966180e3912e4f34f72418c85b3269"",""pdf_page"":59,""printed_page"":""32""}",202
[],615bf8809d7a9f60e60cb22896af09833a4476d3a96c51bcd905531444c9ea78,[],ibc2018:definition:2e372bc7c0182f260378b071,[],"NAILING, BOUNDARY","NAILING, BOUNDARY",definition,verified,code_wide_unless_context_limits,"{""appendix"":null,""bbox"":[305.989,265.686,551.834,285.753],""chapter"":""2"",""line_id"":null,""observed_text_sha256"":""615bf8809d7a9f60e60cb22896af09833a4476d3a96c51bcd905531444c9ea78"",""pdf_page"":59,""printed_page"":""32""}",202
[],5212b0b59e1115f9d7073a74baa182bcd17e12ef1ca32eb92ce2a2c983c30a5e,[],ibc2018:definition:f60de723ca929141be030c08,[],"NAILING, EDGE","NAILING, EDGE",definition,verified,code_wide_unless_context_limits,"{""appendix"":null,""bbox"":[305.99,290.641,551.936,321.774],""chapter"":""2"",""line_id"":null,""observed_text_sha256"":""5212b0b59e1115f9d7073a74baa182bcd17e12ef1ca32eb92ce2a2c983c30a5e"",""pdf_page"":59,""printed_page"":""32""}",202
[],d619a98fd7f3be51b37211810fbae3c31bc20049419afc4323bd4b2399f0f63b,[],ibc2018:definition:2af11d81985e7ec3446a4063,[],"NAILING, FIELD","NAILING, FIELD",definition,verified,code_wide_unless_context_limits,"{""appendix"":null,""bbox"":[305.989,326.607,551.909,357.741],""chapter"":""2"",""line_id"":null,""observed_text_sha256"":""d619a98fd7f3be51b37211810fbae3c31bc20049419afc4323bd4b2399f0f63b"",""pdf_page"":59,""printed_page"":""32""}",202
[],1de26ff393bf4413fa8573c6c666dbc4f058f14f34309ee393ee4edb5e30cad7,[],ibc2018:definition:9cd1748429f575bcee77afec,[],NATURALLY DURABLE WOOD,NATURALLY DURABLE WOOD,definition,verified,code_wide_unless_context_limits,"{""appendix"":null,""bbox"":[305.99,362.629,552.469,454.795],""chapter"":""2"",""line_id"":null,""observed_text_sha256"":""1de26ff393bf4413fa8573c6c666dbc4f058f14f34309ee393ee4edb5e30cad7"",""pdf_page"":59,""printed_page"":""32""}",202
[],20797f5ff2a3cdcdb414600408b847a91553f5b3f7a33add81db2b6b4f4ac566,[],ibc2018:definition:a3f0007741ad7b3b18028b52,[],NOMINAL LOADS,NOMINAL LOADS,definition,verified,code_wide_unless_context_limits,"{""appendix"":null,""bbox"":[305.991,459.714,551.839,490.761],""chapter"":""2"",""line_id"":null,""observed_text_sha256"":""20797f5ff2a3cdcdb414600408b847a91553f5b3f7a33add81db2b6b4f4ac566"",""pdf_page"":59,""printed_page"":""32""}",202
[],31b70347fc5fc7e995fa8d90c2b13a323b34b50563990394ddf53a7ff085e884,[],ibc2018:definition:cea6b1c2a288a22c9484688b,[],NOMINAL SIZE (LUMBER),NOMINAL SIZE (LUMBER),definition,verified,code_wide_unless_context_limits,"{""appendix"":null,""bbox"":[305.991,495.76,551.85,559.761],""chapter"":""2"",""line_id"":null,""observed_text_sha256"":""31b70347fc5fc7e995fa8d90c2b13a323b34b50563990394ddf53a7ff085e884"",""pdf_page"":59,""printed_page"":""32""}",202
[],5a5c14ebcb4505788bb97f1d040f3ced4badb0c489fde393520633a4775e4ea7,[],ibc2018:definition:9936bf3801d84fd7f277735b,[],NONCOMBUSTIBLE MEMBRANE STRUCTURE,NONCOMBUSTIBLE MEMBRANE STRUCTURE,definition,verified,code_wide_unless_context_limits,"{""appendix"":null,""bbox"":[305.991,564.84,551.939,595.783],""chapter"":""2"",""line_id"":null,""observed_text_sha256"":""5a5c14ebcb4505788bb97f1d040f3ced4badb0c489fde393520633a4775e4ea7"",""pdf_page"":59,""printed_page"":""32""}",202
[],8f01b26b067ee8ffac60d370f0cc43a663fa87d247f77d30768f9cdcfc4b352d,[],ibc2018:definition:5f0cea14b08b003a754f463b,[],NONSTRUCTURAL CONCRETE,NONSTRUCTURAL CONCRETE,definition,verified,code_wide_unless_context_limits,"{""appendix"":null,""bbox"":[305.99,600.727,552.12,642.816],""chapter"":""2"",""line_id"":null,""observed_text_sha256"":""8f01b26b067ee8ffac60d370f0cc43a663fa87d247f77d30768f9cdcfc4b352d"",""pdf_page"":59,""printed_page"":""32""}",202
[],31664a9aee931cfdc9c6853f68627368634a2369a4eaba607b748e215f65e915,[],ibc2018:definition:0a8e00110d1cb68be61672e2,[],NORMAL TEMPERATURE AND PRESSURE (NTP),NORMAL TEMPERATURE AND PRESSURE (NTP),definition,verified,code_wide_unless_context_limits,"{""appendix"":null,""bbox"":[305.99,647.729,551.915,678.783],""chapter"":""2"",""line_id"":null,""observed_text_sha256"":""31664a9aee931cfdc9c6853f68627368634a2369a4eaba607b748e215f65e915"",""pdf_page"":59,""printed_page"":""32""}",202
[],b82f80e1e7f0a579e99ddb908a6204ad263230c9ca61b08fbab73a925286a1a8,[],ibc2018:definition:c32993d0adb6b6e487eaf0a7,[],NOSING,NOSING,definition,verified,code_wide_unless_context_limits,"{""appendix"":null,""bbox"":[305.99,683.591,552.469,703.737],""chapter"":""2"",""line_id"":null,""observed_text_sha256"":""b82f80e1e7f0a579e99ddb908a6204ad263230c9ca61b08fbab73a925286a1a8"",""pdf_page"":59,""printed_page"":""32""}",202
[],386abbfa1003c63450697a07d867379fac1e8303e1b4c5d8fe61f0d5ee933d45,[],ibc2018:definition:f9bb7f70faf6284ec4b04fa4,[],NOTIFICATION ZONE,NOTIFICATION ZONE,definition,verified,code_wide_unless_context_limits,"{""appendix"":null,""bbox"":[305.991,708.736,517.05,717.792],""chapter"":""2"",""line_id"":null,""observed_text_sha256"":""386abbfa1003c63450697a07d867379fac1e8303e1b4c5d8fe61f0d5ee933d45"",""pdf_page"":59,""printed_page"":""32""}",202
[],d65290fcbaccce6d6ad4280b1f7d8bd3c22245d3765d28952255978d28182b60,[],ibc2018:definition:9212b787c2f407b0142bd20c,[],NUISANCE ALARM,NUISANCE ALARM,definition,verified,code_wide_unless_context_limits,"{""appendix"":null,""bbox"":[305.991,722.68,552.105,742.747],""chapter"":""2"",""line_id"":null,""observed_text_sha256"":""d65290fcbaccce6d6ad4280b1f7d8bd3c22245d3765d28952255978d28182b60"",""pdf_page"":59,""printed_page"":""32""}",202
[],f008bb5e3a90a5387b632d35b27dfac2fdb4fcaf7968ea560e18728e08d68e5f,[],ibc2018:definition:66baf80edd4b132bd92ca9be,[],NURSING HOMES,NURSING HOMES,definition,verified,code_wide_unless_context_limits,"{""appendix"":null,""bbox"":[59.95,102.795,305.706,144.829],""chapter"":""2"",""line_id"":null,""observed_text_sha256"":""f008bb5e3a90a5387b632d35b27dfac2fdb4fcaf7968ea560e18728e08d68e5f"",""pdf_page"":60,""printed_page"":""33""}",202
[],57683fd5d66723cb8d00212adddd9a56d77bbb68d13498e559d639af6e5efaae,[],ibc2018:definition:623ea4fccb2dd42078111f2a,[],OCCUPANT LOAD,OCCUPANT LOAD,definition,verified,code_wide_unless_context_limits,"{""appendix"":null,""bbox"":[59.95,149.662,306.129,180.795],""chapter"":""2"",""line_id"":null,""observed_text_sha256"":""57683fd5d66723cb8d00212adddd9a56d77bbb68d13498e559d639af6e5efaae"",""pdf_page"":60,""printed_page"":""33""}",202
[],c5ad8e519a5b67744a569549ae21462bc0077709f1475fd87e8ca92749bf4e87,[],ibc2018:definition:b0f068ecf3344c3a6a58d831,[],OCCUPIABLE SPACE,OCCUPIABLE SPACE,definition,verified,code_wide_unless_context_limits,"{""appendix"":null,""bbox"":[59.95,185.683,305.938,249.795],""chapter"":""2"",""line_id"":null,""observed_text_sha256"":""c5ad8e519a5b67744a569549ae21462bc0077709f1475fd87e8ca92749bf4e87"",""pdf_page"":60,""printed_page"":""33""}",202
[],0cb456e705f14f444cabf65529dd0dd7e9f7c60b148467c1aafe01a592b5eb9f,[],ibc2018:definition:0cff74fe51f39f099bedbcb2,[],OPEN PARKING GARAGE,OPEN PARKING GARAGE,definition,verified,code_wide_unless_context_limits,"{""appendix"":null,""bbox"":[59.95,254.684,305.854,274.75],""chapter"":""2"",""line_id"":null,""observed_text_sha256"":""0cb456e705f14f444cabf65529dd0dd7e9f7c60b148467c1aafe01a592b5eb9f"",""pdf_page"":60,""printed_page"":""33""}",202
[],10307a85da51628815c0690815c7d6f692a2e536c6d7de3a107583c1f17292ea,[],ibc2018:definition:64ce5497b6f8429d3a3b5d48,[],OPEN SYSTEM,OPEN SYSTEM,definition,verified,code_wide_unless_context_limits,"{""appendix"":null,""bbox"":[59.95,312.648,305.924,387.74],""chapter"":""2"",""line_id"":null,""observed_text_sha256"":""10307a85da51628815c0690815c7d6f692a2e536c6d7de3a107583c1f17292ea"",""pdf_page"":60,""printed_page"":""33""}",202
[],d800067d9c9f0eb5265149837ebab0f495205c9b7e81a1dc5fcd151110dc2a0b,[],ibc2018:definition:5c3ea9d12e6f1e9161ddf75c,[],OPEN-AIR ASSEMBLY SEATING,OPEN-AIR ASSEMBLY SEATING,definition,verified,code_wide_unless_context_limits,"{""appendix"":null,""bbox"":[59.95,392.628,305.881,423.762],""chapter"":""2"",""line_id"":null,""observed_text_sha256"":""d800067d9c9f0eb5265149837ebab0f495205c9b7e81a1dc5fcd151110dc2a0b"",""pdf_page"":60,""printed_page"":""33""}",202
[],c1d9d5117f5c877ed68be782ef32bf98e3db2985af74cf959cf946ec98488ffc,[],ibc2018:definition:5cdc8bd2edb2deec182c8881,[],OPEN-ENDED CORRIDOR,OPEN-ENDED CORRIDOR,definition,verified,code_wide_unless_context_limits,"{""appendix"":null,""bbox"":[59.95,428.65,306.048,470.684],""chapter"":""2"",""line_id"":null,""observed_text_sha256"":""c1d9d5117f5c877ed68be782ef32bf98e3db2985af74cf959cf946ec98488ffc"",""pdf_page"":60,""printed_page"":""33""}",202
[],87a54cec9203571179362d204e867c63f7dcb9eb91702f493077188df4f8fe1e,[],ibc2018:definition:9e05b1737c778851c8639179,[],OPENING PROTECTIVE,OPENING PROTECTIVE,definition,verified,code_wide_unless_context_limits,"{""appendix"":null,""bbox"":[59.951,475.683,306.105,506.65],""chapter"":""2"",""line_id"":null,""observed_text_sha256"":""87a54cec9203571179362d204e867c63f7dcb9eb91702f493077188df4f8fe1e"",""pdf_page"":60,""printed_page"":""33""}",202
[],781c4f39964c50820add526d1a2b7aa790697a6a30e151759ca535905bbd4cd1,[],ibc2018:definition:8226ecb2499a2e7707547475,[],OPERATING BUILDING,OPERATING BUILDING,definition,verified,code_wide_unless_context_limits,"{""appendix"":null,""bbox"":[59.95,511.649,305.805,553.683],""chapter"":""2"",""line_id"":null,""observed_text_sha256"":""781c4f39964c50820add526d1a2b7aa790697a6a30e151759ca535905bbd4cd1"",""pdf_page"":60,""printed_page"":""33""}",202
[],1ce93e6235278bde6db30b866c63125ab1f614586946306df0c0c393403108ac,[],ibc2018:definition:7403f8b5c74d59b13671db63,[],ORDINARY PRECAST STRUCTURAL WALL,ORDINARY PRECAST STRUCTURAL WALL,definition,verified,code_wide_unless_context_limits,"{""appendix"":null,""bbox"":[59.95,558.762,305.606,578.638],""chapter"":""2"",""line_id"":null,""observed_text_sha256"":""1ce93e6235278bde6db30b866c63125ab1f614586946306df0c0c393403108ac"",""pdf_page"":60,""printed_page"":""33""}",202
[],14d637bda38f1f7f8900c3612ef13d421a37701c0c61960c0769e6d6ff851c9f,[],ibc2018:definition:1b191c0c6038cb861d7c40db,[],ORDINARY REINFORCED CONCRETE STRUCTURAL WALL,ORDINARY REINFORCED CONCRETE STRUCTURAL WALL,definition,verified,code_wide_unless_context_limits,"{""appendix"":null,""bbox"":[59.95,583.718,305.491,603.759],""chapter"":""2"",""line_id"":null,""observed_text_sha256"":""14d637bda38f1f7f8900c3612ef13d421a37701c0c61960c0769e6d6ff851c9f"",""pdf_page"":60,""printed_page"":""33""}",202
[],2d9af16123dbc718fa0ae71ec66fe32096185adffe7f3304407c31c012404491,[],ibc2018:definition:cfce52c1ec16cf6ff2023c73,[],WALL,WALL,definition,verified,code_wide_unless_context_limits,"{""appendix"":null,""bbox"":[59.951,619.659,181.767,628.715],""chapter"":""2"",""line_id"":null,""observed_text_sha256"":""2d9af16123dbc718fa0ae71ec66fe32096185adffe7f3304407c31c012404491"",""pdf_page"":60,""printed_page"":""33""}",202
[],26d8e277ab24f1dfb11745cbc5a9605f07dcf0fb22b154cd7e2423a270f56e3d,[],ibc2018:definition:0023bafe7ef6805cedaf6a29,[],ORGANIC PEROXIDE,ORGANIC PEROXIDE,definition,verified,code_wide_unless_context_limits,"{""appendix"":null,""bbox"":[59.95,77.617,572.062,697.66],""chapter"":""2"",""line_id"":null,""observed_text_sha256"":""26d8e277ab24f1dfb11745cbc5a9605f07dcf0fb22b154cd7e2423a270f56e3d"",""pdf_page"":60,""printed_page"":""33""}",202
[],49f2c850b003980aa94dabf7410c8712287576a5df1a6fcd2161eeb7a058cc53,[],ibc2018:definition:d8b2fcc4bcf70750fd043f29,[],ORTHOGONAL,ORTHOGONAL,definition,verified,code_wide_unless_context_limits,"{""appendix"":null,""bbox"":[325.99,285.78,571.821,341.702],""chapter"":""2"",""line_id"":null,""observed_text_sha256"":""49f2c850b003980aa94dabf7410c8712287576a5df1a6fcd2161eeb7a058cc53"",""pdf_page"":60,""printed_page"":""33""}",202
[],050bc61edb6ac1a97a629bba591f65a8dd1d0fad84df87bbbcc991f806fe6082,[],ibc2018:definition:949623658e12ee1b638f499c,[],OUTPATIENT CLINIC,OUTPATIENT CLINIC,definition,verified,code_wide_unless_context_limits,"{""appendix"":null,""bbox"":[325.99,346.702,535.479,355.757],""chapter"":""2"",""line_id"":null,""observed_text_sha256"":""050bc61edb6ac1a97a629bba591f65a8dd1d0fad84df87bbbcc991f806fe6082"",""pdf_page"":60,""printed_page"":""33""}",202
[],71ff49d4d1df13bd76d38d8f66272e4d5f6ff043e11674ece140dd2454dbb170,[],ibc2018:definition:cb7df6c7ebff5f884dd7f4d5,[],OWNER,OWNER,definition,verified,code_wide_unless_context_limits,"{""appendix"":null,""bbox"":[325.99,360.756,572.572,446.724],""chapter"":""2"",""line_id"":null,""observed_text_sha256"":""71ff49d4d1df13bd76d38d8f66272e4d5f6ff043e11674ece140dd2454dbb170"",""pdf_page"":60,""printed_page"":""33""}",202
[],d7cda09af2dd791893d18f21373a5b32e5816faa538c0570d9aa274d463bcf1d,[],ibc2018:definition:935421f736988d5190ad0664,[],OXIDIZER,OXIDIZER,definition,verified,code_wide_unless_context_limits,"{""appendix"":null,""bbox"":[325.99,451.668,572.635,681.723],""chapter"":""2"",""line_id"":null,""observed_text_sha256"":""d7cda09af2dd791893d18f21373a5b32e5816faa538c0570d9aa274d463bcf1d"",""pdf_page"":60,""printed_page"":""33""}",202
[],c7d43112e0b5c7ceb5f6eb24585a7fa48987080e3dba75e20ffa0da954c21f7a,[],ibc2018:definition:64006dc9d15c63a7ae88b8be,[],OXIDIZING GAS,OXIDIZING GAS,definition,verified,code_wide_unless_context_limits,"{""appendix"":null,""bbox"":[325.989,686.612,571.819,706.678],""chapter"":""2"",""line_id"":null,""observed_text_sha256"":""c7d43112e0b5c7ceb5f6eb24585a7fa48987080e3dba75e20ffa0da954c21f7a"",""pdf_page"":60,""printed_page"":""33""}",202
[],9108cdb886852175b8a46028664b446b540d77c47bfa08fe7c78543986992317,[],ibc2018:definition:2fe76d811c5214cdff50e2e2,[],PANEL (PART OF A STRUCTURE),PANEL (PART OF A STRUCTURE),definition,verified,code_wide_unless_context_limits,"{""appendix"":null,""bbox"":[40.05,77.674,286.529,119.763],""chapter"":""2"",""line_id"":null,""observed_text_sha256"":""9108cdb886852175b8a46028664b446b540d77c47bfa08fe7c78543986992317"",""pdf_page"":61,""printed_page"":""34""}",202
[],d177d4cb91ba632a98ef0f60d32c52d9ec301d6dcf692d2462b35be3b74e5346,[],ibc2018:definition:9f435abd83059e584ef136c9,[],PANIC HARDWARE,PANIC HARDWARE,definition,verified,code_wide_unless_context_limits,"{""appendix"":null,""bbox"":[40.051,126.145,285.927,168.179],""chapter"":""2"",""line_id"":null,""observed_text_sha256"":""d177d4cb91ba632a98ef0f60d32c52d9ec301d6dcf692d2462b35be3b74e5346"",""pdf_page"":61,""printed_page"":""34""}",202
[],36b7b9fa98ebe459057c313d575c0fbb4cdbda4aadf7909a1e8c196422c3daeb,[],ibc2018:definition:de9a9787d32b7e12948a2d89,[],PARTICLEBOARD,PARTICLEBOARD,definition,verified,code_wide_unless_context_limits,"{""appendix"":null,""bbox"":[40.051,174.506,286.182,249.518],""chapter"":""2"",""line_id"":null,""observed_text_sha256"":""36b7b9fa98ebe459057c313d575c0fbb4cdbda4aadf7909a1e8c196422c3daeb"",""pdf_page"":61,""printed_page"":""34""}",202
[],248e54d8f1de32f52e54ccbada72ed7faf9d92108f50b547b61f9ad9e5663c75,[],ibc2018:definition:114b94c2b7a69c3f9cf43762,[],PENETRATION FIRESTOP,PENETRATION FIRESTOP,definition,verified,code_wide_unless_context_limits,"{""appendix"":null,""bbox"":[40.052,255.956,286.124,276.023],""chapter"":""2"",""line_id"":null,""observed_text_sha256"":""248e54d8f1de32f52e54ccbada72ed7faf9d92108f50b547b61f9ad9e5663c75"",""pdf_page"":61,""printed_page"":""34""}",202
[],63ddb45313441d83a7fb7b02ef9589393f8e57f1e955fc516437861bc59e5dfe,[],ibc2018:definition:f9e8bb7574656ad18303446b,[],PENTHOUSE,PENTHOUSE,definition,verified,code_wide_unless_context_limits,"{""appendix"":null,""bbox"":[40.052,282.35,286.012,324.384],""chapter"":""2"",""line_id"":null,""observed_text_sha256"":""63ddb45313441d83a7fb7b02ef9589393f8e57f1e955fc516437861bc59e5dfe"",""pdf_page"":61,""printed_page"":""34""}",202
[],04c8af14ca3ed96ca14d0a8f35dc7c09a761f1a5d86feb0dfa40fe85896d04f9,[],ibc2018:definition:faff6c596c9d470ab3827e5f,[],PERFORMANCE CATEGORY,PERFORMANCE CATEGORY,definition,verified,code_wide_unless_context_limits,"{""appendix"":null,""bbox"":[40.053,330.822,286.587,361.844],""chapter"":""2"",""line_id"":null,""observed_text_sha256"":""04c8af14ca3ed96ca14d0a8f35dc7c09a761f1a5d86feb0dfa40fe85896d04f9"",""pdf_page"":61,""printed_page"":""34""}",202
[],6cb3e16ee45f73455b1924bc523b7b8fd2f639cc14ef46564bae50bbf5ca9dad,[],ibc2018:definition:dbc987bf2cd7c5ae607dcf30,[],PERMIT,PERMIT,definition,verified,code_wide_unless_context_limits,"{""appendix"":null,""bbox"":[40.053,368.227,285.791,399.249],""chapter"":""2"",""line_id"":null,""observed_text_sha256"":""6cb3e16ee45f73455b1924bc523b7b8fd2f639cc14ef46564bae50bbf5ca9dad"",""pdf_page"":61,""printed_page"":""34""}",202
[],815b9d04722f9844d4f4b9aea3a835f1a42346ec63642b2b290bf856fc68fe5f,[],ibc2018:definition:18992bf003b6f008061e5d83,[],PERSON,PERSON,definition,verified,code_wide_unless_context_limits,"{""appendix"":null,""bbox"":[40.052,405.687,286.586,447.721],""chapter"":""2"",""line_id"":null,""observed_text_sha256"":""815b9d04722f9844d4f4b9aea3a835f1a42346ec63642b2b290bf856fc68fe5f"",""pdf_page"":61,""printed_page"":""34""}",202
[],38dbe87645d3728d59cc1fd76865a6f1691d71aa8b1a22dd8b5b3c0416aee362,[],ibc2018:definition:1b90131d2bfe2b391f937455,[],PERSONAL CARE SERVICE,PERSONAL CARE SERVICE,definition,verified,code_wide_unless_context_limits,"{""appendix"":null,""bbox"":[40.052,454.048,285.901,496.082],""chapter"":""2"",""line_id"":null,""observed_text_sha256"":""38dbe87645d3728d59cc1fd76865a6f1691d71aa8b1a22dd8b5b3c0416aee362"",""pdf_page"":61,""printed_page"":""34""}",202
[],9b08dc38194e235909c5c7cac1ce98a033732d6f219b8515ba0014146f4541e7,[],ibc2018:definition:4a5de7e4ccd0d4ac9d590634,[],PHOTOLUMINESCENT,PHOTOLUMINESCENT,definition,verified,code_wide_unless_context_limits,"{""appendix"":null,""bbox"":[40.053,502.464,286.532,533.487],""chapter"":""2"",""line_id"":null,""observed_text_sha256"":""9b08dc38194e235909c5c7cac1ce98a033732d6f219b8515ba0014146f4541e7"",""pdf_page"":61,""printed_page"":""34""}",202
[],38a1111e404e75cd87a5ca95f12d5e2e9accb6cd10bc9d21e8b294e406b8f789,[],ibc2018:definition:714d29b4baf077a426989837,[],PHOTOVOLTAIC MODULE,PHOTOVOLTAIC MODULE,definition,verified,code_wide_unless_context_limits,"{""appendix"":null,""bbox"":[40.052,539.925,286.078,581.959],""chapter"":""2"",""line_id"":null,""observed_text_sha256"":""38a1111e404e75cd87a5ca95f12d5e2e9accb6cd10bc9d21e8b294e406b8f789"",""pdf_page"":61,""printed_page"":""34""}",202
[],012032bf74ba8ceee3ad59c5a94ebdc28d99749735051fa1a99400ed6abf98c5,[],ibc2018:definition:06db8aa1334365c6fb7b19af,[],PHOTOVOLTAIC PANEL,PHOTOVOLTAIC PANEL,definition,verified,code_wide_unless_context_limits,"{""appendix"":null,""bbox"":[40.052,588.286,285.658,619.364],""chapter"":""2"",""line_id"":null,""observed_text_sha256"":""012032bf74ba8ceee3ad59c5a94ebdc28d99749735051fa1a99400ed6abf98c5"",""pdf_page"":61,""printed_page"":""34""}",202
[],a9c51340f050587c7c862dac99e1371d482a48a06f467935891473ba404de18e,[],ibc2018:definition:19a003a2c9062da9206792a1,[],PHOTOVOLTAIC PANEL SYSTEM,PHOTOVOLTAIC PANEL SYSTEM,definition,verified,code_wide_unless_context_limits,"{""appendix"":null,""bbox"":[40.053,625.691,286.255,656.824],""chapter"":""2"",""line_id"":null,""observed_text_sha256"":""a9c51340f050587c7c862dac99e1371d482a48a06f467935891473ba404de18e"",""pdf_page"":61,""printed_page"":""34""}",202
[],44a56d1b8b7f12ab6878e36cc3cf1c7461a4895a1e8de9b984b551ed45ef7720,[],ibc2018:definition:7a24dd99ff2cc9fcb9a803f4,[],PHOTOVOLTAIC SHINGLES,PHOTOVOLTAIC SHINGLES,definition,verified,code_wide_unless_context_limits,"{""appendix"":null,""bbox"":[40.053,663.071,285.94,683.218],""chapter"":""2"",""line_id"":null,""observed_text_sha256"":""44a56d1b8b7f12ab6878e36cc3cf1c7461a4895a1e8de9b984b551ed45ef7720"",""pdf_page"":61,""printed_page"":""34""}",202
[],966f7085d869f8c2fc0c015de382aa244e18dd26079fa206cbd19b9bce727802,[],ibc2018:definition:09245afab614af55d7e9256c,[],PHYSICAL HAZARD,PHYSICAL HAZARD,definition,verified,code_wide_unless_context_limits,"{""appendix"":null,""bbox"":[40.052,77.593,551.654,742.812],""chapter"":""2"",""line_id"":null,""observed_text_sha256"":""966f7085d869f8c2fc0c015de382aa244e18dd26079fa206cbd19b9bce727802"",""pdf_page"":61,""printed_page"":""34""}",202
[],86b83c95cf257c1d20f018e386b3b02d29504c45d786ad98362197b37336286d,[],ibc2018:definition:9867271ccc474c48e79e1917,[],LEVEL,LEVEL,definition,verified,code_wide_unless_context_limits,"{""appendix"":null,""bbox"":[305.982,114.027,551.955,222.102],""chapter"":""2"",""line_id"":null,""observed_text_sha256"":""86b83c95cf257c1d20f018e386b3b02d29504c45d786ad98362197b37336286d"",""pdf_page"":61,""printed_page"":""34""}",202
[],3576843b101e23bfca69a69f6f1a7cc32ec8f9f37610a6d5f6084f70ccdade83,[],ibc2018:definition:08897d6b75b973a6e31b67a1,[],PLACE OF RELIGIOUS WORSHIP,PLACE OF RELIGIOUS WORSHIP,definition,verified,code_wide_unless_context_limits,"{""appendix"":null,""bbox"":[306.029,227.433,551.62,247.389],""chapter"":""2"",""line_id"":null,""observed_text_sha256"":""3576843b101e23bfca69a69f6f1a7cc32ec8f9f37610a6d5f6084f70ccdade83"",""pdf_page"":61,""printed_page"":""34""}",202
[],a56f7584196fe0bb9aaa042c8b4abad405c284b1739e4a52e95b6d37debbab61,[],ibc2018:definition:4d5bfe7365ae5187db6e97ed,[],"PLASTIC, APPROVED","PLASTIC, APPROVED",definition,verified,code_wide_unless_context_limits,"{""appendix"":null,""bbox"":[306.029,252.72,551.817,294.809],""chapter"":""2"",""line_id"":null,""observed_text_sha256"":""a56f7584196fe0bb9aaa042c8b4abad405c284b1739e4a52e95b6d37debbab61"",""pdf_page"":61,""printed_page"":""34""}",202
[],4f497e57316518f0675812324b4eee1cbf917eac9fa7e9f05d550b386f79753c,[],ibc2018:definition:32b7c76db6ddbe8c04d2d286,[],PLASTIC COMPOSITE,PLASTIC COMPOSITE,definition,verified,code_wide_unless_context_limits,"{""appendix"":null,""bbox"":[306.03,300.03,552.094,330.997],""chapter"":""2"",""line_id"":null,""observed_text_sha256"":""4f497e57316518f0675812324b4eee1cbf917eac9fa7e9f05d550b386f79753c"",""pdf_page"":61,""printed_page"":""34""}",202
[],0c47b070a4bdc9045548c77a103ba60a7c5e370caea0d0b483718b1e3c6bde12,[],ibc2018:definition:be96a22329a614e487c98d42,[],PLASTIC GLAZING,PLASTIC GLAZING,definition,verified,code_wide_unless_context_limits,"{""appendix"":null,""bbox"":[306.03,336.383,551.927,356.45],""chapter"":""2"",""line_id"":null,""observed_text_sha256"":""0c47b070a4bdc9045548c77a103ba60a7c5e370caea0d0b483718b1e3c6bde12"",""pdf_page"":61,""printed_page"":""34""}",202
[],d3d2d2d7e3a4cd7958b768fa0d0cb12e92ad84a8337bbe8befcc73964dbcfde7,[],ibc2018:definition:1a7731434df9858ab666da26,[],PLASTIC LUMBER,PLASTIC LUMBER,definition,verified,code_wide_unless_context_limits,"{""appendix"":null,""bbox"":[306.031,361.671,551.856,392.693],""chapter"":""2"",""line_id"":null,""observed_text_sha256"":""d3d2d2d7e3a4cd7958b768fa0d0cb12e92ad84a8337bbe8befcc73964dbcfde7"",""pdf_page"":61,""printed_page"":""34""}",202
[],1a3fb3c947a7c82aa40a8f72d586a80eb6805656f4acd9ffdc2a8c1a5f075eac,[],ibc2018:definition:46350d4d241a39b02fb93beb,[],PLATFORM,PLATFORM,definition,verified,code_wide_unless_context_limits,"{""appendix"":null,""bbox"":[306.031,398.024,552.044,495.004],""chapter"":""2"",""line_id"":null,""observed_text_sha256"":""1a3fb3c947a7c82aa40a8f72d586a80eb6805656f4acd9ffdc2a8c1a5f075eac"",""pdf_page"":61,""printed_page"":""34""}",202
[],4467e6314ffcf6263bdaeccb28417c13a030115d42fb2f9e3ce8490c30e87de3,[],ibc2018:definition:cce6cca6bb51fb95a73fcdc4,[],POLYPROPYLENE SIDING,POLYPROPYLENE SIDING,definition,verified,code_wide_unless_context_limits,"{""appendix"":null,""bbox"":[306.032,500.39,551.634,542.424],""chapter"":""2"",""line_id"":null,""observed_text_sha256"":""4467e6314ffcf6263bdaeccb28417c13a030115d42fb2f9e3ce8490c30e87de3"",""pdf_page"":61,""printed_page"":""34""}",202
[],9ea7ede6617257eb4b680d6559d79f2f7bae23cbc94c8e44b12157bb928add94,[],ibc2018:definition:6a95ff4ab0245523952cbc45,[],PORCELAIN TILE,PORCELAIN TILE,definition,verified,code_wide_unless_context_limits,"{""appendix"":null,""bbox"":[306.032,547.645,551.936,589.679],""chapter"":""2"",""line_id"":null,""observed_text_sha256"":""9ea7ede6617257eb4b680d6559d79f2f7bae23cbc94c8e44b12157bb928add94"",""pdf_page"":61,""printed_page"":""34""}",202
[],6480961db65fa352ba3e73b46346f2a2e193ed69829c815a4946ccab19906767,[],ibc2018:definition:87f6fe67b6f10aaa462887b7,[],POSITIVE ROOF DRAINAGE,POSITIVE ROOF DRAINAGE,definition,verified,code_wide_unless_context_limits,"{""appendix"":null,""bbox"":[306.032,595.01,552.456,647.999],""chapter"":""2"",""line_id"":null,""observed_text_sha256"":""6480961db65fa352ba3e73b46346f2a2e193ed69829c815a4946ccab19906767"",""pdf_page"":61,""printed_page"":""34""}",202
[],431abfceaf36494e7bcc7fc260127f19dafc6fc9deccbfbda200a6e8d72ccb34,[],ibc2018:definition:c0ad192e6c14c92dd4d7cfa5,[],POWER-ASSISTED DOOR,POWER-ASSISTED DOOR,definition,verified,code_wide_unless_context_limits,"{""appendix"":null,""bbox"":[306.032,653.331,552.03,717.332],""chapter"":""2"",""line_id"":null,""observed_text_sha256"":""431abfceaf36494e7bcc7fc260127f19dafc6fc9deccbfbda200a6e8d72ccb34"",""pdf_page"":61,""printed_page"":""34""}",202
[],11642d39cb24b45a034c58f17d31a6c40536e88acff1a1a0a0bb919bbdc28d8b,[],ibc2018:definition:3890c8b98e7d0981667ccb72,[],POWER-OPERATED DOOR,POWER-OPERATED DOOR,definition,verified,code_wide_unless_context_limits,"{""appendix"":null,""bbox"":[306.033,722.552,551.977,742.674],""chapter"":""2"",""line_id"":null,""observed_text_sha256"":""11642d39cb24b45a034c58f17d31a6c40536e88acff1a1a0a0bb919bbdc28d8b"",""pdf_page"":61,""printed_page"":""34""}",202
[],0fe16a1e125f81b59ab834f41a3559c4b732adb72c7dcec119438c54816f313c,[],ibc2018:definition:e95227fda7075684af6cd6d4,[],PREFABRICATED WOOD I-JOIST,PREFABRICATED WOOD I-JOIST,definition,verified,code_wide_unless_context_limits,"{""appendix"":null,""bbox"":[59.95,136.382,305.969,189.427],""chapter"":""2"",""line_id"":null,""observed_text_sha256"":""0fe16a1e125f81b59ab834f41a3559c4b732adb72c7dcec119438c54816f313c"",""pdf_page"":62,""printed_page"":""35""}",202
[],d9d82287cfdce3ac25af0a65012e83395c8b3e44a6c8d1f4c36dc8326d3562d4,[],ibc2018:definition:50a2bdc3f22a6d6fcc5a9630,[],PRESTRESSED MASONRY,PRESTRESSED MASONRY,definition,verified,code_wide_unless_context_limits,"{""appendix"":null,""bbox"":[59.95,194.955,305.857,226.057],""chapter"":""2"",""line_id"":null,""observed_text_sha256"":""d9d82287cfdce3ac25af0a65012e83395c8b3e44a6c8d1f4c36dc8326d3562d4"",""pdf_page"":62,""printed_page"":""35""}",202
[],bcaf3b0799cc3faf1b7dc0c30c07d813b412196a74658ba553c90a1cd995050d,[],ibc2018:definition:4bc8474ea76a1bf3a8b1e5b5,[],PRIMARY STRUCTURAL FRAME,PRIMARY STRUCTURAL FRAME,definition,verified,code_wide_unless_context_limits,"{""appendix"":null,""bbox"":[60.006,231.61,305.771,262.633],""chapter"":""2"",""line_id"":null,""observed_text_sha256"":""bcaf3b0799cc3faf1b7dc0c30c07d813b412196a74658ba553c90a1cd995050d"",""pdf_page"":62,""printed_page"":""35""}",202
[],3feaff241c331fecfcd634f433cfdf27ecf05eece8ab0acee5415c67f9c41668,[],ibc2018:definition:9cd33f4d5478c3e88b879d7b,[],PRIVATE GARAGE,PRIVATE GARAGE,definition,verified,code_wide_unless_context_limits,"{""appendix"":null,""bbox"":[60.006,403.806,305.952,456.851],""chapter"":""2"",""line_id"":null,""observed_text_sha256"":""3feaff241c331fecfcd634f433cfdf27ecf05eece8ab0acee5415c67f9c41668"",""pdf_page"":62,""printed_page"":""35""}",202
[],ac37cee617344a2ffc76e8e07c81ceb29d4f7746bb4f6e78861c15dcab1fefb1,[],ibc2018:definition:e7ba3f8f0a2c08b0650e39af,[],PROSCENIUM WALL,PROSCENIUM WALL,definition,verified,code_wide_unless_context_limits,"{""appendix"":null,""bbox"":[60.007,462.459,305.8,482.525],""chapter"":""2"",""line_id"":null,""observed_text_sha256"":""ac37cee617344a2ffc76e8e07c81ceb29d4f7746bb4f6e78861c15dcab1fefb1"",""pdf_page"":62,""printed_page"":""35""}",202
[],88cf478373e7b04946755d99ab9c67b7fc6452d28258003d9773bad20fba1463,[],ibc2018:definition:72542cd7b61c7293cd0f8815,[],PSYCHIATRIC HOSPITALS,PSYCHIATRIC HOSPITALS,definition,verified,code_wide_unless_context_limits,"{""appendix"":null,""bbox"":[60.008,488.133,260.371,497.189],""chapter"":""2"",""line_id"":null,""observed_text_sha256"":""88cf478373e7b04946755d99ab9c67b7fc6452d28258003d9773bad20fba1463"",""pdf_page"":62,""printed_page"":""35""}",202
[],1bd63c56f7c4a95e8f56da9910ee833782db057d023aab54fb5b52084c93de1c,[],ibc2018:definition:20769473bc807063d7f39372,[],PUBLIC ENTRANCE,PUBLIC ENTRANCE,definition,verified,code_wide_unless_context_limits,"{""appendix"":null,""bbox"":[60.007,502.661,305.573,522.863],""chapter"":""2"",""line_id"":null,""observed_text_sha256"":""1bd63c56f7c4a95e8f56da9910ee833782db057d023aab54fb5b52084c93de1c"",""pdf_page"":62,""printed_page"":""35""}",202
[],e23931f80ceb89f7e1df2406c33f805905795d978df8733d0559515d967769c6,[],ibc2018:definition:cabc9210495257db1bef6c82,[],PUBLIC WAY,PUBLIC WAY,definition,verified,code_wide_unless_context_limits,"{""appendix"":null,""bbox"":[59.951,528.471,305.976,581.405],""chapter"":""2"",""line_id"":null,""observed_text_sha256"":""e23931f80ceb89f7e1df2406c33f805905795d978df8733d0559515d967769c6"",""pdf_page"":62,""printed_page"":""35""}",202
[],9928ea4a15a8ecb0515086814dc3e4b5b64729fc3e565e161d5de41291db60fd,[],ibc2018:definition:c8ea3151da8ca59dabe7567a,[],PUBLIC-USE AREAS,PUBLIC-USE AREAS,definition,verified,code_wide_unless_context_limits,"{""appendix"":null,""bbox"":[59.951,587.124,306.005,607.08],""chapter"":""2"",""line_id"":null,""observed_text_sha256"":""9928ea4a15a8ecb0515086814dc3e4b5b64729fc3e565e161d5de41291db60fd"",""pdf_page"":62,""printed_page"":""35""}",202
[],bd0eb978b79c3e4b40d4d380f50f5270e1c9369389ed11b5b04d4910c846efd1,[],ibc2018:definition:6cc9db7337dc9e9369e76e41,[],PYROPHORIC,PYROPHORIC,definition,verified,code_wide_unless_context_limits,"{""appendix"":null,""bbox"":[59.95,612.688,305.54,632.754],""chapter"":""2"",""line_id"":null,""observed_text_sha256"":""bd0eb978b79c3e4b40d4d380f50f5270e1c9369389ed11b5b04d4910c846efd1"",""pdf_page"":62,""printed_page"":""35""}",202
[],555982357d03039fd9da1a54234ebd7fa384ade80339c7c5a14c2416f30b6b83,[],ibc2018:definition:cb872525d9c2d7594fc3fdf2,[],PYROTECHNIC COMPOSITION,PYROTECHNIC COMPOSITION,definition,verified,code_wide_unless_context_limits,"{""appendix"":null,""bbox"":[59.949,638.362,305.951,680.396],""chapter"":""2"",""line_id"":null,""observed_text_sha256"":""555982357d03039fd9da1a54234ebd7fa384ade80339c7c5a14c2416f30b6b83"",""pdf_page"":62,""printed_page"":""35""}",202
[],7d436f954adb65c7a632f54d6652969f18c908dc69530f2cf5303551dbfaafe2,[],ibc2018:definition:8be668aff03c29a4505a3001,[],RADIANT BARRIER,RADIANT BARRIER,definition,verified,code_wide_unless_context_limits,"{""appendix"":null,""bbox"":[59.949,685.948,305.552,706.071],""chapter"":""2"",""line_id"":null,""observed_text_sha256"":""7d436f954adb65c7a632f54d6652969f18c908dc69530f2cf5303551dbfaafe2"",""pdf_page"":62,""printed_page"":""35""}",202
[],27f6adfd5a91d6ed4a979e4137f11261dfe8999fb7012e7c9ee5c86e606fc51a,[],ibc2018:definition:b8d754255e52bf579400b22b,[],RAMP,RAMP,definition,verified,code_wide_unless_context_limits,"{""appendix"":null,""bbox"":[59.949,711.623,305.995,742.646],""chapter"":""2"",""line_id"":null,""observed_text_sha256"":""27f6adfd5a91d6ed4a979e4137f11261dfe8999fb7012e7c9ee5c86e606fc51a"",""pdf_page"":62,""printed_page"":""35""}",202
[],94e5a4b12eb136d98c91a872d49a4fd4426a21da8984dc42d58cdb0366b370a9,[],ibc2018:definition:3ca985f6525ca6e079e0acfa,[],"RAMP, EXIT ACCESS","RAMP, EXIT ACCESS",definition,verified,code_wide_unless_context_limits,"{""appendix"":null,""bbox"":[325.99,77.618,527.945,86.674],""chapter"":""2"",""line_id"":null,""observed_text_sha256"":""94e5a4b12eb136d98c91a872d49a4fd4426a21da8984dc42d58cdb0366b370a9"",""pdf_page"":62,""printed_page"":""35""}",202
[],908f274f6da37ec1ec04e96511ae7b949a8aedf41ca597db7bb7968d880ef4cf,[],ibc2018:definition:63c6c2c6e45592611ae89f6a,[],"RAMP, EXTERIOR EXIT","RAMP, EXTERIOR EXIT",definition,verified,code_wide_unless_context_limits,"{""appendix"":null,""bbox"":[325.99,93.056,547.533,102.112],""chapter"":""2"",""line_id"":null,""observed_text_sha256"":""908f274f6da37ec1ec04e96511ae7b949a8aedf41ca597db7bb7968d880ef4cf"",""pdf_page"":62,""printed_page"":""35""}",202
[],3baf2d54cb7d8951557eac3c9a16ff38f83d19fb38a4336905bf358a2ac65668,[],ibc2018:definition:ee517a80fff3ae731420d8e3,[],"RAMP, INTERIOR EXIT","RAMP, INTERIOR EXIT",definition,verified,code_wide_unless_context_limits,"{""appendix"":null,""bbox"":[325.99,108.383,541.779,117.439],""chapter"":""2"",""line_id"":null,""observed_text_sha256"":""3baf2d54cb7d8951557eac3c9a16ff38f83d19fb38a4336905bf358a2ac65668"",""pdf_page"":62,""printed_page"":""35""}",202
[],db1a0719f1b3c7666bd98fbf07b7a9c3b290333c9e383655f1a7a81acb7f775a,[],ibc2018:definition:bfc22771fc6bc992120b79b9,[],RAMP-ACCESS OPEN PARKING GARAGES,RAMP-ACCESS OPEN PARKING GARAGES,definition,verified,code_wide_unless_context_limits,"{""appendix"":null,""bbox"":[325.99,123.957,572.017,176.922],""chapter"":""2"",""line_id"":null,""observed_text_sha256"":""db1a0719f1b3c7666bd98fbf07b7a9c3b290333c9e383655f1a7a81acb7f775a"",""pdf_page"":62,""printed_page"":""35""}",202
[],092a96d586a87ac4eaae708f5112882770d80eb7ccf5bea210ca4e20c472d3b3,[],ibc2018:definition:18fff4e09fa5df07c753ddca,[],RECORD DRAWINGS,RECORD DRAWINGS,definition,verified,code_wide_unless_context_limits,"{""appendix"":null,""bbox"":[325.989,183.249,572.009,225.283],""chapter"":""2"",""line_id"":null,""observed_text_sha256"":""092a96d586a87ac4eaae708f5112882770d80eb7ccf5bea210ca4e20c472d3b3"",""pdf_page"":62,""printed_page"":""35""}",202
[],2b2bdd5c560c7f6586a967dbb6e7b6c3bd2c9533437edd12a47fcab5a0bf4fdc,[],ibc2018:definition:8364550436f929fbccb42c11,[],REFLECTIVE PLASTIC CORE INSULATION,REFLECTIVE PLASTIC CORE INSULATION,definition,verified,code_wide_unless_context_limits,"{""appendix"":null,""bbox"":[325.989,231.72,572.016,284.968],""chapter"":""2"",""line_id"":null,""observed_text_sha256"":""2b2bdd5c560c7f6586a967dbb6e7b6c3bd2c9533437edd12a47fcab5a0bf4fdc"",""pdf_page"":62,""printed_page"":""35""}",202
[],65cba61eda1127c145718387fb60bb876561666c732127dd5dadeade27745a67,[],ibc2018:definition:6c881038f8cd7d4ddd7d1f4a,[],REGISTERED DESIGN PROFESSIONAL,REGISTERED DESIGN PROFESSIONAL,definition,verified,code_wide_unless_context_limits,"{""appendix"":null,""bbox"":[326.079,291.295,571.959,344.34],""chapter"":""2"",""line_id"":null,""observed_text_sha256"":""65cba61eda1127c145718387fb60bb876561666c732127dd5dadeade27745a67"",""pdf_page"":62,""printed_page"":""35""}",202
[],921f793ec589d56cc436d9b73fa1d8c872aad51e97890bc2a99dcfb83323cdaa,[],ibc2018:definition:a75bf8e30b8789b8070888e3,[],RESPONSIBLE CHARGE,RESPONSIBLE CHARGE,definition,verified,code_wide_unless_context_limits,"{""appendix"":null,""bbox"":[326.078,361.598,571.993,436.746],""chapter"":""2"",""line_id"":null,""observed_text_sha256"":""921f793ec589d56cc436d9b73fa1d8c872aad51e97890bc2a99dcfb83323cdaa"",""pdf_page"":62,""printed_page"":""35""}",202
[],fb1f984904b19a90837e858d9740f24d1156907833735e65bade5d40f5004dff,[],ibc2018:definition:758c5c48ade133dbd272a9db,[],"RELIGIOUS WORSHIP, PLACE OF","RELIGIOUS WORSHIP, PLACE OF",definition,verified,code_wide_unless_context_limits,"{""appendix"":null,""bbox"":[326.079,443.128,572.023,474.151],""chapter"":""2"",""line_id"":null,""observed_text_sha256"":""fb1f984904b19a90837e858d9740f24d1156907833735e65bade5d40f5004dff"",""pdf_page"":62,""printed_page"":""35""}",202
[],32685f3ccaa4dab4d1899dd9ebe3ac2d84806dcfa0ecf35f373ac037ef4750b9,[],ibc2018:definition:b63b0715487b3eab23e799f7,[],RELOCATABLE BUILDING,RELOCATABLE BUILDING,definition,verified,code_wide_unless_context_limits,"{""appendix"":null,""bbox"":[326.079,480.589,571.901,522.623],""chapter"":""2"",""line_id"":null,""observed_text_sha256"":""32685f3ccaa4dab4d1899dd9ebe3ac2d84806dcfa0ecf35f373ac037ef4750b9"",""pdf_page"":62,""printed_page"":""35""}",202
[],accea16987a110c467583a4a15c85930c15166aba389be3033ff0acb0eb36653,[],ibc2018:definition:775304b0326d3d0f67c540b1,[],REPAIR,REPAIR,definition,verified,code_wide_unless_context_limits,"{""appendix"":null,""bbox"":[326.079,528.95,572.447,559.918],""chapter"":""2"",""line_id"":null,""observed_text_sha256"":""accea16987a110c467583a4a15c85930c15166aba389be3033ff0acb0eb36653"",""pdf_page"":62,""printed_page"":""35""}",202
[],63ebbc24129aa33e3e8a6a215d4bcade502abc277e4c81a4107ff5c2e25a585a,[],ibc2018:definition:b2f802419ce2bb3d065b3e96,[],REPAIR GARAGE,REPAIR GARAGE,definition,verified,code_wide_unless_context_limits,"{""appendix"":null,""bbox"":[326.079,566.355,571.98,586.422],""chapter"":""2"",""line_id"":null,""observed_text_sha256"":""63ebbc24129aa33e3e8a6a215d4bcade502abc277e4c81a4107ff5c2e25a585a"",""pdf_page"":62,""printed_page"":""35""}",202
[],bb71abdeeaec3c06f31f0433c3d79698a6969a9676c03d875ddc92e6681460e3,[],ibc2018:definition:4c3f2944c8a319201c6ab17a,[],REROOFING,REROOFING,definition,verified,code_wide_unless_context_limits,"{""appendix"":null,""bbox"":[326.079,592.749,572.557,623.882],""chapter"":""2"",""line_id"":null,""observed_text_sha256"":""bb71abdeeaec3c06f31f0433c3d79698a6969a9676c03d875ddc92e6681460e3"",""pdf_page"":62,""printed_page"":""35""}",202
[],69b10bee9e31776da8405e44a20abc06aa0a103a7d9b02c2f9791ac57ac22b2f,[],ibc2018:definition:e67bc8cd6e841618dc2f6d78,[],RESIDENTIAL AIRCRAFT HANGAR,RESIDENTIAL AIRCRAFT HANGAR,definition,verified,code_wide_unless_context_limits,"{""appendix"":null,""bbox"":[326.052,630.154,571.961,694.424],""chapter"":""2"",""line_id"":null,""observed_text_sha256"":""69b10bee9e31776da8405e44a20abc06aa0a103a7d9b02c2f9791ac57ac22b2f"",""pdf_page"":62,""printed_page"":""35""}",202
[],b708eb66833775cde223ed9b75d5f715bcabdffa7fec014cc9ceb81a76643fd7,[],ibc2018:definition:409bae5ee408afb057a88b4a,[],RESISTANCE FACTOR,RESISTANCE FACTOR,definition,verified,code_wide_unless_context_limits,"{""appendix"":null,""bbox"":[326.052,700.695,572.052,742.784],""chapter"":""2"",""line_id"":null,""observed_text_sha256"":""b708eb66833775cde223ed9b75d5f715bcabdffa7fec014cc9ceb81a76643fd7"",""pdf_page"":62,""printed_page"":""35""}",202
[],30468451206233115e390d073d042c51e3201cf0e352e01ddc985318b6c6707f,[],ibc2018:definition:524dc4a9c0f146831a7b7c5b,[],RESTRICTED ENTRANCE,RESTRICTED ENTRANCE,definition,verified,code_wide_unless_context_limits,"{""appendix"":null,""bbox"":[40.05,77.674,286.005,108.807],""chapter"":""2"",""line_id"":null,""observed_text_sha256"":""30468451206233115e390d073d042c51e3201cf0e352e01ddc985318b6c6707f"",""pdf_page"":63,""printed_page"":""36""}",202
[],aa7c6aaca7b42c64128fdb5113299c0e4781af7e542fa8047355a9926c99787e,[],ibc2018:definition:acec0342a26314fc651fbae2,[],RETRACTABLE AWNING,RETRACTABLE AWNING,definition,verified,code_wide_unless_context_limits,"{""appendix"":null,""bbox"":[40.051,113.837,286.257,144.939],""chapter"":""2"",""line_id"":null,""observed_text_sha256"":""aa7c6aaca7b42c64128fdb5113299c0e4781af7e542fa8047355a9926c99787e"",""pdf_page"":63,""printed_page"":""36""}",202
[],079850e1d2b0af6207e1b267d058b7394ed50dbe10aaa800cbafaf1417c25ea4,[],ibc2018:definition:262fdbd02bd36b5f5ae2b40d,[],RISK CATEGORY,RISK CATEGORY,definition,verified,code_wide_unless_context_limits,"{""appendix"":null,""bbox"":[40.05,150.049,285.965,192.083],""chapter"":""2"",""line_id"":null,""observed_text_sha256"":""079850e1d2b0af6207e1b267d058b7394ed50dbe10aaa800cbafaf1417c25ea4"",""pdf_page"":63,""printed_page"":""36""}",202
[],73a2b3ba53ba26d4ebbdb0d088f22e44eafe13313537feb5aa4b8d44db192d86,[],ibc2018:definition:340ec2c117686f3c839a5e82,[],RESPONSE ACCELERATIONS,RESPONSE ACCELERATIONS,definition,verified,code_wide_unless_context_limits,"{""appendix"":null,""bbox"":[40.135,219.285,286.479,352.507],""chapter"":""2"",""line_id"":null,""observed_text_sha256"":""73a2b3ba53ba26d4ebbdb0d088f22e44eafe13313537feb5aa4b8d44db192d86"",""pdf_page"":63,""printed_page"":""36""}",202
[],6a75511c3e34c8030857680a9a84bd8eb4141c987e8ac5b33a2ca44234ebb031,[],ibc2018:definition:7b3debd6e5af9998a633b3c7,[],ROOF COATING,ROOF COATING,definition,verified,code_wide_unless_context_limits,"{""appendix"":null,""bbox"":[40.135,357.617,286.085,388.64],""chapter"":""2"",""line_id"":null,""observed_text_sha256"":""6a75511c3e34c8030857680a9a84bd8eb4141c987e8ac5b33a2ca44234ebb031"",""pdf_page"":63,""printed_page"":""36""}",202
[],16e98851048016cdba62a26e4a600323336a01db0deb35eaa39161f257ccb3c0,[],ibc2018:definition:5df1e7917bab5d23e0f93afa,[],ROOF COVERING,ROOF COVERING,definition,verified,code_wide_unless_context_limits,"{""appendix"":null,""bbox"":[40.134,393.78,287.748,413.816],""chapter"":""2"",""line_id"":null,""observed_text_sha256"":""16e98851048016cdba62a26e4a600323336a01db0deb35eaa39161f257ccb3c0"",""pdf_page"":63,""printed_page"":""36""}",202
[],38388ade6f81032a5fd2982f62a3792e406b04493332505d7f47750cf4fc10d4,[],ibc2018:definition:eb4bb532b78e4dc1fa6fd00b,[],ROOF COVERING SYSTEM,ROOF COVERING SYSTEM,definition,verified,code_wide_unless_context_limits,"{""appendix"":null,""bbox"":[40.135,419.037,262.616,428.092],""chapter"":""2"",""line_id"":null,""observed_text_sha256"":""38388ade6f81032a5fd2982f62a3792e406b04493332505d7f47750cf4fc10d4"",""pdf_page"":63,""printed_page"":""36""}",202
[],90a7961f56a6b6dc45e3187622fee58383d5a7fe57e209e05840f3af542033e2,[],ibc2018:definition:fbb8f5de68b4c304d92fd6cd,[],ROOF DECK,ROOF DECK,definition,verified,code_wide_unless_context_limits,"{""appendix"":null,""bbox"":[40.134,433.202,286.099,486.302],""chapter"":""2"",""line_id"":null,""observed_text_sha256"":""90a7961f56a6b6dc45e3187622fee58383d5a7fe57e209e05840f3af542033e2"",""pdf_page"":63,""printed_page"":""36""}",202
[],0998dc570f45b1fe9a871eed4a6412cd1be112a9592064f24fde8855d2a6ecae,[],ibc2018:definition:3f2253d8314729e9ed99307b,[],"ROOF DRAINAGE, POSITIVE","ROOF DRAINAGE, POSITIVE",definition,verified,code_wide_unless_context_limits,"{""appendix"":null,""bbox"":[40.134,491.412,285.632,511.368],""chapter"":""2"",""line_id"":null,""observed_text_sha256"":""0998dc570f45b1fe9a871eed4a6412cd1be112a9592064f24fde8855d2a6ecae"",""pdf_page"":63,""printed_page"":""36""}",202
[],d34fbe1830f4810e53eba03f2247d1a12c4b95828e68119f71860ceee0f4000b,[],ibc2018:definition:5fc7fb0c587a8e1c978772af,[],ROOF RECOVER,ROOF RECOVER,definition,verified,code_wide_unless_context_limits,"{""appendix"":null,""bbox"":[40.133,516.589,285.966,547.611],""chapter"":""2"",""line_id"":null,""observed_text_sha256"":""d34fbe1830f4810e53eba03f2247d1a12c4b95828e68119f71860ceee0f4000b"",""pdf_page"":63,""printed_page"":""36""}",202
[],3f7273b1a514b956a57db20d91fb4ea795c3660d7c302fff4b1199661d19e948,[],ibc2018:definition:8ef98a597259b982724224bb,[],ROOF REPAIR,ROOF REPAIR,definition,verified,code_wide_unless_context_limits,"{""appendix"":null,""bbox"":[40.134,552.721,286.043,572.788],""chapter"":""2"",""line_id"":null,""observed_text_sha256"":""3f7273b1a514b956a57db20d91fb4ea795c3660d7c302fff4b1199661d19e948"",""pdf_page"":63,""printed_page"":""36""}",202
[],92d714e35e11738f1a45dd7ee6fafad736ed419f35089916dcac42437eb3e627,[],ibc2018:definition:027fb1c6854f308a55031293,[],ROOF REPLACEMENT,ROOF REPLACEMENT,definition,verified,code_wide_unless_context_limits,"{""appendix"":null,""bbox"":[40.133,577.898,285.893,608.92],""chapter"":""2"",""line_id"":null,""observed_text_sha256"":""92d714e35e11738f1a45dd7ee6fafad736ed419f35089916dcac42437eb3e627"",""pdf_page"":63,""printed_page"":""36""}",202
[],67f75c42eb652fbcdedae705bf3cbe96d9e15ae430bcf0b077165787b184ab35,[],ibc2018:definition:742147116e92096deca13799,[],ROOF VENTILATION,ROOF VENTILATION,definition,verified,code_wide_unless_context_limits,"{""appendix"":null,""bbox"":[40.133,614.141,286.188,656.175],""chapter"":""2"",""line_id"":null,""observed_text_sha256"":""67f75c42eb652fbcdedae705bf3cbe96d9e15ae430bcf0b077165787b184ab35"",""pdf_page"":63,""printed_page"":""36""}",202
[],55b3b7fd38cbcfaec7e5782a7a02fb90c527d9438b1fc92b4192913051bfa543,[],ibc2018:definition:4ef394c65d491e94307af703,[],ROOFTOP STRUCTURE,ROOFTOP STRUCTURE,definition,verified,code_wide_unless_context_limits,"{""appendix"":null,""bbox"":[40.133,661.284,285.776,681.406],""chapter"":""2"",""line_id"":null,""observed_text_sha256"":""55b3b7fd38cbcfaec7e5782a7a02fb90c527d9438b1fc92b4192913051bfa543"",""pdf_page"":63,""printed_page"":""36""}",202
[],3024bfdd33ec2cd2d54584448b74234865d548c64d4d711a58bff750db481baa,[],ibc2018:definition:3314a8587f99bf4e6fa63771,[],RUNNING BOND,RUNNING BOND,definition,verified,code_wide_unless_context_limits,"{""appendix"":null,""bbox"":[40.133,686.436,285.836,717.483],""chapter"":""2"",""line_id"":null,""observed_text_sha256"":""3024bfdd33ec2cd2d54584448b74234865d548c64d4d711a58bff750db481baa"",""pdf_page"":63,""printed_page"":""36""}",202
[],925efada9698838de212d981e558f0e13fc23621ce15d8c4d468858d55333c1e,[],ibc2018:definition:27ecac576f95ac591527028b,[],SALLYPORT,SALLYPORT,definition,verified,code_wide_unless_context_limits,"{""appendix"":null,""bbox"":[40.133,77.633,552.487,742.715],""chapter"":""2"",""line_id"":null,""observed_text_sha256"":""925efada9698838de212d981e558f0e13fc23621ce15d8c4d468858d55333c1e"",""pdf_page"":63,""printed_page"":""36""}",202
[],fe959e1db6cb1f6b15f806e82a2d60e43ad2550b586d33eb12ad046b5a1512cd,[],ibc2018:definition:c94dbf3f943560b81a7bac6f,[],SCISSOR STAIRWAY,SCISSOR STAIRWAY,definition,verified,code_wide_unless_context_limits,"{""appendix"":null,""bbox"":[305.952,103.504,552.345,134.662],""chapter"":""2"",""line_id"":null,""observed_text_sha256"":""fe959e1db6cb1f6b15f806e82a2d60e43ad2550b586d33eb12ad046b5a1512cd"",""pdf_page"":63,""printed_page"":""36""}",202
[],0078fc4a97c3e2db222efbc1a13492a38188149bd407c780bdbc246813d6ba9f,[],ibc2018:definition:1c12f2dea9e07ff085bd0e6c,[],SCUPPER,SCUPPER,definition,verified,code_wide_unless_context_limits,"{""appendix"":null,""bbox"":[305.952,140.491,551.807,160.447],""chapter"":""2"",""line_id"":null,""observed_text_sha256"":""0078fc4a97c3e2db222efbc1a13492a38188149bd407c780bdbc246813d6ba9f"",""pdf_page"":63,""printed_page"":""36""}",202
[],403f1ffc4c47b1fc35d89dd67aa39b24f153b3f712529072be303facc37c0a9e,[],ibc2018:definition:a8100531c86809447497779d,[],SECONDARY MEMBERS,SECONDARY MEMBERS,definition,verified,code_wide_unless_context_limits,"{""appendix"":null,""bbox"":[305.952,166.276,552.072,197.299],""chapter"":""2"",""line_id"":null,""observed_text_sha256"":""403f1ffc4c47b1fc35d89dd67aa39b24f153b3f712529072be303facc37c0a9e"",""pdf_page"":63,""printed_page"":""36""}",202
[],5258df1ceffd2eabe378afab7d4c986fd68be61a846f4baa890be62ef36994d5,[],ibc2018:definition:ebe7cb68745c5498efa13c4f,[],SEISMIC DESIGN CATEGORY,SEISMIC DESIGN CATEGORY,definition,verified,code_wide_unless_context_limits,"{""appendix"":null,""bbox"":[305.953,280.594,551.934,311.617],""chapter"":""2"",""line_id"":null,""observed_text_sha256"":""5258df1ceffd2eabe378afab7d4c986fd68be61a846f4baa890be62ef36994d5"",""pdf_page"":63,""printed_page"":""36""}",202
[],a2527c05a32048abea6cde3710e03c86e9b21926c3034f0521dfdc9326d8eb69,[],ibc2018:definition:985655f7e8bcecfeb40e9cc8,[],SEISMIC FORCE-RESISTING SYSTEM,SEISMIC FORCE-RESISTING SYSTEM,definition,verified,code_wide_unless_context_limits,"{""appendix"":null,""bbox"":[305.953,317.39,552.195,359.48],""chapter"":""2"",""line_id"":null,""observed_text_sha256"":""a2527c05a32048abea6cde3710e03c86e9b21926c3034f0521dfdc9326d8eb69"",""pdf_page"":63,""printed_page"":""36""}",202
[],011a10dc38f845a1101fbb3cf6170d6d7a65ef29a16267e62d15b631ec61ca8e,[],ibc2018:definition:fcf9dbe75d162513fb6a46e3,[],SELF-CLOSING,SELF-CLOSING,definition,verified,code_wide_unless_context_limits,"{""appendix"":null,""bbox"":[305.953,365.229,551.995,396.277],""chapter"":""2"",""line_id"":null,""observed_text_sha256"":""011a10dc38f845a1101fbb3cf6170d6d7a65ef29a16267e62d15b631ec61ca8e"",""pdf_page"":63,""printed_page"":""36""}",202
[],045f40bf45511b72b1615a35592f8ce673cf3cdfde5f36ac270c5a18068b243b,[],ibc2018:definition:789e5f121aff3ec77b4f86df,[],SELF-LUMINOUS,SELF-LUMINOUS,definition,verified,code_wide_unless_context_limits,"{""appendix"":null,""bbox"":[305.953,402.106,552.008,433.128],""chapter"":""2"",""line_id"":null,""observed_text_sha256"":""045f40bf45511b72b1615a35592f8ce673cf3cdfde5f36ac270c5a18068b243b"",""pdf_page"":63,""printed_page"":""36""}",202
[],3daaa5a24d5452ab3771f0912dd1e929405649fed3fca78e2e2cd32b1efebebf,[],ibc2018:definition:5e3d372fd187334bbf2c0f9d,[],"SELF-PRESERVATION, INCAPABLE OF","SELF-PRESERVATION, INCAPABLE OF",definition,verified,code_wide_unless_context_limits,"{""appendix"":null,""bbox"":[305.953,438.958,551.651,459.024],""chapter"":""2"",""line_id"":null,""observed_text_sha256"":""3daaa5a24d5452ab3771f0912dd1e929405649fed3fca78e2e2cd32b1efebebf"",""pdf_page"":63,""printed_page"":""36""}",202
[],05e4ca9e64809a0f69e54c691da2726dfff99209b52ce8b5b171a928d5435181,[],ibc2018:definition:8493105dfc2b4385e32ba2eb,[],SELF-SERVICE STORAGE FACILITY,SELF-SERVICE STORAGE FACILITY,definition,verified,code_wide_unless_context_limits,"{""appendix"":null,""bbox"":[305.953,464.743,552.432,517.843],""chapter"":""2"",""line_id"":null,""observed_text_sha256"":""05e4ca9e64809a0f69e54c691da2726dfff99209b52ce8b5b171a928d5435181"",""pdf_page"":63,""printed_page"":""36""}",202
[],7e2f5c20fa41c466429433544da8d5957a38a761be0fb08080e8a4973ca5c210,[],ibc2018:definition:e5dbdf46a08368b54f108ff3,[],SERVICE CORRIDOR,SERVICE CORRIDOR,definition,verified,code_wide_unless_context_limits,"{""appendix"":null,""bbox"":[305.953,523.672,552.042,554.64],""chapter"":""2"",""line_id"":null,""observed_text_sha256"":""7e2f5c20fa41c466429433544da8d5957a38a761be0fb08080e8a4973ca5c210"",""pdf_page"":63,""printed_page"":""36""}",202
[],ddcf207e4d91574cfbc57beea47984e3974832419eaa25061ed25250e4ee037a,[],ibc2018:definition:ddc2899fa4694c9a17f6dbf3,[],SERVICE ENTRANCE,SERVICE ENTRANCE,definition,verified,code_wide_unless_context_limits,"{""appendix"":null,""bbox"":[305.953,560.469,551.639,580.48],""chapter"":""2"",""line_id"":null,""observed_text_sha256"":""ddcf207e4d91574cfbc57beea47984e3974832419eaa25061ed25250e4ee037a"",""pdf_page"":63,""printed_page"":""36""}",202
[],049f90449522cbeafadfc9f4e8b099da3aa562c0e6c44ec5119e8ec0c3f04802,[],ibc2018:definition:b0ca6924b4e102920f2d992f,[],SHAFT,SHAFT,definition,verified,code_wide_unless_context_limits,"{""appendix"":null,""bbox"":[305.953,586.254,552.063,617.277],""chapter"":""2"",""line_id"":null,""observed_text_sha256"":""049f90449522cbeafadfc9f4e8b099da3aa562c0e6c44ec5119e8ec0c3f04802"",""pdf_page"":63,""printed_page"":""36""}",202
[],f8ceecd167a39155d84b1d0f0ccbd0dbc9ff70bb74eaf219a465c3f33d2a4834,[],ibc2018:definition:2ab90fec34cd05cc94b1ca0a,[],SHAFT ENCLOSURE,SHAFT ENCLOSURE,definition,verified,code_wide_unless_context_limits,"{""appendix"":null,""bbox"":[305.953,623.106,551.923,643.228],""chapter"":""2"",""line_id"":null,""observed_text_sha256"":""f8ceecd167a39155d84b1d0f0ccbd0dbc9ff70bb74eaf219a465c3f33d2a4834"",""pdf_page"":63,""printed_page"":""36""}",202
[],cbf697d44c8cd80789ff4d90d33086b37141af6c91f3629d40dea25f5adc3007,[],ibc2018:definition:219cc5e3db357bd17d6e94fc,[],SHALLOW FOUNDATION,SHALLOW FOUNDATION,definition,verified,code_wide_unless_context_limits,"{""appendix"":null,""bbox"":[305.953,648.891,551.635,705.81],""chapter"":""2"",""line_id"":null,""observed_text_sha256"":""cbf697d44c8cd80789ff4d90d33086b37141af6c91f3629d40dea25f5adc3007"",""pdf_page"":63,""printed_page"":""36""}",202
[],6c4c4a74740d24ae8e9b996d8ee66adba189cee296218068a1d2bb3a79a13a63,[],ibc2018:definition:9a1a2553db32463128d16a96,[],SHINGLE FASHION,SHINGLE FASHION,definition,verified,code_wide_unless_context_limits,"{""appendix"":null,""bbox"":[59.998,114.193,306.011,167.128],""chapter"":""2"",""line_id"":null,""observed_text_sha256"":""6c4c4a74740d24ae8e9b996d8ee66adba189cee296218068a1d2bb3a79a13a63"",""pdf_page"":64,""printed_page"":""37""}",202
[],2637ca514a0385032bffe734f61a17d5beaf82a9a5cf8f361e916225985dfa8b,[],ibc2018:definition:3d10df5fcec6c483878df221,[],SINGLE-PLY MEMBRANE,SINGLE-PLY MEMBRANE,definition,verified,code_wide_unless_context_limits,"{""appendix"":null,""bbox"":[59.998,172.459,305.893,214.493],""chapter"":""2"",""line_id"":null,""observed_text_sha256"":""2637ca514a0385032bffe734f61a17d5beaf82a9a5cf8f361e916225985dfa8b"",""pdf_page"":64,""printed_page"":""37""}",202
[],301ce73943eca1eefdbba8b8178aeaf531ebdedfbf0a0764458fb93d25ffe7e7,[],ibc2018:definition:109d1ec6d72b930c36c6481b,[],SINGLE-STATION SMOKE ALARM,SINGLE-STATION SMOKE ALARM,definition,verified,code_wide_unless_context_limits,"{""appendix"":null,""bbox"":[59.998,219.879,306.053,272.924],""chapter"":""2"",""line_id"":null,""observed_text_sha256"":""301ce73943eca1eefdbba8b8178aeaf531ebdedfbf0a0764458fb93d25ffe7e7"",""pdf_page"":64,""printed_page"":""37""}",202
[],bc3d521a11a12cf71ca3d9a750383309916b27da0f12e39336446625ac676dd1,[],ibc2018:definition:c47c1e3836ea2d0f2da31176,[],SITE,SITE,definition,verified,code_wide_unless_context_limits,"{""appendix"":null,""bbox"":[59.998,278.23,305.551,298.377],""chapter"":""2"",""line_id"":null,""observed_text_sha256"":""bc3d521a11a12cf71ca3d9a750383309916b27da0f12e39336446625ac676dd1"",""pdf_page"":64,""printed_page"":""37""}",202
[],72f6fa3b39acaea66bcf6abeff72db05d3bcc54445e35424170d7f01875b4a92,[],ibc2018:definition:3222af861067b866a4af508c,[],SITE CLASS,SITE CLASS,definition,verified,code_wide_unless_context_limits,"{""appendix"":null,""bbox"":[59.998,303.708,305.884,334.731],""chapter"":""2"",""line_id"":null,""observed_text_sha256"":""72f6fa3b39acaea66bcf6abeff72db05d3bcc54445e35424170d7f01875b4a92"",""pdf_page"":64,""printed_page"":""37""}",202
[],b0a7327dfc0c5d4d7724c02640d6058709ed5c005ad177db12f30b04d9642f02,[],ibc2018:definition:9d7fb13d28ad3dc7b152ad26,[],SITE COEFFICIENTS,SITE COEFFICIENTS,definition,verified,code_wide_unless_context_limits,"{""appendix"":null,""bbox"":[59.999,339.982,305.532,360.245],""chapter"":""2"",""line_id"":null,""observed_text_sha256"":""b0a7327dfc0c5d4d7724c02640d6058709ed5c005ad177db12f30b04d9642f02"",""pdf_page"":64,""printed_page"":""37""}",202
[],1886fadf793449e1a7847c0ee49d54e8af2b230e1bb68bd5445fb8825629e521,[],ibc2018:definition:66f0a8a444c35fbe875d75ce,[],SITE-FABRICATED STRETCH SYSTEM,SITE-FABRICATED STRETCH SYSTEM,definition,verified,code_wide_unless_context_limits,"{""appendix"":null,""bbox"":[60.052,365.576,305.971,396.599],""chapter"":""2"",""line_id"":null,""observed_text_sha256"":""1886fadf793449e1a7847c0ee49d54e8af2b230e1bb68bd5445fb8825629e521"",""pdf_page"":64,""printed_page"":""37""}",202
[],7e52a4e2a2ca107b5f71413414623c28557caddfde2eb5ab113711ee800af5de,[],ibc2018:definition:e2f4e37a318a20101fcdb3f1,[],"SKYLIGHT, UNIT","SKYLIGHT, UNIT",definition,verified,code_wide_unless_context_limits,"{""appendix"":null,""bbox"":[59.997,489.135,307.611,542.125],""chapter"":""2"",""line_id"":null,""observed_text_sha256"":""7e52a4e2a2ca107b5f71413414623c28557caddfde2eb5ab113711ee800af5de"",""pdf_page"":64,""printed_page"":""37""}",202
[],8e6b1e08bc323c18e51d020626d5e0ddb016ee2c71dbc2eed46f1bc627286f8d,[],ibc2018:definition:267171a4d110b39b58800a68,[],SKYLIGHTS AND SLOPED GLAZING,SKYLIGHTS AND SLOPED GLAZING,definition,verified,code_wide_unless_context_limits,"{""appendix"":null,""bbox"":[59.997,547.455,306.024,611.567],""chapter"":""2"",""line_id"":null,""observed_text_sha256"":""8e6b1e08bc323c18e51d020626d5e0ddb016ee2c71dbc2eed46f1bc627286f8d"",""pdf_page"":64,""printed_page"":""37""}",202
[],1970e6df0aaca3c48d6a02df3104cdafca7dbe365999e7efe938ac0fdefc3dc5,[],ibc2018:definition:50e426d9135330766201899c,[],SLEEPING UNIT,SLEEPING UNIT,definition,verified,code_wide_unless_context_limits,"{""appendix"":null,""bbox"":[59.996,616.898,305.942,680.9],""chapter"":""2"",""line_id"":null,""observed_text_sha256"":""1970e6df0aaca3c48d6a02df3104cdafca7dbe365999e7efe938ac0fdefc3dc5"",""pdf_page"":64,""printed_page"":""37""}",202
[],6846b82890010df7bfa8fb404266840167455dbad2379d7eeff5281abf2173d9,[],ibc2018:definition:cd885dd9145be64d5049b5a8,[],SMOKE ALARM,SMOKE ALARM,definition,verified,code_wide_unless_context_limits,"{""appendix"":null,""bbox"":[59.997,686.286,305.947,717.253],""chapter"":""2"",""line_id"":null,""observed_text_sha256"":""6846b82890010df7bfa8fb404266840167455dbad2379d7eeff5281abf2173d9"",""pdf_page"":64,""printed_page"":""37""}",202
[],ec4120c59b6571f49961bdb81c274d4d1fc499ebdfe6d6c8a59477abc73efe37,[],ibc2018:definition:5fc7e31726884a270a2424b4,[],SMOKE BARRIER,SMOKE BARRIER,definition,verified,code_wide_unless_context_limits,"{""appendix"":null,""bbox"":[59.997,77.679,572.148,742.706],""chapter"":""2"",""line_id"":null,""observed_text_sha256"":""ec4120c59b6571f49961bdb81c274d4d1fc499ebdfe6d6c8a59477abc73efe37"",""pdf_page"":64,""printed_page"":""37""}",202
[],7d5307077c7db98b17c46090ddc4c731817e9f822534ea4915e0e23a9137f5a4,[],ibc2018:definition:2b77aa43acb3e14bdefcdd43,[],SMOKE COMPARTMENT,SMOKE COMPARTMENT,definition,verified,code_wide_unless_context_limits,"{""appendix"":null,""bbox"":[325.983,102.744,571.737,133.878],""chapter"":""2"",""line_id"":null,""observed_text_sha256"":""7d5307077c7db98b17c46090ddc4c731817e9f822534ea4915e0e23a9137f5a4"",""pdf_page"":64,""printed_page"":""37""}",202
[],360b4cd5e6b9d6e8b89066984dc33c15e6a996ae15cbadc131792f4dbee51b4d,[],ibc2018:definition:f555a9407f4fd94375d6f8fa,[],SMOKE DAMPER,SMOKE DAMPER,definition,verified,code_wide_unless_context_limits,"{""appendix"":null,""bbox"":[325.982,138.797,572.628,191.922],""chapter"":""2"",""line_id"":null,""observed_text_sha256"":""360b4cd5e6b9d6e8b89066984dc33c15e6a996ae15cbadc131792f4dbee51b4d"",""pdf_page"":64,""printed_page"":""37""}",202
[],9c5a973ae96d64c11d215b1ce3b97f7bc96a9ab0bffce2687169715af5a7eef6,[],ibc2018:definition:2350fc693e906e8626203014,[],SMOKE DETECTOR,SMOKE DETECTOR,definition,verified,code_wide_unless_context_limits,"{""appendix"":null,""bbox"":[325.983,196.841,571.513,217.043],""chapter"":""2"",""line_id"":null,""observed_text_sha256"":""9c5a973ae96d64c11d215b1ce3b97f7bc96a9ab0bffce2687169715af5a7eef6"",""pdf_page"":64,""printed_page"":""37""}",202
[],5625f07835d0867f61bd139d0a503cdff20012c80022e7900fb43eb315f06fcf,[],ibc2018:definition:b9b9fd1e92f5bdddb20d75ee,[],SMOKE PARTITION,SMOKE PARTITION,definition,verified,code_wide_unless_context_limits,"{""appendix"":null,""bbox"":[325.983,221.987,571.864,275.087],""chapter"":""2"",""line_id"":null,""observed_text_sha256"":""5625f07835d0867f61bd139d0a503cdff20012c80022e7900fb43eb315f06fcf"",""pdf_page"":64,""printed_page"":""37""}",202
[],503c45575b010ac2a7d70b480a8625435fdfb2ad233e47ef2fec6a3ff7b9ecdb,[],ibc2018:definition:c19dd3085e17029f84cf7421,[],SMOKE-DEVELOPED INDEX,SMOKE-DEVELOPED INDEX,definition,verified,code_wide_unless_context_limits,"{""appendix"":null,""bbox"":[325.982,280.086,572.144,322.12],""chapter"":""2"",""line_id"":null,""observed_text_sha256"":""503c45575b010ac2a7d70b480a8625435fdfb2ad233e47ef2fec6a3ff7b9ecdb"",""pdf_page"":64,""printed_page"":""37""}",202
[],d8007d667c079cf1053761ed8cf2064574db8cdcdb63d63a49fdd1b740abc98b,[],ibc2018:definition:8a4c30b3d5f9811600f95873,[],SMOKEPROOF ENCLOSURE,SMOKEPROOF ENCLOSURE,definition,verified,code_wide_unless_context_limits,"{""appendix"":null,""bbox"":[325.982,327.04,571.981,369.098],""chapter"":""2"",""line_id"":null,""observed_text_sha256"":""d8007d667c079cf1053761ed8cf2064574db8cdcdb63d63a49fdd1b740abc98b"",""pdf_page"":64,""printed_page"":""37""}",202
[],a89c4a36a01825aab67c10a5655f1587114f2a04a594a07e63f99b844fad4bd0,[],ibc2018:definition:177a573aeb33d88ea8670bc1,[],SMOKE-PROTECTED ASSEMBLY SEATING,SMOKE-PROTECTED ASSEMBLY SEATING,definition,verified,code_wide_unless_context_limits,"{""appendix"":null,""bbox"":[325.982,374.288,571.939,427.142],""chapter"":""2"",""line_id"":null,""observed_text_sha256"":""a89c4a36a01825aab67c10a5655f1587114f2a04a594a07e63f99b844fad4bd0"",""pdf_page"":64,""printed_page"":""37""}",202
[],e4aa99ffbb196668c0ccc4ddec4687c8d2c9e313e04c8f25c9c6728a4613d28a,[],ibc2018:definition:dbdec1a0ab23ca960940a803,[],SOFT CONTAINED PLAY EQUIPMENT STRUCTURE,SOFT CONTAINED PLAY EQUIPMENT STRUCTURE,definition,verified,code_wide_unless_context_limits,"{""appendix"":null,""bbox"":[326.037,432.221,572.056,474.286],""chapter"":""2"",""line_id"":null,""observed_text_sha256"":""e4aa99ffbb196668c0ccc4ddec4687c8d2c9e313e04c8f25c9c6728a4613d28a"",""pdf_page"":64,""printed_page"":""37""}",202
[],b103e768a34862306c36192407f07fcefd35e80ebddbeb0882bdeab094bc3ba4,[],ibc2018:definition:720a3992ef5f38e72aef86a8,[],SOLID,SOLID,definition,verified,code_wide_unless_context_limits,"{""appendix"":null,""bbox"":[326.037,479.285,571.636,499.241],""chapter"":""2"",""line_id"":null,""observed_text_sha256"":""b103e768a34862306c36192407f07fcefd35e80ebddbeb0882bdeab094bc3ba4"",""pdf_page"":64,""printed_page"":""37""}",202
[],0b559b9bf2efd2dde19c68a49e4c25c0103ac115f74531a68beb55affc17a0df,[],ibc2018:definition:89351fa4d22418711d9c5071,[],SPECIAL AMUSEMENT BUILDING,SPECIAL AMUSEMENT BUILDING,definition,verified,code_wide_unless_context_limits,"{""appendix"":null,""bbox"":[325.98,504.406,572.146,612.563],""chapter"":""2"",""line_id"":null,""observed_text_sha256"":""0b559b9bf2efd2dde19c68a49e4c25c0103ac115f74531a68beb55affc17a0df"",""pdf_page"":64,""printed_page"":""37""}",202
[],7eabbd007440fb38868c75a2126c7ff2f151421d9cd1069c160f18d975dd102e,[],ibc2018:definition:ff6f4c201d30b772bbed81d0,[],SPECIAL FLOOD HAZARD AREA,SPECIAL FLOOD HAZARD AREA,definition,verified,code_wide_unless_context_limits,"{""appendix"":null,""bbox"":[325.98,617.562,571.914,659.596],""chapter"":""2"",""line_id"":null,""observed_text_sha256"":""7eabbd007440fb38868c75a2126c7ff2f151421d9cd1069c160f18d975dd102e"",""pdf_page"":64,""printed_page"":""37""}",202
[],e416d6af7dd12c946d60cdf995e7b7b295dae5b58cf03bad307dacfc61406cd8,[],ibc2018:definition:f4216f8784dfb0ee59ceab34,[],SPECIAL INSPECTION,SPECIAL INSPECTION,definition,verified,code_wide_unless_context_limits,"{""appendix"":null,""bbox"":[325.98,664.595,572.556,706.629],""chapter"":""2"",""line_id"":null,""observed_text_sha256"":""e416d6af7dd12c946d60cdf995e7b7b295dae5b58cf03bad307dacfc61406cd8"",""pdf_page"":64,""printed_page"":""37""}",202
[],50c1f912a95758b25059fff26e28568024cb5eadfb01f8bc8489e42e5502dd47,[],ibc2018:definition:1ec45f5428623b7b1aeceec4,[],SPECIAL INSPECTOR,SPECIAL INSPECTOR,definition,verified,code_wide_unless_context_limits,"{""appendix"":null,""bbox"":[40.098,114.636,286.618,167.566],""chapter"":""2"",""line_id"":null,""observed_text_sha256"":""50c1f912a95758b25059fff26e28568024cb5eadfb01f8bc8489e42e5502dd47"",""pdf_page"":65,""printed_page"":""38""}",202
[],5e9915a3ab5416dcaedb0cd7c8698dec5f6c1fb76843fb503099afff07048268,[],ibc2018:definition:aaa48b2a8ff756baf94260c9,[],SPECIAL STRUCTURAL WALL,SPECIAL STRUCTURAL WALL,definition,verified,code_wide_unless_context_limits,"{""appendix"":null,""bbox"":[40.098,173.455,286.057,193.522],""chapter"":""2"",""line_id"":null,""observed_text_sha256"":""5e9915a3ab5416dcaedb0cd7c8698dec5f6c1fb76843fb503099afff07048268"",""pdf_page"":65,""printed_page"":""38""}",202
[],b8b402365afa7fc632a1b3ac60e01d61c9e62f99b15802691532fb8663a677c2,[],ibc2018:definition:20804151dbc1eb1e3f30299e,[],SPLICE,SPLICE,definition,verified,code_wide_unless_context_limits,"{""appendix"":null,""bbox"":[40.083,291.175,286.508,322.309],""chapter"":""2"",""line_id"":null,""observed_text_sha256"":""b8b402365afa7fc632a1b3ac60e01d61c9e62f99b15802691532fb8663a677c2"",""pdf_page"":65,""printed_page"":""38""}",202
[],1ba98a2c38e3232d19839bf58a2df0aba0cd89a03fc9a81afe5243720795f17d,[],ibc2018:definition:ec8262932279344395e08365,[],"SPORT ACTIVITY, AREA OF","SPORT ACTIVITY, AREA OF",definition,verified,code_wide_unless_context_limits,"{""appendix"":null,""bbox"":[40.083,328.138,285.576,348.094],""chapter"":""2"",""line_id"":null,""observed_text_sha256"":""1ba98a2c38e3232d19839bf58a2df0aba0cd89a03fc9a81afe5243720795f17d"",""pdf_page"":65,""printed_page"":""38""}",202
[],c39570b018b9603727bfbe7777ed8b257a90b99f245ca693397c553937974764,[],ibc2018:definition:4c7634f8d616971b5b1f7208,[],SPRAY ROOM,SPRAY ROOM,definition,verified,code_wide_unless_context_limits,"{""appendix"":null,""bbox"":[40.084,353.923,285.802,373.99],""chapter"":""2"",""line_id"":null,""observed_text_sha256"":""c39570b018b9603727bfbe7777ed8b257a90b99f245ca693397c553937974764"",""pdf_page"":65,""printed_page"":""38""}",202
[],0c001d715382d713434fe8e856d40bbe623cc36ce9c1bccbe7b78f8f87f084e7,[],ibc2018:definition:51357135327109291031c506,[],SPRAYED FIRE-RESISTANT MATERIALS,SPRAYED FIRE-RESISTANT MATERIALS,definition,verified,code_wide_unless_context_limits,"{""appendix"":null,""bbox"":[40.084,379.899,285.993,410.841],""chapter"":""2"",""line_id"":null,""observed_text_sha256"":""0c001d715382d713434fe8e856d40bbe623cc36ce9c1bccbe7b78f8f87f084e7"",""pdf_page"":65,""printed_page"":""38""}",202
[],99ebb6272a3b55c9ed7ff3a8a34d3d28023a73ccd63d0da0ec6c5987b1bfa226,[],ibc2018:definition:a5bf10d84d44c82b142f7f37,[],STAGE,STAGE,definition,verified,code_wide_unless_context_limits,"{""appendix"":null,""bbox"":[40.085,416.671,285.96,458.704],""chapter"":""2"",""line_id"":null,""observed_text_sha256"":""99ebb6272a3b55c9ed7ff3a8a34d3d28023a73ccd63d0da0ec6c5987b1bfa226"",""pdf_page"":65,""printed_page"":""38""}",202
[],f5b28133c04f0a3fd5b7e13735acd8601c46f004843397cb5ccc3ff6683883ca,[],ibc2018:definition:ebc4ad6e5f999889de27a675,[],STAIR,STAIR,definition,verified,code_wide_unless_context_limits,"{""appendix"":null,""bbox"":[40.085,464.533,286.085,484.6],""chapter"":""2"",""line_id"":null,""observed_text_sha256"":""f5b28133c04f0a3fd5b7e13735acd8601c46f004843397cb5ccc3ff6683883ca"",""pdf_page"":65,""printed_page"":""38""}",202
[],2e922ed131a861a76d976d44522e4f5fe17c01809a8da5cbad8046ef01f76fc8,[],ibc2018:definition:a06d42be247e6b2c1a64befe,[],STAIRWAY,STAIRWAY,definition,verified,code_wide_unless_context_limits,"{""appendix"":null,""bbox"":[40.085,490.349,285.875,532.463],""chapter"":""2"",""line_id"":null,""observed_text_sha256"":""2e922ed131a861a76d976d44522e4f5fe17c01809a8da5cbad8046ef01f76fc8"",""pdf_page"":65,""printed_page"":""38""}",202
[],a764c1f7e66ef614ae6c1de9e2710e4ff6c4e5e1f53da69e1e270c1390da496b,[],ibc2018:definition:54673dc7f5e5f3ba936530d6,[],"STAIRWAY, EXIT ACCESS","STAIRWAY, EXIT ACCESS",definition,verified,code_wide_unless_context_limits,"{""appendix"":null,""bbox"":[40.085,538.292,282.864,547.348],""chapter"":""2"",""line_id"":null,""observed_text_sha256"":""a764c1f7e66ef614ae6c1de9e2710e4ff6c4e5e1f53da69e1e270c1390da496b"",""pdf_page"":65,""printed_page"":""38""}",202
[],10be733960d3fa7b9879b960ec5aaebfb603987c9389148b2e50a87987ac7559,[],ibc2018:definition:d868230a95b27555e28a1f82,[],"STAIRWAY, EXTERIOR EXIT","STAIRWAY, EXTERIOR EXIT",definition,verified,code_wide_unless_context_limits,"{""appendix"":null,""bbox"":[40.084,553.177,285.625,573.299],""chapter"":""2"",""line_id"":null,""observed_text_sha256"":""10be733960d3fa7b9879b960ec5aaebfb603987c9389148b2e50a87987ac7559"",""pdf_page"":65,""printed_page"":""38""}",202
[],b2c98b81edb31f0288676be6fcce1680d78a299b5771fe2dba4b37056980bc17,[],ibc2018:definition:85a09a87253c2b84698e524f,[],"STAIRWAY, INTERIOR EXIT","STAIRWAY, INTERIOR EXIT",definition,verified,code_wide_unless_context_limits,"{""appendix"":null,""bbox"":[40.084,579.128,285.625,599.084],""chapter"":""2"",""line_id"":null,""observed_text_sha256"":""b2c98b81edb31f0288676be6fcce1680d78a299b5771fe2dba4b37056980bc17"",""pdf_page"":65,""printed_page"":""38""}",202
[],82ac827fbb172a4570c5dbdb7971d2f321be6fc7e0661e2e32579614c2be3fdd,[],ibc2018:definition:88350fbe279113ffa82f1a3a,[],"STAIRWAY, SCISSOR","STAIRWAY, SCISSOR",definition,verified,code_wide_unless_context_limits,"{""appendix"":null,""bbox"":[40.084,604.913,240.976,613.969],""chapter"":""2"",""line_id"":null,""observed_text_sha256"":""82ac827fbb172a4570c5dbdb7971d2f321be6fc7e0661e2e32579614c2be3fdd"",""pdf_page"":65,""printed_page"":""38""}",202
[],93c267dfcd28fd25cf5ab1c8a702c4e240e5ef82c549e74481a044c7d5b10586,[],ibc2018:definition:71f644f98c76be1f76a9a5fa,[],"STAIRWAY, SPIRAL","STAIRWAY, SPIRAL",definition,verified,code_wide_unless_context_limits,"{""appendix"":null,""bbox"":[40.084,619.718,286.373,661.832],""chapter"":""2"",""line_id"":null,""observed_text_sha256"":""93c267dfcd28fd25cf5ab1c8a702c4e240e5ef82c549e74481a044c7d5b10586"",""pdf_page"":65,""printed_page"":""38""}",202
[],057cbb31d5341bce70ee528cddcff11f7a7bb461176ee66c8ed6e4a75aa20b97,[],ibc2018:definition:99811e4871b95ba9ca954f66,[],STANDBY POWER SYSTEM,STANDBY POWER SYSTEM,definition,verified,code_wide_unless_context_limits,"{""appendix"":null,""bbox"":[40.084,667.661,286.73,742.673],""chapter"":""2"",""line_id"":null,""observed_text_sha256"":""057cbb31d5341bce70ee528cddcff11f7a7bb461176ee66c8ed6e4a75aa20b97"",""pdf_page"":65,""printed_page"":""38""}",202
[],03ae96716016311626894c7c9599224b7787f30baed00ba3d14d1e8b1078c069,[],ibc2018:definition:6a9b6f0a544ac3e7090b74fc,[],"STANDPIPE, TYPES OF","STANDPIPE, TYPES OF",definition,verified,code_wide_unless_context_limits,"{""appendix"":null,""bbox"":[305.96,77.646,551.593,97.713],""chapter"":""2"",""line_id"":null,""observed_text_sha256"":""03ae96716016311626894c7c9599224b7787f30baed00ba3d14d1e8b1078c069"",""pdf_page"":65,""printed_page"":""38""}",202
[],e33436fd808fb12ecb44d0ba46b9508354c632d936c7c11ca0f12f1912a5a927,[],ibc2018:definition:652f2e4d002b19e603efbe7b,[],"STANDPIPE SYSTEM, CLASSES OF","STANDPIPE SYSTEM, CLASSES OF",definition,verified,code_wide_unless_context_limits,"{""appendix"":null,""bbox"":[305.961,451.5,551.966,614.497],""chapter"":""2"",""line_id"":null,""observed_text_sha256"":""e33436fd808fb12ecb44d0ba46b9508354c632d936c7c11ca0f12f1912a5a927"",""pdf_page"":65,""printed_page"":""38""}",202
[],80759addc719252c3685d80b5a88e3616e9e0aa0757d48c486d379019385c9e3,[],ibc2018:definition:28d3464777cec0495ab69f3a,[],START OF CONSTRUCTION,START OF CONSTRUCTION,definition,verified,code_wide_unless_context_limits,"{""appendix"":null,""bbox"":[306.019,620.104,552.075,717.084],""chapter"":""2"",""line_id"":null,""observed_text_sha256"":""80759addc719252c3685d80b5a88e3616e9e0aa0757d48c486d379019385c9e3"",""pdf_page"":65,""printed_page"":""38""}",202
[],395aafcc539604afd855e3149ca457af4163ffd111b75140269714f79d0ee12c,[],ibc2018:definition:04adea10eebc3b97f04a8d6e,[],"STEEL CONSTRUCTION, COLD-FORMED","STEEL CONSTRUCTION, COLD-FORMED",definition,verified,code_wide_unless_context_limits,"{""appendix"":null,""bbox"":[59.951,169.36,305.926,222.405],""chapter"":""2"",""line_id"":null,""observed_text_sha256"":""395aafcc539604afd855e3149ca457af4163ffd111b75140269714f79d0ee12c"",""pdf_page"":66,""printed_page"":""39""}",202
[],cbb3a51881010f4f3be580ac2698f79694dfe46426325a52a2a741bf57ad1fec,[],ibc2018:definition:af1734bf4142d2332e3264fc,[],"STEEL ELEMENT, STRUCTURAL","STEEL ELEMENT, STRUCTURAL",definition,verified,code_wide_unless_context_limits,"{""appendix"":null,""bbox"":[59.952,227.933,306.431,280.948],""chapter"":""2"",""line_id"":null,""observed_text_sha256"":""cbb3a51881010f4f3be580ac2698f79694dfe46426325a52a2a741bf57ad1fec"",""pdf_page"":66,""printed_page"":""39""}",202
[],9324d6995c0973a7af2b66317aeb6de7f95f993876cd9815a6616df1f7412404,[],ibc2018:definition:20b40cbd63d22fb1d4870918,[],STEEL JOIST,STEEL JOIST,definition,verified,code_wide_unless_context_limits,"{""appendix"":null,""bbox"":[60.008,286.475,306.065,339.656],""chapter"":""2"",""line_id"":null,""observed_text_sha256"":""9324d6995c0973a7af2b66317aeb6de7f95f993876cd9815a6616df1f7412404"",""pdf_page"":66,""printed_page"":""39""}",202
[],8757344edb825170b4cde07f492b566c39567c090062ad9b92291967ce79f148,[],ibc2018:definition:839879f6aca3a73c6413c720,[],STEEP SLOPE,STEEP SLOPE,definition,verified,code_wide_unless_context_limits,"{""appendix"":null,""bbox"":[60.008,345.208,305.62,365.33],""chapter"":""2"",""line_id"":null,""observed_text_sha256"":""8757344edb825170b4cde07f492b566c39567c090062ad9b92291967ce79f148"",""pdf_page"":66,""printed_page"":""39""}",202
[],07a125b9f4edcbfa0bd147b21efc2a98bfd217b5c0dd570537ed8470de85cf2c,[],ibc2018:definition:6d5a2ea010b23027d1f0a58d,[],STONE MASONRY,STONE MASONRY,definition,verified,code_wide_unless_context_limits,"{""appendix"":null,""bbox"":[60.007,370.803,305.484,390.894],""chapter"":""2"",""line_id"":null,""observed_text_sha256"":""07a125b9f4edcbfa0bd147b21efc2a98bfd217b5c0dd570537ed8470de85cf2c"",""pdf_page"":66,""printed_page"":""39""}",202
[],bfba2532676e20109c3685d0151b4663582c2d0928d0730e368365408c0dc461,[],ibc2018:definition:95823944f1ffc4dd96f96df6,[],"STORAGE, HAZARDOUS MATERIALS","STORAGE, HAZARDOUS MATERIALS",definition,verified,code_wide_unless_context_limits,"{""appendix"":null,""bbox"":[60.008,396.446,305.594,449.547],""chapter"":""2"",""line_id"":null,""observed_text_sha256"":""bfba2532676e20109c3685d0151b4663582c2d0928d0730e368365408c0dc461"",""pdf_page"":66,""printed_page"":""39""}",202
[],5213f93aea33ea3ca1b23aa6e534fca8c379596c6aa627dfccab9321d40d2a65,[],ibc2018:definition:4400f36029a4d1992cc6f5c2,[],STORAGE RACKS,STORAGE RACKS,definition,verified,code_wide_unless_context_limits,"{""appendix"":null,""bbox"":[60.007,455.1,306.487,563.146],""chapter"":""2"",""line_id"":null,""observed_text_sha256"":""5213f93aea33ea3ca1b23aa6e534fca8c379596c6aa627dfccab9321d40d2a65"",""pdf_page"":66,""printed_page"":""39""}",202
[],4cf94a733c568ce986eea59be37edccb627f59c42cbe39a06c3b12385c39266c,[],ibc2018:definition:52811df1436f28ce4b4ecfb7,[],STORM SHELTER,STORM SHELTER,definition,verified,code_wide_unless_context_limits,"{""appendix"":null,""bbox"":[60.008,568.698,305.648,610.787],""chapter"":""2"",""line_id"":null,""observed_text_sha256"":""4cf94a733c568ce986eea59be37edccb627f59c42cbe39a06c3b12385c39266c"",""pdf_page"":66,""printed_page"":""39""}",202
[],de8ec2fe5886817b008454bcfe0d8b4d81444ba9cb69a785a8b34242ae3a64c2,[],ibc2018:definition:2419b659db9fb3c0a3586cc0,[],STORY,STORY,definition,verified,code_wide_unless_context_limits,"{""appendix"":null,""bbox"":[59.952,77.674,571.718,742.756],""chapter"":""2"",""line_id"":null,""observed_text_sha256"":""de8ec2fe5886817b008454bcfe0d8b4d81444ba9cb69a785a8b34242ae3a64c2"",""pdf_page"":66,""printed_page"":""39""}",202
[],db6237b29eaa85f9434844a2d4b8050bae02d85ac86a820ada3937846703dc1a,[],ibc2018:definition:2ba500dac3dfae4fdafcd210,[],STORY ABOVE GRADE PLANE,STORY ABOVE GRADE PLANE,definition,verified,code_wide_unless_context_limits,"{""appendix"":null,""bbox"":[325.993,102.825,571.824,133.873],""chapter"":""2"",""line_id"":null,""observed_text_sha256"":""db6237b29eaa85f9434844a2d4b8050bae02d85ac86a820ada3937846703dc1a"",""pdf_page"":66,""printed_page"":""39""}",202
[],484428999575a43c64c909eb509c49483d6d8d2607e876c3ad9fdec34771f8f9,[],ibc2018:definition:dbdc79af335533f9552cfb01,[],STRUCTURAL COMPOSITE LUMBER,STRUCTURAL COMPOSITE LUMBER,definition,verified,code_wide_unless_context_limits,"{""appendix"":null,""bbox"":[325.993,489.959,572.187,531.993],""chapter"":""2"",""line_id"":null,""observed_text_sha256"":""484428999575a43c64c909eb509c49483d6d8d2607e876c3ad9fdec34771f8f9"",""pdf_page"":66,""printed_page"":""39""}",202
[],f8bd941e2075ed30a471815de9ab648cc835e5cf0fda99b16255f42ac0c2f308,[],ibc2018:definition:95ad53c2096dcd720f23cc62,[],STRUCTURAL GLUED-LAMINATED TIMBER,STRUCTURAL GLUED-LAMINATED TIMBER,definition,verified,code_wide_unless_context_limits,"{""appendix"":null,""bbox"":[40.098,124.786,286.011,188.708],""chapter"":""2"",""line_id"":null,""observed_text_sha256"":""f8bd941e2075ed30a471815de9ab648cc835e5cf0fda99b16255f42ac0c2f308"",""pdf_page"":67,""printed_page"":""40""}",202
[],23eb9c9e88a7ce90fc78513a8b42da72ae4d28bb33dc18eeeb873e60e73ec54a,[],ibc2018:definition:647066d0660c99c6d6513e30,[],STRUCTURAL OBSERVATION,STRUCTURAL OBSERVATION,definition,verified,code_wide_unless_context_limits,"{""appendix"":null,""bbox"":[40.098,193.707,286.104,235.741],""chapter"":""2"",""line_id"":null,""observed_text_sha256"":""23eb9c9e88a7ce90fc78513a8b42da72ae4d28bb33dc18eeeb873e60e73ec54a"",""pdf_page"":67,""printed_page"":""40""}",202
[],2476b35ebb492eb7224e1f2ea1fb3be371f767ce4182238b4631015ed1534363,[],ibc2018:definition:90326307b65d29e8330c1d2e,[],STRUCTURE,STRUCTURE,definition,verified,code_wide_unless_context_limits,"{""appendix"":null,""bbox"":[40.098,240.74,259.63,249.795],""chapter"":""2"",""line_id"":null,""observed_text_sha256"":""2476b35ebb492eb7224e1f2ea1fb3be371f767ce4182238b4631015ed1534363"",""pdf_page"":67,""printed_page"":""40""}",202
[],05515bcad20823016d68479dc527d35c3166b1af20cb1f239ac0a3673e8d6667,[],ibc2018:definition:983a39047d40885b29d34e36,[],SUBSTANTIAL DAMAGE,SUBSTANTIAL DAMAGE,definition,verified,code_wide_unless_context_limits,"{""appendix"":null,""bbox"":[40.097,254.684,286.207,307.729],""chapter"":""2"",""line_id"":null,""observed_text_sha256"":""05515bcad20823016d68479dc527d35c3166b1af20cb1f239ac0a3673e8d6667"",""pdf_page"":67,""printed_page"":""40""}",202
[],70f9a304ae1076cd1454fbf1e17244dc27f4547d28593a597366ee5cc915ecbc,[],ibc2018:definition:6107b1e4f06be3ea12dd6564,[],SUBSTANTIAL IMPROVEMENT,SUBSTANTIAL IMPROVEMENT,definition,verified,code_wide_unless_context_limits,"{""appendix"":null,""bbox"":[40.097,312.648,286.138,409.707],""chapter"":""2"",""line_id"":null,""observed_text_sha256"":""70f9a304ae1076cd1454fbf1e17244dc27f4547d28593a597366ee5cc915ecbc"",""pdf_page"":67,""printed_page"":""40""}",202
[],91527db5a9ee569702dd2adfa726cc97f2265a8786b45eb61b1d7f0cc394e057,[],ibc2018:definition:ac750ac25abbfddea8e17ef4,[],SUNROOM,SUNROOM,definition,verified,code_wide_unless_context_limits,"{""appendix"":null,""bbox"":[40.096,497.515,285.768,528.728],""chapter"":""2"",""line_id"":null,""observed_text_sha256"":""91527db5a9ee569702dd2adfa726cc97f2265a8786b45eb61b1d7f0cc394e057"",""pdf_page"":67,""printed_page"":""40""}",202
[],ad20f44274a2a348019691bfa012bfa039e81c696f58ab71e2fb63c10b716b33,[],ibc2018:definition:baa50b832e28ef641ad8eb61,[],SUPERVISING STATION,SUPERVISING STATION,definition,verified,code_wide_unless_context_limits,"{""appendix"":null,""bbox"":[40.096,533.616,285.834,564.75],""chapter"":""2"",""line_id"":null,""observed_text_sha256"":""ad20f44274a2a348019691bfa012bfa039e81c696f58ab71e2fb63c10b716b33"",""pdf_page"":67,""printed_page"":""40""}",202
[],868af01e5fe705ee5a3583e0f4e9c701fd8a19076d2782c9d8cb0e4aac8c7fea,[],ibc2018:definition:d481f759bc3994ea09c7d76d,[],SUPERVISORY SERVICE,SUPERVISORY SERVICE,definition,verified,code_wide_unless_context_limits,"{""appendix"":null,""bbox"":[40.096,569.583,285.944,611.617],""chapter"":""2"",""line_id"":null,""observed_text_sha256"":""868af01e5fe705ee5a3583e0f4e9c701fd8a19076d2782c9d8cb0e4aac8c7fea"",""pdf_page"":67,""printed_page"":""40""}",202
[],4161e5d261e202e9b0385eb6c2ee101e3abe0e60f20c5259f382f2fb069b0583,[],ibc2018:definition:2fc8e9c6021ffcce7b30a913,[],SUPERVISORY SIGNAL,SUPERVISORY SIGNAL,definition,verified,code_wide_unless_context_limits,"{""appendix"":null,""bbox"":[40.096,616.616,286.018,658.65],""chapter"":""2"",""line_id"":null,""observed_text_sha256"":""4161e5d261e202e9b0385eb6c2ee101e3abe0e60f20c5259f382f2fb069b0583"",""pdf_page"":67,""printed_page"":""40""}",202
[],0e32bde8b0943aaaf881d1e1f5909be81220326b881067846c401cf48995928d,[],ibc2018:definition:c9feb90a20cdda862a9197cf,[],SUPERVISORY SIGNAL-INITIATING DEVICE,SUPERVISORY SIGNAL-INITIATING DEVICE,definition,verified,code_wide_unless_context_limits,"{""appendix"":null,""bbox"":[40.095,77.618,551.767,727.65],""chapter"":""2"",""line_id"":null,""observed_text_sha256"":""0e32bde8b0943aaaf881d1e1f5909be81220326b881067846c401cf48995928d"",""pdf_page"":67,""printed_page"":""40""}",202
[],184f4b72eb95aed6b834e0ffd51b9bac385091d89985dcd6b6707bff83fcefb7,[],ibc2018:definition:a27b2545f96083a5806cf09d,[],SUSCEPTIBLE BAY,SUSCEPTIBLE BAY,definition,verified,code_wide_unless_context_limits,"{""appendix"":null,""bbox"":[305.97,102.628,551.965,122.64],""chapter"":""2"",""line_id"":null,""observed_text_sha256"":""184f4b72eb95aed6b834e0ffd51b9bac385091d89985dcd6b6707bff83fcefb7"",""pdf_page"":67,""printed_page"":""40""}",202
[],d6dbc746b7656e1572026b29fb137416b45fcb2f09f221474cc180a0047f4992,[],ibc2018:definition:50260bb5b2aa059d02ecee7d,[],SWIMMING POOL,SWIMMING POOL,definition,verified,code_wide_unless_context_limits,"{""appendix"":null,""bbox"":[305.999,213.795,552.011,266.729],""chapter"":""2"",""line_id"":null,""observed_text_sha256"":""d6dbc746b7656e1572026b29fb137416b45fcb2f09f221474cc180a0047f4992"",""pdf_page"":67,""printed_page"":""40""}",202
[],3f71534619beebfb85d00fbb934eced6a887778140472be2436e02fbf225af7d,[],ibc2018:definition:07543dadb8b9a7b007b46212,[],T RATING,T RATING,definition,verified,code_wide_unless_context_limits,"{""appendix"":null,""bbox"":[305.999,271.649,551.991,324.773],""chapter"":""2"",""line_id"":null,""observed_text_sha256"":""3f71534619beebfb85d00fbb934eced6a887778140472be2436e02fbf225af7d"",""pdf_page"":67,""printed_page"":""40""}",202
[],c5af36bf941cd331be10423bc2fa39cb1556ce06c864380893794782f3493771,[],ibc2018:definition:0a0292e4574b046368178772,[],TECHNICAL PRODUCTION AREA,TECHNICAL PRODUCTION AREA,definition,verified,code_wide_unless_context_limits,"{""appendix"":null,""bbox"":[305.999,329.662,552.063,393.774],""chapter"":""2"",""line_id"":null,""observed_text_sha256"":""c5af36bf941cd331be10423bc2fa39cb1556ce06c864380893794782f3493771"",""pdf_page"":67,""printed_page"":""40""}",202
[],00033985b5057bee2d44542603c2ab449cfa6a52ee33545e81908cd2548a37a9,[],ibc2018:definition:5352837dc92db7737d91c38b,[],TENSILE MEMBRANE STRUCTURE,TENSILE MEMBRANE STRUCTURE,definition,verified,code_wide_unless_context_limits,"{""appendix"":null,""bbox"":[305.999,398.662,551.844,484.741],""chapter"":""2"",""line_id"":null,""observed_text_sha256"":""00033985b5057bee2d44542603c2ab449cfa6a52ee33545e81908cd2548a37a9"",""pdf_page"":67,""printed_page"":""40""}",202
[],68885802bfe2fcbfda002805e732da165b560a30dca5679789a755c577d40ddb,[],ibc2018:definition:9165e33151ed9781b0869864,[],TENT,TENT,definition,verified,code_wide_unless_context_limits,"{""appendix"":null,""bbox"":[305.999,489.685,551.943,531.719],""chapter"":""2"",""line_id"":null,""observed_text_sha256"":""68885802bfe2fcbfda002805e732da165b560a30dca5679789a755c577d40ddb"",""pdf_page"":67,""printed_page"":""40""}",202
[],4f82d140b0d8bf0d6ecaab2f6ffe76bbc6c70bb09cd43e43c110372f6ce71c9e,[],ibc2018:definition:b546282a8ea916f13247c992,[],THERMAL ISOLATION,THERMAL ISOLATION,definition,verified,code_wide_unless_context_limits,"{""appendix"":null,""bbox"":[306.0,536.607,551.668,567.74],""chapter"":""2"",""line_id"":null,""observed_text_sha256"":""4f82d140b0d8bf0d6ecaab2f6ffe76bbc6c70bb09cd43e43c110372f6ce71c9e"",""pdf_page"":67,""printed_page"":""40""}",202
[],5159b9a3934983dadaf99f27ab186244de718d7c2b71ce93d5c7ae599e2f097a,[],ibc2018:definition:6b14f156e9b69c3a00f92a0d,[],THERMOPLASTIC MATERIAL,THERMOPLASTIC MATERIAL,definition,verified,code_wide_unless_context_limits,"{""appendix"":null,""bbox"":[306.0,572.628,552.423,603.762],""chapter"":""2"",""line_id"":null,""observed_text_sha256"":""5159b9a3934983dadaf99f27ab186244de718d7c2b71ce93d5c7ae599e2f097a"",""pdf_page"":67,""printed_page"":""40""}",202
[],f5d3fef674c46c3f75f17b3b91f2dd1f888f31ce03df5e98367742cff486e590,[],ibc2018:definition:49887ca4fab966be854ccc85,[],THERMOSETTING MATERIAL,THERMOSETTING MATERIAL,definition,verified,code_wide_unless_context_limits,"{""appendix"":null,""bbox"":[305.999,608.595,551.915,639.728],""chapter"":""2"",""line_id"":null,""observed_text_sha256"":""f5d3fef674c46c3f75f17b3b91f2dd1f888f31ce03df5e98367742cff486e590"",""pdf_page"":67,""printed_page"":""40""}",202
[],f466067f61402abcca7f980ab4c12b58bce2d4cf07d7faa4d0afe44461f94f9a,[],ibc2018:definition:ae0932070e2902482b7473e4,[],THROUGH PENETRATION,THROUGH PENETRATION,definition,verified,code_wide_unless_context_limits,"{""appendix"":null,""bbox"":[306.0,644.617,551.837,675.75],""chapter"":""2"",""line_id"":null,""observed_text_sha256"":""f466067f61402abcca7f980ab4c12b58bce2d4cf07d7faa4d0afe44461f94f9a"",""pdf_page"":67,""printed_page"":""40""}",202
[],1416a57af2b6019ff3006c9cc73a0c2c63f603a7a134e6f7b5c1f36349d4f922,[],ibc2018:definition:4b0c89d2d9783ecd5713e301,[],THROUGH-PENETRATION FIRESTOP SYSTEM,THROUGH-PENETRATION FIRESTOP SYSTEM,definition,verified,code_wide_unless_context_limits,"{""appendix"":null,""bbox"":[305.999,680.663,552.133,733.684],""chapter"":""2"",""line_id"":null,""observed_text_sha256"":""1416a57af2b6019ff3006c9cc73a0c2c63f603a7a134e6f7b5c1f36349d4f922"",""pdf_page"":67,""printed_page"":""40""}",202
[],b731100ef478195d36cba9093aa67e9c4642033aee7a4ab1aded7c67e99f0286,[],ibc2018:definition:94b2a24654fd0b05acbc72cd,[],"TIE, WALL","TIE, WALL",definition,verified,code_wide_unless_context_limits,"{""appendix"":null,""bbox"":[59.95,102.825,306.429,122.972],""chapter"":""2"",""line_id"":null,""observed_text_sha256"":""b731100ef478195d36cba9093aa67e9c4642033aee7a4ab1aded7c67e99f0286"",""pdf_page"":68,""printed_page"":""41""}",202
[],ca036b6eed84ec7572858b5f8ec3eddafc9e20c08238aa3b29a2c360eb05607b,[],ibc2018:definition:0ac88366a165521e52c8627f,[],TIE-DOWN (HOLD-DOWN),TIE-DOWN (HOLD-DOWN),definition,verified,code_wide_unless_context_limits,"{""appendix"":null,""bbox"":[59.95,128.082,305.986,148.204],""chapter"":""2"",""line_id"":null,""observed_text_sha256"":""ca036b6eed84ec7572858b5f8ec3eddafc9e20c08238aa3b29a2c360eb05607b"",""pdf_page"":68,""printed_page"":""41""}",202
[],1b84515585e56095dbc1c89ec4d0f4a7e1a35e012400e06c348728a516d5a3d3,[],ibc2018:definition:2058e86847998027923d1930,[],"TILE, STRUCTURAL CLAY","TILE, STRUCTURAL CLAY",definition,verified,code_wide_unless_context_limits,"{""appendix"":null,""bbox"":[59.95,153.234,306.236,184.391],""chapter"":""2"",""line_id"":null,""observed_text_sha256"":""1b84515585e56095dbc1c89ec4d0f4a7e1a35e012400e06c348728a516d5a3d3"",""pdf_page"":68,""printed_page"":""41""}",202
[],3f24bc6d32dbeecef5cbc47ba569c1d56ba0ea3088380dd482651b7da79738f9,[],ibc2018:definition:a8435fc965bd7bed6a7885ec,[],"TIRES, BULK STORAGE OF","TIRES, BULK STORAGE OF",definition,verified,code_wide_unless_context_limits,"{""appendix"":null,""bbox"":[59.95,189.501,305.95,220.529],""chapter"":""2"",""line_id"":null,""observed_text_sha256"":""3f24bc6d32dbeecef5cbc47ba569c1d56ba0ea3088380dd482651b7da79738f9"",""pdf_page"":68,""printed_page"":""41""}",202
[],1af1a53e097cece7e72097828813699f33c03843fe22d5eae152c135d86a75e3,[],ibc2018:definition:73c24be8a5fca58340f2a704,[],TOWNHOUSE,TOWNHOUSE,definition,verified,code_wide_unless_context_limits,"{""appendix"":null,""bbox"":[60.015,225.725,305.867,267.839],""chapter"":""2"",""line_id"":null,""observed_text_sha256"":""1af1a53e097cece7e72097828813699f33c03843fe22d5eae152c135d86a75e3"",""pdf_page"":68,""printed_page"":""41""}",202
[],1188831cafed5f7b14b5f9b0b700379a53379386d598fdf820c51ccc84dd44db,[],ibc2018:definition:0229b4e217b78ba67b4922e8,[],TOXIC,TOXIC,definition,verified,code_wide_unless_context_limits,"{""appendix"":null,""bbox"":[60.016,272.948,305.747,293.015],""chapter"":""2"",""line_id"":null,""observed_text_sha256"":""1188831cafed5f7b14b5f9b0b700379a53379386d598fdf820c51ccc84dd44db"",""pdf_page"":68,""printed_page"":""41""}",202
[],045dae1a8bf871d08703d6ed7db8f36cce22ee022022e722105b58e3061d4c72,[],ibc2018:definition:3784b842ff06153352e0bf2c,[],TRANSIENT,TRANSIENT,definition,verified,code_wide_unless_context_limits,"{""appendix"":null,""bbox"":[60.012,516.681,305.55,536.717],""chapter"":""2"",""line_id"":null,""observed_text_sha256"":""045dae1a8bf871d08703d6ed7db8f36cce22ee022022e722105b58e3061d4c72"",""pdf_page"":68,""printed_page"":""41""}",202
[],ddb427fb494eb7112db83b0cdb4247705a1ec24ab3e0147ea60250f46dc2f2a5,[],ibc2018:definition:4377efc4cf10dc429ba50b1c,[],TRANSIENT AIRCRAFT,TRANSIENT AIRCRAFT,definition,verified,code_wide_unless_context_limits,"{""appendix"":null,""bbox"":[60.013,541.938,306.252,572.96],""chapter"":""2"",""line_id"":null,""observed_text_sha256"":""ddb427fb494eb7112db83b0cdb4247705a1ec24ab3e0147ea60250f46dc2f2a5"",""pdf_page"":68,""printed_page"":""41""}",202
[],fca7a7ee67becc4e248b81939307817e25f1b3e8f123ef009de652be4e748329,[],ibc2018:definition:3cd218f4db16cb00b9b0e714,[],TREATED WOOD,TREATED WOOD,definition,verified,code_wide_unless_context_limits,"{""appendix"":null,""bbox"":[60.013,578.07,305.514,598.137],""chapter"":""2"",""line_id"":null,""observed_text_sha256"":""fca7a7ee67becc4e248b81939307817e25f1b3e8f123ef009de652be4e748329"",""pdf_page"":68,""printed_page"":""41""}",202
[],5572beef2fd877ffc0c1f5a2efe534e39b97bb8f031a8f195cfd4cda97434dd8,[],ibc2018:definition:d508474425e3cc40c23579e0,[],TRIM,TRIM,definition,verified,code_wide_unless_context_limits,"{""appendix"":null,""bbox"":[60.01,697.62,305.548,728.667],""chapter"":""2"",""line_id"":null,""observed_text_sha256"":""5572beef2fd877ffc0c1f5a2efe534e39b97bb8f031a8f195cfd4cda97434dd8"",""pdf_page"":68,""printed_page"":""41""}",202
[],e72aec668f23a7fb5d96f42a48f8aefb2cae663bf299c0993c06fd72395b35ff,[],ibc2018:definition:603aa76694586a1dce3e0378,[],TROUBLE SIGNAL,TROUBLE SIGNAL,definition,verified,code_wide_unless_context_limits,"{""appendix"":null,""bbox"":[325.996,77.614,572.111,108.827],""chapter"":""2"",""line_id"":null,""observed_text_sha256"":""e72aec668f23a7fb5d96f42a48f8aefb2cae663bf299c0993c06fd72395b35ff"",""pdf_page"":68,""printed_page"":""41""}",202
[],be077a280b6875f6e72c403114405a381da49b4ef0d0d046b86e441898632f05,[],ibc2018:definition:759f30ead1faa3817940761b,[],TSUNAMI DESIGN GEODATABASE,TSUNAMI DESIGN GEODATABASE,definition,verified,code_wide_unless_context_limits,"{""appendix"":null,""bbox"":[325.997,113.826,571.786,155.86],""chapter"":""2"",""line_id"":null,""observed_text_sha256"":""be077a280b6875f6e72c403114405a381da49b4ef0d0d046b86e441898632f05"",""pdf_page"":68,""printed_page"":""41""}",202
[],d577f0e19ba564f0d9764af5f35391b58e52405a10ed5ab1ebba24cde7d9e165,[],ibc2018:definition:ae1ccdd7f37fee1ec11ffeb9,[],TSUNAMI DESIGN ZONE,TSUNAMI DESIGN ZONE,definition,verified,code_wide_unless_context_limits,"{""appendix"":null,""bbox"":[325.996,160.859,572.115,202.893],""chapter"":""2"",""line_id"":null,""observed_text_sha256"":""d577f0e19ba564f0d9764af5f35391b58e52405a10ed5ab1ebba24cde7d9e165"",""pdf_page"":68,""printed_page"":""41""}",202
[],e545fd4f45a272d02ed183bdecde96edd7525bf31cd3d6eb6b21b538f71c7a14,[],ibc2018:definition:06d4d4318ef8dd955e9a7e7f,[],TUBULAR DAYLIGHTING DEVICE (TDD),TUBULAR DAYLIGHTING DEVICE (TDD),definition,verified,code_wide_unless_context_limits,"{""appendix"":null,""bbox"":[325.995,208.003,572.229,293.916],""chapter"":""2"",""line_id"":null,""observed_text_sha256"":""e545fd4f45a272d02ed183bdecde96edd7525bf31cd3d6eb6b21b538f71c7a14"",""pdf_page"":68,""printed_page"":""41""}",202
[],702ec607f5396212b60d8bb2d7ce5986b9c977fa31f3c9db24db3c0c489447e7,[],ibc2018:definition:d755aebe9c0ac8c7d8895ae9,[],24-HOUR BASIS,24-HOUR BASIS,definition,verified,code_wide_unless_context_limits,"{""appendix"":null,""bbox"":[325.996,299.025,571.838,319.037],""chapter"":""2"",""line_id"":null,""observed_text_sha256"":""702ec607f5396212b60d8bb2d7ce5986b9c977fa31f3c9db24db3c0c489447e7"",""pdf_page"":68,""printed_page"":""41""}",202
[],1cb301f3f0c98f077d10a57d6be8ebb192c36403a0d5841c3c5e45ac0fc2bc88,[],ibc2018:definition:e830ae5d07c917f043f4d7db,[],TYPE A UNIT,TYPE A UNIT,definition,verified,code_wide_unless_context_limits,"{""appendix"":null,""bbox"":[325.996,324.067,572.281,355.114],""chapter"":""2"",""line_id"":null,""observed_text_sha256"":""1cb301f3f0c98f077d10a57d6be8ebb192c36403a0d5841c3c5e45ac0fc2bc88"",""pdf_page"":68,""printed_page"":""41""}",202
[],0967f42084109a17c785fc53e4a95cb36eca29b5159ced5bf2892236a3085566,[],ibc2018:definition:a43bf2ff43b61d68ebb6d601,[],TYPE B UNIT,TYPE B UNIT,definition,verified,code_wide_unless_context_limits,"{""appendix"":null,""bbox"":[325.996,360.143,572.642,413.213],""chapter"":""2"",""line_id"":null,""observed_text_sha256"":""0967f42084109a17c785fc53e4a95cb36eca29b5159ced5bf2892236a3085566"",""pdf_page"":68,""printed_page"":""41""}",202
[],ab2d1ab96056c5d92b75b506bb0a569e54a18802ebeab5b33b737dc03d6551c6,[],ibc2018:definition:176a2918932f56d4a2800046,[],UMBRELLA STRUCTURE,UMBRELLA STRUCTURE,definition,verified,code_wide_unless_context_limits,"{""appendix"":null,""bbox"":[325.996,418.323,572.051,460.302],""chapter"":""2"",""line_id"":null,""observed_text_sha256"":""ab2d1ab96056c5d92b75b506bb0a569e54a18802ebeab5b33b737dc03d6551c6"",""pdf_page"":68,""printed_page"":""41""}",202
[],584a63737bc4bf98d7583965c9f115785fc5258ae3c5414fd014ede443863305,[],ibc2018:definition:e7904cbad944dfb57d450540,[],UNDERLAYMENT,UNDERLAYMENT,definition,verified,code_wide_unless_context_limits,"{""appendix"":null,""bbox"":[325.997,465.301,572.67,507.335],""chapter"":""2"",""line_id"":null,""observed_text_sha256"":""584a63737bc4bf98d7583965c9f115785fc5258ae3c5414fd014ede443863305"",""pdf_page"":68,""printed_page"":""41""}",202
[],b473c4a93bb305fcdf80f785c7f507482529f06d84fd36e25d7d85788b8a9f1c,[],ibc2018:definition:72629c2180c2e7d1e8e32e40,[],UNIT SKYLIGHT,UNIT SKYLIGHT,definition,verified,code_wide_unless_context_limits,"{""appendix"":null,""bbox"":[325.997,512.334,496.615,521.389],""chapter"":""2"",""line_id"":null,""observed_text_sha256"":""b473c4a93bb305fcdf80f785c7f507482529f06d84fd36e25d7d85788b8a9f1c"",""pdf_page"":68,""printed_page"":""41""}",202
[],c29ca8b9aed16bde8a5225a617b2d15544883733a9ce1957faf3b00e15210324,[],ibc2018:definition:2fb811b426baf20debf94db9,[],UNSTABLE (REACTIVE) MATERIAL,UNSTABLE (REACTIVE) MATERIAL,definition,verified,code_wide_unless_context_limits,"{""appendix"":null,""bbox"":[325.996,526.499,572.387,612.578],""chapter"":""2"",""line_id"":null,""observed_text_sha256"":""c29ca8b9aed16bde8a5225a617b2d15544883733a9ce1957faf3b00e15210324"",""pdf_page"":68,""printed_page"":""41""}",202
[],fc944a21abbfe7a0f32e954c318681b8b6067589b89eb56bd83d6b2c9436800f,[],ibc2018:definition:f851199960c0191e4076b6c8,[],USE (MATERIAL),USE (MATERIAL),definition,verified,code_wide_unless_context_limits,"{""appendix"":null,""bbox"":[40.1,218.662,285.595,238.784],""chapter"":""2"",""line_id"":null,""observed_text_sha256"":""fc944a21abbfe7a0f32e954c318681b8b6067589b89eb56bd83d6b2c9436800f"",""pdf_page"":69,""printed_page"":""42""}",202
[],e1a29c387bf1ad22c89ade07b74326af0c5e8c9026137ed7b1a8839fe2e33154,[],ibc2018:definition:2f4859f851b45599a73a8baf,[],VAPOR PERMEABLE,VAPOR PERMEABLE,definition,verified,code_wide_unless_context_limits,"{""appendix"":null,""bbox"":[40.1,243.728,286.153,296.746],""chapter"":""2"",""line_id"":null,""observed_text_sha256"":""e1a29c387bf1ad22c89ade07b74326af0c5e8c9026137ed7b1a8839fe2e33154"",""pdf_page"":69,""printed_page"":""42""}",202
[],faa2138928ad8267a67d57d4dd839d665542337388ddffe1a22b47d980f1dd7b,[],ibc2018:definition:78b94697a770cc4ffdebc71d,[],VAPOR RETARDER CLASS,VAPOR RETARDER CLASS,definition,verified,code_wide_unless_context_limits,"{""appendix"":null,""bbox"":[40.105,301.745,286.179,396.834],""chapter"":""2"",""line_id"":null,""observed_text_sha256"":""faa2138928ad8267a67d57d4dd839d665542337388ddffe1a22b47d980f1dd7b"",""pdf_page"":69,""printed_page"":""42""}",202
[],d048ec540e0158a9d107275fa474e20b22f6be97e90c811a90da8269019ecaec,[],ibc2018:definition:920bb2539d555004249dd633,[],VEGETATIVE ROOF,VEGETATIVE ROOF,definition,verified,code_wide_unless_context_limits,"{""appendix"":null,""bbox"":[40.104,401.717,285.899,443.751],""chapter"":""2"",""line_id"":null,""observed_text_sha256"":""d048ec540e0158a9d107275fa474e20b22f6be97e90c811a90da8269019ecaec"",""pdf_page"":69,""printed_page"":""42""}",202
[],8c38bb577b2dfc45585b60ec85e7bec65464a4cfecb1b07cd73e19af9f9227cd,[],ibc2018:definition:4e58b06f52b653050b4452fd,[],VEHICLE BARRIER,VEHICLE BARRIER,definition,verified,code_wide_unless_context_limits,"{""appendix"":null,""bbox"":[40.104,448.75,286.473,479.717],""chapter"":""2"",""line_id"":null,""observed_text_sha256"":""8c38bb577b2dfc45585b60ec85e7bec65464a4cfecb1b07cd73e19af9f9227cd"",""pdf_page"":69,""printed_page"":""42""}",202
[],ff55d463bd85e5e5b730ef5f53c506027f8ae6e4fc5e727ca9b04d9c6af1eaf1,[],ibc2018:definition:7ae2e926e886a839c27e8834,[],VEHICULAR GATE,VEHICULAR GATE,definition,verified,code_wide_unless_context_limits,"{""appendix"":null,""bbox"":[40.104,484.717,286.117,515.739],""chapter"":""2"",""line_id"":null,""observed_text_sha256"":""ff55d463bd85e5e5b730ef5f53c506027f8ae6e4fc5e727ca9b04d9c6af1eaf1"",""pdf_page"":69,""printed_page"":""42""}",202
[],afa677cf0b0eaf7fb8085703b321af415871fb9528382208f7a4a1d2902ce982,[],ibc2018:definition:231e5e79ddbbba7e4ea336b4,[],VENEER,VENEER,definition,verified,code_wide_unless_context_limits,"{""appendix"":null,""bbox"":[40.105,520.739,286.17,551.706],""chapter"":""2"",""line_id"":null,""observed_text_sha256"":""afa677cf0b0eaf7fb8085703b321af415871fb9528382208f7a4a1d2902ce982"",""pdf_page"":69,""printed_page"":""42""}",202
[],5d99842e4f2e3d28c83cd35f1662f93f2126f59ca2472b29ba1e31cad96106e8,[],ibc2018:definition:b92759f184dd313af0f1d00a,[],VENTILATION,VENTILATION,definition,verified,code_wide_unless_context_limits,"{""appendix"":null,""bbox"":[40.104,556.705,286.528,587.728],""chapter"":""2"",""line_id"":null,""observed_text_sha256"":""5d99842e4f2e3d28c83cd35f1662f93f2126f59ca2472b29ba1e31cad96106e8"",""pdf_page"":69,""printed_page"":""42""}",202
[],f127c8556328b5eea420007a0cd7c5b18be8434246a14e1859117e84227b2793,[],ibc2018:definition:e945c93c7846be3b14879894,[],VINYL SIDING,VINYL SIDING,definition,verified,code_wide_unless_context_limits,"{""appendix"":null,""bbox"":[40.103,592.726,285.898,623.694],""chapter"":""2"",""line_id"":null,""observed_text_sha256"":""f127c8556328b5eea420007a0cd7c5b18be8434246a14e1859117e84227b2793"",""pdf_page"":69,""printed_page"":""42""}",202
[],5796fe0bde2fc9df8efb5eee8346bf92cca90c57179ca8b4f8011fb18292da0b,[],ibc2018:definition:188b3e6702eff1a3ff69379e,[],VISIBLE ALARM NOTIFICATION APPLIANCE,VISIBLE ALARM NOTIFICATION APPLIANCE,definition,verified,code_wide_unless_context_limits,"{""appendix"":null,""bbox"":[40.103,628.693,285.81,648.815],""chapter"":""2"",""line_id"":null,""observed_text_sha256"":""5796fe0bde2fc9df8efb5eee8346bf92cca90c57179ca8b4f8011fb18292da0b"",""pdf_page"":69,""printed_page"":""42""}",202
[],434c1640e4ccd862bbfa7ae17cbb07a20ff4342d311e18c0c13552a5d3fa6b46,[],ibc2018:definition:e3a607d4aa65c0ec3ecf9de0,[],"WALKWAY, PEDESTRIAN","WALKWAY, PEDESTRIAN",definition,verified,code_wide_unless_context_limits,"{""appendix"":null,""bbox"":[40.104,77.743,552.485,734.692],""chapter"":""2"",""line_id"":null,""observed_text_sha256"":""434c1640e4ccd862bbfa7ae17cbb07a20ff4342d311e18c0c13552a5d3fa6b46"",""pdf_page"":69,""printed_page"":""42""}",202
[],5d16657b8c352fadce6832479885f26bbcd3d07fb7b8e9462050e3cf83cf094f,[],ibc2018:definition:6860d610c0b32e9a8f1af185,[],"WALL, LOAD-BEARING","WALL, LOAD-BEARING",definition,verified,code_wide_unless_context_limits,"{""appendix"":null,""bbox"":[305.978,174.797,552.026,194.753],""chapter"":""2"",""line_id"":null,""observed_text_sha256"":""5d16657b8c352fadce6832479885f26bbcd3d07fb7b8e9462050e3cf83cf094f"",""pdf_page"":69,""printed_page"":""42""}",202
[],0e9c94cdfe9babe51b2c1225fe10785cd9bb59eb4777c5ffb25cc859efa14ec5,[],ibc2018:definition:9614cd90212a1591d626050f,[],"WALL, NONLOAD-BEARING","WALL, NONLOAD-BEARING",definition,verified,code_wide_unless_context_limits,"{""appendix"":null,""bbox"":[305.977,271.74,552.153,291.807],""chapter"":""2"",""line_id"":null,""observed_text_sha256"":""0e9c94cdfe9babe51b2c1225fe10785cd9bb59eb4777c5ffb25cc859efa14ec5"",""pdf_page"":69,""printed_page"":""42""}",202
[],b881522e7ec9bc86f0f52ed7256742f198fa192689b81f3568eb9a847a1ef124,[],ibc2018:definition:949bfd328ce5689fcba9c3a4,[],WATER-REACTIVE MATERIAL,WATER-REACTIVE MATERIAL,definition,verified,code_wide_unless_context_limits,"{""appendix"":null,""bbox"":[305.977,296.695,552.184,457.806],""chapter"":""2"",""line_id"":null,""observed_text_sha256"":""b881522e7ec9bc86f0f52ed7256742f198fa192689b81f3568eb9a847a1ef124"",""pdf_page"":69,""printed_page"":""42""}",202
[],60380496efe63f025b76e7b8fc39e4244abc56b481a1908ecd9bf1f8e53f426d,[],ibc2018:definition:4db86687439f0d4b5082385f,[],WATER-RESISTIVE BARRIER,WATER-RESISTIVE BARRIER,definition,verified,code_wide_unless_context_limits,"{""appendix"":null,""bbox"":[305.978,462.75,551.974,504.839],""chapter"":""2"",""line_id"":null,""observed_text_sha256"":""60380496efe63f025b76e7b8fc39e4244abc56b481a1908ecd9bf1f8e53f426d"",""pdf_page"":69,""printed_page"":""42""}",202
[],92a5e11a078c5dd625eb8d4424b3d45650dff88e6acdaef6b1df55fccda097a7,[],ibc2018:definition:183184ae423e285fc6f0b451,[],WEATHER-EXPOSED SURFACES,WEATHER-EXPOSED SURFACES,definition,verified,code_wide_unless_context_limits,"{""appendix"":null,""bbox"":[305.979,509.672,552.458,540.806],""chapter"":""2"",""line_id"":null,""observed_text_sha256"":""92a5e11a078c5dd625eb8d4424b3d45650dff88e6acdaef6b1df55fccda097a7"",""pdf_page"":69,""printed_page"":""42""}",202
[],d8e6c9cd79c0f023695ee217dc53a76f67200b4cfe52e79dcc40712ca198a980,[],ibc2018:definition:2f2f29a5b149e3289b2bc6be,[],WET-CHEMICAL EXTINGUISHING SYSTEM,WET-CHEMICAL EXTINGUISHING SYSTEM,definition,verified,code_wide_unless_context_limits,"{""appendix"":null,""bbox"":[305.978,664.715,551.852,706.749],""chapter"":""2"",""line_id"":null,""observed_text_sha256"":""d8e6c9cd79c0f023695ee217dc53a76f67200b4cfe52e79dcc40712ca198a980"",""pdf_page"":69,""printed_page"":""42""}",202
[],23f3f8ea35dbeb3fa5bd5bdb858f2eee66b3966887eaeb505e8e658b450bdbc2,[],ibc2018:definition:49316a6d86c26c8402bf7ddc,[],WHEELCHAIR SPACE,WHEELCHAIR SPACE,definition,verified,code_wide_unless_context_limits,"{""appendix"":null,""bbox"":[305.978,711.748,551.652,731.705],""chapter"":""2"",""line_id"":null,""observed_text_sha256"":""23f3f8ea35dbeb3fa5bd5bdb858f2eee66b3966887eaeb505e8e658b450bdbc2"",""pdf_page"":69,""printed_page"":""42""}",202
[],d020e82946cdfa03b970ffb09ef6c02eaded7679ffb42165b0cc90176ea295c6,[],ibc2018:definition:f7333eccf49506491d3cf24a,[],WINDBORNE DEBRIS REGION,WINDBORNE DEBRIS REGION,definition,verified,code_wide_unless_context_limits,"{""appendix"":null,""bbox"":[59.95,77.674,305.479,97.795],""chapter"":""2"",""line_id"":null,""observed_text_sha256"":""d020e82946cdfa03b970ffb09ef6c02eaded7679ffb42165b0cc90176ea295c6"",""pdf_page"":70,""printed_page"":""43""}",202
[],5093287614db6ecfe7e0b0ae384b2be80ccbcdb2fe36866fc593a051fdd48917,[],ibc2018:definition:1a9f46c83e777f3227394bff,[],"WINDFORCE-RESISTING SYSTEM, MAIN","WINDFORCE-RESISTING SYSTEM, MAIN",definition,verified,code_wide_unless_context_limits,"{""appendix"":null,""bbox"":[59.949,233.048,305.803,253.17],""chapter"":""2"",""line_id"":null,""observed_text_sha256"":""5093287614db6ecfe7e0b0ae384b2be80ccbcdb2fe36866fc593a051fdd48917"",""pdf_page"":70,""printed_page"":""43""}",202
[],a002abed072cb3075ee5c7f972f5dbbc350b0d032a2ac951a5c22de8bf2dfb7e,[],ibc2018:definition:41c7ab89e18eb141092ccb99,[],"WIND SPEED, V","WIND SPEED, V",definition,verified,code_wide_unless_context_limits,"{""appendix"":null,""bbox"":[59.949,258.129,305.879,292.279],""chapter"":""2"",""line_id"":null,""observed_text_sha256"":""a002abed072cb3075ee5c7f972f5dbbc350b0d032a2ac951a5c22de8bf2dfb7e"",""pdf_page"":70,""printed_page"":""43""}",202
[],359f8a30a302b7b3c095188733c4f517eecfbd4fae36a5d828ea9a453fb427c9,[],ibc2018:definition:3d3455e29535532f041241f5,[],WINDER,WINDER,definition,verified,code_wide_unless_context_limits,"{""appendix"":null,""bbox"":[60.002,297.389,254.224,306.444],""chapter"":""2"",""line_id"":null,""observed_text_sha256"":""359f8a30a302b7b3c095188733c4f517eecfbd4fae36a5d828ea9a453fb427c9"",""pdf_page"":70,""printed_page"":""43""}",202
[],964fffd0e875c21ed4611b0354471569f8f117f540c57818913e0f2ea11be48b,[],ibc2018:definition:200080bbdacf0d2a7764a3a7,[],WIRE BACKING,WIRE BACKING,definition,verified,code_wide_unless_context_limits,"{""appendix"":null,""bbox"":[60.003,311.444,305.919,342.577],""chapter"":""2"",""line_id"":null,""observed_text_sha256"":""964fffd0e875c21ed4611b0354471569f8f117f540c57818913e0f2ea11be48b"",""pdf_page"":70,""printed_page"":""43""}",202
[],89e4ad134ece099482062fa1b07221c88819d00a31d4ba9dfbeb674a6b22f60a,[],ibc2018:definition:f53f1a112753ef15237a4161,[],WIRELESS PROTECTION SYSTEM,WIRELESS PROTECTION SYSTEM,definition,verified,code_wide_unless_context_limits,"{""appendix"":null,""bbox"":[60.002,347.576,306.114,378.599],""chapter"":""2"",""line_id"":null,""observed_text_sha256"":""89e4ad134ece099482062fa1b07221c88819d00a31d4ba9dfbeb674a6b22f60a"",""pdf_page"":70,""printed_page"":""43""}",202
[],48bc26ca9656c738869a2b9c83d24f11584ba2a436b4f654b7f935efa3f4661c,[],ibc2018:definition:fa77fadaad0f99faf1fd543b,[],WOOD/PLASTIC COMPOSITE,WOOD/PLASTIC COMPOSITE,definition,verified,code_wide_unless_context_limits,"{""appendix"":null,""bbox"":[60.002,383.708,305.618,414.676],""chapter"":""2"",""line_id"":null,""observed_text_sha256"":""48bc26ca9656c738869a2b9c83d24f11584ba2a436b4f654b7f935efa3f4661c"",""pdf_page"":70,""printed_page"":""43""}",202
[],3aa16d4542e369992158c557645ef4794c30d176e35510f48d5bf79dafbdccc5,[],ibc2018:definition:f95b477a01f7529fc968f040,[],WOOD SHEAR PANEL,WOOD SHEAR PANEL,definition,verified,code_wide_unless_context_limits,"{""appendix"":null,""bbox"":[60.002,419.785,305.696,439.797],""chapter"":""2"",""line_id"":null,""observed_text_sha256"":""3aa16d4542e369992158c557645ef4794c30d176e35510f48d5bf79dafbdccc5"",""pdf_page"":70,""printed_page"":""43""}",202
[],a3c955b59f137358484b404e75989b6f9061f2cb8308bfd03f783ec19176be04,[],ibc2018:definition:72a0d50dc66feaa45ee24a5d,[],WOOD STRUCTURAL PANEL,WOOD STRUCTURAL PANEL,definition,verified,code_wide_unless_context_limits,"{""appendix"":null,""bbox"":[60.001,444.907,305.974,497.841],""chapter"":""2"",""line_id"":null,""observed_text_sha256"":""a3c955b59f137358484b404e75989b6f9061f2cb8308bfd03f783ec19176be04"",""pdf_page"":70,""printed_page"":""43""}",202
[],e9bb90f93f9c0cd00b882366950ca3ae41d5cd9cdabbdf7c24685bb8e3eba2ca,[],ibc2018:definition:1db2ea6c6a4f7adfa04583b2,[],WORKSTATION,WORKSTATION,definition,verified,code_wide_unless_context_limits,"{""appendix"":null,""bbox"":[60.056,644.161,306.166,741.251],""chapter"":""2"",""line_id"":null,""observed_text_sha256"":""e9bb90f93f9c0cd00b882366950ca3ae41d5cd9cdabbdf7c24685bb8e3eba2ca"",""pdf_page"":70,""printed_page"":""43""}",202
[],6f32fc692ca18bd9929a63c69e76f5ff0a48cae126d66ea3ba5c3d9622489abf,[],ibc2018:definition:5146b2838c366bd825519d57,[],WYTHE,WYTHE,definition,verified,code_wide_unless_context_limits,"{""appendix"":null,""bbox"":[326.043,77.661,571.569,97.728],""chapter"":""2"",""line_id"":null,""observed_text_sha256"":""6f32fc692ca18bd9929a63c69e76f5ff0a48cae126d66ea3ba5c3d9622489abf"",""pdf_page"":70,""printed_page"":""43""}",202
[],41c7e91a18d920f21debc8efed3714f53ca2e3bd6e87eae7503b6a4f145b5948,[],ibc2018:definition:282a36d753af30fd725a8dfd,[],YARD,YARD,definition,verified,code_wide_unless_context_limits,"{""appendix"":null,""bbox"":[326.043,102.647,571.958,144.761],""chapter"":""2"",""line_id"":null,""observed_text_sha256"":""41c7e91a18d920f21debc8efed3714f53ca2e3bd6e87eae7503b6a4f145b5948"",""pdf_page"":70,""printed_page"":""43""}",202
[],d19fc49059fb228bae117732010c974816fe95269600a985b127e5b1f62108c9,[],ibc2018:definition:c7e1eb2087321f91fb382a2c,[],ZONE,ZONE,definition,verified,code_wide_unless_context_limits,"{""appendix"":null,""bbox"":[326.043,149.65,572.045,191.684],""chapter"":""2"",""line_id"":null,""observed_text_sha256"":""d19fc49059fb228bae117732010c974816fe95269600a985b127e5b1f62108c9"",""pdf_page"":70,""printed_page"":""43""}",202
[],4310552abe0b0bcd7fc80ed3e917dbdcee6415caf4e8cb06d1be40f457ddcfc6,[],ibc2018:definition:53f37272bedfb8d9068dd92c,[],"ZONE, NOTIFICATION","ZONE, NOTIFICATION",definition,verified,code_wide_unless_context_limits,"{""appendix"":null,""bbox"":[326.043,196.682,572.153,227.705],""chapter"":""2"",""line_id"":null,""observed_text_sha256"":""4310552abe0b0bcd7fc80ed3e917dbdcee6415caf4e8cb06d1be40f457ddcfc6"",""pdf_page"":70,""printed_page"":""43""}",202
[],8712e79a1e6e900af85b7623c97ef281d8d8e7856d46121993bb36806b99c549,[],ibc2018:definition:896afc986cff2b582373bd54,[],BENCH,BENCH,definition,provisional,appendix_J,"{""appendix"":""J"",""bbox"":[60.006,541.942,305.756,558.391],""chapter"":null,""line_id"":""poppler-line:d663110b32cbffe84155"",""observed_text_sha256"":""8712e79a1e6e900af85b7623c97ef281d8d8e7856d46121993bb36806b99c549"",""pdf_page"":700,""printed_page"":""673""}",J102.1
[],dc400ffc61e758dbe8ce0a420ef88fcb1dbcaf4dbd88848e12d453a14c9a8842,[],ibc2018:definition:de27d9835f0e2f3dc69153d5,[],COMPACTION,COMPACTION,definition,provisional,appendix_J,"{""appendix"":""J"",""bbox"":[60.006,567.949,305.797,584.397],""chapter"":null,""line_id"":""poppler-line:8d81aa71b9d5d8f7eca9"",""observed_text_sha256"":""dc400ffc61e758dbe8ce0a420ef88fcb1dbcaf4dbd88848e12d453a14c9a8842"",""pdf_page"":700,""printed_page"":""673""}",J102.1
[],103cf0a3fad5ece13726d6e62e6d1887f155669a669f7fb5b2374461cec4f9b0,[],ibc2018:definition:e6171ed4b151af09019c1893,[],CUT,CUT,definition,provisional,appendix_J,"{""appendix"":""J"",""bbox"":[60.006,594.01,159.027,610.459],""chapter"":null,""line_id"":""poppler-line:72cb5af7e15340c0a647"",""observed_text_sha256"":""103cf0a3fad5ece13726d6e62e6d1887f155669a669f7fb5b2374461cec4f9b0"",""pdf_page"":700,""printed_page"":""673""}",J102.1
[],9c30e3fd1daa8d0472e220e98d45ee29951c12daaa436e9e8fe292d493098d3b,[],ibc2018:definition:2f4edd823bf5db6e0bccbdba,[],DOWN DRAIN,DOWN DRAIN,definition,provisional,appendix_J,"{""appendix"":""J"",""bbox"":[60.006,609.117,305.833,625.565],""chapter"":null,""line_id"":""poppler-line:21fd34bed8781c9b9e43"",""observed_text_sha256"":""9c30e3fd1daa8d0472e220e98d45ee29951c12daaa436e9e8fe292d493098d3b"",""pdf_page"":700,""printed_page"":""673""}",J102.1
[],4dac06fe3817dc79ab354e359c153d34079c16baa059ea9c68a613608d00bcbe,[],ibc2018:definition:e268aaf61a06b7aab22bdaf8,[],EROSION,EROSION,definition,provisional,appendix_J,"{""appendix"":""J"",""bbox"":[60.006,646.19,305.952,662.638],""chapter"":null,""line_id"":""poppler-line:5c979b7761852cf94a2b"",""observed_text_sha256"":""4dac06fe3817dc79ab354e359c153d34079c16baa059ea9c68a613608d00bcbe"",""pdf_page"":700,""printed_page"":""673""}",J102.1
[],ba4095ae1d13ce1acf1b37ffcb4ff23c441c866012fd9321cc0feabfa24084d6,[],ibc2018:definition:b608c8d7218bb5691f45a1c6,[],EXCAVATION,EXCAVATION,definition,provisional,appendix_J,"{""appendix"":""J"",""bbox"":[60.006,672.251,305.759,688.7],""chapter"":null,""line_id"":""poppler-line:f49a4468f60dc122a765"",""observed_text_sha256"":""ba4095ae1d13ce1acf1b37ffcb4ff23c441c866012fd9321cc0feabfa24084d6"",""pdf_page"":700,""printed_page"":""673""}",J102.1
[],ff385de5780538e9a08e19aa58a04bf80f84f305e8723ef02da05ffebfadae23,[],ibc2018:definition:3a632e173c52751ff92e1786,[],FILL,FILL,definition,provisional,appendix_J,"{""appendix"":""J"",""bbox"":[60.005,698.369,283.399,714.817],""chapter"":null,""line_id"":""poppler-line:ef5a65dad1c1988bd4b9"",""observed_text_sha256"":""ff385de5780538e9a08e19aa58a04bf80f84f305e8723ef02da05ffebfadae23"",""pdf_page"":700,""printed_page"":""673""}",J102.1
[],214ab65d3a0390ecdd69a22700fe29f989720b7f2e91d1ffa73931b3983ef29b,[],ibc2018:definition:d04f7930b5344316477af3e4,[],GRADE,GRADE,definition,provisional,appendix_J,"{""appendix"":""J"",""bbox"":[60.006,713.364,273.396,729.812],""chapter"":null,""line_id"":""poppler-line:16075102d53916cc1c98"",""observed_text_sha256"":""214ab65d3a0390ecdd69a22700fe29f989720b7f2e91d1ffa73931b3983ef29b"",""pdf_page"":700,""printed_page"":""673""}",J102.1
[],c680f7d24f8db4da9df0f30f0e7cf8f67f9b6ca32a20ebeceba7968e2e1169d4,[],ibc2018:definition:9c014a63234210f9b6b8cda4,[],"GRADE, EXISTING","GRADE, EXISTING",definition,provisional,appendix_J,"{""appendix"":""J"",""bbox"":[60.006,728.525,262.223,744.973],""chapter"":null,""line_id"":""poppler-line:5dea655324f46e2e2e44"",""observed_text_sha256"":""c680f7d24f8db4da9df0f30f0e7cf8f67f9b6ca32a20ebeceba7968e2e1169d4"",""pdf_page"":700,""printed_page"":""673""}",J102.1
[],3186206ff3f23aae8d28772cc7642f84f7f03b36ed2d9f6fc6fc2107fc9aec4b,[],ibc2018:definition:9012e3e600482f5394afbf9c,[],TSUNAMI DESIGN ZONE MAP,TSUNAMI DESIGN ZONE MAP,definition,provisional,appendix_M,"{""appendix"":""M"",""bbox"":[60.032,377.438,305.664,393.886],""chapter"":null,""line_id"":""poppler-line:a538f084f1816015560a"",""observed_text_sha256"":""3186206ff3f23aae8d28772cc7642f84f7f03b36ed2d9f6fc6fc2107fc9aec4b"",""pdf_page"":710,""printed_page"":""683""}",M101.2
[],2b7ada17876111bbee159063135dfd5763bad41fb7001b73581f042018a2820b,[],ibc2018:definition:634bf8746188340f0c52fa21,[],REPLICABLE BUILDING,REPLICABLE BUILDING,definition,provisional,appendix_N,"{""appendix"":""N"",""bbox"":[60.034,446.705,305.53,463.154],""chapter"":null,""line_id"":""poppler-line:c159f72234cfb952354e"",""observed_text_sha256"":""2b7ada17876111bbee159063135dfd5763bad41fb7001b73581f042018a2820b"",""pdf_page"":712,""printed_page"":""685""}",N102.1
[],f3c51dbd29fbf8b70b2806e46c5f3314969fa090407e7e0680f4d8d1d075581f,[],ibc2018:definition:76d0d1502e1886eee7a512c6,[],REPLICABLE DESIGN,REPLICABLE DESIGN,definition,provisional,appendix_N,"{""appendix"":""N"",""bbox"":[60.034,470.553,306.092,487.002],""chapter"":null,""line_id"":""poppler-line:9d8d971eacc4fefb2b8c"",""observed_text_sha256"":""f3c51dbd29fbf8b70b2806e46c5f3314969fa090407e7e0680f4d8d1d075581f"",""pdf_page"":712,""printed_page"":""685""}",N102.1
