appendix,candidate_source,caption,chapter,classification_reason,disposition,geometry,id,interpretation_confidence,published_identifier,record_type,review_state,semantic_category,source_anchor
,pdf_vector_paths,,,region falls outside the chapter and appendix page range,rejected_outside_normative_and_appendix_pages,"{""curve_count"":0,""drawing_count"":7,""fill_count"":5,""geometry_fingerprint"":""eb09d23c17707bf6ee836da2cd7a7df074efbd32a4cde26c1efb7f1fc2a7b3da"",""line_count"":14,""rect_count"":4,""stroke_count"":2}",ibc2018:vector-region:4de811ee1f4589616ad3dc8a,0.0,,vector_graphic_region_detection,rejected,unknown,"{""appendix"":null,""bbox"":[18.0,18.0,576.0,320.2],""chapter"":null,""line_id"":null,""observed_text_sha256"":""b784e09ac0113bb18805103270fabe33e1a37a5fd6b6fa09f212f6b6f744cce3"",""pdf_page"":2,""printed_page"":null}"
,pdf_vector_paths,,,region falls outside the chapter and appendix page range,rejected_outside_normative_and_appendix_pages,"{""curve_count"":36,""drawing_count"":7,""fill_count"":7,""geometry_fingerprint"":""d50e44bd10172afa4b2b77406136cc3e33c96e873568ec30e5217f3dc05e7c89"",""line_count"":40,""rect_count"":2,""stroke_count"":0}",ibc2018:vector-region:0d5c522d81a53efdb228c5d7,0.0,,vector_graphic_region_detection,rejected,unknown,"{""appendix"":null,""bbox"":[18.0,360.25,603.0,774.0],""chapter"":null,""line_id"":null,""observed_text_sha256"":""a7067f481dfae8dc1d6d3b58211eb2608ea60a38bf24dcebd0f4e6dd3e079c70"",""pdf_page"":2,""printed_page"":null}"
,pdf_vector_paths,,,region falls outside the chapter and appendix page range,rejected_outside_normative_and_appendix_pages,"{""curve_count"":0,""drawing_count"":17,""fill_count"":17,""geometry_fingerprint"":""7e972382e93fe3e56bddc6b0cf4bb089287f496b7ce640fca09fe74d104673fc"",""line_count"":0,""rect_count"":17,""stroke_count"":0}",ibc2018:vector-region:cbc9071c48dcceab2a70b42a,0.0,,vector_graphic_region_detection,rejected,unknown,"{""appendix"":null,""bbox"":[148.15,79.3,552.55,448.75],""chapter"":null,""line_id"":null,""observed_text_sha256"":""c0f97195ed3f09bfcd97f1d287dbfdf20fba670281c92324de6a92752ca1197e"",""pdf_page"":7,""printed_page"":""vi""}"
,pdf_vector_paths,,,region falls outside the chapter and appendix page range,rejected_outside_normative_and_appendix_pages,"{""curve_count"":0,""drawing_count"":22,""fill_count"":22,""geometry_fingerprint"":""dde9b2ce5084de1f8b29960521ffe1e7bde6998330d08eed98067b1cb43134fd"",""line_count"":0,""rect_count"":22,""stroke_count"":0}",ibc2018:vector-region:264f57cbedb5e50135166112,0.0,,vector_graphic_region_detection,rejected,unknown,"{""appendix"":null,""bbox"":[165.95,192.7,572.25,444.2],""chapter"":null,""line_id"":null,""observed_text_sha256"":""94cab9d6ea00e9fb0467d6b3c206464a10b3de7e3397763950034aec1db0fd2d"",""pdf_page"":8,""printed_page"":""vii""}"
,pdf_vector_paths,,,region falls outside the chapter and appendix page range,rejected_outside_normative_and_appendix_pages,"{""curve_count"":0,""drawing_count"":18,""fill_count"":18,""geometry_fingerprint"":""d51e7b11a0e094344d135f336360ffb6fecdee552b39e3a67a7a282f1dcd6321"",""line_count"":0,""rect_count"":18,""stroke_count"":0}",ibc2018:vector-region:baa1b8f66cf60ef9a975835c,0.0,,vector_graphic_region_detection,rejected,unknown,"{""appendix"":null,""bbox"":[167.95,473.75,572.25,707.25],""chapter"":null,""line_id"":null,""observed_text_sha256"":""504af8734599c4213632ee91b56724e6641ae88f800732f6c6a7f282614907c1"",""pdf_page"":10,""printed_page"":""ix""}"
,pdf_vector_paths,,,region falls outside the chapter and appendix page range,rejected_outside_normative_and_appendix_pages,"{""curve_count"":0,""drawing_count"":8,""fill_count"":8,""geometry_fingerprint"":""789296281e2d268b3eade9971d9ef42f00828404515727c498f459ce14e98df7"",""line_count"":0,""rect_count"":8,""stroke_count"":0}",ibc2018:vector-region:2ee720106bfc8f16a5b83146,0.0,,vector_graphic_region_detection,rejected,unknown,"{""appendix"":null,""bbox"":[147.55,346.3,552.2,404.75],""chapter"":null,""line_id"":null,""observed_text_sha256"":""b17ac3d96f059534ec5b947ac131919aa783e46bb6d02a7b7ec2a4bbac3bb2c3"",""pdf_page"":11,""printed_page"":""x""}"
,pdf_vector_paths,,,region falls outside the chapter and appendix page range,rejected_outside_normative_and_appendix_pages,"{""curve_count"":0,""drawing_count"":13,""fill_count"":13,""geometry_fingerprint"":""7a2764214574665683941ce350635d7e52c0f6fe22426307880fa9cc85b90625"",""line_count"":0,""rect_count"":13,""stroke_count"":0}",ibc2018:vector-region:7a3176d7e277d4d7ae9643ae,0.0,,vector_graphic_region_detection,rejected,unknown,"{""appendix"":null,""bbox"":[147.7,127.65,552.2,286.15],""chapter"":null,""line_id"":null,""observed_text_sha256"":""4192106ffedbf2388bb32505eb03452180a4ae6202b8f1b70513427db1f9b622"",""pdf_page"":11,""printed_page"":""x""}"
,pdf_vector_paths,,,region falls outside the chapter and appendix page range,rejected_outside_normative_and_appendix_pages,"{""curve_count"":0,""drawing_count"":7,""fill_count"":7,""geometry_fingerprint"":""d114ae23698160075c8aef2b3faab3bbeccbf530190d433c968e7e685b9aa661"",""line_count"":0,""rect_count"":7,""stroke_count"":0}",ibc2018:vector-region:258bc6d5730117e454ffc6ea,0.0,,vector_graphic_region_detection,rejected,unknown,"{""appendix"":null,""bbox"":[148.15,444.8,552.2,487.3],""chapter"":null,""line_id"":null,""observed_text_sha256"":""72b27cb14da81da24d9ac4d54524761169a8ea8c14a51bda2c15814c35a67164"",""pdf_page"":11,""printed_page"":""x""}"
,pdf_vector_paths,,1,surviving vector geometry is source-backed but insufficient for automatic classification,candidate_vector_region_unclassified,"{""curve_count"":0,""drawing_count"":1,""fill_count"":1,""geometry_fingerprint"":""31a36021e859068d2242e876a1a86ae4d784e9cc368579db03109a3c5ba5f30c"",""line_count"":4,""rect_count"":0,""stroke_count"":0}",ibc2018:vector-region:367f187ed186f97907ab4e7e,0.0,,vector_graphic_region_detection,disputed,unknown,"{""appendix"":null,""bbox"":[59.95,142.9,591.55,144.45],""chapter"":""1"",""line_id"":null,""observed_text_sha256"":""be3da8e04be072cc81c589ad4a4e6d06c4304593582838c62d38395a3910846b"",""pdf_page"":28,""printed_page"":""1""}"
,pdf_vector_paths,,1,surviving vector geometry is source-backed but insufficient for automatic classification,candidate_vector_region_unclassified,"{""curve_count"":0,""drawing_count"":2,""fill_count"":2,""geometry_fingerprint"":""685c0343e83713e0d6c60c36522f1e50b00285847fb05f17440a9ae806df4392"",""line_count"":0,""rect_count"":2,""stroke_count"":0}",ibc2018:vector-region:2ca8cb1815c4cfa8184bdf17,0.0,,vector_graphic_region_detection,disputed,unknown,"{""appendix"":null,""bbox"":[59.95,277.65,571.9,281.6],""chapter"":""1"",""line_id"":null,""observed_text_sha256"":""0ce63ed0aea2daeede18ce5aa283dde472643d0ad3b14a33d0bc4fc11d5503e2"",""pdf_page"":28,""printed_page"":""1""}"
,pdf_vector_paths,,1,surviving vector geometry is source-backed but insufficient for automatic classification,candidate_vector_region_unclassified,"{""curve_count"":0,""drawing_count"":1,""fill_count"":1,""geometry_fingerprint"":""d3fbb0a51a385ffff84f4565081889e7da66b0dd94055d7be4cd747f9ca5ee66"",""line_count"":0,""rect_count"":1,""stroke_count"":0}",ibc2018:vector-region:b5d2565e91595b5fca4360f9,0.0,,vector_graphic_region_detection,disputed,unknown,"{""appendix"":null,""bbox"":[559.15,487.15,563.25,589.3],""chapter"":""1"",""line_id"":null,""observed_text_sha256"":""98d1571d58a95740001070076a7ece9b51bfe058c23c669fd87bfe632c5e66ef"",""pdf_page"":35,""printed_page"":""8""}"
,pdf_vector_paths,,2,surviving vector geometry is source-backed but insufficient for automatic classification,candidate_vector_region_unclassified,"{""curve_count"":0,""drawing_count"":1,""fill_count"":1,""geometry_fingerprint"":""9d477ab37ad1965976a98fc6a4bf0865114af9800e088e70b3361040deb2fb24"",""line_count"":0,""rect_count"":1,""stroke_count"":0}",ibc2018:vector-region:138de0dfbfe433d800819049,0.0,,vector_graphic_region_detection,disputed,unknown,"{""appendix"":null,""bbox"":[59.95,140.15,571.9,141.1],""chapter"":""2"",""line_id"":null,""observed_text_sha256"":""ca3d2db8e2f93f83ebad92660579e26c1f63979e7fdb5e3c7c1a6fb933d0f79e"",""pdf_page"":40,""printed_page"":""13""}"
,pdf_vector_paths,,2,surviving vector geometry is source-backed but insufficient for automatic classification,candidate_vector_region_unclassified,"{""curve_count"":0,""drawing_count"":2,""fill_count"":2,""geometry_fingerprint"":""6a8e89ac99b90e197a84f5cf034b7edcce171d62ed60abf33d677334f9560c16"",""line_count"":0,""rect_count"":2,""stroke_count"":0}",ibc2018:vector-region:9615811988b66f3fd77c7f09,0.0,,vector_graphic_region_detection,disputed,unknown,"{""appendix"":null,""bbox"":[59.95,214.65,571.9,218.6],""chapter"":""2"",""line_id"":null,""observed_text_sha256"":""01287c3edcc82e2084a40d8154066356298deff0b6f6513568ada7b02d5363c8"",""pdf_page"":40,""printed_page"":""13""}"
,pdf_vector_paths,,2,surviving vector geometry is source-backed but insufficient for automatic classification,candidate_vector_region_unclassified,"{""curve_count"":0,""drawing_count"":1,""fill_count"":1,""geometry_fingerprint"":""39858a0374427cf0bb005e070e945ff69a89b0908528385b67e925de2876d0fb"",""line_count"":0,""rect_count"":1,""stroke_count"":0}",ibc2018:vector-region:c0f3aa513e27cfba88417d32,0.0,,vector_graphic_region_detection,disputed,unknown,"{""appendix"":null,""bbox"":[559.15,162.1,563.25,366.2],""chapter"":""2"",""line_id"":null,""observed_text_sha256"":""e9d81246df6cd46bb66ce1abe360b1ace9ad607c1a33fa7243af972191be008a"",""pdf_page"":43,""printed_page"":""16""}"
,pdf_vector_paths,,2,surviving vector geometry is source-backed but insufficient for automatic classification,candidate_vector_region_unclassified,"{""curve_count"":0,""drawing_count"":1,""fill_count"":1,""geometry_fingerprint"":""cec8b3cca196161dd01714ed58bd548b8b71221fb1f7ef9b2eb6791dc8d3b891"",""line_count"":0,""rect_count"":1,""stroke_count"":0}",ibc2018:vector-region:8f77f6086dcea3d5e2ad5efe,0.0,,vector_graphic_region_detection,disputed,unknown,"{""appendix"":null,""bbox"":[48.7,420.95,52.75,551.0],""chapter"":""2"",""line_id"":null,""observed_text_sha256"":""6b6c7d4b6d3a0e5990289ec85c3b561ba2d2323e15ca3cf549c23cac6e5d86b2"",""pdf_page"":44,""printed_page"":""17""}"
,pdf_vector_paths,,2,surviving vector geometry is source-backed but insufficient for automatic classification,candidate_vector_region_unclassified,"{""curve_count"":0,""drawing_count"":1,""fill_count"":1,""geometry_fingerprint"":""62e5bd9f114dfedd1189cbf4404ec42fb36ff12391091ad6d9382d1dc2765647"",""line_count"":0,""rect_count"":1,""stroke_count"":0}",ibc2018:vector-region:079a5323346f068a9c449143,0.0,,vector_graphic_region_detection,disputed,unknown,"{""appendix"":null,""bbox"":[28.75,208.15,32.85,320.25],""chapter"":""2"",""line_id"":null,""observed_text_sha256"":""c43a394ade3b63f1904b5b1323011b90671da5f9a91ecd9e8b7270cd833f67ca"",""pdf_page"":51,""printed_page"":""24""}"
,pdf_vector_paths,,2,surviving vector geometry is source-backed but insufficient for automatic classification,candidate_vector_region_unclassified,"{""curve_count"":0,""drawing_count"":1,""fill_count"":1,""geometry_fingerprint"":""3affdf04c1e7ff9809fbafdbd64ac13a2e4b0eecf72f819122f5fbed3558b6a3"",""line_count"":0,""rect_count"":1,""stroke_count"":0}",ibc2018:vector-region:1ac664f8d02c5b3ddabfb550,0.0,,vector_graphic_region_detection,disputed,unknown,"{""appendix"":null,""bbox"":[559.15,579.2,563.25,743.95],""chapter"":""2"",""line_id"":null,""observed_text_sha256"":""c1d45cdcc85e07b12633fb900633dfe20bde7a6002246e727f3d3fd485c927af"",""pdf_page"":53,""printed_page"":""26""}"
,pdf_vector_paths,,2,surviving vector geometry is source-backed but insufficient for automatic classification,candidate_vector_region_unclassified,"{""curve_count"":0,""drawing_count"":1,""fill_count"":1,""geometry_fingerprint"":""ef988c3ed72c055d2e38e3bcc90d884c4afd18d1f1911222386946b8286492aa"",""line_count"":0,""rect_count"":1,""stroke_count"":0}",ibc2018:vector-region:bfe88707cee81b2240e2c39d,0.0,,vector_graphic_region_detection,disputed,unknown,"{""appendix"":null,""bbox"":[48.7,151.9,52.75,393.95],""chapter"":""2"",""line_id"":null,""observed_text_sha256"":""0a880ee2f0e63cb2328f2c50db7f82fa2a7bad8ab32f3ee9766358fbb06e32be"",""pdf_page"":54,""printed_page"":""27""}"
,pdf_vector_paths,,2,surviving vector geometry is source-backed but insufficient for automatic classification,candidate_vector_region_unclassified,"{""curve_count"":0,""drawing_count"":1,""fill_count"":1,""geometry_fingerprint"":""aaff3598f49c0aa948a24e005ddf90109c726f4700f07000bda5674650894d2b"",""line_count"":0,""rect_count"":1,""stroke_count"":0}",ibc2018:vector-region:86967ad87299afe7daba3187,0.0,,vector_graphic_region_detection,disputed,unknown,"{""appendix"":null,""bbox"":[559.15,599.95,563.25,728.95],""chapter"":""2"",""line_id"":null,""observed_text_sha256"":""325ed02904bbbf2084ceeddd7e6f4fc6810cc52014fcc01810d5ce9edcf84ff8"",""pdf_page"":55,""printed_page"":""28""}"
,pdf_vector_paths,,2,surviving vector geometry is source-backed but insufficient for automatic classification,candidate_vector_region_unclassified,"{""curve_count"":0,""drawing_count"":1,""fill_count"":1,""geometry_fingerprint"":""e75c7ef78c0f23f9886b9f3b22db47b49a99b954efff7f7fbe6b85ff468f5cfa"",""line_count"":0,""rect_count"":1,""stroke_count"":0}",ibc2018:vector-region:ebbc21b0a3f4c3201bce8baa,0.0,,vector_graphic_region_detection,disputed,unknown,"{""appendix"":null,""bbox"":[579.1,480.8,583.15,587.6],""chapter"":""2"",""line_id"":null,""observed_text_sha256"":""f8291f326f03393583c63d22302656433a512f55b6209a7db3468d00428eb354"",""pdf_page"":62,""printed_page"":""35""}"
,pdf_vector_paths,,2,surviving vector geometry is source-backed but insufficient for automatic classification,candidate_vector_region_unclassified,"{""curve_count"":0,""drawing_count"":1,""fill_count"":1,""geometry_fingerprint"":""20103ed8617b2f4bdf1808ad90965200a66faebf92447e8d7a032efe28f1f9a8"",""line_count"":0,""rect_count"":1,""stroke_count"":0}",ibc2018:vector-region:0d18cd64aac648d48e53a4b1,0.0,,vector_graphic_region_detection,disputed,unknown,"{""appendix"":null,""bbox"":[28.75,277.65,32.85,389.85],""chapter"":""2"",""line_id"":null,""observed_text_sha256"":""bb10874f5523df220167bd7bfd7d289a2049d84796982b2ede0b0b08ebbe772f"",""pdf_page"":63,""printed_page"":""36""}"
,pdf_vector_paths,,2,surviving vector geometry is source-backed but insufficient for automatic classification,candidate_vector_region_unclassified,"{""curve_count"":0,""drawing_count"":1,""fill_count"":1,""geometry_fingerprint"":""7a52de1916d713b311fd42653939cabb43dd9910b3f81827c2957e1c0194de98"",""line_count"":0,""rect_count"":1,""stroke_count"":0}",ibc2018:vector-region:e7a0558ab4684ac17b24b9fb,0.0,,vector_graphic_region_detection,disputed,unknown,"{""appendix"":null,""bbox"":[48.7,547.75,52.75,660.2],""chapter"":""2"",""line_id"":null,""observed_text_sha256"":""603135c9753fd13732500ed84def3292ee21de57535a033d3e81749c6c64c4ce"",""pdf_page"":64,""printed_page"":""37""}"
,pdf_vector_paths,,2,surviving vector geometry is source-backed but insufficient for automatic classification,candidate_vector_region_unclassified,"{""curve_count"":0,""drawing_count"":1,""fill_count"":1,""geometry_fingerprint"":""b6e4c034fc0f2964baf0602b794ee6c9d684b9fa645254ca329c094340fa64dd"",""line_count"":0,""rect_count"":1,""stroke_count"":0}",ibc2018:vector-region:7e853cdd9b3d8881ccf8578a,0.0,,vector_graphic_region_detection,disputed,unknown,"{""appendix"":null,""bbox"":[579.1,374.5,583.15,475.55],""chapter"":""2"",""line_id"":null,""observed_text_sha256"":""d8129f55d40a0773e04cccfddda270f25f267c1232f949cc48e00a1342623f8e"",""pdf_page"":64,""printed_page"":""37""}"
,pdf_vector_paths,,3,surviving vector geometry is source-backed but insufficient for automatic classification,candidate_vector_region_unclassified,"{""curve_count"":0,""drawing_count"":1,""fill_count"":1,""geometry_fingerprint"":""8eba9d2d3d3fcc65734da832e68deee81d1957f2f6ca55e3335ba00d923ab36c"",""line_count"":0,""rect_count"":1,""stroke_count"":0}",ibc2018:vector-region:8166482d3caa0aac04140d90,0.0,,vector_graphic_region_detection,disputed,unknown,"{""appendix"":null,""bbox"":[48.7,230.95,52.75,550.4],""chapter"":""3"",""line_id"":null,""observed_text_sha256"":""86400cb02e67900dae273079aa1d9a5f07e03f73fd64d3477baf81c3b947145a"",""pdf_page"":72,""printed_page"":""45""}"
,pdf_vector_paths,,3,surviving vector geometry is source-backed but insufficient for automatic classification,candidate_vector_region_unclassified,"{""curve_count"":0,""drawing_count"":1,""fill_count"":1,""geometry_fingerprint"":""b6d401e68731a08a325b121839e09e3b0e13e40233d9520ef2b3bea6ee894a6e"",""line_count"":0,""rect_count"":1,""stroke_count"":0}",ibc2018:vector-region:324d8729d3628774e2107055,0.0,,vector_graphic_region_detection,disputed,unknown,"{""appendix"":null,""bbox"":[55.4,731.95,572.25,744.7],""chapter"":""3"",""line_id"":null,""observed_text_sha256"":""de123a6ac4fa8c42ede44d7c7fe5967f82ad7169bf5af35e97eaacf8da77e3bc"",""pdf_page"":72,""printed_page"":""45""}"
,pdf_vector_paths,,3,surviving vector geometry is source-backed but insufficient for automatic classification,candidate_vector_region_unclassified,"{""curve_count"":0,""drawing_count"":1,""fill_count"":1,""geometry_fingerprint"":""fba21b216477e2a6469fdfc705d1d6f3820fc9a7477731b12e807c18df2a1a16"",""line_count"":0,""rect_count"":1,""stroke_count"":0}",ibc2018:vector-region:eaf9d75ab15dce58e6f4c323,0.0,,vector_graphic_region_detection,disputed,unknown,"{""appendix"":null,""bbox"":[59.95,143.15,571.9,144.1],""chapter"":""3"",""line_id"":null,""observed_text_sha256"":""0aa3f26ae2bee15bf76b0142ea69777a8e2a08b329a14a4d6ea7ec3de76c9e3f"",""pdf_page"":72,""printed_page"":""45""}"
,pdf_vector_paths,,3,surviving vector geometry is source-backed but insufficient for automatic classification,candidate_vector_region_unclassified,"{""curve_count"":0,""drawing_count"":2,""fill_count"":2,""geometry_fingerprint"":""51888636566607dfdb02403631126fef19796a7d33eec623172fea1319b461d3"",""line_count"":0,""rect_count"":2,""stroke_count"":0}",ibc2018:vector-region:df5143c2b0cab4f691f72024,0.0,,vector_graphic_region_detection,disputed,unknown,"{""appendix"":null,""bbox"":[59.95,192.7,571.9,196.65],""chapter"":""3"",""line_id"":null,""observed_text_sha256"":""604474cafd06b54c4d74ef8ec58831c5bd71d07d6c3daaa3a96c07308c87331e"",""pdf_page"":72,""printed_page"":""45""}"
,pdf_vector_paths,,3,dense rectangle-only geometry is more consistent with table or background construction,candidate_tabular_or_background_geometry,"{""curve_count"":0,""drawing_count"":25,""fill_count"":25,""geometry_fingerprint"":""c355aca2471c9ef3a4af9c90898a8f812d6a88da516e66a90d66b5f7b843e56c"",""line_count"":0,""rect_count"":25,""stroke_count"":0}",ibc2018:vector-region:fc54e5cc68f8b573cc1afacf,0.0,,vector_graphic_region_detection,disputed,unknown,"{""appendix"":null,""bbox"":[39.1,387.95,551.35,723.45],""chapter"":""3"",""line_id"":null,""observed_text_sha256"":""0ce051f9c4ddb359a0418ffe95a5ee320e9f82cd25d876b7f40f342f0b3d6e8e"",""pdf_page"":75,""printed_page"":""48""}"
,pdf_vector_paths,,3,dense rectangle-only geometry is more consistent with table or background construction,candidate_tabular_or_background_geometry,"{""curve_count"":0,""drawing_count"":23,""fill_count"":23,""geometry_fingerprint"":""83caccaabc175026583f7bdb0039a37263d65cf2220dffeb0e947bf74cd420dc"",""line_count"":0,""rect_count"":23,""stroke_count"":0}",ibc2018:vector-region:5a5458b184b17c3c81767fea,0.0,,vector_graphic_region_detection,disputed,unknown,"{""appendix"":null,""bbox"":[59.25,96.55,571.75,397.05],""chapter"":""3"",""line_id"":null,""observed_text_sha256"":""2dbd44d645b3c0cb811652b7cf8b3085b55990c4406f49cd85ab0a3cd4f3171b"",""pdf_page"":76,""printed_page"":""49""}"
,pdf_vector_paths,,3,dense rectangle-only geometry is more consistent with table or background construction,candidate_tabular_or_background_geometry,"{""curve_count"":0,""drawing_count"":16,""fill_count"":16,""geometry_fingerprint"":""1b752441e9839b3c0979d65246ab5d166bb44277288be4af6e86e53314692e24"",""line_count"":0,""rect_count"":16,""stroke_count"":0}",ibc2018:vector-region:8e593cb2df08c1a66ddd9d5b,0.0,,vector_graphic_region_detection,disputed,unknown,"{""appendix"":null,""bbox"":[39.35,97.15,552.1,204.7],""chapter"":""3"",""line_id"":null,""observed_text_sha256"":""6054f99e23a4b01e765f26002d2ed4aa19f8a5a73f8892e1a4f5de43e73c6309"",""pdf_page"":77,""printed_page"":""50""}"
,pdf_vector_paths,,3,surviving vector geometry is source-backed but insufficient for automatic classification,candidate_vector_region_unclassified,"{""curve_count"":0,""drawing_count"":1,""fill_count"":1,""geometry_fingerprint"":""66ccead13c8ad282236fb98e3dada8b8266ef7278b1397ddb0115c429ffefdf6"",""line_count"":0,""rect_count"":1,""stroke_count"":0}",ibc2018:vector-region:42637a3ed719af579f7a566a,0.0,,vector_graphic_region_detection,disputed,unknown,"{""appendix"":null,""bbox"":[48.7,298.55,52.75,427.3],""chapter"":""3"",""line_id"":null,""observed_text_sha256"":""95c8ac6ab1209cced77da83fd436a40247e4d16313a2b8bc6a640687642a5b03"",""pdf_page"":80,""printed_page"":""53""}"
,pdf_vector_paths,,3,surviving vector geometry is source-backed but insufficient for automatic classification,candidate_vector_region_unclassified,"{""curve_count"":0,""drawing_count"":1,""fill_count"":1,""geometry_fingerprint"":""41a08a9e6c86c20d7a2d65d1cfb9be39f8c03797d7b3fafd1422fe54d7cf1d45"",""line_count"":0,""rect_count"":1,""stroke_count"":0}",ibc2018:vector-region:dfdfde87dd1382e26c2fe3f7,0.0,,vector_graphic_region_detection,disputed,unknown,"{""appendix"":null,""bbox"":[48.7,477.35,52.75,650.6],""chapter"":""3"",""line_id"":null,""observed_text_sha256"":""fdfd27b239101548e2dea4d1b7f939d4e92912f1d9a0b557366c28a55ffc4eb0"",""pdf_page"":80,""printed_page"":""53""}"
,pdf_vector_paths,,4,surviving vector geometry is source-backed but insufficient for automatic classification,candidate_vector_region_unclassified,"{""curve_count"":0,""drawing_count"":1,""fill_count"":1,""geometry_fingerprint"":""3dd58ed3ffdcd7e11737b29bcc0bb51ff24cd7620a4a8329de61fd9ed713e5ee"",""line_count"":0,""rect_count"":1,""stroke_count"":0}",ibc2018:vector-region:189dcc36181925a897b82a8f,0.0,,vector_graphic_region_detection,disputed,unknown,"{""appendix"":null,""bbox"":[59.95,160.15,571.9,161.15],""chapter"":""4"",""line_id"":null,""observed_text_sha256"":""01ed58c1018ebd19bb1c656d8b1f1ba02362027fd4bef8fb704b50a98e91403a"",""pdf_page"":82,""printed_page"":""55""}"
,pdf_vector_paths,,4,surviving vector geometry is source-backed but insufficient for automatic classification,candidate_vector_region_unclassified,"{""curve_count"":0,""drawing_count"":2,""fill_count"":2,""geometry_fingerprint"":""9ce1c371cd3098280e5f0724052e674cba02c30a0ca5d4b46ffe43c1893e77e1"",""line_count"":0,""rect_count"":2,""stroke_count"":0}",ibc2018:vector-region:ae3f224d31e577f65fd8454c,0.0,,vector_graphic_region_detection,disputed,unknown,"{""appendix"":null,""bbox"":[59.95,219.7,571.9,223.65],""chapter"":""4"",""line_id"":null,""observed_text_sha256"":""46c9a8323468ef10c2acb0482a3dc451c5264e2bf04a4813bb83912757ad5b50"",""pdf_page"":82,""printed_page"":""55""}"
,pdf_vector_paths,,4,surviving vector geometry is source-backed but insufficient for automatic classification,candidate_vector_region_unclassified,"{""curve_count"":0,""drawing_count"":7,""fill_count"":7,""geometry_fingerprint"":""e002fa56a786f744691e736092ef50c099c29e8cd1089cd82f6fffd14598231c"",""line_count"":0,""rect_count"":7,""stroke_count"":0}",ibc2018:vector-region:621d9ea8f4606ffccc2df176,0.0,,vector_graphic_region_detection,disputed,unknown,"{""appendix"":null,""bbox"":[39.7,359.25,286.55,402.8],""chapter"":""4"",""line_id"":null,""observed_text_sha256"":""e2c64fa6896e3c2e6b82d379da8c9f4951053278e5b657a1e9bece2686f56bce"",""pdf_page"":87,""printed_page"":""60""}"
,pdf_vector_paths,,4,surviving vector geometry is source-backed but insufficient for automatic classification,candidate_vector_region_unclassified,"{""curve_count"":0,""drawing_count"":1,""fill_count"":1,""geometry_fingerprint"":""fbc867ede2c7e814edee696211f910eedb84c5cecbe380212c6a7fae8b45476e"",""line_count"":0,""rect_count"":1,""stroke_count"":0}",ibc2018:vector-region:d0958f5b9a2212ce15bd258b,0.0,,vector_graphic_region_detection,disputed,unknown,"{""appendix"":null,""bbox"":[579.1,77.95,583.15,362.5],""chapter"":""4"",""line_id"":null,""observed_text_sha256"":""a6b3f1534e449ffb42276f6e181dd04fdd9502e4f3e791d2317f2e3213fe1552"",""pdf_page"":88,""printed_page"":""61""}"
,pdf_vector_paths,,4,surviving vector geometry is source-backed but insufficient for automatic classification,candidate_vector_region_unclassified,"{""curve_count"":0,""drawing_count"":1,""fill_count"":1,""geometry_fingerprint"":""0b7bf9dd28d26db7f2c2696e4eb89fda6f9a6e7bd8c72bff6acbac5f9846a04d"",""line_count"":0,""rect_count"":1,""stroke_count"":0}",ibc2018:vector-region:0177400db702184675ddee99,0.0,,vector_graphic_region_detection,disputed,unknown,"{""appendix"":null,""bbox"":[579.1,528.2,583.15,710.95],""chapter"":""4"",""line_id"":null,""observed_text_sha256"":""21d997a258bbc1b8d7d3c99e63764c7f282a41ca8c6af59ccab8db0ddb09ec05"",""pdf_page"":88,""printed_page"":""61""}"
,pdf_vector_paths,,4,surviving vector geometry is source-backed but insufficient for automatic classification,candidate_vector_region_unclassified,"{""curve_count"":0,""drawing_count"":1,""fill_count"":1,""geometry_fingerprint"":""31860290d7b02575ed3f872a424bed1e7fefadadeacfe9319a9399a7f1ae8c8a"",""line_count"":0,""rect_count"":1,""stroke_count"":0}",ibc2018:vector-region:f514a0ec09f00ec2164aaa0c,0.0,,vector_graphic_region_detection,disputed,unknown,"{""appendix"":null,""bbox"":[579.1,314.6,583.15,577.15],""chapter"":""4"",""line_id"":null,""observed_text_sha256"":""6284ac2873eca13a8fa7bc4ab6094cf796a30330f41b6b199a90121b96a85529"",""pdf_page"":90,""printed_page"":""63""}"
,pdf_vector_paths,,4,surviving vector geometry is source-backed but insufficient for automatic classification,candidate_vector_region_unclassified,"{""curve_count"":0,""drawing_count"":1,""fill_count"":1,""geometry_fingerprint"":""640866862871152608a60d46803a6a745f3af8b73f713929f01bd560c1cac0ba"",""line_count"":0,""rect_count"":1,""stroke_count"":0}",ibc2018:vector-region:88877946e5291a0720ccfe79,0.0,,vector_graphic_region_detection,disputed,unknown,"{""appendix"":null,""bbox"":[28.75,302.5,32.85,486.95],""chapter"":""4"",""line_id"":null,""observed_text_sha256"":""47dc927abe527a50746337e495ed217baf9d108c6c83ff85c164f227f35eef3f"",""pdf_page"":91,""printed_page"":""64""}"
,pdf_vector_paths,,4,surviving vector geometry is source-backed but insufficient for automatic classification,candidate_vector_region_unclassified,"{""curve_count"":0,""drawing_count"":1,""fill_count"":1,""geometry_fingerprint"":""7024632eac316f65fd6213bb0b9fc849d82ae1994fb8a5cae2ff3d9d3880ff9e"",""line_count"":0,""rect_count"":1,""stroke_count"":0}",ibc2018:vector-region:16336eb47569c17c4edc2d6a,0.0,,vector_graphic_region_detection,disputed,unknown,"{""appendix"":null,""bbox"":[28.75,569.15,32.85,730.4],""chapter"":""4"",""line_id"":null,""observed_text_sha256"":""aad1e204c1a021e2315b387750c9d04dd8085ab8c9293ef4e272396a09a659a9"",""pdf_page"":91,""printed_page"":""64""}"
,pdf_vector_paths,,4,surviving vector geometry is source-backed but insufficient for automatic classification,candidate_vector_region_unclassified,"{""curve_count"":0,""drawing_count"":1,""fill_count"":1,""geometry_fingerprint"":""1dabb3931fe4fe6e2ec44f2323b000f4c932a811782b0919f78ff6e4b635a020"",""line_count"":0,""rect_count"":1,""stroke_count"":0}",ibc2018:vector-region:70764a49107e447fb8084162,0.0,,vector_graphic_region_detection,disputed,unknown,"{""appendix"":null,""bbox"":[559.15,74.95,563.25,730.4],""chapter"":""4"",""line_id"":null,""observed_text_sha256"":""47a48a3545f0f273a453e3de9a506f7860b0bb06387d8703ed614c9ef529b7bc"",""pdf_page"":91,""printed_page"":""64""}"
,pdf_vector_paths,,4,surviving vector geometry is source-backed but insufficient for automatic classification,candidate_vector_region_unclassified,"{""curve_count"":0,""drawing_count"":1,""fill_count"":1,""geometry_fingerprint"":""d41f202b8294e746d5a0fb3a52f418d29797b47241b1c9a2b6aa91f3b988d46b"",""line_count"":0,""rect_count"":1,""stroke_count"":0}",ibc2018:vector-region:d468d82a1127b3881042d14c,0.0,,vector_graphic_region_detection,disputed,unknown,"{""appendix"":null,""bbox"":[48.7,77.95,52.75,635.0],""chapter"":""4"",""line_id"":null,""observed_text_sha256"":""f6b0d036a7e4cb65fa6d81abf38943fd963bc8c1b0750af1e0916574917fd048"",""pdf_page"":92,""printed_page"":""65""}"
,pdf_vector_paths,,4,dense rectangle-only geometry is more consistent with table or background construction,candidate_tabular_or_background_geometry,"{""curve_count"":0,""drawing_count"":16,""fill_count"":16,""geometry_fingerprint"":""c4b5ff0910d762fae6bb315e5313aebbf035e1b074dbc7f9dace453969b1cf78"",""line_count"":0,""rect_count"":16,""stroke_count"":0}",ibc2018:vector-region:9266d743348bd124847e0c7e,0.0,,vector_graphic_region_detection,disputed,unknown,"{""appendix"":null,""bbox"":[38.95,622.9,552.1,732.35],""chapter"":""4"",""line_id"":null,""observed_text_sha256"":""ab2f5c60e22392a9ef25c3b5a61787101fd20b54c7ab84afd0f3a9ee5725d3f7"",""pdf_page"":93,""printed_page"":""66""}"
,pdf_vector_paths,,4,surviving vector geometry is source-backed but insufficient for automatic classification,candidate_vector_region_unclassified,"{""curve_count"":0,""drawing_count"":1,""fill_count"":1,""geometry_fingerprint"":""8f65021b33cb090ce46c373917bdf0f4c7d3eb98dfaad850d94bb4d9ff6b6538"",""line_count"":0,""rect_count"":1,""stroke_count"":0}",ibc2018:vector-region:0f76f711a7a9f55fc27c6544,0.0,,vector_graphic_region_detection,disputed,unknown,"{""appendix"":null,""bbox"":[28.75,151.75,32.85,445.3],""chapter"":""4"",""line_id"":null,""observed_text_sha256"":""65c8366cefdf100aaff737c287f7f8b8ab60abcde91947b86a36efd8086c27a9"",""pdf_page"":95,""printed_page"":""68""}"
,pdf_vector_paths,,4,surviving vector geometry is source-backed but insufficient for automatic classification,candidate_vector_region_unclassified,"{""curve_count"":0,""drawing_count"":1,""fill_count"":1,""geometry_fingerprint"":""110e2db7fd69d8876ad355d7901d7f2bb3eed11029e5ce90351a22d6fad99339"",""line_count"":0,""rect_count"":1,""stroke_count"":0}",ibc2018:vector-region:c7ae88a5c1d81881dd53879c,0.0,,vector_graphic_region_detection,disputed,unknown,"{""appendix"":null,""bbox"":[48.7,211.15,52.75,358.65],""chapter"":""4"",""line_id"":null,""observed_text_sha256"":""356e27fd53707c134297808b7b4833ff88130e9571686d8fe4f6a84bddf1dadb"",""pdf_page"":96,""printed_page"":""69""}"
,pdf_vector_paths,,4,surviving vector geometry is source-backed but insufficient for automatic classification,candidate_vector_region_unclassified,"{""curve_count"":0,""drawing_count"":1,""fill_count"":1,""geometry_fingerprint"":""0b720873e0b596372c02b9d4ce7b89d1926859b61df2f65a73ee0917cfaa6c34"",""line_count"":0,""rect_count"":1,""stroke_count"":0}",ibc2018:vector-region:f7d24c2470470482c5336fcc,0.0,,vector_graphic_region_detection,disputed,unknown,"{""appendix"":null,""bbox"":[559.15,299.0,563.25,611.35],""chapter"":""4"",""line_id"":null,""observed_text_sha256"":""1a2ec1730f35656277830f9dfaee64739accfcff308b9998f190a985759613f6"",""pdf_page"":97,""printed_page"":""70""}"
,pdf_vector_paths,,4,surviving vector geometry is source-backed but insufficient for automatic classification,candidate_vector_region_unclassified,"{""curve_count"":0,""drawing_count"":1,""fill_count"":1,""geometry_fingerprint"":""5c8a46bd311a5fff81da148058f631b2ec93ef1d820f7d4a21f2d7827215105b"",""line_count"":0,""rect_count"":1,""stroke_count"":0}",ibc2018:vector-region:c48cdde765db9b82f867516e,0.0,,vector_graphic_region_detection,disputed,unknown,"{""appendix"":null,""bbox"":[559.15,623.95,563.25,736.9],""chapter"":""4"",""line_id"":null,""observed_text_sha256"":""29119007e8204b014969f1a70e45c4ffdcdf6224c65be9b20a7daed2edbf6333"",""pdf_page"":103,""printed_page"":""76""}"
,pdf_vector_paths,,4,surviving vector geometry is source-backed but insufficient for automatic classification,candidate_vector_region_unclassified,"{""curve_count"":0,""drawing_count"":1,""fill_count"":1,""geometry_fingerprint"":""4b02d837b890e7e51b0d5c061b39ee9c70472b2b2ef8d6a8afcde23e1c1b95a4"",""line_count"":0,""rect_count"":1,""stroke_count"":0}",ibc2018:vector-region:0b7d6d586ba23295e35402d3,0.0,,vector_graphic_region_detection,disputed,unknown,"{""appendix"":null,""bbox"":[48.7,300.8,52.75,541.4],""chapter"":""4"",""line_id"":null,""observed_text_sha256"":""969190fbb40fdcb0e6dce5eb541f473daec15509c9d250163b963654307d70ee"",""pdf_page"":104,""printed_page"":""77""}"
,pdf_vector_paths,,4,dense rectangle-only geometry is more consistent with table or background construction,candidate_tabular_or_background_geometry,"{""curve_count"":0,""drawing_count"":10,""fill_count"":10,""geometry_fingerprint"":""01ac9f6c8bbba1b2cf2e30abeb3e3565e8d8ce5959fe9f0442282c77743a805c"",""line_count"":0,""rect_count"":10,""stroke_count"":0}",ibc2018:vector-region:88b1520760ae44e0c346510d,0.0,,vector_graphic_region_detection,disputed,unknown,"{""appendix"":null,""bbox"":[59.75,181.55,306.1,272.15],""chapter"":""4"",""line_id"":null,""observed_text_sha256"":""fea0fe637cd22c80731d193993c65a044c52eb773856866a03704b82353dfcac"",""pdf_page"":104,""printed_page"":""77""}"
,pdf_vector_paths,,4,surviving vector geometry is source-backed but insufficient for automatic classification,candidate_vector_region_unclassified,"{""curve_count"":0,""drawing_count"":1,""fill_count"":1,""geometry_fingerprint"":""b65296d71700b5785a033b701030fd81a4a172ec7e1745c2efe9f3d2465a0204"",""line_count"":0,""rect_count"":1,""stroke_count"":0}",ibc2018:vector-region:8e7971f29c86d056d035f702,0.0,,vector_graphic_region_detection,disputed,unknown,"{""appendix"":null,""bbox"":[579.1,103.9,583.15,618.1],""chapter"":""4"",""line_id"":null,""observed_text_sha256"":""5c72fc1e769246f0a456be8c22b37c4d7bebbe83b53e58402c1bb1f1c873fe6f"",""pdf_page"":104,""printed_page"":""77""}"
,pdf_vector_paths,,4,surviving vector geometry is source-backed but insufficient for automatic classification,candidate_vector_region_unclassified,"{""curve_count"":0,""drawing_count"":1,""fill_count"":1,""geometry_fingerprint"":""5b260cfae1ee5473928d94553aa5dcbfe37cd2beaa59b7287be01d3cce2c4460"",""line_count"":0,""rect_count"":1,""stroke_count"":0}",ibc2018:vector-region:d8f80c20aceb998a2f8efe11,0.0,,vector_graphic_region_detection,disputed,unknown,"{""appendix"":null,""bbox"":[28.75,77.95,32.85,193.75],""chapter"":""4"",""line_id"":null,""observed_text_sha256"":""ad8abc6025a09031d55b7fff9756c0c328cc34a12c44562f19d25d1d588bdb42"",""pdf_page"":105,""printed_page"":""78""}"
,pdf_vector_paths,,4,dense rectangle-only geometry is more consistent with table or background construction,candidate_tabular_or_background_geometry,"{""curve_count"":0,""drawing_count"":22,""fill_count"":22,""geometry_fingerprint"":""f3d10da49f2dd0d8e6218a5a717436486b054179c15174283bc69dedea4ecd27"",""line_count"":0,""rect_count"":22,""stroke_count"":0}",ibc2018:vector-region:361bd77e33921c9d232df71c,0.0,,vector_graphic_region_detection,disputed,unknown,"{""appendix"":null,""bbox"":[38.95,533.6,551.85,700.9],""chapter"":""4"",""line_id"":null,""observed_text_sha256"":""b3541f72a07782b512bbc701613e82c3f64141ab38d31ab756dfa84a82576059"",""pdf_page"":105,""printed_page"":""78""}"
,pdf_vector_paths,,4,surviving vector geometry is source-backed but insufficient for automatic classification,candidate_vector_region_unclassified,"{""curve_count"":0,""drawing_count"":1,""fill_count"":1,""geometry_fingerprint"":""0a82a6777d5a2ec1fb2a0db8b7a418268187da73a0cc7c6f4ef473c8424f50d9"",""line_count"":0,""rect_count"":1,""stroke_count"":0}",ibc2018:vector-region:ec71fd56a90352c02fdf038b,0.0,,vector_graphic_region_detection,disputed,unknown,"{""appendix"":null,""bbox"":[579.1,176.0,583.15,297.2],""chapter"":""4"",""line_id"":null,""observed_text_sha256"":""99cf95faff54c087ba9b0408460ed01ce9178bf29ef834c2d481790ded38ac2d"",""pdf_page"":106,""printed_page"":""79""}"
,pdf_vector_paths,,4,surviving vector geometry is source-backed but insufficient for automatic classification,candidate_vector_region_unclassified,"{""curve_count"":0,""drawing_count"":1,""fill_count"":1,""geometry_fingerprint"":""c64302740339204db02bdaf6cbbbf2f8c904737351d40f38303964a8c552f907"",""line_count"":0,""rect_count"":1,""stroke_count"":0}",ibc2018:vector-region:4066993c5ab3145c8e260dd5,0.0,,vector_graphic_region_detection,disputed,unknown,"{""appendix"":null,""bbox"":[579.1,327.7,583.15,485.15],""chapter"":""4"",""line_id"":null,""observed_text_sha256"":""60218ef135942d6d9d5de9c103ebdc83227cb35aa05cecc7ed20b7b573b6ac35"",""pdf_page"":106,""printed_page"":""79""}"
,pdf_vector_paths,,4,surviving vector geometry is source-backed but insufficient for automatic classification,candidate_vector_region_unclassified,"{""curve_count"":0,""drawing_count"":1,""fill_count"":1,""geometry_fingerprint"":""b65f145405c3268b048c5ec4ac15c4d693d60b75b93cfd36732ea0ac034366c7"",""line_count"":0,""rect_count"":1,""stroke_count"":0}",ibc2018:vector-region:233b11b96cd0ec6552413786,0.0,,vector_graphic_region_detection,disputed,unknown,"{""appendix"":null,""bbox"":[579.1,562.55,583.15,711.45],""chapter"":""4"",""line_id"":null,""observed_text_sha256"":""75228c01f8ad6649467b704dfbe97608cbc6f46f531cf916789e2efb3b9a6736"",""pdf_page"":106,""printed_page"":""79""}"
,pdf_vector_paths,,4,dense rectangle-only geometry is more consistent with table or background construction,candidate_tabular_or_background_geometry,"{""curve_count"":0,""drawing_count"":15,""fill_count"":15,""geometry_fingerprint"":""89c427fbe987d8028c2613942df8d02d30646940d59ec28821a411f57696c958"",""line_count"":0,""rect_count"":15,""stroke_count"":0}",ibc2018:vector-region:c0f9f7be662c0c3b4e23f2a3,0.0,,vector_graphic_region_detection,disputed,unknown,"{""appendix"":null,""bbox"":[39.35,629.85,553.15,713.6],""chapter"":""4"",""line_id"":null,""observed_text_sha256"":""d9091a50de099a4ecf7cea47fbf5127efe87bbb2ac1c876f6c702bff67526a6f"",""pdf_page"":107,""printed_page"":""80""}"
,pdf_vector_paths,,4,dense rectangle-only geometry is more consistent with table or background construction,candidate_tabular_or_background_geometry,"{""curve_count"":0,""drawing_count"":10,""fill_count"":10,""geometry_fingerprint"":""62086971d129564e95d8fad57975343dc5e7bc6ba6338e65b41aecc279a4216d"",""line_count"":0,""rect_count"":10,""stroke_count"":0}",ibc2018:vector-region:ed24790c4eb93d426618be87,0.0,,vector_graphic_region_detection,disputed,unknown,"{""appendix"":null,""bbox"":[59.25,579.95,572.75,715.4],""chapter"":""4"",""line_id"":null,""observed_text_sha256"":""f199abd107a90dd4efac26ec0702e3d6a0c0f251060c68e841a76339623e140e"",""pdf_page"":108,""printed_page"":""81""}"
,pdf_vector_paths,,4,surviving vector geometry is source-backed but insufficient for automatic classification,candidate_vector_region_unclassified,"{""curve_count"":0,""drawing_count"":1,""fill_count"":1,""geometry_fingerprint"":""92ce5d98cceb4ff6d19110ed94852f2b8b020041604b123e6b6ea830b4e06387"",""line_count"":0,""rect_count"":1,""stroke_count"":0}",ibc2018:vector-region:5bf2bdced2bedc8e8d10b80a,0.0,,vector_graphic_region_detection,disputed,unknown,"{""appendix"":null,""bbox"":[579.1,169.9,583.15,513.7],""chapter"":""4"",""line_id"":null,""observed_text_sha256"":""287f97de8bea72321d88ceab3d9755808f0f87c3b47ae3dc6ec6792c93dcd50a"",""pdf_page"":108,""printed_page"":""81""}"
,pdf_vector_paths,,4,dense rectangle-only geometry is more consistent with table or background construction,candidate_tabular_or_background_geometry,"{""curve_count"":0,""drawing_count"":28,""fill_count"":28,""geometry_fingerprint"":""81cf280cc188cf77c4527dbd97554618713a49e5f34661a07d218babee647f3b"",""line_count"":0,""rect_count"":28,""stroke_count"":0}",ibc2018:vector-region:daca19d3f8757d09958502fa,0.0,,vector_graphic_region_detection,disputed,unknown,"{""appendix"":null,""bbox"":[39.45,316.75,553.15,591.95],""chapter"":""4"",""line_id"":null,""observed_text_sha256"":""5f0ad3f723f6dc4ebf151da95b899afc81074ad1291a71ac3e0af8a2d4c631bc"",""pdf_page"":109,""printed_page"":""82""}"
,pdf_vector_paths,,4,dense rectangle-only geometry is more consistent with table or background construction,candidate_tabular_or_background_geometry,"{""curve_count"":0,""drawing_count"":11,""fill_count"":11,""geometry_fingerprint"":""2938b07ec80136e9607a26e351e7ad6e930a4a2da0d96cf91722d38b834c6fd4"",""line_count"":0,""rect_count"":11,""stroke_count"":0}",ibc2018:vector-region:b4339987cd042f1c184f48f3,0.0,,vector_graphic_region_detection,disputed,unknown,"{""appendix"":null,""bbox"":[59.0,106.55,572.6,186.1],""chapter"":""4"",""line_id"":null,""observed_text_sha256"":""1f2cc4ec580603ed896796c66ab5e296d60501c6c9ee149db33e40cd01f5bf05"",""pdf_page"":110,""printed_page"":""83""}"
,pdf_vector_paths,,4,dense rectangle-only geometry is more consistent with table or background construction,candidate_tabular_or_background_geometry,"{""curve_count"":0,""drawing_count"":28,""fill_count"":28,""geometry_fingerprint"":""fa413f619b361991f1b50222e2ce491f5dd9cf82cfb27e0547ebd9c97ccbd778"",""line_count"":0,""rect_count"":28,""stroke_count"":0}",ibc2018:vector-region:0c2cec0f881606c896ca6739,0.0,,vector_graphic_region_detection,disputed,unknown,"{""appendix"":null,""bbox"":[39.35,263.6,552.1,655.15],""chapter"":""4"",""line_id"":null,""observed_text_sha256"":""555a5ac746aa1db2b4f161f75248d284cf7e90cf76a43b36f24c639195413070"",""pdf_page"":111,""printed_page"":""84""}"
,pdf_vector_paths,,4,surviving vector geometry is source-backed but insufficient for automatic classification,candidate_vector_region_unclassified,"{""curve_count"":0,""drawing_count"":1,""fill_count"":1,""geometry_fingerprint"":""761befd1784a8958d604c50ed06b856e7db56e0cf0eecaa80c47a89c819ec47c"",""line_count"":0,""rect_count"":1,""stroke_count"":0}",ibc2018:vector-region:2bf0efca65256d505b89e704,0.0,,vector_graphic_region_detection,disputed,unknown,"{""appendix"":null,""bbox"":[58.4,744.7,572.6,752.6],""chapter"":""4"",""line_id"":null,""observed_text_sha256"":""52a34abfac8a209ab41b3b38aa07b342333fb08affd7a3379bacae835177ede5"",""pdf_page"":112,""printed_page"":""85""}"
,pdf_vector_paths,,4,dense rectangle-only geometry is more consistent with table or background construction,candidate_tabular_or_background_geometry,"{""curve_count"":0,""drawing_count"":16,""fill_count"":16,""geometry_fingerprint"":""b8c1d7c66ae6b642eb88d1faf14d0070d29e1f70c3f0fe63868e374dda7a70c3"",""line_count"":0,""rect_count"":16,""stroke_count"":0}",ibc2018:vector-region:a8006c63f97c6d3dba9e8691,0.0,,vector_graphic_region_detection,disputed,unknown,"{""appendix"":null,""bbox"":[39.2,410.15,552.95,677.35],""chapter"":""4"",""line_id"":null,""observed_text_sha256"":""7edee437c9643380f4c8ea3077fb7631ff9fa8e16dada811a549888424af40fc"",""pdf_page"":113,""printed_page"":""86""}"
,pdf_vector_paths,,4,dense rectangle-only geometry is more consistent with table or background construction,candidate_tabular_or_background_geometry,"{""curve_count"":0,""drawing_count"":29,""fill_count"":29,""geometry_fingerprint"":""bdf67b9d253004bb3070817366a1b8cb827a051959d2b1801519045c8f93bb9c"",""line_count"":0,""rect_count"":29,""stroke_count"":0}",ibc2018:vector-region:84beaccd2e67655af85034c7,0.0,,vector_graphic_region_detection,disputed,unknown,"{""appendix"":null,""bbox"":[38.6,96.95,553.15,654.55],""chapter"":""4"",""line_id"":null,""observed_text_sha256"":""b6243738e873c588920ac390373928af95747cee8352e38af0ca6966f2b9bd0c"",""pdf_page"":115,""printed_page"":""88""}"
,pdf_vector_paths,,4,surviving vector geometry is source-backed but insufficient for automatic classification,candidate_vector_region_unclassified,"{""curve_count"":0,""drawing_count"":1,""fill_count"":1,""geometry_fingerprint"":""678196092b1f6203e480ab9fd1455c3168c65a8bf8f20a95f60846c9d20fc758"",""line_count"":0,""rect_count"":1,""stroke_count"":0}",ibc2018:vector-region:2871fcde469d561a1f83394d,0.0,,vector_graphic_region_detection,disputed,unknown,"{""appendix"":null,""bbox"":[579.1,464.25,583.15,728.35],""chapter"":""4"",""line_id"":null,""observed_text_sha256"":""85eada5020affda249adc92c76e204d90a97b76c5824ae0f7dad76604f8ac75e"",""pdf_page"":118,""printed_page"":""91""}"
,pdf_vector_paths,,4,surviving vector geometry is source-backed but insufficient for automatic classification,candidate_vector_region_unclassified,"{""curve_count"":0,""drawing_count"":1,""fill_count"":1,""geometry_fingerprint"":""4204d97a3f6310faad36e40ef8501bef12f6b1eb8afc68e343ddba3406a929ce"",""line_count"":0,""rect_count"":1,""stroke_count"":0}",ibc2018:vector-region:beae36eb088db0ae669acba9,0.0,,vector_graphic_region_detection,disputed,unknown,"{""appendix"":null,""bbox"":[28.75,77.95,32.85,260.6],""chapter"":""4"",""line_id"":null,""observed_text_sha256"":""980a0f8809cd34b0a9baac8197964e1e7b72dd88804d5290eb53fd583c6c5d27"",""pdf_page"":119,""printed_page"":""92""}"
,pdf_vector_paths,,4,surviving vector geometry is source-backed but insufficient for automatic classification,candidate_vector_region_unclassified,"{""curve_count"":0,""drawing_count"":1,""fill_count"":1,""geometry_fingerprint"":""6b6009fcdf76503f66e54acbb6ec4ba526b0938b6e73f917905692be958f910f"",""line_count"":0,""rect_count"":1,""stroke_count"":0}",ibc2018:vector-region:e4abede8493238630be49fd8,0.0,,vector_graphic_region_detection,disputed,unknown,"{""appendix"":null,""bbox"":[579.1,437.35,583.15,588.2],""chapter"":""4"",""line_id"":null,""observed_text_sha256"":""13041d8a06c434576fe2063119d5a6992952b7c6cdd040a936c9b04ad33d0e68"",""pdf_page"":120,""printed_page"":""93""}"
,pdf_vector_paths,,4,surviving vector geometry is source-backed but insufficient for automatic classification,candidate_vector_region_unclassified,"{""curve_count"":0,""drawing_count"":1,""fill_count"":1,""geometry_fingerprint"":""218fe17f156f9b3d9e4b8514bf46fdbbcb8d91685691cb4f94beeca25883d462"",""line_count"":0,""rect_count"":1,""stroke_count"":0}",ibc2018:vector-region:9a8c6bc71b6cf0e93359e42a,0.0,,vector_graphic_region_detection,disputed,unknown,"{""appendix"":null,""bbox"":[48.7,407.5,52.75,561.2],""chapter"":""4"",""line_id"":null,""observed_text_sha256"":""472cb8ad8f3d05888500c82dc8d3820c5af89366fb4d9349b26972c44d34e9d1"",""pdf_page"":122,""printed_page"":""95""}"
,pdf_vector_paths,,4,surviving vector geometry is source-backed but insufficient for automatic classification,candidate_vector_region_unclassified,"{""curve_count"":0,""drawing_count"":1,""fill_count"":1,""geometry_fingerprint"":""347a6c98bafe6b5763c1b71d0b02817488f1e09ac8108b260cf44def6bd17d57"",""line_count"":0,""rect_count"":1,""stroke_count"":0}",ibc2018:vector-region:7399a674dfdb6732c974ca21,0.0,,vector_graphic_region_detection,disputed,unknown,"{""appendix"":null,""bbox"":[579.1,490.3,583.15,739.9],""chapter"":""4"",""line_id"":null,""observed_text_sha256"":""7a7ecd6518527aa5596aeb8dec625856ea80eaa7b7d37d44602f4ed8e574777d"",""pdf_page"":122,""printed_page"":""95""}"
,pdf_vector_paths,,4,surviving vector geometry is source-backed but insufficient for automatic classification,candidate_vector_region_unclassified,"{""curve_count"":0,""drawing_count"":1,""fill_count"":1,""geometry_fingerprint"":""f7912256d2965f6a426bc285f825328d817dd7c44d903204271147f67b1f7991"",""line_count"":0,""rect_count"":1,""stroke_count"":0}",ibc2018:vector-region:d526925b358bb551f7de663e,0.0,,vector_graphic_region_detection,disputed,unknown,"{""appendix"":null,""bbox"":[28.75,77.95,32.85,690.95],""chapter"":""4"",""line_id"":null,""observed_text_sha256"":""082fbafd58b2710046f576c4385f918f5be7187317bf99a4fae42ea694af38a9"",""pdf_page"":123,""printed_page"":""96""}"
,pdf_vector_paths,,4,surviving vector geometry is source-backed but insufficient for automatic classification,candidate_vector_region_unclassified,"{""curve_count"":0,""drawing_count"":1,""fill_count"":1,""geometry_fingerprint"":""fb48fd3634174c05c53605d3641e6f410a7e71c4b1f6e3f8fcd491a1fa4ab2c0"",""line_count"":0,""rect_count"":1,""stroke_count"":0}",ibc2018:vector-region:89526f88262b1f785452ecc7,0.0,,vector_graphic_region_detection,disputed,unknown,"{""appendix"":null,""bbox"":[559.15,77.95,563.25,283.65],""chapter"":""4"",""line_id"":null,""observed_text_sha256"":""f275ab43be2093a7b70a4a61a2e46906e836cea32966c0e9275df50635176949"",""pdf_page"":123,""printed_page"":""96""}"
,pdf_vector_paths,,4,surviving vector geometry is source-backed but insufficient for automatic classification,candidate_vector_region_unclassified,"{""curve_count"":0,""drawing_count"":1,""fill_count"":1,""geometry_fingerprint"":""9c922bd4f1aa5d9d873bb47b4744f05377d6305cc6f397c535166390423c1e1e"",""line_count"":0,""rect_count"":1,""stroke_count"":0}",ibc2018:vector-region:75660eebf1a70a0faa503a84,0.0,,vector_graphic_region_detection,disputed,unknown,"{""appendix"":null,""bbox"":[559.15,563.25,563.25,684.1],""chapter"":""4"",""line_id"":null,""observed_text_sha256"":""6b6c1ed02dfbdfd11f6cfef021cc8351d2a01eddab1656a12d8341e4de0227e2"",""pdf_page"":123,""printed_page"":""96""}"
,pdf_vector_paths,,4,surviving vector geometry is source-backed but insufficient for automatic classification,candidate_vector_region_unclassified,"{""curve_count"":0,""drawing_count"":1,""fill_count"":1,""geometry_fingerprint"":""971f363c953bd0a9b13658f96c05fe4917a1a0b19d99e41ef6f59740d4dd11d4"",""line_count"":0,""rect_count"":1,""stroke_count"":0}",ibc2018:vector-region:2fd258bcbc69bd5ea7a04892,0.0,,vector_graphic_region_detection,disputed,unknown,"{""appendix"":null,""bbox"":[579.1,204.8,583.15,453.35],""chapter"":""4"",""line_id"":null,""observed_text_sha256"":""566cc5be0db620ede1a17dac0930a3e07577cb08bf02db452a776331510bf81b"",""pdf_page"":124,""printed_page"":""97""}"
,pdf_vector_paths,,4,surviving vector geometry is source-backed but insufficient for automatic classification,candidate_vector_region_unclassified,"{""curve_count"":0,""drawing_count"":1,""fill_count"":1,""geometry_fingerprint"":""10fd25a10df878ed483e420888fd38b87513ea9f3b3ed82377512d8391f73053"",""line_count"":0,""rect_count"":1,""stroke_count"":0}",ibc2018:vector-region:833d686f6ef9a2dc1329a833,0.0,,vector_graphic_region_detection,disputed,unknown,"{""appendix"":null,""bbox"":[579.1,599.15,583.15,734.95],""chapter"":""4"",""line_id"":null,""observed_text_sha256"":""d6262c59ff5a8517c39fe7c00c38101e4a95476c75fe8419478fe07a2f46727c"",""pdf_page"":124,""printed_page"":""97""}"
,pdf_vector_paths,,4,surviving vector geometry is source-backed but insufficient for automatic classification,candidate_vector_region_unclassified,"{""curve_count"":0,""drawing_count"":1,""fill_count"":1,""geometry_fingerprint"":""7f697bf5b0e538ce68b9c0b2158d2419a68df66e8e71b52ccca0ec3e712e79c6"",""line_count"":0,""rect_count"":1,""stroke_count"":0}",ibc2018:vector-region:1a5dc4d1a0838959abbe825f,0.0,,vector_graphic_region_detection,disputed,unknown,"{""appendix"":null,""bbox"":[28.75,77.95,32.85,260.75],""chapter"":""4"",""line_id"":null,""observed_text_sha256"":""40f5f2a8d690cab230c55dd71ed19f2c7331300b783d70e6dc293917d896a022"",""pdf_page"":125,""printed_page"":""98""}"
,pdf_vector_paths,,4,surviving vector geometry is source-backed but insufficient for automatic classification,candidate_vector_region_unclassified,"{""curve_count"":0,""drawing_count"":1,""fill_count"":1,""geometry_fingerprint"":""7d256200f8533609d68aa8a8d49687c4ffe3613e48af52ae076f328db593dd0c"",""line_count"":0,""rect_count"":1,""stroke_count"":0}",ibc2018:vector-region:371c851fcdb5bc39d3f34724,0.0,,vector_graphic_region_detection,disputed,unknown,"{""appendix"":null,""bbox"":[579.1,77.95,583.15,743.95],""chapter"":""4"",""line_id"":null,""observed_text_sha256"":""0023d8ca3583d9aeac2261ccd05f415f6ca8f633a65056f1c0587a9fe45d316f"",""pdf_page"":126,""printed_page"":""99""}"
,pdf_vector_paths,,4,dense rectangle-only geometry is more consistent with table or background construction,candidate_tabular_or_background_geometry,"{""curve_count"":0,""drawing_count"":19,""fill_count"":19,""geometry_fingerprint"":""996516c32750602ca92e8dc711b96da2d9746f1d3c745d32253997be5bbc19e4"",""line_count"":0,""rect_count"":19,""stroke_count"":0}",ibc2018:vector-region:e9217df5e000eb36cd17479e,0.0,,vector_graphic_region_detection,disputed,unknown,"{""appendix"":null,""bbox"":[28.4,521.35,553.4,745.4],""chapter"":""4"",""line_id"":null,""observed_text_sha256"":""c19d6e9845451cf313b709c3a3536072b57c51cb03ee823c634e7358fd78c7ae"",""pdf_page"":127,""printed_page"":""100""}"
,pdf_vector_paths,,4,surviving vector geometry is source-backed but insufficient for automatic classification,candidate_vector_region_unclassified,"{""curve_count"":0,""drawing_count"":1,""fill_count"":1,""geometry_fingerprint"":""9dd5b0b3fe970a4f11a751694059193b8f0ce503e5746648e6d7220544566166"",""line_count"":0,""rect_count"":1,""stroke_count"":0}",ibc2018:vector-region:f574db4d67e13dae83c6447e,0.0,,vector_graphic_region_detection,disputed,unknown,"{""appendix"":null,""bbox"":[28.75,77.95,32.85,503.25],""chapter"":""4"",""line_id"":null,""observed_text_sha256"":""47a94aba809aa4f8cb2ce2a84716f78e2dd9aec2d2f870266cfa627761bc4883"",""pdf_page"":127,""printed_page"":""100""}"
,pdf_vector_paths,,4,surviving vector geometry is source-backed but insufficient for automatic classification,candidate_vector_region_unclassified,"{""curve_count"":0,""drawing_count"":1,""fill_count"":1,""geometry_fingerprint"":""9aa428549554f4efb42ed23b9b473b471c21c207395886a8f9b5fca23f9158bd"",""line_count"":0,""rect_count"":1,""stroke_count"":0}",ibc2018:vector-region:a6d6af0a9adf685ae187d9ef,0.0,,vector_graphic_region_detection,disputed,unknown,"{""appendix"":null,""bbox"":[559.15,77.95,563.25,486.35],""chapter"":""4"",""line_id"":null,""observed_text_sha256"":""00615f1993d7b64de1b417ebbd6dab9908a520d7b7bff8e974ffa7f377156f0b"",""pdf_page"":127,""printed_page"":""100""}"
,pdf_vector_paths,,4,surviving vector geometry is source-backed but insufficient for automatic classification,candidate_vector_region_unclassified,"{""curve_count"":0,""drawing_count"":1,""fill_count"":1,""geometry_fingerprint"":""ede848dbc6c5af3a79a5f9390ad981a99067dcb23d694a4212c6232e7fd8beaf"",""line_count"":0,""rect_count"":1,""stroke_count"":0}",ibc2018:vector-region:8696ec6867845d373d76e970,0.0,,vector_graphic_region_detection,disputed,unknown,"{""appendix"":null,""bbox"":[48.7,77.95,52.75,243.7],""chapter"":""4"",""line_id"":null,""observed_text_sha256"":""a3be81bc34c98d3ba3b07883134a68904f215d833c55c301ee3aa2c746b3565a"",""pdf_page"":128,""printed_page"":""101""}"
,pdf_vector_paths,,5,surviving vector geometry is source-backed but insufficient for automatic classification,candidate_vector_region_unclassified,"{""curve_count"":0,""drawing_count"":1,""fill_count"":1,""geometry_fingerprint"":""21a4f92b8bf1a676901877332f76e7f5a26abfe0c6a988559c741c0b48efde1e"",""line_count"":0,""rect_count"":1,""stroke_count"":0}",ibc2018:vector-region:01b3d1b5e5d7548a79decb58,0.0,,vector_graphic_region_detection,disputed,unknown,"{""appendix"":null,""bbox"":[59.95,139.15,571.9,140.15],""chapter"":""5"",""line_id"":null,""observed_text_sha256"":""3df5e320c4dd5e147c01d3ea327b100c44181243906451b9610ce1e0a05a7221"",""pdf_page"":130,""printed_page"":""103""}"
,pdf_vector_paths,,5,surviving vector geometry is source-backed but insufficient for automatic classification,candidate_vector_region_unclassified,"{""curve_count"":0,""drawing_count"":2,""fill_count"":2,""geometry_fingerprint"":""77fc4d12cf5b2e49387a599875f428c71e212031bec88163083b0c9003e99bc7"",""line_count"":0,""rect_count"":2,""stroke_count"":0}",ibc2018:vector-region:fe08fbe579de821aad5b2eb9,0.0,,vector_graphic_region_detection,disputed,unknown,"{""appendix"":null,""bbox"":[59.95,198.7,571.9,202.65],""chapter"":""5"",""line_id"":null,""observed_text_sha256"":""28ec7f67a3dad0fdc91bd189c2c489e346218b6e51d6c97e35f0778254e18066"",""pdf_page"":130,""printed_page"":""103""}"
,pdf_vector_paths,,5,surviving vector geometry is source-backed but insufficient for automatic classification,candidate_vector_region_unclassified,"{""curve_count"":0,""drawing_count"":1,""fill_count"":1,""geometry_fingerprint"":""2675324d8d73835f9e1ca70ffc2410fa29677385b3cb258e08f671ff19be3242"",""line_count"":0,""rect_count"":1,""stroke_count"":0}",ibc2018:vector-region:8d846a51bd0dbb409c139aec,0.0,,vector_graphic_region_detection,disputed,unknown,"{""appendix"":null,""bbox"":[579.1,441.35,583.15,743.95],""chapter"":""5"",""line_id"":null,""observed_text_sha256"":""f7190d51c9865c7fb9808656f69f131e1955f547d3e6c3fa4e8fa088a2cb132b"",""pdf_page"":130,""printed_page"":""103""}"
,pdf_vector_paths,,5,dense rectangle-only geometry is more consistent with table or background construction,candidate_tabular_or_background_geometry,"{""curve_count"":0,""drawing_count"":32,""fill_count"":32,""geometry_fingerprint"":""1a3a1dbf28562d4fab2b65bee5d36de21a2d9f836cd6ea17591266896212c3fd"",""line_count"":0,""rect_count"":32,""stroke_count"":0}",ibc2018:vector-region:720047c9378da18cd287f162,0.0,,vector_graphic_region_detection,disputed,unknown,"{""appendix"":null,""bbox"":[39.35,331.9,552.95,604.75],""chapter"":""5"",""line_id"":null,""observed_text_sha256"":""ef45f5f2781f33d9c7685640272b236b8e42d61499bf3ff9823037cf6110d5cc"",""pdf_page"":131,""printed_page"":""104""}"
,pdf_vector_paths,,5,surviving vector geometry is source-backed but insufficient for automatic classification,candidate_vector_region_unclassified,"{""curve_count"":0,""drawing_count"":1,""fill_count"":1,""geometry_fingerprint"":""acd70f6489859e2a838c982787f01bf3a00f6292ce79159f2190fe20bc0f1101"",""line_count"":0,""rect_count"":1,""stroke_count"":0}",ibc2018:vector-region:a968f25661816616cfee4151,0.0,,vector_graphic_region_detection,disputed,unknown,"{""appendix"":null,""bbox"":[48.7,532.3,52.75,692.95],""chapter"":""5"",""line_id"":null,""observed_text_sha256"":""844502745266969d3007f5a62f79a8a8f09d19399d5f4db3fe2a613e16414e6f"",""pdf_page"":132,""printed_page"":""105""}"
,pdf_vector_paths,,5,surviving vector geometry is source-backed but insufficient for automatic classification,candidate_vector_region_unclassified,"{""curve_count"":0,""drawing_count"":1,""fill_count"":1,""geometry_fingerprint"":""db352632eb2b94cb2de710656cf48325cd01fcff093d45dfb5d1541cca01563c"",""line_count"":0,""rect_count"":1,""stroke_count"":0}",ibc2018:vector-region:4421b6e7a9a15df251ff5397,0.0,,vector_graphic_region_detection,disputed,unknown,"{""appendix"":null,""bbox"":[579.1,77.95,583.15,179.75],""chapter"":""5"",""line_id"":null,""observed_text_sha256"":""e0c578d09794f82842c7133026e139f34a75fafda180e93e1d9c9b52faa5cbfd"",""pdf_page"":132,""printed_page"":""105""}"
,pdf_vector_paths,,5,dense rectangle-only geometry is more consistent with table or background construction,candidate_tabular_or_background_geometry,"{""curve_count"":0,""drawing_count"":56,""fill_count"":56,""geometry_fingerprint"":""2e57665dbbe2e0bdc7bf743e7240dc0336b11083fdd48c3d4d10f8a3f4529aea"",""line_count"":0,""rect_count"":56,""stroke_count"":0}",ibc2018:vector-region:148c12ce398c141443df33d6,0.0,,vector_graphic_region_detection,disputed,unknown,"{""appendix"":null,""bbox"":[40.3,98.0,551.95,708.2],""chapter"":""5"",""line_id"":null,""observed_text_sha256"":""869fb4ea0582d5feea13cfe3dfca58b93020356f90e5e79c3ec333dfd18fd165"",""pdf_page"":133,""printed_page"":""106""}"
,pdf_vector_paths,,5,dense rectangle-only geometry is more consistent with table or background construction,candidate_tabular_or_background_geometry,"{""curve_count"":0,""drawing_count"":48,""fill_count"":48,""geometry_fingerprint"":""76c36afb6b10faefacf2d81bb85f8ac92b37f02f1d93548d92f622d21e071820"",""line_count"":0,""rect_count"":48,""stroke_count"":0}",ibc2018:vector-region:f60a5584594624b24399742b,0.0,,vector_graphic_region_detection,disputed,unknown,"{""appendix"":null,""bbox"":[59.75,97.05,572.0,406.05],""chapter"":""5"",""line_id"":null,""observed_text_sha256"":""151a9059d2b0dcc5e8e6430d0e5ac95365d75ac1249ae4250c73c0f5c553c6f9"",""pdf_page"":134,""printed_page"":""107""}"
,pdf_vector_paths,,5,dense rectangle-only geometry is more consistent with table or background construction,candidate_tabular_or_background_geometry,"{""curve_count"":0,""drawing_count"":57,""fill_count"":57,""geometry_fingerprint"":""676df213374469e1c4344c9838c1ec8d66eac5784d0e3039e1ebbb61ff660d2a"",""line_count"":0,""rect_count"":57,""stroke_count"":0}",ibc2018:vector-region:e60675054ad03a5cc0a0a47a,0.0,,vector_graphic_region_detection,disputed,unknown,"{""appendix"":null,""bbox"":[59.15,97.05,572.35,707.6],""chapter"":""5"",""line_id"":null,""observed_text_sha256"":""a22f98caf28419896c159d57f13cde6689e67db536a4382858a694e481668157"",""pdf_page"":136,""printed_page"":""109""}"
,pdf_vector_paths,,5,dense rectangle-only geometry is more consistent with table or background construction,candidate_tabular_or_background_geometry,"{""curve_count"":0,""drawing_count"":58,""fill_count"":58,""geometry_fingerprint"":""f9ad31f32dc5cf3c7ef1532782986ff8b7d1006cec3a58e57180d6f06e1c2cbc"",""line_count"":0,""rect_count"":58,""stroke_count"":0}",ibc2018:vector-region:ac03b068f2cfc3fd747dfb29,0.0,,vector_graphic_region_detection,disputed,unknown,"{""appendix"":null,""bbox"":[39.35,97.05,552.55,721.65],""chapter"":""5"",""line_id"":null,""observed_text_sha256"":""9bd8a130fa3242e08eacc605524dbdcd27668f81c1f829bfce3b493c890afd34"",""pdf_page"":137,""printed_page"":""110""}"
,pdf_vector_paths,,5,surviving vector geometry is source-backed but insufficient for automatic classification,candidate_vector_region_unclassified,"{""curve_count"":0,""drawing_count"":1,""fill_count"":1,""geometry_fingerprint"":""a7f4314656b8fece108949fdba7389cfbf2fc1c59ee7796394382887359ec05e"",""line_count"":0,""rect_count"":1,""stroke_count"":0}",ibc2018:vector-region:1fdd3ea6f5ab11e5458e6661,0.0,,vector_graphic_region_detection,disputed,unknown,"{""appendix"":null,""bbox"":[28.75,612.45,32.85,725.35],""chapter"":""5"",""line_id"":null,""observed_text_sha256"":""fd6f773ccddf7f454a4229ba25b0dc040bb281ef10f307db48dd573da2580efb"",""pdf_page"":141,""printed_page"":""114""}"
,pdf_vector_paths,,5,dense rectangle-only geometry is more consistent with table or background construction,candidate_tabular_or_background_geometry,"{""curve_count"":0,""drawing_count"":35,""fill_count"":35,""geometry_fingerprint"":""50cd3b54428ca4c58aede5458642f729530ae3ced4262aff4edb3f0ec398f73f"",""line_count"":0,""rect_count"":35,""stroke_count"":0}",ibc2018:vector-region:7d15f28c4cd93b48ab07bcd6,0.0,,vector_graphic_region_detection,disputed,unknown,"{""appendix"":null,""bbox"":[59.15,97.05,570.8,269.5],""chapter"":""5"",""line_id"":null,""observed_text_sha256"":""ab678f1920003bca05220688c801631d6c08fab2cd4b0cfc7b7050dfadbf3884"",""pdf_page"":142,""printed_page"":""115""}"
,pdf_vector_paths,,5,dense rectangle-only geometry is more consistent with table or background construction,candidate_tabular_or_background_geometry,"{""curve_count"":0,""drawing_count"":23,""fill_count"":23,""geometry_fingerprint"":""916d83645e1eb45ce26a40b5dc244c7c8ea3157109f878c3909748adc17026d5"",""line_count"":0,""rect_count"":23,""stroke_count"":0}",ibc2018:vector-region:8ba91869fc9afaf5abf088ad,0.0,,vector_graphic_region_detection,disputed,unknown,"{""appendix"":null,""bbox"":[39.35,366.95,553.55,720.95],""chapter"":""5"",""line_id"":null,""observed_text_sha256"":""3adbf18d29e8b88391fd1200c8ff19337e32145903cb3953ef43b09ccf9ed185"",""pdf_page"":143,""printed_page"":""116""}"
,pdf_vector_paths,,6,surviving vector geometry is source-backed but insufficient for automatic classification,candidate_vector_region_unclassified,"{""curve_count"":0,""drawing_count"":1,""fill_count"":1,""geometry_fingerprint"":""21a4f92b8bf1a676901877332f76e7f5a26abfe0c6a988559c741c0b48efde1e"",""line_count"":0,""rect_count"":1,""stroke_count"":0}",ibc2018:vector-region:c0e45b300144f81cbed8556b,0.0,,vector_graphic_region_detection,disputed,unknown,"{""appendix"":null,""bbox"":[59.95,139.15,571.9,140.15],""chapter"":""6"",""line_id"":null,""observed_text_sha256"":""3df5e320c4dd5e147c01d3ea327b100c44181243906451b9610ce1e0a05a7221"",""pdf_page"":146,""printed_page"":""119""}"
,pdf_vector_paths,,6,surviving vector geometry is source-backed but insufficient for automatic classification,candidate_vector_region_unclassified,"{""curve_count"":0,""drawing_count"":2,""fill_count"":2,""geometry_fingerprint"":""77fc4d12cf5b2e49387a599875f428c71e212031bec88163083b0c9003e99bc7"",""line_count"":0,""rect_count"":2,""stroke_count"":0}",ibc2018:vector-region:31caa19271a637a80142c2d6,0.0,,vector_graphic_region_detection,disputed,unknown,"{""appendix"":null,""bbox"":[59.95,198.7,571.9,202.65],""chapter"":""6"",""line_id"":null,""observed_text_sha256"":""28ec7f67a3dad0fdc91bd189c2c489e346218b6e51d6c97e35f0778254e18066"",""pdf_page"":146,""printed_page"":""119""}"
,pdf_vector_paths,,6,dense rectangle-only geometry is more consistent with table or background construction,candidate_tabular_or_background_geometry,"{""curve_count"":0,""drawing_count"":28,""fill_count"":28,""geometry_fingerprint"":""d978348d98d389f484a54160510bc3a04cfa11becfbbce953035ca04aa0ba2ce"",""line_count"":0,""rect_count"":28,""stroke_count"":0}",ibc2018:vector-region:858dc553ce9dbb1c5ce1e3ff,0.0,,vector_graphic_region_detection,disputed,unknown,"{""appendix"":null,""bbox"":[60.2,479.35,572.75,662.95],""chapter"":""6"",""line_id"":null,""observed_text_sha256"":""552c4fce367edf8a3c3396258ed4b87941ac039fd20cebb412e1dcaa516aa759"",""pdf_page"":146,""printed_page"":""119""}"
,pdf_vector_paths,,6,dense rectangle-only geometry is more consistent with table or background construction,candidate_tabular_or_background_geometry,"{""curve_count"":0,""drawing_count"":12,""fill_count"":12,""geometry_fingerprint"":""078ff0459a519c91e79c8aeb25151c7b3d6102f00a8fd9398a4b521dc2e3b1bf"",""line_count"":0,""rect_count"":12,""stroke_count"":0}",ibc2018:vector-region:268508223c2bc4536d1429cc,0.0,,vector_graphic_region_detection,disputed,unknown,"{""appendix"":null,""bbox"":[39.7,521.5,553.15,623.0],""chapter"":""6"",""line_id"":null,""observed_text_sha256"":""33b60518c2d844e56b10b54bb683c8bc7d65ec959f530625113682513ee19204"",""pdf_page"":147,""printed_page"":""120""}"
,pdf_vector_paths,,7,surviving vector geometry is source-backed but insufficient for automatic classification,candidate_vector_region_unclassified,"{""curve_count"":0,""drawing_count"":1,""fill_count"":1,""geometry_fingerprint"":""21a4f92b8bf1a676901877332f76e7f5a26abfe0c6a988559c741c0b48efde1e"",""line_count"":0,""rect_count"":1,""stroke_count"":0}",ibc2018:vector-region:0bc509f10f24d78dbca2a2e7,0.0,,vector_graphic_region_detection,disputed,unknown,"{""appendix"":null,""bbox"":[59.95,139.15,571.9,140.15],""chapter"":""7"",""line_id"":null,""observed_text_sha256"":""3df5e320c4dd5e147c01d3ea327b100c44181243906451b9610ce1e0a05a7221"",""pdf_page"":150,""printed_page"":""123""}"
,pdf_vector_paths,,7,surviving vector geometry is source-backed but insufficient for automatic classification,candidate_vector_region_unclassified,"{""curve_count"":0,""drawing_count"":2,""fill_count"":2,""geometry_fingerprint"":""68a24c7afbe245dc230543d2dab60942b98d11e66e833c718ee933d431c463aa"",""line_count"":0,""rect_count"":2,""stroke_count"":0}",ibc2018:vector-region:9dfa72aa01c24495db299de9,0.0,,vector_graphic_region_detection,disputed,unknown,"{""appendix"":null,""bbox"":[59.95,188.75,571.9,192.7],""chapter"":""7"",""line_id"":null,""observed_text_sha256"":""4c30de1f5b29de99137fdb80e17d99fa99587215cb4203030b2a7e52437092ac"",""pdf_page"":150,""printed_page"":""123""}"
,pdf_vector_paths,,7,surviving vector geometry is source-backed but insufficient for automatic classification,candidate_vector_region_unclassified,"{""curve_count"":0,""drawing_count"":2,""fill_count"":2,""geometry_fingerprint"":""7a81eb23254737642b213420205ae490ce424e2322070cc9eea0704a662ff1a8"",""line_count"":0,""rect_count"":2,""stroke_count"":0}",ibc2018:vector-region:62607af063ad52dcbd65a3b9,0.0,,vector_graphic_region_detection,disputed,unknown,"{""appendix"":null,""bbox"":[29.0,386.15,32.85,421.65],""chapter"":""7"",""line_id"":null,""observed_text_sha256"":""cac8219b579ebd59be2d7d9d46fa3376081a620c235ae3ab1605a95f0982948f"",""pdf_page"":153,""printed_page"":""126""}"
,pdf_vector_paths,,7,dense rectangle-only geometry is more consistent with table or background construction,candidate_tabular_or_background_geometry,"{""curve_count"":0,""drawing_count"":9,""fill_count"":9,""geometry_fingerprint"":""8e1ba6ad570fdf3d5fbfa6eb40ccab64bc2896f20f08710d39b8aa3f7a1c684d"",""line_count"":0,""rect_count"":9,""stroke_count"":0}",ibc2018:vector-region:ebe8a5be5c1502164d8c2f3d,0.0,,vector_graphic_region_detection,disputed,unknown,"{""appendix"":null,""bbox"":[39.7,434.35,286.3,530.85],""chapter"":""7"",""line_id"":null,""observed_text_sha256"":""c4004448a80c7b8582662cfb257673e8b6f94b004fcd4184993f71786ed2f952"",""pdf_page"":153,""printed_page"":""126""}"
,pdf_vector_paths,,7,region overlaps or directly precedes a formally captioned figure,rejected_captioned_figure_region,"{""curve_count"":0,""drawing_count"":3,""fill_count"":3,""geometry_fingerprint"":""f79774c1d8c52b79446d6e59d3752000b45839a696c634e0ad1fde9aa2b61e3e"",""line_count"":0,""rect_count"":3,""stroke_count"":0}",ibc2018:vector-region:ea24fabd98cc91ef8b65363a,0.0,,vector_graphic_region_detection,rejected,unknown,"{""appendix"":null,""bbox"":[39.45,77.15,553.3,450.95],""chapter"":""7"",""line_id"":null,""observed_text_sha256"":""e4d461c118ad875e076353a4b662b6a9d3e44e5eb8338f570fd6b3d344c76550"",""pdf_page"":155,""printed_page"":""128""}"
,pdf_vector_paths,,7,dense rectangle-only geometry is more consistent with table or background construction,candidate_tabular_or_background_geometry,"{""curve_count"":0,""drawing_count"":30,""fill_count"":30,""geometry_fingerprint"":""1f94bdfc0b7a01558403c74b8767284999a75302a063c39457dedc6b1bca4dd0"",""line_count"":0,""rect_count"":30,""stroke_count"":0}",ibc2018:vector-region:97bc81184b39c96998be2254,0.0,,vector_graphic_region_detection,disputed,unknown,"{""appendix"":null,""bbox"":[59.5,104.35,572.6,440.35],""chapter"":""7"",""line_id"":null,""observed_text_sha256"":""62340a5542bbb4816a3c01d2b08519d472ec4f70980f7175cce89ee375248569"",""pdf_page"":156,""printed_page"":""129""}"
,pdf_vector_paths,,7,surviving vector geometry is source-backed but insufficient for automatic classification,candidate_vector_region_unclassified,"{""curve_count"":0,""drawing_count"":1,""fill_count"":1,""geometry_fingerprint"":""abbe8a15582b3c0acd2e7653ec3740f2982dcced929917099e4349a06d85559e"",""line_count"":0,""rect_count"":1,""stroke_count"":0}",ibc2018:vector-region:7f3558fb5f530886fe2004ab,0.0,,vector_graphic_region_detection,disputed,unknown,"{""appendix"":null,""bbox"":[559.15,401.0,563.25,542.85],""chapter"":""7"",""line_id"":null,""observed_text_sha256"":""0f20f538cdb5594de13ff9ba4bca40e15cb841e81e99ac6a99c87419a49c9571"",""pdf_page"":157,""printed_page"":""130""}"
,pdf_vector_paths,,7,dense rectangle-only geometry is more consistent with table or background construction,candidate_tabular_or_background_geometry,"{""curve_count"":0,""drawing_count"":9,""fill_count"":9,""geometry_fingerprint"":""71ea197321c16b298115bbb49c9974c8f5947f0d3666fd455f2e502a4e55248d"",""line_count"":0,""rect_count"":9,""stroke_count"":0}",ibc2018:vector-region:bef65fcd4f0254bd9e7bede3,0.0,,vector_graphic_region_detection,disputed,unknown,"{""appendix"":null,""bbox"":[59.75,97.65,306.1,171.2],""chapter"":""7"",""line_id"":null,""observed_text_sha256"":""1ffe35c0181cb040b8c464f9d91757c9d6c59321d53646f9efb6568f16b9e458"",""pdf_page"":158,""printed_page"":""131""}"
,pdf_vector_paths,,7,dense rectangle-only geometry is more consistent with table or background construction,candidate_tabular_or_background_geometry,"{""curve_count"":0,""drawing_count"":9,""fill_count"":9,""geometry_fingerprint"":""d03359b909e0eb6ac210e13d232cdc0fb2c7de4c692c6a39844a094f84615c86"",""line_count"":0,""rect_count"":9,""stroke_count"":0}",ibc2018:vector-region:76fb47688418feef168b38b7,0.0,,vector_graphic_region_detection,disputed,unknown,"{""appendix"":null,""bbox"":[59.75,615.95,305.75,692.5],""chapter"":""7"",""line_id"":null,""observed_text_sha256"":""27b9d3401203540b77c642a228780069aa936bae72ff6a52d2ae67b7ba42543f"",""pdf_page"":160,""printed_page"":""133""}"
,pdf_vector_paths,,7,surviving vector geometry is source-backed but insufficient for automatic classification,candidate_vector_region_unclassified,"{""curve_count"":0,""drawing_count"":1,""fill_count"":1,""geometry_fingerprint"":""96f478899f724579f97de94744eb50c7378381b0eba29c40647e19a78fd6245c"",""line_count"":0,""rect_count"":1,""stroke_count"":0}",ibc2018:vector-region:e5e22f5aaa4472383c00f9d4,0.0,,vector_graphic_region_detection,disputed,unknown,"{""appendix"":null,""bbox"":[559.15,235.9,563.25,726.95],""chapter"":""7"",""line_id"":null,""observed_text_sha256"":""52e67e648da4bc962475f07f61fa4eb21beda066576a5af409b01f15e07d2ac5"",""pdf_page"":161,""printed_page"":""134""}"
,pdf_vector_paths,,7,surviving vector geometry is source-backed but insufficient for automatic classification,candidate_vector_region_unclassified,"{""curve_count"":0,""drawing_count"":1,""fill_count"":1,""geometry_fingerprint"":""99c7e14caef5a932db17e2db9ef92fe1a1f81c25d6e60b3cfe2e947c01e6cf52"",""line_count"":0,""rect_count"":1,""stroke_count"":0}",ibc2018:vector-region:74ecdf6ae71bb2df3bbe8a9e,0.0,,vector_graphic_region_detection,disputed,unknown,"{""appendix"":null,""bbox"":[48.7,77.95,52.75,625.4],""chapter"":""7"",""line_id"":null,""observed_text_sha256"":""3cbd21fd1888777c27f51f77d4de76fcc9a762c1def3a39ee41a801c30e09f18"",""pdf_page"":162,""printed_page"":""135""}"
,pdf_vector_paths,,7,surviving vector geometry is source-backed but insufficient for automatic classification,candidate_vector_region_unclassified,"{""curve_count"":0,""drawing_count"":1,""fill_count"":1,""geometry_fingerprint"":""64e89f0048910441aca5d7d9287b4b8e1d79444ea039ac7d19b6c0c8784f3e88"",""line_count"":0,""rect_count"":1,""stroke_count"":0}",ibc2018:vector-region:713222f03f11d79ad6b4f3b9,0.0,,vector_graphic_region_detection,disputed,unknown,"{""appendix"":null,""bbox"":[559.15,530.0,563.25,680.95],""chapter"":""7"",""line_id"":null,""observed_text_sha256"":""ac11bea370a30cf332149dbbdcbc5584e7432ea61aa815d1dbdbec376cd62e6a"",""pdf_page"":171,""printed_page"":""144""}"
,pdf_vector_paths,,7,surviving vector geometry is source-backed but insufficient for automatic classification,candidate_vector_region_unclassified,"{""curve_count"":0,""drawing_count"":1,""fill_count"":1,""geometry_fingerprint"":""a90880b5189b85148ae56df0d82e3d19722333a03a81eb6fc5bf3ca8b8d3fce6"",""line_count"":0,""rect_count"":1,""stroke_count"":0}",ibc2018:vector-region:8fa5ef2e1a67d1f27bb79999,0.0,,vector_graphic_region_detection,disputed,unknown,"{""appendix"":null,""bbox"":[48.7,510.8,52.75,683.85],""chapter"":""7"",""line_id"":null,""observed_text_sha256"":""326d3d403ce15d340b383bc533f3eebeac2b9bdae235ab06c7239f95eae8b158"",""pdf_page"":172,""printed_page"":""145""}"
,pdf_vector_paths,,7,dense rectangle-only geometry is more consistent with table or background construction,candidate_tabular_or_background_geometry,"{""curve_count"":0,""drawing_count"":11,""fill_count"":11,""geometry_fingerprint"":""f2dc899eb061dc29c5dc1d805fafcddeab47a43e3175f1e7508b0038f6364c9d"",""line_count"":0,""rect_count"":11,""stroke_count"":0}",ibc2018:vector-region:afcedcd4829ab0ec3cd75594,0.0,,vector_graphic_region_detection,disputed,unknown,"{""appendix"":null,""bbox"":[59.35,95.75,573.2,200.25],""chapter"":""7"",""line_id"":null,""observed_text_sha256"":""c5916f85746ee43b1afb8e73aaaffeb4a72e44888dd5e3c754d9ca32c0850138"",""pdf_page"":172,""printed_page"":""145""}"
,pdf_vector_paths,,7,dense rectangle-only geometry is more consistent with table or background construction,candidate_tabular_or_background_geometry,"{""curve_count"":0,""drawing_count"":29,""fill_count"":29,""geometry_fingerprint"":""7fa94c4591b4c43e74331ba282446f2fad9a5265ceff274242c1c6adeb10cd41"",""line_count"":0,""rect_count"":29,""stroke_count"":0}",ibc2018:vector-region:ec270c87e3769da127fed67d,0.0,,vector_graphic_region_detection,disputed,unknown,"{""appendix"":null,""bbox"":[39.35,96.35,552.45,661.75],""chapter"":""7"",""line_id"":null,""observed_text_sha256"":""5e6b2c270514ca62f6befdbc40033bfb4a773c9ee4a657687b1618ace86e3b00"",""pdf_page"":173,""printed_page"":""146""}"
,pdf_vector_paths,,7,dense rectangle-only geometry is more consistent with table or background construction,candidate_tabular_or_background_geometry,"{""curve_count"":0,""drawing_count"":25,""fill_count"":25,""geometry_fingerprint"":""4e51db81a4195da66b5c44b8a200136c5ed8d472cf003f34d368df501b535c7f"",""line_count"":0,""rect_count"":25,""stroke_count"":0}",ibc2018:vector-region:60f7ce6f0ecc15c281696b06,0.0,,vector_graphic_region_detection,disputed,unknown,"{""appendix"":null,""bbox"":[59.5,95.0,573.2,294.55],""chapter"":""7"",""line_id"":null,""observed_text_sha256"":""1c67e6cb899e9606ff735b4e400634bd844852e8683b84ef8c7dc5ce7015000b"",""pdf_page"":174,""printed_page"":""147""}"
,pdf_vector_paths,,7,surviving vector geometry is source-backed but insufficient for automatic classification,candidate_vector_region_unclassified,"{""curve_count"":0,""drawing_count"":1,""fill_count"":1,""geometry_fingerprint"":""40de579b11d0870622bfa08f41281564806d9626d8d1c046ce88e95a0a9af101"",""line_count"":0,""rect_count"":1,""stroke_count"":0}",ibc2018:vector-region:43202869c50de57d495bbd2d,0.0,,vector_graphic_region_detection,disputed,unknown,"{""appendix"":null,""bbox"":[559.15,77.95,563.25,223.4],""chapter"":""7"",""line_id"":null,""observed_text_sha256"":""5084b2feb2e5f9a10ae37edf7b7ff983b2fc9ca1f4c8a458b08cbb0a9bb94160"",""pdf_page"":175,""printed_page"":""148""}"
,pdf_vector_paths,,7,surviving vector geometry is source-backed but insufficient for automatic classification,candidate_vector_region_unclassified,"{""curve_count"":0,""drawing_count"":1,""fill_count"":1,""geometry_fingerprint"":""77798d74b64b2a5ec1337df955069ad6798d0b113a9683f26a33300e834bc29e"",""line_count"":0,""rect_count"":1,""stroke_count"":0}",ibc2018:vector-region:c976ddd9f356fdb1461aa4c8,0.0,,vector_graphic_region_detection,disputed,unknown,"{""appendix"":null,""bbox"":[48.7,353.75,52.75,482.85],""chapter"":""7"",""line_id"":null,""observed_text_sha256"":""8e759595dbaacefd631c5f0a83be86c95a9b0c57dcf416e0b67547444d1ba1a4"",""pdf_page"":176,""printed_page"":""149""}"
,pdf_vector_paths,,7,dense rectangle-only geometry is more consistent with table or background construction,candidate_tabular_or_background_geometry,"{""curve_count"":0,""drawing_count"":10,""fill_count"":10,""geometry_fingerprint"":""5fc9b7efc7df080adbda9c9b4c54bd18603a0e83463cd85972047f3f92d32ce8"",""line_count"":0,""rect_count"":10,""stroke_count"":0}",ibc2018:vector-region:662567e82e619143195b2a1d,0.0,,vector_graphic_region_detection,disputed,unknown,"{""appendix"":null,""bbox"":[39.7,497.95,552.1,704.5],""chapter"":""7"",""line_id"":null,""observed_text_sha256"":""483e9f6de741bc2717394e56a13deb5e9e5b968f875389f725f56aeb5a766e68"",""pdf_page"":177,""printed_page"":""150""}"
,pdf_vector_paths,,7,dense rectangle-only geometry is more consistent with table or background construction,candidate_tabular_or_background_geometry,"{""curve_count"":0,""drawing_count"":7,""fill_count"":7,""geometry_fingerprint"":""6f25b63db484243ec5d7fdbbf9743c90539ccf556bc01d1e18bfdde6a058d973"",""line_count"":0,""rect_count"":7,""stroke_count"":0}",ibc2018:vector-region:775106ee3b67bdfa92a92375,0.0,,vector_graphic_region_detection,disputed,unknown,"{""appendix"":null,""bbox"":[59.75,380.75,307.05,446.25],""chapter"":""7"",""line_id"":null,""observed_text_sha256"":""2b18352e8ae2b5c2c9ace5c616f04dae1aa10684e7b1f2b607201eaed68c0b18"",""pdf_page"":178,""printed_page"":""151""}"
,pdf_vector_paths,,7,surviving vector geometry is source-backed but insufficient for automatic classification,candidate_vector_region_unclassified,"{""curve_count"":0,""drawing_count"":1,""fill_count"":1,""geometry_fingerprint"":""2d5631dee0c6494068827d864f2b36f398647a8acf8199bebcae400861eb3196"",""line_count"":0,""rect_count"":1,""stroke_count"":0}",ibc2018:vector-region:1fad2beea1d4550876f65e13,0.0,,vector_graphic_region_detection,disputed,unknown,"{""appendix"":null,""bbox"":[559.15,265.9,563.25,449.85],""chapter"":""7"",""line_id"":null,""observed_text_sha256"":""71cdf78df85c496e0bf9e6cffe645759198007bb849ba795bcaec6f1245e2f05"",""pdf_page"":181,""printed_page"":""154""}"
,pdf_vector_paths,,7,surviving vector geometry is source-backed but insufficient for automatic classification,candidate_vector_region_unclassified,"{""curve_count"":0,""drawing_count"":1,""fill_count"":1,""geometry_fingerprint"":""acbab9c60c450cbd1c1b2c778666767505ee09337ad0b9c8384978caedcfa15e"",""line_count"":0,""rect_count"":1,""stroke_count"":0}",ibc2018:vector-region:b77af5cfd0f896f9d9aaf056,0.0,,vector_graphic_region_detection,disputed,unknown,"{""appendix"":null,""bbox"":[559.15,500.85,563.25,651.8],""chapter"":""7"",""line_id"":null,""observed_text_sha256"":""a95fe76dc0b4fbf4c529fc976a29fd5be29358f9a96c368befb4c0707c966390"",""pdf_page"":181,""printed_page"":""154""}"
,pdf_vector_paths,,7,surviving vector geometry is source-backed but insufficient for automatic classification,candidate_vector_region_unclassified,"{""curve_count"":0,""drawing_count"":1,""fill_count"":1,""geometry_fingerprint"":""56fd73b76065a814f36fd88f48e5d1511eb5e1f721c8a8ad0d4c0d698ca2d7ac"",""line_count"":0,""rect_count"":1,""stroke_count"":0}",ibc2018:vector-region:24e2345362dc9d7dd278a48e,0.0,,vector_graphic_region_detection,disputed,unknown,"{""appendix"":null,""bbox"":[559.15,77.95,563.25,180.35],""chapter"":""7"",""line_id"":null,""observed_text_sha256"":""5274ffa811afbe5aef7629485ef8f4541ea3f925c2a82a63e7e12aa6c0d672e8"",""pdf_page"":183,""printed_page"":""156""}"
,pdf_vector_paths,,7,surviving vector geometry is source-backed but insufficient for automatic classification,candidate_vector_region_unclassified,"{""curve_count"":0,""drawing_count"":1,""fill_count"":1,""geometry_fingerprint"":""fc474a375362cfb06f3c2eccab9a0b66c2b62331d136da5321180406c7384edb"",""line_count"":0,""rect_count"":1,""stroke_count"":0}",ibc2018:vector-region:d17bf31cdeb843fc8b79a5d3,0.0,,vector_graphic_region_detection,disputed,unknown,"{""appendix"":null,""bbox"":[559.15,267.2,563.25,391.65],""chapter"":""7"",""line_id"":null,""observed_text_sha256"":""1fd93ebd08a3e436ea4d8acbaa261c8930cb20761fdd74e8d93e0d04cf051fbd"",""pdf_page"":183,""printed_page"":""156""}"
,pdf_vector_paths,,7,dense rectangle-only geometry is more consistent with table or background construction,candidate_tabular_or_background_geometry,"{""curve_count"":0,""drawing_count"":28,""fill_count"":28,""geometry_fingerprint"":""c1a526c98898106e566ffe946b2f5e7420adfd708db7d17bcf3ce39a7a2f61e0"",""line_count"":0,""rect_count"":28,""stroke_count"":0}",ibc2018:vector-region:bca96240487b8ef2dbd7cf31,0.0,,vector_graphic_region_detection,disputed,unknown,"{""appendix"":null,""bbox"":[60.7,104.75,573.8,645.45],""chapter"":""7"",""line_id"":null,""observed_text_sha256"":""13d9c94e91ffc80dc23ce3df8f5fecb8365eb42873792066642e818931df5653"",""pdf_page"":186,""printed_page"":""159""}"
,pdf_vector_paths,,7,dense rectangle-only geometry is more consistent with table or background construction,candidate_tabular_or_background_geometry,"{""curve_count"":0,""drawing_count"":20,""fill_count"":20,""geometry_fingerprint"":""3304c0d4d644d7952df52478d5a9b79de92e8525db0d5140aaf058c140b522b3"",""line_count"":0,""rect_count"":20,""stroke_count"":0}",ibc2018:vector-region:3789ef820bca2e95ba245a60,0.0,,vector_graphic_region_detection,disputed,unknown,"{""appendix"":null,""bbox"":[39.35,103.15,553.15,670.05],""chapter"":""7"",""line_id"":null,""observed_text_sha256"":""ef67fd2543c67a3012b2980b7fa7933f3a0259386b443c135569d834efa10b00"",""pdf_page"":187,""printed_page"":""160""}"
,pdf_vector_paths,,7,dense rectangle-only geometry is more consistent with table or background construction,candidate_tabular_or_background_geometry,"{""curve_count"":0,""drawing_count"":15,""fill_count"":15,""geometry_fingerprint"":""57614ffcc2da901aa74f9a38431a58b967a7a5bb26a4b4961678de9aa0a941ab"",""line_count"":0,""rect_count"":15,""stroke_count"":0}",ibc2018:vector-region:462fa39ed163c155315711b5,0.0,,vector_graphic_region_detection,disputed,unknown,"{""appendix"":null,""bbox"":[59.6,104.0,573.95,591.8],""chapter"":""7"",""line_id"":null,""observed_text_sha256"":""6434bbc7c138e206bc4a846b4d4d6e13a7ea7d701dd52e50cec84d65c19836e8"",""pdf_page"":188,""printed_page"":""161""}"
,pdf_vector_paths,,7,dense rectangle-only geometry is more consistent with table or background construction,candidate_tabular_or_background_geometry,"{""curve_count"":0,""drawing_count"":16,""fill_count"":16,""geometry_fingerprint"":""6ed79840a9728b6c9c9b235dcfc9a3f9ef171141ab693e5145954708572bf3a4"",""line_count"":0,""rect_count"":16,""stroke_count"":0}",ibc2018:vector-region:4ab5f4ddea11527c2aa61b2b,0.0,,vector_graphic_region_detection,disputed,unknown,"{""appendix"":null,""bbox"":[39.1,104.15,551.95,453.95],""chapter"":""7"",""line_id"":null,""observed_text_sha256"":""a03e3af402989887284231bfce479940fb9c65f1169e1e360521d389ba543dbf"",""pdf_page"":189,""printed_page"":""162""}"
,pdf_vector_paths,,7,dense rectangle-only geometry is more consistent with table or background construction,candidate_tabular_or_background_geometry,"{""curve_count"":0,""drawing_count"":33,""fill_count"":33,""geometry_fingerprint"":""7d8a13d3986807b3ef4a105fb69cccb66421c6c1aee91771430d2e1f3d470e06"",""line_count"":0,""rect_count"":33,""stroke_count"":0}",ibc2018:vector-region:ac6fdb6863ebbef33357795f,0.0,,vector_graphic_region_detection,disputed,unknown,"{""appendix"":null,""bbox"":[59.6,95.35,572.35,557.95],""chapter"":""7"",""line_id"":null,""observed_text_sha256"":""503a8f2d3be39ad609db06238031882f55ed0329732485299bf553c1d89993a2"",""pdf_page"":190,""printed_page"":""163""}"
,pdf_vector_paths,,7,dense rectangle-only geometry is more consistent with table or background construction,candidate_tabular_or_background_geometry,"{""curve_count"":0,""drawing_count"":22,""fill_count"":22,""geometry_fingerprint"":""55c3c1ba130e92c9f14ab19b87835b8342cb6fd1297e32c3b4aba7ea2790def6"",""line_count"":0,""rect_count"":22,""stroke_count"":0}",ibc2018:vector-region:9ea03c30fe05c597e745bd03,0.0,,vector_graphic_region_detection,disputed,unknown,"{""appendix"":null,""bbox"":[39.1,95.0,551.85,574.55],""chapter"":""7"",""line_id"":null,""observed_text_sha256"":""8c56994472f6f2040c9e79c1bcb7516a2572e947cf1fbaf4eae47bb2d16efe93"",""pdf_page"":191,""printed_page"":""164""}"
,pdf_vector_paths,,7,dense rectangle-only geometry is more consistent with table or background construction,candidate_tabular_or_background_geometry,"{""curve_count"":0,""drawing_count"":22,""fill_count"":22,""geometry_fingerprint"":""a7e25575a0a73e84ff1e29fdbf2784dabc16e548b35a99cc3f93656bc3683e12"",""line_count"":0,""rect_count"":22,""stroke_count"":0}",ibc2018:vector-region:a6e20a273d3c7513e636ebbb,0.0,,vector_graphic_region_detection,disputed,unknown,"{""appendix"":null,""bbox"":[59.15,94.9,573.45,637.4],""chapter"":""7"",""line_id"":null,""observed_text_sha256"":""2ae0a6d4fffb0d3443027cc314d82c07052d6e51cf6e546a6fea7acfe6ca4047"",""pdf_page"":192,""printed_page"":""165""}"
,pdf_vector_paths,,7,dense rectangle-only geometry is more consistent with table or background construction,candidate_tabular_or_background_geometry,"{""curve_count"":0,""drawing_count"":21,""fill_count"":21,""geometry_fingerprint"":""906bc0393f86a907885561a63e1299dd344c11bc24512cb682a3163d8838dd1b"",""line_count"":0,""rect_count"":21,""stroke_count"":0}",ibc2018:vector-region:117755a3a507267f7aa21b16,0.0,,vector_graphic_region_detection,disputed,unknown,"{""appendix"":null,""bbox"":[39.45,94.55,552.8,623.15],""chapter"":""7"",""line_id"":null,""observed_text_sha256"":""f1eb8cf78766642607c17dcdd0a069d4ce00f6aa45bbf379b2954cf08231409c"",""pdf_page"":193,""printed_page"":""166""}"
,pdf_vector_paths,,7,dense rectangle-only geometry is more consistent with table or background construction,candidate_tabular_or_background_geometry,"{""curve_count"":0,""drawing_count"":14,""fill_count"":14,""geometry_fingerprint"":""62f8cec0fae2954b65bca765bdd38b7cd2c2c9b53a6915b7755f061222a8a5da"",""line_count"":0,""rect_count"":14,""stroke_count"":0}",ibc2018:vector-region:e8960292d326bba568ade38f,0.0,,vector_graphic_region_detection,disputed,unknown,"{""appendix"":null,""bbox"":[59.0,95.35,571.75,555.95],""chapter"":""7"",""line_id"":null,""observed_text_sha256"":""522a155fbac87387dc50b4d98d48d9ef9b8253c99746268c6f06b81e3f5a2183"",""pdf_page"":194,""printed_page"":""167""}"
,pdf_vector_paths,,7,dense rectangle-only geometry is more consistent with table or background construction,candidate_tabular_or_background_geometry,"{""curve_count"":0,""drawing_count"":16,""fill_count"":16,""geometry_fingerprint"":""9c937cb3ad82c957065a28db627c668d258afe6e7020a5ff84187ab1beab7287"",""line_count"":0,""rect_count"":16,""stroke_count"":0}",ibc2018:vector-region:8a01bf0217173f1cbe2004d0,0.0,,vector_graphic_region_detection,disputed,unknown,"{""appendix"":null,""bbox"":[39.35,94.55,551.35,583.05],""chapter"":""7"",""line_id"":null,""observed_text_sha256"":""564b8603c68b923b5a866649f74a56f765f878eadca162322b54755221ce79b2"",""pdf_page"":195,""printed_page"":""168""}"
,pdf_vector_paths,,7,dense rectangle-only geometry is more consistent with table or background construction,candidate_tabular_or_background_geometry,"{""curve_count"":0,""drawing_count"":18,""fill_count"":18,""geometry_fingerprint"":""b1ee8b7d9bc02b14db50e9b5e056d58bf6c8f27e3976142ee54e29c130cfd7e7"",""line_count"":0,""rect_count"":18,""stroke_count"":0}",ibc2018:vector-region:489bfdf35f8dfac2ae3b7dbc,0.0,,vector_graphic_region_detection,disputed,unknown,"{""appendix"":null,""bbox"":[59.25,94.65,572.6,591.2],""chapter"":""7"",""line_id"":null,""observed_text_sha256"":""5237937a59b0e7e5cd3d72f6725b7e375b6f7a620d405f35bba26109012e7d34"",""pdf_page"":196,""printed_page"":""169""}"
,pdf_vector_paths,,7,dense rectangle-only geometry is more consistent with table or background construction,candidate_tabular_or_background_geometry,"{""curve_count"":0,""drawing_count"":15,""fill_count"":15,""geometry_fingerprint"":""d1ea8ceb17254e0182b7d44ae5e8d9966fe0b465eb572bd80306c51b257c9b6f"",""line_count"":0,""rect_count"":15,""stroke_count"":0}",ibc2018:vector-region:1b253042bb8f4d8bf5f88420,0.0,,vector_graphic_region_detection,disputed,unknown,"{""appendix"":null,""bbox"":[39.2,95.75,551.25,521.95],""chapter"":""7"",""line_id"":null,""observed_text_sha256"":""f9c259b07664d470cde1ce4426cf2382b2b37ef4cc25c2200249f63c0ef2f799"",""pdf_page"":197,""printed_page"":""170""}"
,pdf_vector_paths,,7,dense rectangle-only geometry is more consistent with table or background construction,candidate_tabular_or_background_geometry,"{""curve_count"":0,""drawing_count"":24,""fill_count"":24,""geometry_fingerprint"":""4dd421373ee23a2155ea33c2515afdca73901319cb297e1fc035f52e4c971800"",""line_count"":0,""rect_count"":24,""stroke_count"":0}",ibc2018:vector-region:2c6470c61015517db9223a4b,0.0,,vector_graphic_region_detection,disputed,unknown,"{""appendix"":null,""bbox"":[58.55,270.7,573.2,603.2],""chapter"":""7"",""line_id"":null,""observed_text_sha256"":""f504719883a0f9317ec1f5b9ccf142c3d81e120fc58177d6fd2977a28712df77"",""pdf_page"":198,""printed_page"":""171""}"
,pdf_vector_paths,,7,dense rectangle-only geometry is more consistent with table or background construction,candidate_tabular_or_background_geometry,"{""curve_count"":0,""drawing_count"":23,""fill_count"":23,""geometry_fingerprint"":""638b3a914e882423eeb869a0714f1ffbd8a8cb88e382aa04a126184b62d33176"",""line_count"":0,""rect_count"":23,""stroke_count"":0}",ibc2018:vector-region:51a288a2448a52614ffb07c6,0.0,,vector_graphic_region_detection,disputed,unknown,"{""appendix"":null,""bbox"":[39.35,95.35,552.45,571.9],""chapter"":""7"",""line_id"":null,""observed_text_sha256"":""3f4ff36d70f26df1f01ce3a885b7b7675d4885302571ff93eead6141014939ec"",""pdf_page"":199,""printed_page"":""172""}"
,pdf_vector_paths,,7,dense rectangle-only geometry is more consistent with table or background construction,candidate_tabular_or_background_geometry,"{""curve_count"":0,""drawing_count"":18,""fill_count"":18,""geometry_fingerprint"":""e75e97d6ff97fa2dde5674ec07d3f9e0d3581afecd2ab1ca12578af3b8d1e5bc"",""line_count"":0,""rect_count"":18,""stroke_count"":0}",ibc2018:vector-region:2bce1fdc6d46545874d69a39,0.0,,vector_graphic_region_detection,disputed,unknown,"{""appendix"":null,""bbox"":[59.35,95.5,572.85,486.1],""chapter"":""7"",""line_id"":null,""observed_text_sha256"":""a81aa734ddb1dfd6e24630cfa990296c0513ea8434c46c6551aff5e8f012b51b"",""pdf_page"":200,""printed_page"":""173""}"
,pdf_vector_paths,,7,dense rectangle-only geometry is more consistent with table or background construction,candidate_tabular_or_background_geometry,"{""curve_count"":0,""drawing_count"":20,""fill_count"":20,""geometry_fingerprint"":""bea5fd99ebce885f675a46e0e94f172a96b791e6f3555ee9f79f2efbb9fbcc34"",""line_count"":0,""rect_count"":20,""stroke_count"":0}",ibc2018:vector-region:9b8520a784055b80db91d59a,0.0,,vector_graphic_region_detection,disputed,unknown,"{""appendix"":null,""bbox"":[39.35,95.6,551.5,634.15],""chapter"":""7"",""line_id"":null,""observed_text_sha256"":""940b73dcd74ed63673417b067b71317775d32adeff196229d3833798b7207dd8"",""pdf_page"":201,""printed_page"":""174""}"
,pdf_vector_paths,,7,dense rectangle-only geometry is more consistent with table or background construction,candidate_tabular_or_background_geometry,"{""curve_count"":0,""drawing_count"":18,""fill_count"":18,""geometry_fingerprint"":""fd3186e23168a37ab57229d946cd2c794f131fef7397f68053356252a1eed64f"",""line_count"":0,""rect_count"":18,""stroke_count"":0}",ibc2018:vector-region:ff68fd1f8ee011a6f81c15ea,0.0,,vector_graphic_region_detection,disputed,unknown,"{""appendix"":null,""bbox"":[61.05,95.25,573.7,605.75],""chapter"":""7"",""line_id"":null,""observed_text_sha256"":""4e7788da246333571244968ca83f7a67354db1869fb88e21bc7c4cb5d5ec2b45"",""pdf_page"":202,""printed_page"":""175""}"
,pdf_vector_paths,,7,dense rectangle-only geometry is more consistent with table or background construction,candidate_tabular_or_background_geometry,"{""curve_count"":0,""drawing_count"":18,""fill_count"":18,""geometry_fingerprint"":""47672524ba21c12dfadb0d9f9d17b93aa9e566485f3efac37bf37dec7ddf1406"",""line_count"":0,""rect_count"":18,""stroke_count"":0}",ibc2018:vector-region:30d043bf5d9bb44b55410a3c,0.0,,vector_graphic_region_detection,disputed,unknown,"{""appendix"":null,""bbox"":[39.7,95.15,554.0,595.65],""chapter"":""7"",""line_id"":null,""observed_text_sha256"":""9d59feca5b27b39392ede32a0d450cb9edb35e1c5ef3d687b6b848336fd47c9d"",""pdf_page"":203,""printed_page"":""176""}"
,pdf_vector_paths,,7,dense rectangle-only geometry is more consistent with table or background construction,candidate_tabular_or_background_geometry,"{""curve_count"":0,""drawing_count"":17,""fill_count"":17,""geometry_fingerprint"":""d826770055dcb891c46720d241dc6c385ddc9af66234b587fa42c0af20518941"",""line_count"":0,""rect_count"":17,""stroke_count"":0}",ibc2018:vector-region:7ccf7f5da10aa24379cf68bc,0.0,,vector_graphic_region_detection,disputed,unknown,"{""appendix"":null,""bbox"":[59.15,95.15,572.15,581.6],""chapter"":""7"",""line_id"":null,""observed_text_sha256"":""0ecb5e2781bb0b371f64a4d21f540933e87720390c2c10cac47336bcf4df48b0"",""pdf_page"":204,""printed_page"":""177""}"
,pdf_vector_paths,,7,dense rectangle-only geometry is more consistent with table or background construction,candidate_tabular_or_background_geometry,"{""curve_count"":0,""drawing_count"":19,""fill_count"":19,""geometry_fingerprint"":""fb12511c1d25b1f70a36190a1371c23dd5e27e64aaeec8f920b6153edc903fda"",""line_count"":0,""rect_count"":19,""stroke_count"":0}",ibc2018:vector-region:3767e5df455c39f19ec0fa19,0.0,,vector_graphic_region_detection,disputed,unknown,"{""appendix"":null,""bbox"":[39.1,95.15,551.6,649.65],""chapter"":""7"",""line_id"":null,""observed_text_sha256"":""73317fe19896abb558a0e28572b9e1c466a0300a7dd9c08fa6243c9ec02efedc"",""pdf_page"":205,""printed_page"":""178""}"
,pdf_vector_paths,,7,dense rectangle-only geometry is more consistent with table or background construction,candidate_tabular_or_background_geometry,"{""curve_count"":0,""drawing_count"":17,""fill_count"":17,""geometry_fingerprint"":""eb851d3f3c188591eb5ec32ba4c4ca63c46fd8b1f34656d5232317ff79adad58"",""line_count"":0,""rect_count"":17,""stroke_count"":0}",ibc2018:vector-region:bcf07d27cebdf4d2523cd0a7,0.0,,vector_graphic_region_detection,disputed,unknown,"{""appendix"":null,""bbox"":[58.55,95.25,570.8,531.8],""chapter"":""7"",""line_id"":null,""observed_text_sha256"":""7712b47999a9dff173fcf5631cd224a79e3b3eca4e5afcb7c212890e7f46363f"",""pdf_page"":206,""printed_page"":""179""}"
,pdf_vector_paths,,7,dense rectangle-only geometry is more consistent with table or background construction,candidate_tabular_or_background_geometry,"{""curve_count"":0,""drawing_count"":17,""fill_count"":17,""geometry_fingerprint"":""51d88341aa9c4774485c0c02f063d210e5c41e835a4d888c10a62cb7f19e4af0"",""line_count"":0,""rect_count"":17,""stroke_count"":0}",ibc2018:vector-region:4a2f6d0ff186ac256ec914d2,0.0,,vector_graphic_region_detection,disputed,unknown,"{""appendix"":null,""bbox"":[39.1,95.15,552.2,583.65],""chapter"":""7"",""line_id"":null,""observed_text_sha256"":""a3d982b96417a556942ffeb2deba832715a03b48af2a05d139471882bd04532d"",""pdf_page"":207,""printed_page"":""180""}"
,pdf_vector_paths,,7,dense rectangle-only geometry is more consistent with table or background construction,candidate_tabular_or_background_geometry,"{""curve_count"":0,""drawing_count"":16,""fill_count"":16,""geometry_fingerprint"":""1c3bb9527814f2a128db04b939990b8d3be58efeec500a48c3b81c1bf13c9579"",""line_count"":0,""rect_count"":16,""stroke_count"":0}",ibc2018:vector-region:8de7341c16299bbb547ae4da,0.0,,vector_graphic_region_detection,disputed,unknown,"{""appendix"":null,""bbox"":[59.25,95.15,572.25,349.65],""chapter"":""7"",""line_id"":null,""observed_text_sha256"":""d25fb64d1fa4d6b63b6687ccf116b4fc5b9d11562c25b70a5c8b26cec14b55ef"",""pdf_page"":208,""printed_page"":""181""}"
,pdf_vector_paths,,7,dense rectangle-only geometry is more consistent with table or background construction,candidate_tabular_or_background_geometry,"{""curve_count"":0,""drawing_count"":14,""fill_count"":14,""geometry_fingerprint"":""91590c984541315afe2a9d2cc8402520df7c35dfd7a5f5fe54e5913e3b6019d8"",""line_count"":0,""rect_count"":14,""stroke_count"":0}",ibc2018:vector-region:7ac663dd11fc5080d574df5a,0.0,,vector_graphic_region_detection,disputed,unknown,"{""appendix"":null,""bbox"":[39.7,192.35,287.6,280.9],""chapter"":""7"",""line_id"":null,""observed_text_sha256"":""3e813bfcb8a1deb05c82731c065427527dfa73909eff76cc106997b0891dfb01"",""pdf_page"":209,""printed_page"":""182""}"
,pdf_vector_paths,,7,region overlaps or directly precedes a formally captioned figure,rejected_captioned_figure_region,"{""curve_count"":306,""drawing_count"":7,""fill_count"":2,""geometry_fingerprint"":""4c68fef7620c8deba13c8f7e01ccdb689eed41291bbf03155b980d8d6ba28281"",""line_count"":78,""rect_count"":4,""stroke_count"":5}",ibc2018:vector-region:0b1a907ec761f9d76bbbd03d,0.0,,vector_graphic_region_detection,rejected,unknown,"{""appendix"":null,""bbox"":[306.1,512.25,551.85,743.95],""chapter"":""7"",""line_id"":null,""observed_text_sha256"":""6e18f79a0c32e8faaf13daee3d342fbc4b527ccd3946eca79d8d969e1ab0b5a8"",""pdf_page"":209,""printed_page"":""182""}"
,pdf_vector_paths,,7,dense rectangle-only geometry is more consistent with table or background construction,candidate_tabular_or_background_geometry,"{""curve_count"":0,""drawing_count"":9,""fill_count"":9,""geometry_fingerprint"":""3f33e0c63c1b71a566e7699b510cacedfb836fb8020bdaabe741a892ddc90f9a"",""line_count"":0,""rect_count"":9,""stroke_count"":0}",ibc2018:vector-region:ac650e7b9265b2f3aebac4a6,0.0,,vector_graphic_region_detection,disputed,unknown,"{""appendix"":null,""bbox"":[58.4,622.3,570.95,694.15],""chapter"":""7"",""line_id"":null,""observed_text_sha256"":""088552ccb32fa443bf46717335b4e6e2ea83256f321896aa7432d2f6c333ad2a"",""pdf_page"":210,""printed_page"":""183""}"
,pdf_vector_paths,,7,dense rectangle-only geometry is more consistent with table or background construction,candidate_tabular_or_background_geometry,"{""curve_count"":0,""drawing_count"":23,""fill_count"":23,""geometry_fingerprint"":""6b3dba271b3e0f5fee7b7cb68b1d90e855d44c8e6859a790f9466fe9cfee8faf"",""line_count"":0,""rect_count"":23,""stroke_count"":0}",ibc2018:vector-region:617cc9c9315a0633b7f63fef,0.0,,vector_graphic_region_detection,disputed,unknown,"{""appendix"":null,""bbox"":[58.9,404.75,572.15,513.2],""chapter"":""7"",""line_id"":null,""observed_text_sha256"":""e00558b65c50990434c64fb0890dc2344ae50ab34301a3c7c264934cceedbaeb"",""pdf_page"":210,""printed_page"":""183""}"
,pdf_vector_paths,,7,region overlaps or directly precedes a formally captioned figure,rejected_captioned_figure_region,"{""curve_count"":251,""drawing_count"":7,""fill_count"":2,""geometry_fingerprint"":""0c32ba5852881cc8ffe63f3814f6fac5bfd0eb1e30dc8a0e1f38d8669d386bb1"",""line_count"":81,""rect_count"":6,""stroke_count"":5}",ibc2018:vector-region:a3f589489f7e6e8ef93a9270,0.0,,vector_graphic_region_detection,rejected,unknown,"{""appendix"":null,""bbox"":[59.5,65.25,572.5,335.85],""chapter"":""7"",""line_id"":null,""observed_text_sha256"":""77b141370d59f55f277f1ec478e3a7fbe6aeb343f76fa080caab706ceb9a198c"",""pdf_page"":210,""printed_page"":""183""}"
,pdf_vector_paths,,7,dense rectangle-only geometry is more consistent with table or background construction,candidate_tabular_or_background_geometry,"{""curve_count"":0,""drawing_count"":13,""fill_count"":13,""geometry_fingerprint"":""c5572dcd3dc304790b6af72205395b66e6de27108a9fc0c922fd8146275babaf"",""line_count"":0,""rect_count"":13,""stroke_count"":0}",ibc2018:vector-region:6a288d292f56be8b8ed59dbe,0.0,,vector_graphic_region_detection,disputed,unknown,"{""appendix"":null,""bbox"":[39.7,595.9,552.1,714.45],""chapter"":""7"",""line_id"":null,""observed_text_sha256"":""30b3b21efb487bc92a8d16901a6758dad261df639e1b9d3d9836cf3d0ffdfa2f"",""pdf_page"":211,""printed_page"":""184""}"
,pdf_vector_paths,,7,dense rectangle-only geometry is more consistent with table or background construction,candidate_tabular_or_background_geometry,"{""curve_count"":0,""drawing_count"":11,""fill_count"":11,""geometry_fingerprint"":""7afc22cfd8ff4403aff315e589d9a5222636e5c53d124ef72286beffc8aac792"",""line_count"":0,""rect_count"":11,""stroke_count"":0}",ibc2018:vector-region:5cd39615c91871c6524a7b2b,0.0,,vector_graphic_region_detection,disputed,unknown,"{""appendix"":null,""bbox"":[305.75,230.15,553.9,524.75],""chapter"":""7"",""line_id"":null,""observed_text_sha256"":""fd681d1f2b05072f675046f7a3e08837502701e0d3ca6aa97c5858e392b36ed6"",""pdf_page"":211,""printed_page"":""184""}"
,pdf_vector_paths,,7,region overlaps or directly precedes a formally captioned figure,rejected_captioned_figure_region,"{""curve_count"":0,""drawing_count"":1,""fill_count"":1,""geometry_fingerprint"":""778c15c6cb4c21da3b771950f8517d2f5f7f557913ca85f92ceb10c13d971491"",""line_count"":0,""rect_count"":1,""stroke_count"":0}",ibc2018:vector-region:5f0ec14a391bf9053a9f2306,0.0,,vector_graphic_region_detection,rejected,unknown,"{""appendix"":null,""bbox"":[59.5,695.95,300.45,743.0],""chapter"":""7"",""line_id"":null,""observed_text_sha256"":""48e2950d1f47dfc8662896624a272897960884d37b5043b9d988ab1457f99f21"",""pdf_page"":212,""printed_page"":""185""}"
,pdf_vector_paths,,7,region overlaps or directly precedes a formally captioned figure,rejected_captioned_figure_region,"{""curve_count"":0,""drawing_count"":14,""fill_count"":14,""geometry_fingerprint"":""08fb80e1f66e4c73e4456cf452798ab8f7c9907b7fb719d8553917282a6fb755"",""line_count"":0,""rect_count"":14,""stroke_count"":0}",ibc2018:vector-region:7507cee0adef6c1af205b128,0.0,,vector_graphic_region_detection,rejected,unknown,"{""appendix"":null,""bbox"":[59.75,230.75,306.8,317.25],""chapter"":""7"",""line_id"":null,""observed_text_sha256"":""0e88f70e86c0ad2f202178feeea939ed9e912295451c4f28c42cbc3a124df794"",""pdf_page"":212,""printed_page"":""185""}"
,pdf_vector_paths,,7,region overlaps or directly precedes a formally captioned figure,rejected_captioned_figure_region,"{""curve_count"":36,""drawing_count"":5,""fill_count"":2,""geometry_fingerprint"":""219ca4dad46cb153213a89a525163dfd17c84a73d803ba673da9ae2e18b79102"",""line_count"":24,""rect_count"":2,""stroke_count"":3}",ibc2018:vector-region:6f6a7bd75a836680e2e5c89d,0.0,,vector_graphic_region_detection,rejected,unknown,"{""appendix"":null,""bbox"":[59.95,459.95,306.0,612.45],""chapter"":""7"",""line_id"":null,""observed_text_sha256"":""0404d41b792e3f0d41b99d8ad59701ab325b72607a5d33bc447b3028e104879d"",""pdf_page"":212,""printed_page"":""185""}"
,pdf_vector_paths,,7,region overlaps or directly precedes a formally captioned figure,rejected_captioned_figure_region,"{""curve_count"":36,""drawing_count"":8,""fill_count"":2,""geometry_fingerprint"":""9ed1fce53e107e5accdcb2193870ff65c5c7dc6608dbcfebb20d8e86b9ac20c5"",""line_count"":87,""rect_count"":2,""stroke_count"":6}",ibc2018:vector-region:93137a19219afad12ec46b74,0.0,,vector_graphic_region_detection,rejected,unknown,"{""appendix"":null,""bbox"":[326.0,202.9,571.9,383.5],""chapter"":""7"",""line_id"":null,""observed_text_sha256"":""98acd39ed92a8fbf52d3ab97aa9ac2e441b372c4a4184f7c9eb1f25c3421ba53"",""pdf_page"":212,""printed_page"":""185""}"
,pdf_vector_paths,,7,region overlaps or directly precedes a formally captioned figure,rejected_captioned_figure_region,"{""curve_count"":276,""drawing_count"":7,""fill_count"":2,""geometry_fingerprint"":""8034830fa809fb9d02b05654b5edec55a9afbb3379c8263ef747efe121d98c96"",""line_count"":80,""rect_count"":6,""stroke_count"":5}",ibc2018:vector-region:2b7f2c404740ce927ad2c52b,0.0,,vector_graphic_region_detection,rejected,unknown,"{""appendix"":null,""bbox"":[326.5,430.4,571.4,743.95],""chapter"":""7"",""line_id"":null,""observed_text_sha256"":""d72667ba5814e99f86c9594ae1f6c60917560ce25c1a1367dd976e33f9530613"",""pdf_page"":212,""printed_page"":""185""}"
,pdf_vector_paths,,7,region overlaps or directly precedes a formally captioned figure,rejected_captioned_figure_region,"{""curve_count"":642,""drawing_count"":15,""fill_count"":2,""geometry_fingerprint"":""b5bb2ca4df92146307d13900bcd2bd2619c941806688e452e120d383f09ebc12"",""line_count"":195,""rect_count"":17,""stroke_count"":13}",ibc2018:vector-region:40d908dffec446ca0ef5ae16,0.0,,vector_graphic_region_detection,rejected,unknown,"{""appendix"":null,""bbox"":[39.55,261.7,286.4,745.4],""chapter"":""7"",""line_id"":null,""observed_text_sha256"":""551033bc5c0b69da8010aacb91b0e89fe49a24be31305362ba64613e38b40a12"",""pdf_page"":213,""printed_page"":""186""}"
,pdf_vector_paths,,7,region overlaps or directly precedes a formally captioned figure,rejected_captioned_figure_region,"{""curve_count"":398,""drawing_count"":14,""fill_count"":2,""geometry_fingerprint"":""a580c0e316a2a433c76e14abeffc501c696e76b178e90d993d9241c442c623e5"",""line_count"":131,""rect_count"":12,""stroke_count"":12}",ibc2018:vector-region:259fceb5ddb1ae820943f187,0.0,,vector_graphic_region_detection,rejected,unknown,"{""appendix"":null,""bbox"":[305.75,262.05,552.95,747.1],""chapter"":""7"",""line_id"":null,""observed_text_sha256"":""037580d7909e0c7ca235a5fa10f83563d3af4217a294d6adf359f1e9fca07a0c"",""pdf_page"":213,""printed_page"":""186""}"
,pdf_vector_paths,,7,dense rectangle-only geometry is more consistent with table or background construction,candidate_tabular_or_background_geometry,"{""curve_count"":0,""drawing_count"":19,""fill_count"":19,""geometry_fingerprint"":""90dce1b583b6f70db3260bd71d1f603b7dc4b1cedb23bd3bcbcb50d98208b85a"",""line_count"":0,""rect_count"":19,""stroke_count"":0}",ibc2018:vector-region:9f1791858cc839d029baee1e,0.0,,vector_graphic_region_detection,disputed,unknown,"{""appendix"":null,""bbox"":[58.15,268.55,570.7,353.0],""chapter"":""7"",""line_id"":null,""observed_text_sha256"":""31d64b47b3484031204c06709bdb5e1618aa5e294398373126f7718d744c3e49"",""pdf_page"":214,""printed_page"":""187""}"
,pdf_vector_paths,,7,dense rectangle-only geometry is more consistent with table or background construction,candidate_tabular_or_background_geometry,"{""curve_count"":0,""drawing_count"":13,""fill_count"":13,""geometry_fingerprint"":""c5ef8714290ccac8724fcbe143e55e5e24b7f911230cf7d852a83d818f1a2fa9"",""line_count"":0,""rect_count"":13,""stroke_count"":0}",ibc2018:vector-region:d4eda49568338645d13c23e2,0.0,,vector_graphic_region_detection,disputed,unknown,"{""appendix"":null,""bbox"":[59.6,575.85,572.15,672.35],""chapter"":""7"",""line_id"":null,""observed_text_sha256"":""0c07ba9805c8842e763c5efcbff40596ad5b660610f36671bc477827bc13ade1"",""pdf_page"":214,""printed_page"":""187""}"
,pdf_vector_paths,,7,dense rectangle-only geometry is more consistent with table or background construction,candidate_tabular_or_background_geometry,"{""curve_count"":0,""drawing_count"":19,""fill_count"":19,""geometry_fingerprint"":""96512b77945ccf3cd09b55007db1ee9095cf0d0e1218e8c5b9300884c4471074"",""line_count"":0,""rect_count"":19,""stroke_count"":0}",ibc2018:vector-region:d7f360ccab178463f3dd48ca,0.0,,vector_graphic_region_detection,disputed,unknown,"{""appendix"":null,""bbox"":[60.1,418.4,572.6,502.9],""chapter"":""7"",""line_id"":null,""observed_text_sha256"":""5734b0cc0c75965b7b02e3ce6688e72a97d104f4360d48513737a8339f6bda9b"",""pdf_page"":214,""printed_page"":""187""}"
,pdf_vector_paths,,7,surviving vector geometry is source-backed but insufficient for automatic classification,candidate_vector_region_unclassified,"{""curve_count"":0,""drawing_count"":1,""fill_count"":1,""geometry_fingerprint"":""9075a52a6299b521cffbf71ae94db884f8a96581c6c4682639ad39af9c5af5ee"",""line_count"":0,""rect_count"":1,""stroke_count"":0}",ibc2018:vector-region:b63ae4279013bdf7ad2add99,0.0,,vector_graphic_region_detection,disputed,unknown,"{""appendix"":null,""bbox"":[38.0,726.45,551.95,743.95],""chapter"":""7"",""line_id"":null,""observed_text_sha256"":""747a1cd4cc9d6bfaba5b1b01cd9a8b56c22d08f7e47da17aa0b3e6ce11f7617c"",""pdf_page"":215,""printed_page"":""188""}"
,pdf_vector_paths,,7,dense rectangle-only geometry is more consistent with table or background construction,candidate_tabular_or_background_geometry,"{""curve_count"":0,""drawing_count"":14,""fill_count"":14,""geometry_fingerprint"":""b314ee84fb56012c0f8e5e6fda53ca36646395494daf6217fe384ce7d4b1a4ac"",""line_count"":0,""rect_count"":14,""stroke_count"":0}",ibc2018:vector-region:3805f78f9b273c9e6a6ef5bf,0.0,,vector_graphic_region_detection,disputed,unknown,"{""appendix"":null,""bbox"":[38.95,93.7,551.15,216.2],""chapter"":""7"",""line_id"":null,""observed_text_sha256"":""bf59673ec759fafc187978ed3b475b6600141295654e8143043d61fd03c5ce62"",""pdf_page"":215,""printed_page"":""188""}"
,pdf_vector_paths,,7,dense rectangle-only geometry is more consistent with table or background construction,candidate_tabular_or_background_geometry,"{""curve_count"":0,""drawing_count"":20,""fill_count"":20,""geometry_fingerprint"":""f2d03f8c6a26073e7181e8062af0474acbe4564f5f5aaf9d44827887c80d81b7"",""line_count"":0,""rect_count"":20,""stroke_count"":0}",ibc2018:vector-region:df4eaf2ec87bac49253c48e4,0.0,,vector_graphic_region_detection,disputed,unknown,"{""appendix"":null,""bbox"":[39.95,305.85,552.7,457.4],""chapter"":""7"",""line_id"":null,""observed_text_sha256"":""6b8403a56ce063e0042b629ec27cd076adb68ec33925f5eab12d3e05ee2cdb88"",""pdf_page"":215,""printed_page"":""188""}"
,pdf_vector_paths,,7,dense rectangle-only geometry is more consistent with table or background construction,candidate_tabular_or_background_geometry,"{""curve_count"":0,""drawing_count"":24,""fill_count"":24,""geometry_fingerprint"":""89bbd0a91a8a0347521dde46c46889a3804c468732106f76b6309ed13487407e"",""line_count"":0,""rect_count"":24,""stroke_count"":0}",ibc2018:vector-region:4fd8b1bb63c466306d51d3c3,0.0,,vector_graphic_region_detection,disputed,unknown,"{""appendix"":null,""bbox"":[58.75,572.35,572.5,658.9],""chapter"":""7"",""line_id"":null,""observed_text_sha256"":""80b1ef98abe529c8d54857bf4373f3b56dc1d00612348b41d236488bcb52582d"",""pdf_page"":216,""printed_page"":""189""}"
,pdf_vector_paths,,7,dense rectangle-only geometry is more consistent with table or background construction,candidate_tabular_or_background_geometry,"{""curve_count"":0,""drawing_count"":13,""fill_count"":13,""geometry_fingerprint"":""940d65610093b3a1dbf23777fef9a4bcafc14f762fd8270f10b6f80e5bd21736"",""line_count"":0,""rect_count"":13,""stroke_count"":0}",ibc2018:vector-region:72c0dcaef33d9193afa45af9,0.0,,vector_graphic_region_detection,disputed,unknown,"{""appendix"":null,""bbox"":[59.75,190.65,306.45,266.25],""chapter"":""7"",""line_id"":null,""observed_text_sha256"":""32602b91f9a4fcaf3bdf106563a4acf6ff4da968859823e12b8ea3aa657f2d00"",""pdf_page"":216,""printed_page"":""189""}"
,pdf_vector_paths,,7,dense rectangle-only geometry is more consistent with table or background construction,candidate_tabular_or_background_geometry,"{""curve_count"":0,""drawing_count"":12,""fill_count"":12,""geometry_fingerprint"":""3083752a42b9b3025bdc40574b800304dd34487c9f93ea3d8ac3079a37b557ee"",""line_count"":0,""rect_count"":12,""stroke_count"":0}",ibc2018:vector-region:efa5aca5a7b5ed72e10cd2db,0.0,,vector_graphic_region_detection,disputed,unknown,"{""appendix"":null,""bbox"":[305.75,597.35,552.2,669.35],""chapter"":""7"",""line_id"":null,""observed_text_sha256"":""5f4737538fec461334ff8987730d7494feb3c958cdeacc52d51b2ddfe2c564fc"",""pdf_page"":217,""printed_page"":""190""}"
,pdf_vector_paths,,7,dense rectangle-only geometry is more consistent with table or background construction,candidate_tabular_or_background_geometry,"{""curve_count"":0,""drawing_count"":12,""fill_count"":12,""geometry_fingerprint"":""d39a870307e9674968f9a13a0de8ebe42705ed759bb0c437be747871332310e9"",""line_count"":0,""rect_count"":12,""stroke_count"":0}",ibc2018:vector-region:b2e166c60ac1a14bae1d3a75,0.0,,vector_graphic_region_detection,disputed,unknown,"{""appendix"":null,""bbox"":[59.0,341.35,573.35,425.85],""chapter"":""7"",""line_id"":null,""observed_text_sha256"":""7189e4a0485a902c720201a9755937e59122a63ca3cc111ec0698436ca3bf040"",""pdf_page"":218,""printed_page"":""191""}"
,pdf_vector_paths,,7,dense rectangle-only geometry is more consistent with table or background construction,candidate_tabular_or_background_geometry,"{""curve_count"":0,""drawing_count"":10,""fill_count"":10,""geometry_fingerprint"":""52514364cced299a1daff66aab9045f3a807fed6d707d39018158f1fcddf7c11"",""line_count"":0,""rect_count"":10,""stroke_count"":0}",ibc2018:vector-region:8e52bbda0994b739858f40fc,0.0,,vector_graphic_region_detection,disputed,unknown,"{""appendix"":null,""bbox"":[59.15,538.3,572.25,732.8],""chapter"":""7"",""line_id"":null,""observed_text_sha256"":""37c6a36492e0c4ef312083726d7a63a839fedb58d9e74f08af9ffee341aaac68"",""pdf_page"":218,""printed_page"":""191""}"
,pdf_vector_paths,,7,surviving vector geometry is source-backed but insufficient for automatic classification,candidate_vector_region_unclassified,"{""curve_count"":0,""drawing_count"":9,""fill_count"":9,""geometry_fingerprint"":""abd7ff97f0434be4a97896ff3a38611f567ee6d25431662972498bc5e941cbdd"",""line_count"":0,""rect_count"":9,""stroke_count"":0}",ibc2018:vector-region:d12bad67db87c14a8ca81f88,0.0,,vector_graphic_region_detection,disputed,unknown,"{""appendix"":null,""bbox"":[59.75,106.65,306.2,148.55],""chapter"":""7"",""line_id"":null,""observed_text_sha256"":""a62f505bfdcd0f800084c57b8adcd22b924312b5471950dbf9dd26f081187d19"",""pdf_page"":218,""printed_page"":""191""}"
,pdf_vector_paths,,7,dense rectangle-only geometry is more consistent with table or background construction,candidate_tabular_or_background_geometry,"{""curve_count"":0,""drawing_count"":9,""fill_count"":9,""geometry_fingerprint"":""225f2955fa8abd03a31b12c25a2757414a44c7db46fcda5eee0eda72f3436cb1"",""line_count"":0,""rect_count"":9,""stroke_count"":0}",ibc2018:vector-region:f8177c67fb2c8b91ea4acaf1,0.0,,vector_graphic_region_detection,disputed,unknown,"{""appendix"":null,""bbox"":[39.7,424.55,286.15,496.75],""chapter"":""7"",""line_id"":null,""observed_text_sha256"":""84287fb473f50736ae568ca60134e02892522919759c84d48254d57be7387527"",""pdf_page"":219,""printed_page"":""192""}"
,pdf_vector_paths,,7,dense rectangle-only geometry is more consistent with table or background construction,candidate_tabular_or_background_geometry,"{""curve_count"":0,""drawing_count"":9,""fill_count"":9,""geometry_fingerprint"":""d3c2f227a2f4d98b5d49f287435f6ba261b4598c9c4393f49c28c7f027d9251b"",""line_count"":0,""rect_count"":9,""stroke_count"":0}",ibc2018:vector-region:128d84931c00cf81df4878de,0.0,,vector_graphic_region_detection,disputed,unknown,"{""appendix"":null,""bbox"":[39.7,525.1,285.55,587.6],""chapter"":""7"",""line_id"":null,""observed_text_sha256"":""23987e05be7045e82fbcfab19a1b1f5040329abb91aebfedf02da2d20e5b446e"",""pdf_page"":219,""printed_page"":""192""}"
,pdf_vector_paths,,7,dense rectangle-only geometry is more consistent with table or background construction,candidate_tabular_or_background_geometry,"{""curve_count"":0,""drawing_count"":12,""fill_count"":12,""geometry_fingerprint"":""afc4932511e58014094278d5c8e9513d45f94da96d612dfd231092038cb7dafd"",""line_count"":0,""rect_count"":12,""stroke_count"":0}",ibc2018:vector-region:32088cd138f2666349c53ff1,0.0,,vector_graphic_region_detection,disputed,unknown,"{""appendix"":null,""bbox"":[39.7,635.6,286.15,721.55],""chapter"":""7"",""line_id"":null,""observed_text_sha256"":""b07bba32deb98509b6fabbff21463e6cfb451c66ee9749342e595098a0710854"",""pdf_page"":219,""printed_page"":""192""}"
,pdf_vector_paths,,7,surviving vector geometry is source-backed but insufficient for automatic classification,candidate_vector_region_unclassified,"{""curve_count"":0,""drawing_count"":10,""fill_count"":10,""geometry_fingerprint"":""c152bf5a991c41d670948e8c4ee6f78eed1a623244a239741c0bfcf28aa4d8ee"",""line_count"":0,""rect_count"":10,""stroke_count"":0}",ibc2018:vector-region:779791e76eaac76cf96c4870,0.0,,vector_graphic_region_detection,disputed,unknown,"{""appendix"":null,""bbox"":[305.75,98.75,551.85,146.5],""chapter"":""7"",""line_id"":null,""observed_text_sha256"":""bd0d8e3870d41d1c9d820918c2028bf18d241ca484f0fdc4880f3a25d5e49848"",""pdf_page"":219,""printed_page"":""192""}"
,pdf_vector_paths,,7,region overlaps or directly precedes a formally captioned figure,rejected_captioned_figure_region,"{""curve_count"":70,""drawing_count"":17,""fill_count"":4,""geometry_fingerprint"":""1b40b7d383dc6a44061461228b5c5ad960e5f2a7727569d43dad107fd12251e3"",""line_count"":55,""rect_count"":8,""stroke_count"":13}",ibc2018:vector-region:65a02859f2f4d6e2336b4083,0.0,,vector_graphic_region_detection,rejected,unknown,"{""appendix"":null,""bbox"":[59.95,358.4,306.0,494.15],""chapter"":""7"",""line_id"":null,""observed_text_sha256"":""ae77595171d657c6f9394edfc9fa9d5aa38ace388f427eb1c1240474bbc43d3c"",""pdf_page"":220,""printed_page"":""193""}"
,pdf_vector_paths,,7,surviving vector geometry is source-backed but insufficient for automatic classification,candidate_vector_region_unclassified,"{""curve_count"":0,""drawing_count"":1,""fill_count"":1,""geometry_fingerprint"":""7efcff5c808f3be8b353e1ffb774c358f07921222a3f37e664c5b177849bef6b"",""line_count"":0,""rect_count"":1,""stroke_count"":0}",ibc2018:vector-region:4a8734d78ab0e30eb167a386,0.0,,vector_graphic_region_detection,disputed,unknown,"{""appendix"":null,""bbox"":[68.5,730.55,305.95,744.45],""chapter"":""7"",""line_id"":null,""observed_text_sha256"":""dbcd3548f084af1835a9ad1738f45345244c103b66bbbb8772e4dfa62813fdc6"",""pdf_page"":220,""printed_page"":""193""}"
,pdf_vector_paths,,7,region overlaps or directly precedes a formally captioned figure,rejected_captioned_figure_region,"{""curve_count"":154,""drawing_count"":12,""fill_count"":2,""geometry_fingerprint"":""c639bc06b2f0d0de49ff2329e58012ca550e4556b8f1e4e2a04ed028487170aa"",""line_count"":44,""rect_count"":30,""stroke_count"":10}",ibc2018:vector-region:f96b1563a0459f1d8c4a4df0,0.0,,vector_graphic_region_detection,rejected,unknown,"{""appendix"":null,""bbox"":[324.45,240.55,571.9,744.45],""chapter"":""7"",""line_id"":null,""observed_text_sha256"":""6448aabc89e8ede614d0a1f382bfb65f6602203fa3ded57c44240fcd4295d2d0"",""pdf_page"":220,""printed_page"":""193""}"
,pdf_vector_paths,,7,region overlaps or directly precedes a formally captioned figure,rejected_captioned_figure_region,"{""curve_count"":225,""drawing_count"":10,""fill_count"":2,""geometry_fingerprint"":""94ac767a93eafff3c96e7fb7fae0f2fbec4109cd2972b40e304b03ab0ab3334c"",""line_count"":368,""rect_count"":2,""stroke_count"":8}",ibc2018:vector-region:7cd3401f97e77e563bf88099,0.0,,vector_graphic_region_detection,rejected,unknown,"{""appendix"":null,""bbox"":[41.6,77.5,288.45,685.75],""chapter"":""7"",""line_id"":null,""observed_text_sha256"":""45a24391e7f4380cac4dffaf923400d2ea91766e36559451bd76f59a18b608a1"",""pdf_page"":221,""printed_page"":""194""}"
,pdf_vector_paths,,7,region overlaps or directly precedes a formally captioned figure,rejected_captioned_figure_region,"{""curve_count"":140,""drawing_count"":4,""fill_count"":2,""geometry_fingerprint"":""e37aae0c392b3d389b88240b2faa2e450d853292bbb8eb5d569bfcf4a8a0e1b6"",""line_count"":9,""rect_count"":3,""stroke_count"":2}",ibc2018:vector-region:7fc7b9b2c68c8bc3077063e9,0.0,,vector_graphic_region_detection,rejected,unknown,"{""appendix"":null,""bbox"":[305.5,78.2,552.7,431.85],""chapter"":""7"",""line_id"":null,""observed_text_sha256"":""1be4c9515e03f9aef41763319659ff08fedbeb6b1be3f9e6d213c24952fb6f6e"",""pdf_page"":221,""printed_page"":""194""}"
,pdf_vector_paths,,7,region overlaps or directly precedes a formally captioned figure,rejected_captioned_figure_region,"{""curve_count"":108,""drawing_count"":6,""fill_count"":2,""geometry_fingerprint"":""589363010fea5aee57e800c352807d31a2560b1aeeed3ddd89b0c9fcd1d7791d"",""line_count"":40,""rect_count"":2,""stroke_count"":4}",ibc2018:vector-region:8e64569bb26e3e12da053fa9,0.0,,vector_graphic_region_detection,rejected,unknown,"{""appendix"":null,""bbox"":[306.35,452.0,553.15,674.15],""chapter"":""7"",""line_id"":null,""observed_text_sha256"":""5d2503612dbae9cfe7f583712f95b0c1c8b85e1d46a6573d3e50c502ea4553b1"",""pdf_page"":221,""printed_page"":""194""}"
,pdf_vector_paths,,7,region overlaps or directly precedes a formally captioned figure,rejected_captioned_figure_region,"{""curve_count"":88,""drawing_count"":21,""fill_count"":4,""geometry_fingerprint"":""1e35f4b647d0d478ab784b3ce4348acfb152111e710a2f569f8751fc4cd0ae68"",""line_count"":60,""rect_count"":50,""stroke_count"":19}",ibc2018:vector-region:ed66c15f204529899b46b720,0.0,,vector_graphic_region_detection,rejected,unknown,"{""appendix"":null,""bbox"":[57.7,333.45,570.8,571.75],""chapter"":""7"",""line_id"":null,""observed_text_sha256"":""181e2450a33405f4bbe06f7e142c4b8cd15401d5f7a1837de308d5103ef8d537"",""pdf_page"":222,""printed_page"":""195""}"
,pdf_vector_paths,,7,region overlaps or directly precedes a formally captioned figure,rejected_captioned_figure_region,"{""curve_count"":0,""drawing_count"":17,""fill_count"":3,""geometry_fingerprint"":""d1a1796b1715d1ff929cfcf5e339391af048ea88d4448511376819c8109104fc"",""line_count"":47,""rect_count"":6,""stroke_count"":14}",ibc2018:vector-region:888a42d6689a8e49e36db90a,0.0,,vector_graphic_region_detection,rejected,unknown,"{""appendix"":null,""bbox"":[60.1,77.6,573.55,321.35],""chapter"":""7"",""line_id"":null,""observed_text_sha256"":""bb07640d191f6c968d8e018ab132cc1fb7a586c3c5abeae827538abdc37b6cd8"",""pdf_page"":222,""printed_page"":""195""}"
,pdf_vector_paths,,7,region overlaps or directly precedes a formally captioned figure,rejected_captioned_figure_region,"{""curve_count"":167,""drawing_count"":12,""fill_count"":3,""geometry_fingerprint"":""da1a4d54761bd357736de7e278e87d0f0e01e69d7cbef84852126f7494335226"",""line_count"":56,""rect_count"":7,""stroke_count"":9}",ibc2018:vector-region:fd5c88a1d51ebcaf856f73c4,0.0,,vector_graphic_region_detection,rejected,unknown,"{""appendix"":null,""bbox"":[59.95,538.55,306.0,706.9],""chapter"":""7"",""line_id"":null,""observed_text_sha256"":""faf49e6565439b353d0137b4bd22e5c5e6871c2376359ac8ed82fe9518c4a366"",""pdf_page"":224,""printed_page"":""197""}"
,pdf_vector_paths,,7,dense rectangle-only geometry is more consistent with table or background construction,candidate_tabular_or_background_geometry,"{""curve_count"":0,""drawing_count"":53,""fill_count"":53,""geometry_fingerprint"":""1f4bdc6b870db60bfbb2f7e2c23b5840e41610ee6edc701f35bc144c8609e144"",""line_count"":0,""rect_count"":53,""stroke_count"":0}",ibc2018:vector-region:cb13f139d7688cc87a00bbc9,0.0,,vector_graphic_region_detection,disputed,unknown,"{""appendix"":null,""bbox"":[59.15,95.5,572.15,569.95],""chapter"":""7"",""line_id"":null,""observed_text_sha256"":""a5917e2defa4d654d7da05cd266ec2b1341419ddb2039a6f3f21202281ddb0c3"",""pdf_page"":226,""printed_page"":""199""}"
,pdf_vector_paths,,7,dense rectangle-only geometry is more consistent with table or background construction,candidate_tabular_or_background_geometry,"{""curve_count"":0,""drawing_count"":10,""fill_count"":10,""geometry_fingerprint"":""a6967e9fb019113335bd146f426889603659719944c50fc53ad44183e2173644"",""line_count"":0,""rect_count"":10,""stroke_count"":0}",ibc2018:vector-region:6b6699cf230ef9f84d20fd06,0.0,,vector_graphic_region_detection,disputed,unknown,"{""appendix"":null,""bbox"":[60.55,624.45,573.1,723.55],""chapter"":""7"",""line_id"":null,""observed_text_sha256"":""fabb2055a8040902c29e8bafc9cebfefe5b6b3cefa800f26a248b31d3a105aaa"",""pdf_page"":226,""printed_page"":""199""}"
,pdf_vector_paths,,7,dense rectangle-only geometry is more consistent with table or background construction,candidate_tabular_or_background_geometry,"{""curve_count"":0,""drawing_count"":25,""fill_count"":25,""geometry_fingerprint"":""5c93b8a4f090afa15d1fff5c85730209404541d9822525ecdddd6ecdcea0e320"",""line_count"":0,""rect_count"":25,""stroke_count"":0}",ibc2018:vector-region:8e4e2a1cdf756a5ca28df719,0.0,,vector_graphic_region_detection,disputed,unknown,"{""appendix"":null,""bbox"":[38.95,95.35,550.75,450.35],""chapter"":""7"",""line_id"":null,""observed_text_sha256"":""4070b7f6624fc9bfd6f915653c9362b2d20b0534e2b063eb8ca0df0c2c024a5d"",""pdf_page"":227,""printed_page"":""200""}"
,pdf_vector_paths,,7,dense rectangle-only geometry is more consistent with table or background construction,candidate_tabular_or_background_geometry,"{""curve_count"":0,""drawing_count"":25,""fill_count"":25,""geometry_fingerprint"":""41a8470269afa520231cb90a14f02c9fee726553ed10989ab6ad371a1e303637"",""line_count"":0,""rect_count"":25,""stroke_count"":0}",ibc2018:vector-region:e4a4a4b6a20917ccaefba640,0.0,,vector_graphic_region_detection,disputed,unknown,"{""appendix"":null,""bbox"":[39.1,520.55,552.55,701.15],""chapter"":""7"",""line_id"":null,""observed_text_sha256"":""a75d7b1015df3aa7f347d2cc4ff98fe0978c7338922b966ecf7d056e17ca658d"",""pdf_page"":227,""printed_page"":""200""}"
,pdf_vector_paths,,7,dense rectangle-only geometry is more consistent with table or background construction,candidate_tabular_or_background_geometry,"{""curve_count"":0,""drawing_count"":79,""fill_count"":79,""geometry_fingerprint"":""1883ed400e7c0edde9a7b6fc4b83473684bb2d916f841a0412dafe8009d181b3"",""line_count"":0,""rect_count"":79,""stroke_count"":0}",ibc2018:vector-region:882580e6fa42aa7bec04c65f,0.0,,vector_graphic_region_detection,disputed,unknown,"{""appendix"":null,""bbox"":[59.85,94.3,573.45,708.8],""chapter"":""7"",""line_id"":null,""observed_text_sha256"":""741e69e43b147471f9f4c3849cca74caabca9c674ccc9b6b6e87ef6adc13da4a"",""pdf_page"":228,""printed_page"":""201""}"
,pdf_vector_paths,,7,dense rectangle-only geometry is more consistent with table or background construction,candidate_tabular_or_background_geometry,"{""curve_count"":0,""drawing_count"":59,""fill_count"":59,""geometry_fingerprint"":""4354f1979c946546543fc1b2141a5d0275c433d63e69a218858c76b26583789a"",""line_count"":0,""rect_count"":59,""stroke_count"":0}",ibc2018:vector-region:213813930bd628b96be20049,0.0,,vector_graphic_region_detection,disputed,unknown,"{""appendix"":null,""bbox"":[39.45,95.95,551.15,598.55],""chapter"":""7"",""line_id"":null,""observed_text_sha256"":""42ee6e31300b65b9d6935145db90e2d722936d4cdedcd929b3833ce53c888ba1"",""pdf_page"":229,""printed_page"":""202""}"
,pdf_vector_paths,,7,dense rectangle-only geometry is more consistent with table or background construction,candidate_tabular_or_background_geometry,"{""curve_count"":0,""drawing_count"":93,""fill_count"":93,""geometry_fingerprint"":""02f65bdabb265f33f2e19eca261b6adbab72fb58dcd8f2f7ec89b8defcd95aab"",""line_count"":0,""rect_count"":93,""stroke_count"":0}",ibc2018:vector-region:338072ac2e9a2525585e7671,0.0,,vector_graphic_region_detection,disputed,unknown,"{""appendix"":null,""bbox"":[57.95,94.9,571.65,703.4],""chapter"":""7"",""line_id"":null,""observed_text_sha256"":""fe2ea43cac7469498771609accfd80bd6d8ea70f6db3a5bb091b44e3a81b274b"",""pdf_page"":230,""printed_page"":""203""}"
,pdf_vector_paths,,7,dense rectangle-only geometry is more consistent with table or background construction,candidate_tabular_or_background_geometry,"{""curve_count"":0,""drawing_count"":72,""fill_count"":72,""geometry_fingerprint"":""63cf0b3a91fa984415041cc4d98a21fa02eca83ec4c8867499704e00e2c1d347"",""line_count"":0,""rect_count"":72,""stroke_count"":0}",ibc2018:vector-region:aaef1b0eb4e0e76363720056,0.0,,vector_graphic_region_detection,disputed,unknown,"{""appendix"":null,""bbox"":[39.45,95.0,553.4,535.55],""chapter"":""7"",""line_id"":null,""observed_text_sha256"":""242b72af3c177593bd143c54dfec0c4582a4e5018c3e26382240a44a1ccdd681"",""pdf_page"":231,""printed_page"":""204""}"
,pdf_vector_paths,,7,dense rectangle-only geometry is more consistent with table or background construction,candidate_tabular_or_background_geometry,"{""curve_count"":0,""drawing_count"":93,""fill_count"":93,""geometry_fingerprint"":""9bb5e493e77f517ba77fad1725ff5e9359a90fe2c647bee4724bff50ea3c59a3"",""line_count"":0,""rect_count"":93,""stroke_count"":0}",ibc2018:vector-region:c01bcce19122f2f8b6ea52b8,0.0,,vector_graphic_region_detection,disputed,unknown,"{""appendix"":null,""bbox"":[60.95,95.0,573.55,718.55],""chapter"":""7"",""line_id"":null,""observed_text_sha256"":""ac1d204d72e879b87114e0c87434b1e42620309926353ce82294eeb2cc4a88bb"",""pdf_page"":232,""printed_page"":""205""}"
,pdf_vector_paths,,7,dense rectangle-only geometry is more consistent with table or background construction,candidate_tabular_or_background_geometry,"{""curve_count"":0,""drawing_count"":57,""fill_count"":57,""geometry_fingerprint"":""91a660c145c0f9308f0e68133e37669b6d48567191de45728f1e4f28d8e9cbc6"",""line_count"":0,""rect_count"":57,""stroke_count"":0}",ibc2018:vector-region:cffae270ff084a00ff09777a,0.0,,vector_graphic_region_detection,disputed,unknown,"{""appendix"":null,""bbox"":[39.95,105.35,286.65,551.85],""chapter"":""7"",""line_id"":null,""observed_text_sha256"":""d74e710f78e9b4b31845f510224b373e838899fe754e3c8adf8af937bf116884"",""pdf_page"":233,""printed_page"":""206""}"
,pdf_vector_paths,,7,dense rectangle-only geometry is more consistent with table or background construction,candidate_tabular_or_background_geometry,"{""curve_count"":0,""drawing_count"":37,""fill_count"":37,""geometry_fingerprint"":""5944bd20d1947a4b91a6152a329c37c76edee586dbe91a70c475cd6a1b4fee96"",""line_count"":0,""rect_count"":37,""stroke_count"":0}",ibc2018:vector-region:369cbb75d242bfe261da68c6,0.0,,vector_graphic_region_detection,disputed,unknown,"{""appendix"":null,""bbox"":[305.6,114.35,552.95,380.85],""chapter"":""7"",""line_id"":null,""observed_text_sha256"":""4a2801900892aacb467a7c91326f73ecb5b5049911c1d362b7b756901e15a66c"",""pdf_page"":233,""printed_page"":""206""}"
,pdf_vector_paths,,7,dense rectangle-only geometry is more consistent with table or background construction,candidate_tabular_or_background_geometry,"{""curve_count"":0,""drawing_count"":63,""fill_count"":63,""geometry_fingerprint"":""bc4419439d68d0a9bd2a090a1d55eb01403cd4494f679326186619d7efd23d09"",""line_count"":0,""rect_count"":63,""stroke_count"":0}",ibc2018:vector-region:9c9afad3c9308ac29ebfa6ea,0.0,,vector_graphic_region_detection,disputed,unknown,"{""appendix"":null,""bbox"":[58.75,104.5,305.5,596.0],""chapter"":""7"",""line_id"":null,""observed_text_sha256"":""ea54b2b525c9a89fb4f767c602973249d5f476c033b9c958528e430bd3c51d49"",""pdf_page"":234,""printed_page"":""207""}"
,pdf_vector_paths,,7,dense rectangle-only geometry is more consistent with table or background construction,candidate_tabular_or_background_geometry,"{""curve_count"":0,""drawing_count"":63,""fill_count"":63,""geometry_fingerprint"":""ce809fba52500233391ad14a0fca56e5dfbe8132c7cbdd117cde8bbc64da42cf"",""line_count"":0,""rect_count"":63,""stroke_count"":0}",ibc2018:vector-region:c2801952d28079e221c955f7,0.0,,vector_graphic_region_detection,disputed,unknown,"{""appendix"":null,""bbox"":[324.8,112.15,570.95,603.7],""chapter"":""7"",""line_id"":null,""observed_text_sha256"":""56ef5f4cc1a0ff12c997922150f54a010ec38f398386b4b23919d7c6f12a73ee"",""pdf_page"":234,""printed_page"":""207""}"
,pdf_vector_paths,,7,dense rectangle-only geometry is more consistent with table or background construction,candidate_tabular_or_background_geometry,"{""curve_count"":0,""drawing_count"":8,""fill_count"":8,""geometry_fingerprint"":""4f77a3877a8700310103ff075e64d6011d3abdd49f535639eefec101518d5c58"",""line_count"":0,""rect_count"":8,""stroke_count"":0}",ibc2018:vector-region:f17ecce44346764847eccb37,0.0,,vector_graphic_region_detection,disputed,unknown,"{""appendix"":null,""bbox"":[38.0,561.1,552.2,713.5],""chapter"":""7"",""line_id"":null,""observed_text_sha256"":""22a3753b0fe8d463b73857db1b0f95c7b9c3476c81dce7394bd4ac111e697c68"",""pdf_page"":235,""printed_page"":""208""}"
,pdf_vector_paths,,7,dense rectangle-only geometry is more consistent with table or background construction,candidate_tabular_or_background_geometry,"{""curve_count"":0,""drawing_count"":16,""fill_count"":16,""geometry_fingerprint"":""08abc471f7e6b5228359d8aa3a2e96207adf9041bb7c308132dd582b67a68282"",""line_count"":0,""rect_count"":16,""stroke_count"":0}",ibc2018:vector-region:436d631ebacaf70257833ecf,0.0,,vector_graphic_region_detection,disputed,unknown,"{""appendix"":null,""bbox"":[39.1,94.9,553.65,292.55],""chapter"":""7"",""line_id"":null,""observed_text_sha256"":""60a1d20dace78a85b013ed7750039d36466a111ade2c4fbe2ae4f4af186c7014"",""pdf_page"":235,""printed_page"":""208""}"
,pdf_vector_paths,,7,surviving vector geometry is source-backed but insufficient for automatic classification,candidate_vector_region_unclassified,"{""curve_count"":0,""drawing_count"":7,""fill_count"":7,""geometry_fingerprint"":""90beda404937a46caef8c50f35816be71ee53bf23e24e84c7887791d684d6d39"",""line_count"":0,""rect_count"":7,""stroke_count"":0}",ibc2018:vector-region:2f048490e1562f347bad4c99,0.0,,vector_graphic_region_detection,disputed,unknown,"{""appendix"":null,""bbox"":[39.2,428.95,552.2,469.55],""chapter"":""7"",""line_id"":null,""observed_text_sha256"":""6c00f52bc77d6c5e1e9f9dd5b0aae29e5d5a0f94474f4693bc0ea78d3d9ca045"",""pdf_page"":235,""printed_page"":""208""}"
,pdf_vector_paths,,7,dense rectangle-only geometry is more consistent with table or background construction,candidate_tabular_or_background_geometry,"{""curve_count"":0,""drawing_count"":6,""fill_count"":6,""geometry_fingerprint"":""3473fb74de6f55a1cee02f32c8256bef9a42bce220f8327a2c6d175af673b1d8"",""line_count"":0,""rect_count"":6,""stroke_count"":0}",ibc2018:vector-region:ec480cb418beadaa9ddcfe90,0.0,,vector_graphic_region_detection,disputed,unknown,"{""appendix"":null,""bbox"":[58.3,310.65,570.2,377.25],""chapter"":""7"",""line_id"":null,""observed_text_sha256"":""11fb8015df589344a2e8b8b69724d5055c4e5058bec7c532fc7a049d9ae52661"",""pdf_page"":236,""printed_page"":""209""}"
,pdf_vector_paths,,7,dense rectangle-only geometry is more consistent with table or background construction,candidate_tabular_or_background_geometry,"{""curve_count"":0,""drawing_count"":9,""fill_count"":9,""geometry_fingerprint"":""b607c478976c9b84845f2e513b5aac1397cf661d33d6cc9f03b54d25de100762"",""line_count"":0,""rect_count"":9,""stroke_count"":0}",ibc2018:vector-region:537904b5d674ec037d86c568,0.0,,vector_graphic_region_detection,disputed,unknown,"{""appendix"":null,""bbox"":[58.65,94.15,572.35,195.7],""chapter"":""7"",""line_id"":null,""observed_text_sha256"":""0a54d000ff9408e011eab27d0fb005a4d9fac6dddf3f926ceecaf319885ec6f1"",""pdf_page"":236,""printed_page"":""209""}"
,pdf_vector_paths,,8,surviving vector geometry is source-backed but insufficient for automatic classification,candidate_vector_region_unclassified,"{""curve_count"":0,""drawing_count"":1,""fill_count"":1,""geometry_fingerprint"":""21a4f92b8bf1a676901877332f76e7f5a26abfe0c6a988559c741c0b48efde1e"",""line_count"":0,""rect_count"":1,""stroke_count"":0}",ibc2018:vector-region:438276b6fc973e428feb7a88,0.0,,vector_graphic_region_detection,disputed,unknown,"{""appendix"":null,""bbox"":[59.95,139.15,571.9,140.15],""chapter"":""8"",""line_id"":null,""observed_text_sha256"":""3df5e320c4dd5e147c01d3ea327b100c44181243906451b9610ce1e0a05a7221"",""pdf_page"":238,""printed_page"":""211""}"
,pdf_vector_paths,,8,surviving vector geometry is source-backed but insufficient for automatic classification,candidate_vector_region_unclassified,"{""curve_count"":0,""drawing_count"":2,""fill_count"":2,""geometry_fingerprint"":""b42a287148e9dd3ab17b9a606abc4cc18da2c66fcbfd9664fdf762e1fa637fe5"",""line_count"":0,""rect_count"":2,""stroke_count"":0}",ibc2018:vector-region:4edbc86adb2e67b38b84b476,0.0,,vector_graphic_region_detection,disputed,unknown,"{""appendix"":null,""bbox"":[59.95,222.7,571.9,226.65],""chapter"":""8"",""line_id"":null,""observed_text_sha256"":""0ea698b689c8ecced972f4463975e1ec6203a60d31ab5761fc993e7f60b07224"",""pdf_page"":238,""printed_page"":""211""}"
,pdf_vector_paths,,8,surviving vector geometry is source-backed but insufficient for automatic classification,candidate_vector_region_unclassified,"{""curve_count"":0,""drawing_count"":1,""fill_count"":1,""geometry_fingerprint"":""836db5945fc714cc5fecfd8432e74495c822067ea644eae79baa45b04b88b276"",""line_count"":0,""rect_count"":1,""stroke_count"":0}",ibc2018:vector-region:b7f82ec4d1eb8f9b08cb6127,0.0,,vector_graphic_region_detection,disputed,unknown,"{""appendix"":null,""bbox"":[559.15,339.45,563.25,635.75],""chapter"":""8"",""line_id"":null,""observed_text_sha256"":""6099f5a5afd2f0e9db811416e586e334ac959be76c5289da92ac8b00faf043ef"",""pdf_page"":239,""printed_page"":""212""}"
,pdf_vector_paths,,8,dense rectangle-only geometry is more consistent with table or background construction,candidate_tabular_or_background_geometry,"{""curve_count"":0,""drawing_count"":25,""fill_count"":25,""geometry_fingerprint"":""ff2a3fdb4cf4e41c612e6c4841c4d17c03a93361fbde24e0763880ade27c1565"",""line_count"":0,""rect_count"":25,""stroke_count"":0}",ibc2018:vector-region:77feb26d7084777e725819d5,0.0,,vector_graphic_region_detection,disputed,unknown,"{""appendix"":null,""bbox"":[58.65,95.75,572.95,349.75],""chapter"":""8"",""line_id"":null,""observed_text_sha256"":""4c20e966aa9f1d037c15f8b01f5da27a41f95652ca51bc461f0d6c952ed9cd49"",""pdf_page"":240,""printed_page"":""213""}"
,pdf_vector_paths,,9,surviving vector geometry is source-backed but insufficient for automatic classification,candidate_vector_region_unclassified,"{""curve_count"":0,""drawing_count"":1,""fill_count"":1,""geometry_fingerprint"":""21a4f92b8bf1a676901877332f76e7f5a26abfe0c6a988559c741c0b48efde1e"",""line_count"":0,""rect_count"":1,""stroke_count"":0}",ibc2018:vector-region:d6cb3ea3735d22a6429d83a4,0.0,,vector_graphic_region_detection,disputed,unknown,"{""appendix"":null,""bbox"":[59.95,139.15,571.9,140.15],""chapter"":""9"",""line_id"":null,""observed_text_sha256"":""3df5e320c4dd5e147c01d3ea327b100c44181243906451b9610ce1e0a05a7221"",""pdf_page"":244,""printed_page"":""217""}"
,pdf_vector_paths,,9,surviving vector geometry is source-backed but insufficient for automatic classification,candidate_vector_region_unclassified,"{""curve_count"":0,""drawing_count"":2,""fill_count"":2,""geometry_fingerprint"":""86d808238b308bb30e09b33428b581821b456387f5f084f2c6478573641bc6b8"",""line_count"":0,""rect_count"":2,""stroke_count"":0}",ibc2018:vector-region:fc5ddd2d7f1a287966d56207,0.0,,vector_graphic_region_detection,disputed,unknown,"{""appendix"":null,""bbox"":[59.95,208.75,571.9,212.75],""chapter"":""9"",""line_id"":null,""observed_text_sha256"":""2bd9819fa4f2ed96a5b6d05d192967bcd8253dfe71077f65e5b25cef8f3ddb7a"",""pdf_page"":244,""printed_page"":""217""}"
,pdf_vector_paths,,9,surviving vector geometry is source-backed but insufficient for automatic classification,candidate_vector_region_unclassified,"{""curve_count"":0,""drawing_count"":1,""fill_count"":1,""geometry_fingerprint"":""ed68d0974333c60664c0b470d51c4e3c9b2850e4fd8e357a6bb4d187789f85d4"",""line_count"":0,""rect_count"":1,""stroke_count"":0}",ibc2018:vector-region:57e44d190f5422b317f3fadd,0.0,,vector_graphic_region_detection,disputed,unknown,"{""appendix"":null,""bbox"":[579.1,233.5,583.15,588.55],""chapter"":""9"",""line_id"":null,""observed_text_sha256"":""c1ab9a45a97d1bedb86fd4351a3274600f26acf86ec7ecdbf6fad04c4a9aed86"",""pdf_page"":244,""printed_page"":""217""}"
,pdf_vector_paths,,9,surviving vector geometry is source-backed but insufficient for automatic classification,candidate_vector_region_unclassified,"{""curve_count"":0,""drawing_count"":1,""fill_count"":1,""geometry_fingerprint"":""bf6294df570c0874805221fcf00057dd16df3ecfb2ebad21763bd895ae16c340"",""line_count"":0,""rect_count"":1,""stroke_count"":0}",ibc2018:vector-region:ad933702eadaca3494d8b772,0.0,,vector_graphic_region_detection,disputed,unknown,"{""appendix"":null,""bbox"":[28.75,404.95,32.85,611.0],""chapter"":""9"",""line_id"":null,""observed_text_sha256"":""ff7958deb42272d89c7542b0ed037ab032af40e24dcb660265d23c8dddce4dbb"",""pdf_page"":245,""printed_page"":""218""}"
,pdf_vector_paths,,9,surviving vector geometry is source-backed but insufficient for automatic classification,candidate_vector_region_unclassified,"{""curve_count"":0,""drawing_count"":1,""fill_count"":1,""geometry_fingerprint"":""40ce6d5644cb14997e2ebd73e7df03163924baf4425d861823ec5095da1df5cb"",""line_count"":0,""rect_count"":1,""stroke_count"":0}",ibc2018:vector-region:2fd46eb888be0f876bb2e843,0.0,,vector_graphic_region_detection,disputed,unknown,"{""appendix"":null,""bbox"":[48.7,217.55,52.75,328.75],""chapter"":""9"",""line_id"":null,""observed_text_sha256"":""9e398bd671714e735b566d0433020491e157be36dc9873a25a6fff979e89c4a2"",""pdf_page"":246,""printed_page"":""219""}"
,pdf_vector_paths,,9,dense rectangle-only geometry is more consistent with table or background construction,candidate_tabular_or_background_geometry,"{""curve_count"":0,""drawing_count"":10,""fill_count"":10,""geometry_fingerprint"":""6bcc9652f2e1f2e7a5d77862991faa4e84a17f21d1bf92ebb556d005b7d5287a"",""line_count"":0,""rect_count"":10,""stroke_count"":0}",ibc2018:vector-region:51cfc597ab9ad44ac160d028,0.0,,vector_graphic_region_detection,disputed,unknown,"{""appendix"":null,""bbox"":[325.65,641.25,572.15,731.75],""chapter"":""9"",""line_id"":null,""observed_text_sha256"":""bf9eb3f48a4e72000b583123d94aa1fda951fa8c214f60f8b602c4595946354c"",""pdf_page"":246,""printed_page"":""219""}"
,pdf_vector_paths,,9,dense rectangle-only geometry is more consistent with table or background construction,candidate_tabular_or_background_geometry,"{""curve_count"":0,""drawing_count"":24,""fill_count"":24,""geometry_fingerprint"":""6a3cf20213f5af9b1351565df051901871429685e58724c43dae22f3340ef9d9"",""line_count"":0,""rect_count"":24,""stroke_count"":0}",ibc2018:vector-region:43964bf426513234d9531741,0.0,,vector_graphic_region_detection,disputed,unknown,"{""appendix"":null,""bbox"":[39.35,96.7,286.3,405.2],""chapter"":""9"",""line_id"":null,""observed_text_sha256"":""e96b618667e62faecec34fbaf0c0f02117533519bfaeb0daa1cc5f90905d1227"",""pdf_page"":249,""printed_page"":""222""}"
,pdf_vector_paths,,9,surviving vector geometry is source-backed but insufficient for automatic classification,candidate_vector_region_unclassified,"{""curve_count"":0,""drawing_count"":1,""fill_count"":1,""geometry_fingerprint"":""a41ecb55b85a050f7fde5d8ad2e739ce91d92903806321188725d946c3382599"",""line_count"":0,""rect_count"":1,""stroke_count"":0}",ibc2018:vector-region:5cfbe7a9cf1f207a05d9d117,0.0,,vector_graphic_region_detection,disputed,unknown,"{""appendix"":null,""bbox"":[559.15,570.7,563.25,743.95],""chapter"":""9"",""line_id"":null,""observed_text_sha256"":""59a8f88e16de728ea2ee21a61a2c19fbded8c95d015ee249cc2532ba2655cc6f"",""pdf_page"":249,""printed_page"":""222""}"
,pdf_vector_paths,,9,surviving vector geometry is source-backed but insufficient for automatic classification,candidate_vector_region_unclassified,"{""curve_count"":0,""drawing_count"":1,""fill_count"":1,""geometry_fingerprint"":""64edd762eb8c3e3e1055c9435840316b0c5a3beafafcf72d896853ab630e57b0"",""line_count"":0,""rect_count"":1,""stroke_count"":0}",ibc2018:vector-region:4572b0b4972a3e25f44ab909,0.0,,vector_graphic_region_detection,disputed,unknown,"{""appendix"":null,""bbox"":[48.7,77.95,52.75,522.95],""chapter"":""9"",""line_id"":null,""observed_text_sha256"":""0155488caa427d39e605cb8dd621175bbb0c9aa9ebec1f0d97d43715ba081b7f"",""pdf_page"":250,""printed_page"":""223""}"
,pdf_vector_paths,,9,surviving vector geometry is source-backed but insufficient for automatic classification,candidate_vector_region_unclassified,"{""curve_count"":0,""drawing_count"":1,""fill_count"":1,""geometry_fingerprint"":""7e14ab52ca969ba4cfaa330740dbe6cf82859423fdaa4393a8bc3bc4c27fec34"",""line_count"":0,""rect_count"":1,""stroke_count"":0}",ibc2018:vector-region:3686c2ca090dadbf1baa4ade,0.0,,vector_graphic_region_detection,disputed,unknown,"{""appendix"":null,""bbox"":[559.15,315.2,563.25,737.95],""chapter"":""9"",""line_id"":null,""observed_text_sha256"":""3ac905eaddd55512d2d80780e583fb83c28b285cbeed6576866f243431804589"",""pdf_page"":253,""printed_page"":""226""}"
,pdf_vector_paths,,9,surviving vector geometry is source-backed but insufficient for automatic classification,candidate_vector_region_unclassified,"{""curve_count"":0,""drawing_count"":1,""fill_count"":1,""geometry_fingerprint"":""dc3b6d3f486135ae24d8762bff3b70f989dcf8cdedfbab650168e27865985fd5"",""line_count"":0,""rect_count"":1,""stroke_count"":0}",ibc2018:vector-region:c06250238fc48abdd8d9fa10,0.0,,vector_graphic_region_detection,disputed,unknown,"{""appendix"":null,""bbox"":[48.7,77.95,52.75,183.8],""chapter"":""9"",""line_id"":null,""observed_text_sha256"":""7f7aaaf676f19047610acc5223df5fa0195c51654ba5244075900696f801db9f"",""pdf_page"":254,""printed_page"":""227""}"
,pdf_vector_paths,,9,surviving vector geometry is source-backed but insufficient for automatic classification,candidate_vector_region_unclassified,"{""curve_count"":0,""drawing_count"":1,""fill_count"":1,""geometry_fingerprint"":""568b461d3299b073f57bb58e692d52b64c594a5e91eccd9a3ea0e0395a0d6599"",""line_count"":0,""rect_count"":1,""stroke_count"":0}",ibc2018:vector-region:c71d96166121801a1a4c8bcf,0.0,,vector_graphic_region_detection,disputed,unknown,"{""appendix"":null,""bbox"":[579.1,289.9,583.15,426.95],""chapter"":""9"",""line_id"":null,""observed_text_sha256"":""6550ad1e31066c0d84ac35db3af823baaf7e37b134f4f054bb88ab7f74150a72"",""pdf_page"":256,""printed_page"":""229""}"
,pdf_vector_paths,,9,dense rectangle-only geometry is more consistent with table or background construction,candidate_tabular_or_background_geometry,"{""curve_count"":0,""drawing_count"":45,""fill_count"":45,""geometry_fingerprint"":""a7bdcd6558eaf519e4b72bca7c99ab1a45ebf22c9b44435e89d17175bdb159e8"",""line_count"":0,""rect_count"":45,""stroke_count"":0}",ibc2018:vector-region:bca4e1331b18b1e259a3b547,0.0,,vector_graphic_region_detection,disputed,unknown,"{""appendix"":null,""bbox"":[39.45,104.95,287.15,729.8],""chapter"":""9"",""line_id"":null,""observed_text_sha256"":""70aae693e0d8d66e7127c25fc6dea64a11c61e61324266b1fdf65f8e9c081348"",""pdf_page"":257,""printed_page"":""230""}"
,pdf_vector_paths,,9,dense rectangle-only geometry is more consistent with table or background construction,candidate_tabular_or_background_geometry,"{""curve_count"":0,""drawing_count"":11,""fill_count"":11,""geometry_fingerprint"":""6f8c0f1fa63c9c5b1b7960529ede32871a26d669ed08ea2deec29ff414adec86"",""line_count"":0,""rect_count"":11,""stroke_count"":0}",ibc2018:vector-region:da30574123c51c6e2b3b17d6,0.0,,vector_graphic_region_detection,disputed,unknown,"{""appendix"":null,""bbox"":[305.15,96.1,553.4,228.55],""chapter"":""9"",""line_id"":null,""observed_text_sha256"":""bf0c4a94c0ee159a5eb49b20d86ba9838b0e1892d93390d38debef82eb795692"",""pdf_page"":257,""printed_page"":""230""}"
,pdf_vector_paths,,9,dense rectangle-only geometry is more consistent with table or background construction,candidate_tabular_or_background_geometry,"{""curve_count"":0,""drawing_count"":9,""fill_count"":9,""geometry_fingerprint"":""d438fdc01eb848b4915139357bef90fe1b0e87c3a3ef659057a5d6b50f8393c2"",""line_count"":0,""rect_count"":9,""stroke_count"":0}",ibc2018:vector-region:fea324181d736266cb31c34d,0.0,,vector_graphic_region_detection,disputed,unknown,"{""appendix"":null,""bbox"":[305.15,350.15,553.75,458.6],""chapter"":""9"",""line_id"":null,""observed_text_sha256"":""1fc8886916963c9d760dd8fa9c53091d7190f96e879c2c7f14c23d9089bb7105"",""pdf_page"":257,""printed_page"":""230""}"
,pdf_vector_paths,,9,dense rectangle-only geometry is more consistent with table or background construction,candidate_tabular_or_background_geometry,"{""curve_count"":0,""drawing_count"":16,""fill_count"":16,""geometry_fingerprint"":""12df4f3a759bf421db84e147658ba176db44425468f513322a5467fe0322bed8"",""line_count"":0,""rect_count"":16,""stroke_count"":0}",ibc2018:vector-region:5e0e17591623355a28eba0f5,0.0,,vector_graphic_region_detection,disputed,unknown,"{""appendix"":null,""bbox"":[305.75,143.75,551.0,318.2],""chapter"":""9"",""line_id"":null,""observed_text_sha256"":""4fbe45029080f6f41d7a840e2c2789c92cdb6ba3bf95b4f147689d1279e5792b"",""pdf_page"":267,""printed_page"":""240""}"
,pdf_vector_paths,,9,surviving vector geometry is source-backed but insufficient for automatic classification,candidate_vector_region_unclassified,"{""curve_count"":0,""drawing_count"":1,""fill_count"":1,""geometry_fingerprint"":""25f343a413b703a14a45f066a50e430ad9f6f101e7f96edb0474735a4306462e"",""line_count"":0,""rect_count"":1,""stroke_count"":0}",ibc2018:vector-region:2f02bca33602ece05d76e393,0.0,,vector_graphic_region_detection,disputed,unknown,"{""appendix"":null,""bbox"":[559.15,576.8,563.25,693.2],""chapter"":""9"",""line_id"":null,""observed_text_sha256"":""5908ee2d6e87222dfcf6bd73c12a3031506f6aa6a90a1f8c82f758d5c6c15333"",""pdf_page"":275,""printed_page"":""248""}"
,pdf_vector_paths,,9,surviving vector geometry is source-backed but insufficient for automatic classification,candidate_vector_region_unclassified,"{""curve_count"":0,""drawing_count"":1,""fill_count"":1,""geometry_fingerprint"":""a3e0270dadcf229fd50b46831a0d8a76910282edb19ee6ad749f94d4d8f194e8"",""line_count"":0,""rect_count"":1,""stroke_count"":0}",ibc2018:vector-region:eadfcc54cff827b4094c69bd,0.0,,vector_graphic_region_detection,disputed,unknown,"{""appendix"":null,""bbox"":[48.7,158.0,52.75,728.0],""chapter"":""9"",""line_id"":null,""observed_text_sha256"":""8fce852d138d0496012fb07e627e2b93330b8ea094b54380f3a5e7b354a7e78e"",""pdf_page"":282,""printed_page"":""255""}"
,pdf_vector_paths,,9,surviving vector geometry is source-backed but insufficient for automatic classification,candidate_vector_region_unclassified,"{""curve_count"":0,""drawing_count"":1,""fill_count"":1,""geometry_fingerprint"":""3d51cca67dbb38aedfdadc0e3ad602a5528be53d7f9754ef3d0376c82e94a79e"",""line_count"":0,""rect_count"":1,""stroke_count"":0}",ibc2018:vector-region:0103de2522efc376bf3d57f6,0.0,,vector_graphic_region_detection,disputed,unknown,"{""appendix"":null,""bbox"":[579.1,77.95,583.15,417.95],""chapter"":""9"",""line_id"":null,""observed_text_sha256"":""86c7978fe4b9aeba38343c654695ef8b1bf95be31d2fa2c02998315a1df374fb"",""pdf_page"":282,""printed_page"":""255""}"
,pdf_vector_paths,,10,surviving vector geometry is source-backed but insufficient for automatic classification,candidate_vector_region_unclassified,"{""curve_count"":0,""drawing_count"":1,""fill_count"":1,""geometry_fingerprint"":""0675b5a67d4e957303c6a55c704e5c24991058801d8ed0a94010abc9f41b9c33"",""line_count"":0,""rect_count"":1,""stroke_count"":0}",ibc2018:vector-region:942fac0feb812a5891c4e40e,0.0,,vector_graphic_region_detection,disputed,unknown,"{""appendix"":null,""bbox"":[59.95,144.8,571.9,145.75],""chapter"":""10"",""line_id"":null,""observed_text_sha256"":""3378424091d3de26baf9bf40ad9e2d96be424486631aa532e78715f210f68d8e"",""pdf_page"":284,""printed_page"":""257""}"
,pdf_vector_paths,,10,surviving vector geometry is source-backed but insufficient for automatic classification,candidate_vector_region_unclassified,"{""curve_count"":0,""drawing_count"":2,""fill_count"":2,""geometry_fingerprint"":""b51a9e227e8014ebb1db8ac3f73860cecbb63b200cc60c8d8704bed6e5bd4e4b"",""line_count"":0,""rect_count"":2,""stroke_count"":0}",ibc2018:vector-region:169332d71706c5c3c509ec79,0.0,,vector_graphic_region_detection,disputed,unknown,"{""appendix"":null,""bbox"":[59.95,324.8,571.9,328.75],""chapter"":""10"",""line_id"":null,""observed_text_sha256"":""5a877a3ca232945ed0e3f2407de0122d37844cf91c6544a2767a852e164a3f51"",""pdf_page"":284,""printed_page"":""257""}"
,pdf_vector_paths,,10,dense rectangle-only geometry is more consistent with table or background construction,candidate_tabular_or_background_geometry,"{""curve_count"":0,""drawing_count"":32,""fill_count"":32,""geometry_fingerprint"":""35d1f8f4ea59f1502eba598ea21d34d3daa5848a2d703209a5c7b0be4f65b191"",""line_count"":0,""rect_count"":32,""stroke_count"":0}",ibc2018:vector-region:7c184afd19000c741ac4f088,0.0,,vector_graphic_region_detection,disputed,unknown,"{""appendix"":null,""bbox"":[324.95,94.55,572.15,725.15],""chapter"":""10"",""line_id"":null,""observed_text_sha256"":""3be48a997e231e70a9173c59f9a2b126c1d2b9ba4498423dd1c3f183cc7758a5"",""pdf_page"":286,""printed_page"":""259""}"
,pdf_vector_paths,,10,surviving vector geometry is source-backed but insufficient for automatic classification,candidate_vector_region_unclassified,"{""curve_count"":0,""drawing_count"":1,""fill_count"":1,""geometry_fingerprint"":""2aedb41101267a545a21449c0fb25047328199231dda9165448960f17120545d"",""line_count"":0,""rect_count"":1,""stroke_count"":0}",ibc2018:vector-region:79ded41d29d64fe8ae60eff1,0.0,,vector_graphic_region_detection,disputed,unknown,"{""appendix"":null,""bbox"":[28.75,168.45,32.85,277.55],""chapter"":""10"",""line_id"":null,""observed_text_sha256"":""074b102fe7d0e12040d5338a51d53bb8c2b610499bd2c3b7ff2e06b9ae336852"",""pdf_page"":287,""printed_page"":""260""}"
,pdf_vector_paths,,10,surviving vector geometry is source-backed but insufficient for automatic classification,candidate_vector_region_unclassified,"{""curve_count"":0,""drawing_count"":1,""fill_count"":1,""geometry_fingerprint"":""abc43acfe5225fc4f7aed23ff3d250bed4b378350d082b03f9a9f94c50709548"",""line_count"":0,""rect_count"":1,""stroke_count"":0}",ibc2018:vector-region:8a9fda99a74b731c2698c358,0.0,,vector_graphic_region_detection,disputed,unknown,"{""appendix"":null,""bbox"":[579.1,77.95,583.15,190.75],""chapter"":""10"",""line_id"":null,""observed_text_sha256"":""5b99c3866e3d0db6fe49babbf0106b43abdcccbfe0b91953106d95354522b174"",""pdf_page"":288,""printed_page"":""261""}"
,pdf_vector_paths,,10,surviving vector geometry is source-backed but insufficient for automatic classification,candidate_vector_region_unclassified,"{""curve_count"":0,""drawing_count"":1,""fill_count"":1,""geometry_fingerprint"":""2e4a6df6866f9fa76244853fe37d415e07d75903bca0c5594adcd3e5909927d2"",""line_count"":0,""rect_count"":1,""stroke_count"":0}",ibc2018:vector-region:07896870cdaede1ae574b06d,0.0,,vector_graphic_region_detection,disputed,unknown,"{""appendix"":null,""bbox"":[28.75,254.95,32.85,363.95],""chapter"":""10"",""line_id"":null,""observed_text_sha256"":""d58324990fe9df03a116f03e9cd42bafc6952ffb6bee274850b7bf437010bcbb"",""pdf_page"":289,""printed_page"":""262""}"
,pdf_vector_paths,,10,dense rectangle-only geometry is more consistent with table or background construction,candidate_tabular_or_background_geometry,"{""curve_count"":0,""drawing_count"":24,""fill_count"":24,""geometry_fingerprint"":""50afd6e309bdfbc76a9bd8cdd9b6bacc40287acd0654e46585aa9d099646a72d"",""line_count"":0,""rect_count"":24,""stroke_count"":0}",ibc2018:vector-region:155275589e219296c9d8d873,0.0,,vector_graphic_region_detection,disputed,unknown,"{""appendix"":null,""bbox"":[39.45,407.35,551.35,637.55],""chapter"":""10"",""line_id"":null,""observed_text_sha256"":""e59585dcdb24fc8e020f9621ca094279051651b149894defd704778761a177af"",""pdf_page"":289,""printed_page"":""262""}"
,pdf_vector_paths,,10,surviving vector geometry is source-backed but insufficient for automatic classification,candidate_vector_region_unclassified,"{""curve_count"":0,""drawing_count"":1,""fill_count"":1,""geometry_fingerprint"":""e1fa3efb56458e3459cf05f873a90c6817ca56b4f739b4ba1cbc3afd46304348"",""line_count"":0,""rect_count"":1,""stroke_count"":0}",ibc2018:vector-region:d0e6b3d8915cd9fb8b1ff234,0.0,,vector_graphic_region_detection,disputed,unknown,"{""appendix"":null,""bbox"":[559.15,99.95,563.25,380.95],""chapter"":""10"",""line_id"":null,""observed_text_sha256"":""748bf9e3790ad6b7905ad10f175f1f65797f3f96afaf332cb8e37a35cc2b7495"",""pdf_page"":289,""printed_page"":""262""}"
,pdf_vector_paths,,10,surviving vector geometry is source-backed but insufficient for automatic classification,candidate_vector_region_unclassified,"{""curve_count"":0,""drawing_count"":1,""fill_count"":1,""geometry_fingerprint"":""77c3481a2e994a8550b84f3004623e78d9846d1b4c4a4f4e51d6fcc0dcec0a84"",""line_count"":0,""rect_count"":1,""stroke_count"":0}",ibc2018:vector-region:1afa3923af73c6228edd5058,0.0,,vector_graphic_region_detection,disputed,unknown,"{""appendix"":null,""bbox"":[48.7,77.95,52.75,178.9],""chapter"":""10"",""line_id"":null,""observed_text_sha256"":""1a4b3220fb57c9c8de004169ab884223c7b4d0e5ab33b7b295e9a8621dfbd8f1"",""pdf_page"":290,""printed_page"":""263""}"
,pdf_vector_paths,,10,dense rectangle-only geometry is more consistent with table or background construction,candidate_tabular_or_background_geometry,"{""curve_count"":0,""drawing_count"":13,""fill_count"":13,""geometry_fingerprint"":""dff8102f597604e8da1bff7f9790f2450b8c8eebd160ce5d3aae84d0308a210f"",""line_count"":0,""rect_count"":13,""stroke_count"":0}",ibc2018:vector-region:92f21f177590d5f86d87fc08,0.0,,vector_graphic_region_detection,disputed,unknown,"{""appendix"":null,""bbox"":[58.65,545.5,572.85,650.0],""chapter"":""10"",""line_id"":null,""observed_text_sha256"":""a5223f9c6f01898b111cc28deb19e236a69e5041c0d7568b1dff4bad3d1b7d8b"",""pdf_page"":290,""printed_page"":""263""}"
,pdf_vector_paths,,10,surviving vector geometry is source-backed but insufficient for automatic classification,candidate_vector_region_unclassified,"{""curve_count"":0,""drawing_count"":9,""fill_count"":9,""geometry_fingerprint"":""2c6c00d7e2e26e06ad75386655d5029bda3b77b641c7f3850442134b97cf3b29"",""line_count"":0,""rect_count"":9,""stroke_count"":0}",ibc2018:vector-region:1fe6c2b97aeaf7ceca673013,0.0,,vector_graphic_region_detection,disputed,unknown,"{""appendix"":null,""bbox"":[59.25,388.65,573.7,437.15],""chapter"":""10"",""line_id"":null,""observed_text_sha256"":""cfd8539a39477ece2d7cc8f4165e19680e32cf0fc2a7f93b69903e113af67bdb"",""pdf_page"":290,""printed_page"":""263""}"
,pdf_vector_paths,,10,dense rectangle-only geometry is more consistent with table or background construction,candidate_tabular_or_background_geometry,"{""curve_count"":0,""drawing_count"":8,""fill_count"":8,""geometry_fingerprint"":""a274c21d3805b2d29a5568f2e53a5567a2397defffb72dc76a6d0355a589fc21"",""line_count"":0,""rect_count"":8,""stroke_count"":0}",ibc2018:vector-region:abaa1a0774e693175221357a,0.0,,vector_graphic_region_detection,disputed,unknown,"{""appendix"":null,""bbox"":[59.75,265.65,306.55,328.15],""chapter"":""10"",""line_id"":null,""observed_text_sha256"":""071f3d09a9350054b55f35a1980b7d0bb7a7fea093dcdadc0d81ed357aa631b4"",""pdf_page"":290,""printed_page"":""263""}"
,pdf_vector_paths,,10,surviving vector geometry is source-backed but insufficient for automatic classification,candidate_vector_region_unclassified,"{""curve_count"":0,""drawing_count"":1,""fill_count"":1,""geometry_fingerprint"":""a129f74878545bc3f26576254571e5a32525a5bc5fd57ca7f5bc10641fab006e"",""line_count"":0,""rect_count"":1,""stroke_count"":0}",ibc2018:vector-region:99074ba67d79fd7a6d664c85,0.0,,vector_graphic_region_detection,disputed,unknown,"{""appendix"":null,""bbox"":[48.7,215.95,52.75,355.9],""chapter"":""10"",""line_id"":null,""observed_text_sha256"":""b8e9bcc56d97e0f79f1ec5efe4ab3cdd57caa690235e068cee2a8518730c8fe6"",""pdf_page"":292,""printed_page"":""265""}"
,pdf_vector_paths,,10,surviving vector geometry is source-backed but insufficient for automatic classification,candidate_vector_region_unclassified,"{""curve_count"":0,""drawing_count"":1,""fill_count"":1,""geometry_fingerprint"":""900c9c4cd8ae82513bc780d23f69a40f04c1b3e937cff49e2d8aa145ffce6914"",""line_count"":0,""rect_count"":1,""stroke_count"":0}",ibc2018:vector-region:a863231065cc534c1af4b69c,0.0,,vector_graphic_region_detection,disputed,unknown,"{""appendix"":null,""bbox"":[559.15,77.95,563.25,729.55],""chapter"":""10"",""line_id"":null,""observed_text_sha256"":""7b4c9751061345ebda7acba2aafd2fb5e7d71629d5760e2ed27fb18caff455db"",""pdf_page"":295,""printed_page"":""268""}"
,pdf_vector_paths,,10,dense rectangle-only geometry is more consistent with table or background construction,candidate_tabular_or_background_geometry,"{""curve_count"":0,""drawing_count"":10,""fill_count"":10,""geometry_fingerprint"":""b26f49bc571eed20d29967d4dcab3b863a473d360f4ac8c602cd081283950b7c"",""line_count"":0,""rect_count"":10,""stroke_count"":0}",ibc2018:vector-region:03214773c2f58935736124b9,0.0,,vector_graphic_region_detection,disputed,unknown,"{""appendix"":null,""bbox"":[325.65,580.65,573.1,677.25],""chapter"":""10"",""line_id"":null,""observed_text_sha256"":""f5251f38a8c62fe5d9482e17c39a6cc687bf5652146dc63b969cc67f2a741cf2"",""pdf_page"":296,""printed_page"":""269""}"
,pdf_vector_paths,,10,dense rectangle-only geometry is more consistent with table or background construction,candidate_tabular_or_background_geometry,"{""curve_count"":0,""drawing_count"":17,""fill_count"":17,""geometry_fingerprint"":""cab90f30ecf3093fe5975a89525d2fb0ce47d67f285401dd5c9110c7f8743b14"",""line_count"":0,""rect_count"":17,""stroke_count"":0}",ibc2018:vector-region:4db5f2218ec2c9feafc07322,0.0,,vector_graphic_region_detection,disputed,unknown,"{""appendix"":null,""bbox"":[39.7,104.75,286.9,293.25],""chapter"":""10"",""line_id"":null,""observed_text_sha256"":""8e09125b6fb73e5d058b06d1db62fce2e42925f7ac26302bebfcf11889b385a9"",""pdf_page"":297,""printed_page"":""270""}"
,pdf_vector_paths,,10,surviving vector geometry is source-backed but insufficient for automatic classification,candidate_vector_region_unclassified,"{""curve_count"":0,""drawing_count"":1,""fill_count"":1,""geometry_fingerprint"":""f771e88f8c5dce69bdf3f5a996d26ba080039164c5d90c3584c3cf34b384d286"",""line_count"":0,""rect_count"":1,""stroke_count"":0}",ibc2018:vector-region:4aa44f8d35bf42daec5e0b5a,0.0,,vector_graphic_region_detection,disputed,unknown,"{""appendix"":null,""bbox"":[48.7,265.05,52.75,468.8],""chapter"":""10"",""line_id"":null,""observed_text_sha256"":""2c8d3507f3944b4e9f0ffdb0cb58b5a9d88636d88d4d21a3637409750656af0c"",""pdf_page"":298,""printed_page"":""271""}"
,pdf_vector_paths,,10,surviving vector geometry is source-backed but insufficient for automatic classification,candidate_vector_region_unclassified,"{""curve_count"":0,""drawing_count"":1,""fill_count"":1,""geometry_fingerprint"":""f5dc07b3f07c4f3aa2202f1021845accae242c686f85c82104f48098dc011812"",""line_count"":0,""rect_count"":1,""stroke_count"":0}",ibc2018:vector-region:0f3c9d0868767ff9a45a72ae,0.0,,vector_graphic_region_detection,disputed,unknown,"{""appendix"":null,""bbox"":[579.1,456.95,583.15,585.95],""chapter"":""10"",""line_id"":null,""observed_text_sha256"":""fbda26d570a0268bd5941df0fd6651449e443234e885a852a0a459240c7bb270"",""pdf_page"":300,""printed_page"":""273""}"
,pdf_vector_paths,,10,surviving vector geometry is source-backed but insufficient for automatic classification,candidate_vector_region_unclassified,"{""curve_count"":0,""drawing_count"":1,""fill_count"":1,""geometry_fingerprint"":""de1cc1df30ffc4f9b596829d840ba817ea74ba1284539776223174c7d4cbb8df"",""line_count"":0,""rect_count"":1,""stroke_count"":0}",ibc2018:vector-region:4c5f1b71c1e72316d6b18c38,0.0,,vector_graphic_region_detection,disputed,unknown,"{""appendix"":null,""bbox"":[28.75,376.3,32.85,474.35],""chapter"":""10"",""line_id"":null,""observed_text_sha256"":""8bcc93b452603e840af9156e773a34bc17c4ccc8dff43ec0c944c560306357f3"",""pdf_page"":301,""printed_page"":""274""}"
,pdf_vector_paths,,10,surviving vector geometry is source-backed but insufficient for automatic classification,candidate_vector_region_unclassified,"{""curve_count"":0,""drawing_count"":1,""fill_count"":1,""geometry_fingerprint"":""b6e08e88236bda03c8242bb2051be2e6558bf1cfd7a0e79c41af7615d6f858b6"",""line_count"":0,""rect_count"":1,""stroke_count"":0}",ibc2018:vector-region:ac419337680325e9636cd3b2,0.0,,vector_graphic_region_detection,disputed,unknown,"{""appendix"":null,""bbox"":[559.15,130.9,563.25,312.95],""chapter"":""10"",""line_id"":null,""observed_text_sha256"":""3258c6b5b600d1801b245f9ccb824c12d9d78ddc2f4bb70e33d19f3801401a21"",""pdf_page"":301,""printed_page"":""274""}"
,pdf_vector_paths,,10,surviving vector geometry is source-backed but insufficient for automatic classification,candidate_vector_region_unclassified,"{""curve_count"":0,""drawing_count"":1,""fill_count"":1,""geometry_fingerprint"":""2f731687c7c67ee8094868e08d0ae390b334091e8d1bae1c548b9d40fb8cb6f3"",""line_count"":0,""rect_count"":1,""stroke_count"":0}",ibc2018:vector-region:78fad0ac1b0bbc6bb0cbbc85,0.0,,vector_graphic_region_detection,disputed,unknown,"{""appendix"":null,""bbox"":[559.15,584.95,563.25,725.0],""chapter"":""10"",""line_id"":null,""observed_text_sha256"":""a4229f8bb347cc0e443d3b080962cd9906103b7ea57c12919cc32b9774bb07eb"",""pdf_page"":301,""printed_page"":""274""}"
,pdf_vector_paths,,10,surviving vector geometry is source-backed but insufficient for automatic classification,candidate_vector_region_unclassified,"{""curve_count"":0,""drawing_count"":1,""fill_count"":1,""geometry_fingerprint"":""0a07c81fbd68ca1933d23093960abd4711b22237ac15062afb14fdea50b1f870"",""line_count"":0,""rect_count"":1,""stroke_count"":0}",ibc2018:vector-region:7892e3ddc777bc47f56e2ec9,0.0,,vector_graphic_region_detection,disputed,unknown,"{""appendix"":null,""bbox"":[28.75,338.35,32.85,743.95],""chapter"":""10"",""line_id"":null,""observed_text_sha256"":""f8ae86de5f6d03c5c664bbf9240be08d16d92b40449df58b1248b6673ced9278"",""pdf_page"":303,""printed_page"":""276""}"
,pdf_vector_paths,,10,surviving vector geometry is source-backed but insufficient for automatic classification,candidate_vector_region_unclassified,"{""curve_count"":0,""drawing_count"":1,""fill_count"":1,""geometry_fingerprint"":""7b90c4f22b1b74fdec81595a079ce2759d607f0545b366a25e9492889ae03aef"",""line_count"":0,""rect_count"":1,""stroke_count"":0}",ibc2018:vector-region:e2339b231d37bfc598272d68,0.0,,vector_graphic_region_detection,disputed,unknown,"{""appendix"":null,""bbox"":[559.15,77.95,563.25,278.5],""chapter"":""10"",""line_id"":null,""observed_text_sha256"":""ee215ab78b0217a09b6390830bfe6b5b285869ecd3d27a1474e435e873da9363"",""pdf_page"":303,""printed_page"":""276""}"
,pdf_vector_paths,,10,dense rectangle-only geometry is more consistent with table or background construction,candidate_tabular_or_background_geometry,"{""curve_count"":0,""drawing_count"":17,""fill_count"":17,""geometry_fingerprint"":""8708c4ae2e7427bdc017b6b954f6c6cf55992964fcf41f63aadcd2d23253522d"",""line_count"":0,""rect_count"":17,""stroke_count"":0}",ibc2018:vector-region:c53e0bd7aeb36e9fcb5d65a6,0.0,,vector_graphic_region_detection,disputed,unknown,"{""appendix"":null,""bbox"":[326.15,267.45,573.55,441.95],""chapter"":""10"",""line_id"":null,""observed_text_sha256"":""2a9051f39af9eab987b2684098a42da05f6a67bd5ca9a8b19e01728dbc24d134"",""pdf_page"":312,""printed_page"":""285""}"
,pdf_vector_paths,,10,dense rectangle-only geometry is more consistent with table or background construction,candidate_tabular_or_background_geometry,"{""curve_count"":0,""drawing_count"":15,""fill_count"":15,""geometry_fingerprint"":""1adfddebd63875ce72c77ccf4c70d8d349524e29bd611a1523e4c6be1380e9f2"",""line_count"":0,""rect_count"":15,""stroke_count"":0}",ibc2018:vector-region:25ad5bfd144a51a33d6069c7,0.0,,vector_graphic_region_detection,disputed,unknown,"{""appendix"":null,""bbox"":[325.65,95.75,573.45,251.15],""chapter"":""10"",""line_id"":null,""observed_text_sha256"":""35bc078d88263044a0d00e3f9fdf724bb161d88ec44e74714c9322d8cc4a2334"",""pdf_page"":314,""printed_page"":""287""}"
,pdf_vector_paths,,10,dense rectangle-only geometry is more consistent with table or background construction,candidate_tabular_or_background_geometry,"{""curve_count"":0,""drawing_count"":12,""fill_count"":12,""geometry_fingerprint"":""59f67d8889263da07b1b9bfbcc09669eeea7894c0a664c429c2877130a275b18"",""line_count"":0,""rect_count"":12,""stroke_count"":0}",ibc2018:vector-region:f74edbe5bcb793a52e7245a2,0.0,,vector_graphic_region_detection,disputed,unknown,"{""appendix"":null,""bbox"":[325.65,478.75,573.2,645.35],""chapter"":""10"",""line_id"":null,""observed_text_sha256"":""5b24fbd89eeeb9cb5dd93d4c628a3d96dfbc42418285944b7f34699e1e7d38a5"",""pdf_page"":314,""printed_page"":""287""}"
,pdf_vector_paths,,10,surviving vector geometry is source-backed but insufficient for automatic classification,candidate_vector_region_unclassified,"{""curve_count"":0,""drawing_count"":1,""fill_count"":1,""geometry_fingerprint"":""d634450f6d5b9f1fd76a6808215e874ca7a7fb37a7439e5c4b9521748d927bd7"",""line_count"":0,""rect_count"":1,""stroke_count"":0}",ibc2018:vector-region:2f9b58c1da0c75e714949152,0.0,,vector_graphic_region_detection,disputed,unknown,"{""appendix"":null,""bbox"":[28.75,77.95,32.85,209.95],""chapter"":""10"",""line_id"":null,""observed_text_sha256"":""b43c00ec32ed87abd578d8170440337e2ab43d5fd455b383fe6c7b28e205cef1"",""pdf_page"":323,""printed_page"":""296""}"
,pdf_vector_paths,,10,dense rectangle-only geometry is more consistent with table or background construction,candidate_tabular_or_background_geometry,"{""curve_count"":0,""drawing_count"":14,""fill_count"":14,""geometry_fingerprint"":""53b807d7752471e1bc220e28721b58cec01f136b0d8717faa958654d4b68f99d"",""line_count"":0,""rect_count"":14,""stroke_count"":0}",ibc2018:vector-region:96fb3ddea7e9d29719cd11ec,0.0,,vector_graphic_region_detection,disputed,unknown,"{""appendix"":null,""bbox"":[39.35,633.2,552.8,735.7],""chapter"":""10"",""line_id"":null,""observed_text_sha256"":""d3c262a4beca608367016ebc1ecee09488f7325e15ecd6d7e9e169561bbe3292"",""pdf_page"":323,""printed_page"":""296""}"
,pdf_vector_paths,,10,surviving vector geometry is source-backed but insufficient for automatic classification,candidate_vector_region_unclassified,"{""curve_count"":0,""drawing_count"":1,""fill_count"":1,""geometry_fingerprint"":""5840fb96dd20675c86609edbddb6d1605edc3b93d62acdd525d9a6286c90c160"",""line_count"":0,""rect_count"":1,""stroke_count"":0}",ibc2018:vector-region:c7e44edb205fe88f6a37f3ec,0.0,,vector_graphic_region_detection,disputed,unknown,"{""appendix"":null,""bbox"":[579.1,77.95,583.15,392.95],""chapter"":""10"",""line_id"":null,""observed_text_sha256"":""93c3b42bdf9102125b2f9a000554895ee719ecb16f6e2f63c6bdaa21ef1eb565"",""pdf_page"":324,""printed_page"":""297""}"
,pdf_vector_paths,,10,surviving vector geometry is source-backed but insufficient for automatic classification,candidate_vector_region_unclassified,"{""curve_count"":0,""drawing_count"":1,""fill_count"":1,""geometry_fingerprint"":""2a171200c523b03f8b1d2e78f30b4fd0aecc3e46a75f5a35af08d7234a90fdda"",""line_count"":0,""rect_count"":1,""stroke_count"":0}",ibc2018:vector-region:56bcd5ac68f890c0728c24ed,0.0,,vector_graphic_region_detection,disputed,unknown,"{""appendix"":null,""bbox"":[48.7,321.35,52.75,510.1],""chapter"":""10"",""line_id"":null,""observed_text_sha256"":""a07d825d4d4deccde7fce07ef3a14f9ccbb6770e5da670bf03d5f4bcb365b824"",""pdf_page"":326,""printed_page"":""299""}"
,pdf_vector_paths,,10,dense rectangle-only geometry is more consistent with table or background construction,candidate_tabular_or_background_geometry,"{""curve_count"":0,""drawing_count"":18,""fill_count"":18,""geometry_fingerprint"":""a90497a938e0a2a0f3bee6cbac3f83b42e0af3c9567c4cfbc9bfaf739289d4d8"",""line_count"":0,""rect_count"":18,""stroke_count"":0}",ibc2018:vector-region:186134951e363ef1ca151753,0.0,,vector_graphic_region_detection,disputed,unknown,"{""appendix"":null,""bbox"":[39.35,586.65,554.0,732.1],""chapter"":""10"",""line_id"":null,""observed_text_sha256"":""721b86b7a0f60e55869903b8ed7f7c1add73d8641b1217ccba5b43b2aa0465ab"",""pdf_page"":327,""printed_page"":""300""}"
,pdf_vector_paths,,10,surviving vector geometry is source-backed but insufficient for automatic classification,candidate_vector_region_unclassified,"{""curve_count"":0,""drawing_count"":1,""fill_count"":1,""geometry_fingerprint"":""a68033a29083fd2163750ec753fadc47b20acdacf449a19324c26a3f9ab05c11"",""line_count"":0,""rect_count"":1,""stroke_count"":0}",ibc2018:vector-region:e0c35843daa744ff107c05a2,0.0,,vector_graphic_region_detection,disputed,unknown,"{""appendix"":null,""bbox"":[559.15,280.9,563.25,476.35],""chapter"":""10"",""line_id"":null,""observed_text_sha256"":""213beb24c44149026b822937fe2ae0721283e386658ff29b87f833c726f68c0f"",""pdf_page"":329,""printed_page"":""302""}"
,pdf_vector_paths,,11,surviving vector geometry is source-backed but insufficient for automatic classification,candidate_vector_region_unclassified,"{""curve_count"":0,""drawing_count"":1,""fill_count"":1,""geometry_fingerprint"":""fba21b216477e2a6469fdfc705d1d6f3820fc9a7477731b12e807c18df2a1a16"",""line_count"":0,""rect_count"":1,""stroke_count"":0}",ibc2018:vector-region:39bc5b73a24d01480a0a3a06,0.0,,vector_graphic_region_detection,disputed,unknown,"{""appendix"":null,""bbox"":[59.95,143.15,571.9,144.1],""chapter"":""11"",""line_id"":null,""observed_text_sha256"":""0aa3f26ae2bee15bf76b0142ea69777a8e2a08b329a14a4d6ea7ec3de76c9e3f"",""pdf_page"":332,""printed_page"":""305""}"
,pdf_vector_paths,,11,surviving vector geometry is source-backed but insufficient for automatic classification,candidate_vector_region_unclassified,"{""curve_count"":0,""drawing_count"":2,""fill_count"":2,""geometry_fingerprint"":""b204871933472c81a0ba23015e38ba3e3ad19721891774211401ec83afec6c24"",""line_count"":0,""rect_count"":2,""stroke_count"":0}",ibc2018:vector-region:f5a14f30a4bdd76b2526ff62,0.0,,vector_graphic_region_detection,disputed,unknown,"{""appendix"":null,""bbox"":[59.95,296.75,571.9,300.7],""chapter"":""11"",""line_id"":null,""observed_text_sha256"":""aea3a35517a9395ed7c915abc1ac70cca12abc83fda9809b6bba218f593ece95"",""pdf_page"":332,""printed_page"":""305""}"
,pdf_vector_paths,,11,dense rectangle-only geometry is more consistent with table or background construction,candidate_tabular_or_background_geometry,"{""curve_count"":0,""drawing_count"":16,""fill_count"":16,""geometry_fingerprint"":""b34ab883c7453828e83edd008df52dac91744158fe44f2e723833a1e13a1946f"",""line_count"":0,""rect_count"":16,""stroke_count"":0}",ibc2018:vector-region:c142e6c3cbc42e2b07e71146,0.0,,vector_graphic_region_detection,disputed,unknown,"{""appendix"":null,""bbox"":[39.7,114.95,287.95,319.4],""chapter"":""11"",""line_id"":null,""observed_text_sha256"":""0c0789d94a375551d3da229fa1569a5e55cead5341be75b4dd3fd9cd47d448c4"",""pdf_page"":335,""printed_page"":""308""}"
,pdf_vector_paths,,11,dense rectangle-only geometry is more consistent with table or background construction,candidate_tabular_or_background_geometry,"{""curve_count"":0,""drawing_count"":18,""fill_count"":18,""geometry_fingerprint"":""3992e6837011fce8cbd10c8f7408fcbe634d05df4a94e58648e8968a057d25ad"",""line_count"":0,""rect_count"":18,""stroke_count"":0}",ibc2018:vector-region:a49fdfe51ff015aecca1a128,0.0,,vector_graphic_region_detection,disputed,unknown,"{""appendix"":null,""bbox"":[38.75,550.15,551.85,742.65],""chapter"":""11"",""line_id"":null,""observed_text_sha256"":""2404ac673e8b351e193ed4e3180d2681f934371cb9c015f56f16f4bb3cf13fef"",""pdf_page"":337,""printed_page"":""310""}"
,pdf_vector_paths,,11,dense rectangle-only geometry is more consistent with table or background construction,candidate_tabular_or_background_geometry,"{""curve_count"":0,""drawing_count"":12,""fill_count"":12,""geometry_fingerprint"":""a4a34eca84f4bf713243d5a9f2b2e4ca5e8e33b8950dea8d441c90aa0107b1c4"",""line_count"":0,""rect_count"":12,""stroke_count"":0}",ibc2018:vector-region:24ebbfd9ed356351625fae5c,0.0,,vector_graphic_region_detection,disputed,unknown,"{""appendix"":null,""bbox"":[305.75,539.5,552.45,686.0],""chapter"":""11"",""line_id"":null,""observed_text_sha256"":""878dc61114519a83b965fee22c2eb4845a2a49b127ab6f1c0019607354950d4d"",""pdf_page"":339,""printed_page"":""312""}"
,pdf_vector_paths,,11,dense rectangle-only geometry is more consistent with table or background construction,candidate_tabular_or_background_geometry,"{""curve_count"":0,""drawing_count"":12,""fill_count"":12,""geometry_fingerprint"":""982b23e3fa17a3b474a6f7494a23394b754c6bc530476d3f1b6f0b1f6fbe2623"",""line_count"":0,""rect_count"":12,""stroke_count"":0}",ibc2018:vector-region:91c6f2abb097c75efed9d044,0.0,,vector_graphic_region_detection,disputed,unknown,"{""appendix"":null,""bbox"":[59.75,623.85,572.25,728.25],""chapter"":""11"",""line_id"":null,""observed_text_sha256"":""a649aeaaaf9b5a51cc4cf1fbe6d14a2119bdc65999e6502ac4d47079ef75021e"",""pdf_page"":340,""printed_page"":""313""}"
,pdf_vector_paths,,11,surviving vector geometry is source-backed but insufficient for automatic classification,candidate_vector_region_unclassified,"{""curve_count"":0,""drawing_count"":7,""fill_count"":7,""geometry_fingerprint"":""82ad2bca6d2e1233f7d19687dd6c74762234b90440b9900669482bf8f6222964"",""line_count"":0,""rect_count"":7,""stroke_count"":0}",ibc2018:vector-region:0bc378bc5bf2194fbbdd1c9c,0.0,,vector_graphic_region_detection,disputed,unknown,"{""appendix"":null,""bbox"":[39.7,267.55,286.3,319.05],""chapter"":""11"",""line_id"":null,""observed_text_sha256"":""ff755c9d9d716c39a7fca7a51cd1e97cc1c9600e470cdd884547823e421a6152"",""pdf_page"":341,""printed_page"":""314""}"
,pdf_vector_paths,,11,dense rectangle-only geometry is more consistent with table or background construction,candidate_tabular_or_background_geometry,"{""curve_count"":0,""drawing_count"":9,""fill_count"":9,""geometry_fingerprint"":""6b294940e5346704ef9369c37c0c31ad8ab22992cdd51d614b1ae388038b737f"",""line_count"":0,""rect_count"":9,""stroke_count"":0}",ibc2018:vector-region:880c8a4416349143511727a9,0.0,,vector_graphic_region_detection,disputed,unknown,"{""appendix"":null,""bbox"":[59.75,328.65,306.95,413.25],""chapter"":""11"",""line_id"":null,""observed_text_sha256"":""ad84568dd3e1cebf6bd55bf1ae5466b120c6e4137d1c655e8469742e4bb9b63b"",""pdf_page"":344,""printed_page"":""317""}"
,pdf_vector_paths,,11,dense rectangle-only geometry is more consistent with table or background construction,candidate_tabular_or_background_geometry,"{""curve_count"":0,""drawing_count"":18,""fill_count"":18,""geometry_fingerprint"":""0dfb77237011cd69b9166a8928e25ef7ff63d60239a8859bf30efb5ef1d710af"",""line_count"":0,""rect_count"":18,""stroke_count"":0}",ibc2018:vector-region:2f3d644f0295f727e1b9c4d4,0.0,,vector_graphic_region_detection,disputed,unknown,"{""appendix"":null,""bbox"":[40.4,546.2,552.7,740.6],""chapter"":""11"",""line_id"":null,""observed_text_sha256"":""ce636edc77d14e4a8bbac065a490b54cd2abcc729572b02a74ba620268a2087e"",""pdf_page"":345,""printed_page"":""318""}"
,pdf_vector_paths,,12,surviving vector geometry is source-backed but insufficient for automatic classification,candidate_vector_region_unclassified,"{""curve_count"":0,""drawing_count"":1,""fill_count"":1,""geometry_fingerprint"":""21a4f92b8bf1a676901877332f76e7f5a26abfe0c6a988559c741c0b48efde1e"",""line_count"":0,""rect_count"":1,""stroke_count"":0}",ibc2018:vector-region:d5cf0b10740fd21440ea46ad,0.0,,vector_graphic_region_detection,disputed,unknown,"{""appendix"":null,""bbox"":[59.95,139.15,571.9,140.15],""chapter"":""12"",""line_id"":null,""observed_text_sha256"":""3df5e320c4dd5e147c01d3ea327b100c44181243906451b9610ce1e0a05a7221"",""pdf_page"":348,""printed_page"":""321""}"
,pdf_vector_paths,,12,surviving vector geometry is source-backed but insufficient for automatic classification,candidate_vector_region_unclassified,"{""curve_count"":0,""drawing_count"":2,""fill_count"":2,""geometry_fingerprint"":""68a24c7afbe245dc230543d2dab60942b98d11e66e833c718ee933d431c463aa"",""line_count"":0,""rect_count"":2,""stroke_count"":0}",ibc2018:vector-region:c14eaab91702aa30355493a3,0.0,,vector_graphic_region_detection,disputed,unknown,"{""appendix"":null,""bbox"":[59.95,188.75,571.9,192.7],""chapter"":""12"",""line_id"":null,""observed_text_sha256"":""4c30de1f5b29de99137fdb80e17d99fa99587215cb4203030b2a7e52437092ac"",""pdf_page"":348,""printed_page"":""321""}"
,pdf_vector_paths,,12,dense rectangle-only geometry is more consistent with table or background construction,candidate_tabular_or_background_geometry,"{""curve_count"":0,""drawing_count"":13,""fill_count"":13,""geometry_fingerprint"":""550dc74c3ee72ef99b8223c4874b8ff94c99c8442bea97b913d96c098cb1554c"",""line_count"":0,""rect_count"":13,""stroke_count"":0}",ibc2018:vector-region:ca606645ef150ae55e9047db,0.0,,vector_graphic_region_detection,disputed,unknown,"{""appendix"":null,""bbox"":[39.35,599.25,552.2,723.8],""chapter"":""12"",""line_id"":null,""observed_text_sha256"":""53d9f3e8bc025d7d8e91fb480d3a8b9a4151fc02f5f13b44bf911eb683e0d345"",""pdf_page"":349,""printed_page"":""322""}"
,pdf_vector_paths,,12,surviving vector geometry is source-backed but insufficient for automatic classification,candidate_vector_region_unclassified,"{""curve_count"":0,""drawing_count"":1,""fill_count"":1,""geometry_fingerprint"":""8f9735931ce91711ba3f2a862aac836e2e65efa810f325501449c4c56b242c16"",""line_count"":0,""rect_count"":1,""stroke_count"":0}",ibc2018:vector-region:bfd4318877b687cc6ae6064f,0.0,,vector_graphic_region_detection,disputed,unknown,"{""appendix"":null,""bbox"":[48.7,77.95,52.75,490.15],""chapter"":""12"",""line_id"":null,""observed_text_sha256"":""a96b92e355f671c78afa4b0384bb7ace13daa04f35133e47551c01107cf1489a"",""pdf_page"":350,""printed_page"":""323""}"
,pdf_vector_paths,,13,surviving vector geometry is source-backed but insufficient for automatic classification,candidate_vector_region_unclassified,"{""curve_count"":0,""drawing_count"":1,""fill_count"":1,""geometry_fingerprint"":""fba21b216477e2a6469fdfc705d1d6f3820fc9a7477731b12e807c18df2a1a16"",""line_count"":0,""rect_count"":1,""stroke_count"":0}",ibc2018:vector-region:2c2951ccd30ea9b8b5f9b3df,0.0,,vector_graphic_region_detection,disputed,unknown,"{""appendix"":null,""bbox"":[59.95,143.15,571.9,144.1],""chapter"":""13"",""line_id"":null,""observed_text_sha256"":""0aa3f26ae2bee15bf76b0142ea69777a8e2a08b329a14a4d6ea7ec3de76c9e3f"",""pdf_page"":354,""printed_page"":""327""}"
,pdf_vector_paths,,13,surviving vector geometry is source-backed but insufficient for automatic classification,candidate_vector_region_unclassified,"{""curve_count"":0,""drawing_count"":2,""fill_count"":2,""geometry_fingerprint"":""bcc49378e2e34ba17963ad92a9fc8456358f7dc1b26299bc6630bb4f5a50d42a"",""line_count"":0,""rect_count"":2,""stroke_count"":0}",ibc2018:vector-region:616a68839808546b1d6748a9,0.0,,vector_graphic_region_detection,disputed,unknown,"{""appendix"":null,""bbox"":[59.95,216.7,571.9,220.65],""chapter"":""13"",""line_id"":null,""observed_text_sha256"":""5511e12bea48ae30411b1cc86d6280dc21580036668a73341816ae3ead049406"",""pdf_page"":354,""printed_page"":""327""}"
,pdf_vector_paths,,14,surviving vector geometry is source-backed but insufficient for automatic classification,candidate_vector_region_unclassified,"{""curve_count"":0,""drawing_count"":1,""fill_count"":1,""geometry_fingerprint"":""21a4f92b8bf1a676901877332f76e7f5a26abfe0c6a988559c741c0b48efde1e"",""line_count"":0,""rect_count"":1,""stroke_count"":0}",ibc2018:vector-region:e4c7e299354729a0279f8bed,0.0,,vector_graphic_region_detection,disputed,unknown,"{""appendix"":null,""bbox"":[59.95,139.15,571.9,140.15],""chapter"":""14"",""line_id"":null,""observed_text_sha256"":""3df5e320c4dd5e147c01d3ea327b100c44181243906451b9610ce1e0a05a7221"",""pdf_page"":356,""printed_page"":""329""}"
,pdf_vector_paths,,14,surviving vector geometry is source-backed but insufficient for automatic classification,candidate_vector_region_unclassified,"{""curve_count"":0,""drawing_count"":2,""fill_count"":2,""geometry_fingerprint"":""b42a287148e9dd3ab17b9a606abc4cc18da2c66fcbfd9664fdf762e1fa637fe5"",""line_count"":0,""rect_count"":2,""stroke_count"":0}",ibc2018:vector-region:bc51e2f88755fc49c715f8b6,0.0,,vector_graphic_region_detection,disputed,unknown,"{""appendix"":null,""bbox"":[59.95,222.7,571.9,226.65],""chapter"":""14"",""line_id"":null,""observed_text_sha256"":""0ea698b689c8ecced972f4463975e1ec6203a60d31ab5761fc993e7f60b07224"",""pdf_page"":356,""printed_page"":""329""}"
,pdf_vector_paths,,14,dense rectangle-only geometry is more consistent with table or background construction,candidate_tabular_or_background_geometry,"{""curve_count"":0,""drawing_count"":34,""fill_count"":34,""geometry_fingerprint"":""83fafc0cce2a17ec3e1dd4477716ef1e24c78341e568aa76dfa095d1b9263dae"",""line_count"":0,""rect_count"":34,""stroke_count"":0}",ibc2018:vector-region:a024c5cd3768a84ba43c8b49,0.0,,vector_graphic_region_detection,disputed,unknown,"{""appendix"":null,""bbox"":[58.75,97.4,306.2,651.95],""chapter"":""14"",""line_id"":null,""observed_text_sha256"":""62ac7036e00f6cae4b69c462b11ebd9993a7ef419c673d825ee052199933b989"",""pdf_page"":358,""printed_page"":""331""}"
,pdf_vector_paths,,14,dense rectangle-only geometry is more consistent with table or background construction,candidate_tabular_or_background_geometry,"{""curve_count"":0,""drawing_count"":9,""fill_count"":9,""geometry_fingerprint"":""32e0f2f535852966201f68309e3853c41bb73aface20dfd31a0cf6426a0728e7"",""line_count"":0,""rect_count"":9,""stroke_count"":0}",ibc2018:vector-region:f74c89723a43ae1fb441c9ee,0.0,,vector_graphic_region_detection,disputed,unknown,"{""appendix"":null,""bbox"":[325.65,437.35,572.25,682.4],""chapter"":""14"",""line_id"":null,""observed_text_sha256"":""ae9494008b0ae831f7619fd166af8c45a6529ac0edb3b99f9c1e27f110439b4f"",""pdf_page"":358,""printed_page"":""331""}"
,pdf_vector_paths,,14,dense rectangle-only geometry is more consistent with table or background construction,candidate_tabular_or_background_geometry,"{""curve_count"":0,""drawing_count"":19,""fill_count"":19,""geometry_fingerprint"":""32f8e9c17efaa89f8f2085f8d3e6a177a1a6d9e8511b156badaa08aaa51c07b9"",""line_count"":0,""rect_count"":19,""stroke_count"":0}",ibc2018:vector-region:46f5311d014b7cf2c554e913,0.0,,vector_graphic_region_detection,disputed,unknown,"{""appendix"":null,""bbox"":[305.75,344.5,552.7,535.05],""chapter"":""14"",""line_id"":null,""observed_text_sha256"":""3326063f5957661376a04425a485221a66a8b5c8c70c818d2df920f08eaeb392"",""pdf_page"":363,""printed_page"":""336""}"
,pdf_vector_paths,,14,dense rectangle-only geometry is more consistent with table or background construction,candidate_tabular_or_background_geometry,"{""curve_count"":0,""drawing_count"":17,""fill_count"":17,""geometry_fingerprint"":""74f3ff4a734a6c5369c5cd3fa0137466c153d0cc873451523eb981dba589de85"",""line_count"":0,""rect_count"":17,""stroke_count"":0}",ibc2018:vector-region:2da6c7fb9511fbe9ce543b67,0.0,,vector_graphic_region_detection,disputed,unknown,"{""appendix"":null,""bbox"":[38.85,569.75,552.55,721.05],""chapter"":""14"",""line_id"":null,""observed_text_sha256"":""afc58d97a01c9c53367ae0fe20d25e4f2d72bef2626097bcb5573051df60fd09"",""pdf_page"":365,""printed_page"":""338""}"
,pdf_vector_paths,,15,surviving vector geometry is source-backed but insufficient for automatic classification,candidate_vector_region_unclassified,"{""curve_count"":0,""drawing_count"":1,""fill_count"":1,""geometry_fingerprint"":""fba21b216477e2a6469fdfc705d1d6f3820fc9a7477731b12e807c18df2a1a16"",""line_count"":0,""rect_count"":1,""stroke_count"":0}",ibc2018:vector-region:32a5bfdd7d0d99218bf300c4,0.0,,vector_graphic_region_detection,disputed,unknown,"{""appendix"":null,""bbox"":[59.95,143.15,571.9,144.1],""chapter"":""15"",""line_id"":null,""observed_text_sha256"":""0aa3f26ae2bee15bf76b0142ea69777a8e2a08b329a14a4d6ea7ec3de76c9e3f"",""pdf_page"":368,""printed_page"":""341""}"
,pdf_vector_paths,,15,surviving vector geometry is source-backed but insufficient for automatic classification,candidate_vector_region_unclassified,"{""curve_count"":0,""drawing_count"":2,""fill_count"":2,""geometry_fingerprint"":""3868a24cfd75f088a6951e78c474d022a2fe84957bd2dda88170108138b662cc"",""line_count"":0,""rect_count"":2,""stroke_count"":0}",ibc2018:vector-region:867a27b844c29f8cce3c140c,0.0,,vector_graphic_region_detection,disputed,unknown,"{""appendix"":null,""bbox"":[59.95,246.7,571.9,250.65],""chapter"":""15"",""line_id"":null,""observed_text_sha256"":""3999fc31d010a9a84a8be021ebe9b7a9542bb304c58544937f8175623d3b7b87"",""pdf_page"":368,""printed_page"":""341""}"
,pdf_vector_paths,,15,dense rectangle-only geometry is more consistent with table or background construction,candidate_tabular_or_background_geometry,"{""curve_count"":0,""drawing_count"":15,""fill_count"":15,""geometry_fingerprint"":""71851e73b86e0711d56af7056c632c30399a0216f94b63bed5e107a354aec0d6"",""line_count"":0,""rect_count"":15,""stroke_count"":0}",ibc2018:vector-region:303ad6a92bfed70d86d5a594,0.0,,vector_graphic_region_detection,disputed,unknown,"{""appendix"":null,""bbox"":[39.45,579.8,553.05,712.3],""chapter"":""15"",""line_id"":null,""observed_text_sha256"":""fbe4cf32395eb460934400938dbc24ed88acd3e4dba3ef3c836d2bb03711b098"",""pdf_page"":369,""printed_page"":""342""}"
,pdf_vector_paths,,15,surviving vector geometry is source-backed but insufficient for automatic classification,candidate_vector_region_unclassified,"{""curve_count"":0,""drawing_count"":1,""fill_count"":1,""geometry_fingerprint"":""66642963112fb4e516e357e94d4a9c93cafed4ea56ae24e80911b289cf532516"",""line_count"":0,""rect_count"":1,""stroke_count"":0}",ibc2018:vector-region:675db2e8bc3d985797b981dc,0.0,,vector_graphic_region_detection,disputed,unknown,"{""appendix"":null,""bbox"":[559.15,334.75,563.25,432.8],""chapter"":""15"",""line_id"":null,""observed_text_sha256"":""d1e8f054d9e3a70e9c5c4a998f439d5ec97c2c9d9a7564076f5f0db594f32fe4"",""pdf_page"":369,""printed_page"":""342""}"
,pdf_vector_paths,,15,dense rectangle-only geometry is more consistent with table or background construction,candidate_tabular_or_background_geometry,"{""curve_count"":0,""drawing_count"":18,""fill_count"":18,""geometry_fingerprint"":""a4a1fc07b227447b1c368ef4abbd841b9cb7e29004f1d0d69ce3959e8aafaa60"",""line_count"":0,""rect_count"":18,""stroke_count"":0}",ibc2018:vector-region:b151ef908ff5efb8c94199d4,0.0,,vector_graphic_region_detection,disputed,unknown,"{""appendix"":null,""bbox"":[59.75,445.65,305.75,622.4],""chapter"":""15"",""line_id"":null,""observed_text_sha256"":""0dc9c3fb956fefee793371421525ec99f63f10759855f48350b251e745edefd0"",""pdf_page"":370,""printed_page"":""343""}"
,pdf_vector_paths,,15,surviving vector geometry is source-backed but insufficient for automatic classification,candidate_vector_region_unclassified,"{""curve_count"":0,""drawing_count"":13,""fill_count"":13,""geometry_fingerprint"":""4005f19cb4313284dd534113076000907c0838e2e8ba0490a5af41ab8463d2c9"",""line_count"":0,""rect_count"":13,""stroke_count"":0}",ibc2018:vector-region:02697fa165e29832ebcf0a91,0.0,,vector_graphic_region_detection,disputed,unknown,"{""appendix"":null,""bbox"":[325.65,523.65,573.7,563.25],""chapter"":""15"",""line_id"":null,""observed_text_sha256"":""f0a3039fd0a0c09ab701e2e0298506f8344e64cf1fa21d2f4e4708554d7af89b"",""pdf_page"":370,""printed_page"":""343""}"
,pdf_vector_paths,,15,surviving vector geometry is source-backed but insufficient for automatic classification,candidate_vector_region_unclassified,"{""curve_count"":0,""drawing_count"":1,""fill_count"":1,""geometry_fingerprint"":""d06d43c29e779fcb507fab8a5fec7fac4a1d1981c9132311e8dd13f63f1934d2"",""line_count"":0,""rect_count"":1,""stroke_count"":0}",ibc2018:vector-region:05f08aaac61ff2ff6f9a805d,0.0,,vector_graphic_region_detection,disputed,unknown,"{""appendix"":null,""bbox"":[559.15,239.85,563.25,738.2],""chapter"":""15"",""line_id"":null,""observed_text_sha256"":""7cd2d65956935a7f299810c654857f24c1ba1c972a11bc83d414fd15d132d6cb"",""pdf_page"":371,""printed_page"":""344""}"
,pdf_vector_paths,,15,surviving vector geometry is source-backed but insufficient for automatic classification,candidate_vector_region_unclassified,"{""curve_count"":0,""drawing_count"":1,""fill_count"":1,""geometry_fingerprint"":""f4829c12c9bcfabd7d991f68028f3821fa1d2962747098300c39c2a0cc5b49f9"",""line_count"":0,""rect_count"":1,""stroke_count"":0}",ibc2018:vector-region:3448a3a5e919782e65b26688,0.0,,vector_graphic_region_detection,disputed,unknown,"{""appendix"":null,""bbox"":[48.7,77.95,52.75,426.55],""chapter"":""15"",""line_id"":null,""observed_text_sha256"":""5e3a0ca46910e0169184578587c23df9b592c023bb2945be04179c1f6bd488e3"",""pdf_page"":372,""printed_page"":""345""}"
,pdf_vector_paths,,15,dense rectangle-only geometry is more consistent with table or background construction,candidate_tabular_or_background_geometry,"{""curve_count"":0,""drawing_count"":17,""fill_count"":17,""geometry_fingerprint"":""dfc0848c7530ee30117155bb443fe9ee5ad48c6bf875091e8c145d2626d5c68a"",""line_count"":0,""rect_count"":17,""stroke_count"":0}",ibc2018:vector-region:4409b30630ab2e532d5553dd,0.0,,vector_graphic_region_detection,disputed,unknown,"{""appendix"":null,""bbox"":[59.0,443.75,583.9,750.8],""chapter"":""15"",""line_id"":null,""observed_text_sha256"":""a61d5ab5c7d47ed59c9eb5a04249d1845ccb92251d7611f4f9d22c23bdf1fed3"",""pdf_page"":372,""printed_page"":""345""}"
,pdf_vector_paths,,15,dense rectangle-only geometry is more consistent with table or background construction,candidate_tabular_or_background_geometry,"{""curve_count"":0,""drawing_count"":17,""fill_count"":17,""geometry_fingerprint"":""e47fdb42aed43ccc564124df0416eac8420675c36af56b42d6ed13f76b3ace2e"",""line_count"":0,""rect_count"":17,""stroke_count"":0}",ibc2018:vector-region:de9c4d4bab0e779011d5d135,0.0,,vector_graphic_region_detection,disputed,unknown,"{""appendix"":null,""bbox"":[29.15,77.75,552.45,675.1],""chapter"":""15"",""line_id"":null,""observed_text_sha256"":""6ba9307e3bad0a73567d61befb9a96f9ffaee256f42b307d86fa69c6b096971e"",""pdf_page"":373,""printed_page"":""346""}"
,pdf_vector_paths,,15,dense rectangle-only geometry is more consistent with table or background construction,candidate_tabular_or_background_geometry,"{""curve_count"":0,""drawing_count"":17,""fill_count"":17,""geometry_fingerprint"":""5e852a98f5f1882765b1a605b40b84853a4aed11cdbf594025e92e54644b9f36"",""line_count"":0,""rect_count"":17,""stroke_count"":0}",ibc2018:vector-region:4c3b243d39ed0ae309f342d7,0.0,,vector_graphic_region_detection,disputed,unknown,"{""appendix"":null,""bbox"":[58.75,77.75,583.05,375.8],""chapter"":""15"",""line_id"":null,""observed_text_sha256"":""1d91873eda20f9c2dac1abcde96e682d77adceb1487a36406050b7bb45fa1a7a"",""pdf_page"":374,""printed_page"":""347""}"
,pdf_vector_paths,,15,dense rectangle-only geometry is more consistent with table or background construction,candidate_tabular_or_background_geometry,"{""curve_count"":0,""drawing_count"":18,""fill_count"":18,""geometry_fingerprint"":""e76ab3db9d87b39bb43f40a0f6635e631f68cf22fa8af67ced89fa52fdace4d7"",""line_count"":0,""rect_count"":18,""stroke_count"":0}",ibc2018:vector-region:2b6b98b8c1db35ba9259a316,0.0,,vector_graphic_region_detection,disputed,unknown,"{""appendix"":null,""bbox"":[39.2,581.5,552.45,730.05],""chapter"":""15"",""line_id"":null,""observed_text_sha256"":""8f0125e3bff7e0d7fb5c1be8047551febbeb8853a1b9b637e2ef4ea0a9ece8af"",""pdf_page"":375,""printed_page"":""348""}"
,pdf_vector_paths,,15,dense rectangle-only geometry is more consistent with table or background construction,candidate_tabular_or_background_geometry,"{""curve_count"":0,""drawing_count"":39,""fill_count"":39,""geometry_fingerprint"":""894ea6850b66183876aa4414d1e400fb2fdf3c89c578ee8c66a8ffed8c920730"",""line_count"":0,""rect_count"":39,""stroke_count"":0}",ibc2018:vector-region:270962d8413e336f673d10bf,0.0,,vector_graphic_region_detection,disputed,unknown,"{""appendix"":null,""bbox"":[64.15,90.35,577.05,644.0],""chapter"":""15"",""line_id"":null,""observed_text_sha256"":""386c0c9d3c9a23ef13dbd1f770e2baa0c2388caaf929f8c3c71318fec7d31e49"",""pdf_page"":376,""printed_page"":""349""}"
,pdf_vector_paths,,15,dense rectangle-only geometry is more consistent with table or background construction,candidate_tabular_or_background_geometry,"{""curve_count"":0,""drawing_count"":18,""fill_count"":18,""geometry_fingerprint"":""5feef349c8a8fc5ec8cb4f173ec14b2ad20b9848d2002fed2dfdc2ac7e5ad28d"",""line_count"":0,""rect_count"":18,""stroke_count"":0}",ibc2018:vector-region:e8013c7fab6091d656735285,0.0,,vector_graphic_region_detection,disputed,unknown,"{""appendix"":null,""bbox"":[38.95,211.65,286.9,552.1],""chapter"":""15"",""line_id"":null,""observed_text_sha256"":""fefeee5080f06f696489768e54d22189ca41d4f0eae90479c386b3576aeb3b5b"",""pdf_page"":377,""printed_page"":""350""}"
,pdf_vector_paths,,15,dense rectangle-only geometry is more consistent with table or background construction,candidate_tabular_or_background_geometry,"{""curve_count"":0,""drawing_count"":9,""fill_count"":9,""geometry_fingerprint"":""8f0d2b72d3c62d340564b1715ed070abee2804857858f031d6dc6b8dae71f32e"",""line_count"":0,""rect_count"":9,""stroke_count"":0}",ibc2018:vector-region:597e78b6191eb5c97f436457,0.0,,vector_graphic_region_detection,disputed,unknown,"{""appendix"":null,""bbox"":[38.95,632.6,286.9,711.95],""chapter"":""15"",""line_id"":null,""observed_text_sha256"":""7b04befb62daef0ccbc750840f4c247cc5db51a6a16297d21190a778106fc1b3"",""pdf_page"":377,""printed_page"":""350""}"
,pdf_vector_paths,,15,surviving vector geometry is source-backed but insufficient for automatic classification,candidate_vector_region_unclassified,"{""curve_count"":0,""drawing_count"":8,""fill_count"":8,""geometry_fingerprint"":""5aa5094ffe45b3aab94723759a32c241a0d583febbdbe2a981f51164642dfaf8"",""line_count"":0,""rect_count"":8,""stroke_count"":0}",ibc2018:vector-region:a1e9f91787b90ee2293966f1,0.0,,vector_graphic_region_detection,disputed,unknown,"{""appendix"":null,""bbox"":[59.75,431.85,305.85,486.35],""chapter"":""15"",""line_id"":null,""observed_text_sha256"":""7559c5b184900fff5dddde2986d8b23845a8588e34186b8467a960c7b67efe88"",""pdf_page"":378,""printed_page"":""351""}"
,pdf_vector_paths,,15,surviving vector geometry is source-backed but insufficient for automatic classification,candidate_vector_region_unclassified,"{""curve_count"":0,""drawing_count"":7,""fill_count"":7,""geometry_fingerprint"":""029064dbe9f69b32e90c5558aa0c8da3148fef985448598e40c363e9e7791cea"",""line_count"":0,""rect_count"":7,""stroke_count"":0}",ibc2018:vector-region:cfc3a85d40c6712c9e03d698,0.0,,vector_graphic_region_detection,disputed,unknown,"{""appendix"":null,""bbox"":[325.65,255.35,572.5,299.85],""chapter"":""15"",""line_id"":null,""observed_text_sha256"":""c33bfb9ee564ecdcb5bef1eaa5d9e3e4fa9aec0771aef15efe6ac1c13b833587"",""pdf_page"":378,""printed_page"":""351""}"
,pdf_vector_paths,,15,dense rectangle-only geometry is more consistent with table or background construction,candidate_tabular_or_background_geometry,"{""curve_count"":0,""drawing_count"":12,""fill_count"":12,""geometry_fingerprint"":""cc3dbbc1d8709a2005858210c34bbd497ba202b9640103776dfdaccecfcbf1dc"",""line_count"":0,""rect_count"":12,""stroke_count"":0}",ibc2018:vector-region:a8ee364d69638e6b6e4a4e27,0.0,,vector_graphic_region_detection,disputed,unknown,"{""appendix"":null,""bbox"":[325.65,475.9,572.95,615.95],""chapter"":""15"",""line_id"":null,""observed_text_sha256"":""a4d25530c845c9deb69721aca6235b71a1e3682b91c3e35bd12479980450b4b1"",""pdf_page"":378,""printed_page"":""351""}"
,pdf_vector_paths,,15,dense rectangle-only geometry is more consistent with table or background construction,candidate_tabular_or_background_geometry,"{""curve_count"":0,""drawing_count"":21,""fill_count"":21,""geometry_fingerprint"":""f50eced7cc7c9f10e58ab0d183a2d1921ac8e306480bc2fa3db622652f8f593f"",""line_count"":0,""rect_count"":21,""stroke_count"":0}",ibc2018:vector-region:6cb1e98a61b11c8f8e97b822,0.0,,vector_graphic_region_detection,disputed,unknown,"{""appendix"":null,""bbox"":[39.45,306.55,551.95,728.25],""chapter"":""15"",""line_id"":null,""observed_text_sha256"":""8e26af4fdb9d1f848530091142582d0ad83b20234524648045c69a5a260de8e3"",""pdf_page"":379,""printed_page"":""352""}"
,pdf_vector_paths,,15,dense rectangle-only geometry is more consistent with table or background construction,candidate_tabular_or_background_geometry,"{""curve_count"":0,""drawing_count"":12,""fill_count"":12,""geometry_fingerprint"":""248a18cad29ff52980a3f0d6ec35eb962dd99d5193b4ccfdb7e09fc96dbce09c"",""line_count"":0,""rect_count"":12,""stroke_count"":0}",ibc2018:vector-region:32173d7084f34fef46dfcfb5,0.0,,vector_graphic_region_detection,disputed,unknown,"{""appendix"":null,""bbox"":[59.6,569.95,572.6,710.5],""chapter"":""15"",""line_id"":null,""observed_text_sha256"":""be6fe7542275af897b212ad27d35b61f58b852fde3e1017f654ea388b1f768e1"",""pdf_page"":380,""printed_page"":""353""}"
,pdf_vector_paths,,15,dense rectangle-only geometry is more consistent with table or background construction,candidate_tabular_or_background_geometry,"{""curve_count"":0,""drawing_count"":11,""fill_count"":11,""geometry_fingerprint"":""3a14eaba7fb1e9b4d00b768c830528412789d155caaf76eb71a604db35b86c29"",""line_count"":0,""rect_count"":11,""stroke_count"":0}",ibc2018:vector-region:78c7c37935dda47f07d14b57,0.0,,vector_graphic_region_detection,disputed,unknown,"{""appendix"":null,""bbox"":[59.75,236.75,306.35,413.25],""chapter"":""15"",""line_id"":null,""observed_text_sha256"":""8f1c822c2ec31b0e8b66edc971f832a11356156a076484a737058e0136380f82"",""pdf_page"":380,""printed_page"":""353""}"
,pdf_vector_paths,,15,dense rectangle-only geometry is more consistent with table or background construction,candidate_tabular_or_background_geometry,"{""curve_count"":0,""drawing_count"":24,""fill_count"":24,""geometry_fingerprint"":""52710209785849e8575abf4392c233dfe982a76dbe0910f3d6c7e6ff17ac5c0d"",""line_count"":0,""rect_count"":24,""stroke_count"":0}",ibc2018:vector-region:ff24963ba640b3857a829aa8,0.0,,vector_graphic_region_detection,disputed,unknown,"{""appendix"":null,""bbox"":[39.7,301.15,286.9,651.8],""chapter"":""15"",""line_id"":null,""observed_text_sha256"":""5a7032431cbef2988662aa858c1c9a81e251a57f5d6721e7a0768d6d3b5ab75b"",""pdf_page"":381,""printed_page"":""354""}"
,pdf_vector_paths,,15,dense rectangle-only geometry is more consistent with table or background construction,candidate_tabular_or_background_geometry,"{""curve_count"":0,""drawing_count"":8,""fill_count"":8,""geometry_fingerprint"":""9bd9ca76eb37d5a6013c309a96259960dc5258307a9eebf78ad4f3981a8fb65a"",""line_count"":0,""rect_count"":8,""stroke_count"":0}",ibc2018:vector-region:6c68e0d33378aea862afe857,0.0,,vector_graphic_region_detection,disputed,unknown,"{""appendix"":null,""bbox"":[305.75,542.0,551.75,612.45],""chapter"":""15"",""line_id"":null,""observed_text_sha256"":""9b437dba16bd38109bf456b2c76c78d3e8f39aeb1cd399322cc57339c7df7d1f"",""pdf_page"":381,""printed_page"":""354""}"
,pdf_vector_paths,,15,surviving vector geometry is source-backed but insufficient for automatic classification,candidate_vector_region_unclassified,"{""curve_count"":0,""drawing_count"":1,""fill_count"":1,""geometry_fingerprint"":""84b673fd3f13b37a0748a08a0b6d757de963efc132e9d148dba0ce15442f046d"",""line_count"":0,""rect_count"":1,""stroke_count"":0}",ibc2018:vector-region:dbdd1e9708ba88af4c0e57ef,0.0,,vector_graphic_region_detection,disputed,unknown,"{""appendix"":null,""bbox"":[579.1,77.95,583.15,720.95],""chapter"":""15"",""line_id"":null,""observed_text_sha256"":""03294dd7a1687312cef0119d200fce3648e7b2e58f52140a83a0ee037111dfbe"",""pdf_page"":382,""printed_page"":""355""}"
,pdf_vector_paths,,15,dense rectangle-only geometry is more consistent with table or background construction,candidate_tabular_or_background_geometry,"{""curve_count"":0,""drawing_count"":15,""fill_count"":15,""geometry_fingerprint"":""a685889575404be083621f4f2577fefc472f6fa4f21d2ae4998f03c7bb792a8a"",""line_count"":0,""rect_count"":15,""stroke_count"":0}",ibc2018:vector-region:b0e65f32402bb16df25ff209,0.0,,vector_graphic_region_detection,disputed,unknown,"{""appendix"":null,""bbox"":[39.7,333.7,287.35,519.2],""chapter"":""15"",""line_id"":null,""observed_text_sha256"":""c79b2f7dc8051ca815e2c241ce7bc72b13936f21f7426dcf2e7713d85b14c9cd"",""pdf_page"":383,""printed_page"":""356""}"
,pdf_vector_paths,,16,surviving vector geometry is source-backed but insufficient for automatic classification,candidate_vector_region_unclassified,"{""curve_count"":0,""drawing_count"":1,""fill_count"":1,""geometry_fingerprint"":""fba21b216477e2a6469fdfc705d1d6f3820fc9a7477731b12e807c18df2a1a16"",""line_count"":0,""rect_count"":1,""stroke_count"":0}",ibc2018:vector-region:3e3cb51884d69731ed564a40,0.0,,vector_graphic_region_detection,disputed,unknown,"{""appendix"":null,""bbox"":[59.95,143.15,571.9,144.1],""chapter"":""16"",""line_id"":null,""observed_text_sha256"":""0aa3f26ae2bee15bf76b0142ea69777a8e2a08b329a14a4d6ea7ec3de76c9e3f"",""pdf_page"":388,""printed_page"":""361""}"
,pdf_vector_paths,,16,surviving vector geometry is source-backed but insufficient for automatic classification,candidate_vector_region_unclassified,"{""curve_count"":0,""drawing_count"":2,""fill_count"":2,""geometry_fingerprint"":""a05af2f9c1eaf0af7d695c1e3f92d60e3e5fb6148995c630ca417ad9ddbe2fc1"",""line_count"":0,""rect_count"":2,""stroke_count"":0}",ibc2018:vector-region:4fe5ffab4b5d931ccc49e1b2,0.0,,vector_graphic_region_detection,disputed,unknown,"{""appendix"":null,""bbox"":[59.95,236.75,571.9,240.7],""chapter"":""16"",""line_id"":null,""observed_text_sha256"":""fbc2cf03aef8092e14a44056a986dc9acb218de8ba0c264b71f2a806a3e3573e"",""pdf_page"":388,""printed_page"":""361""}"
,pdf_vector_paths,,16,dense rectangle-only geometry is more consistent with table or background construction,candidate_tabular_or_background_geometry,"{""curve_count"":0,""drawing_count"":13,""fill_count"":13,""geometry_fingerprint"":""ab5661d218262668904bb0b1575ff314ed61017225497c7738bb9d80d7a628d2"",""line_count"":0,""rect_count"":13,""stroke_count"":0}",ibc2018:vector-region:7c49f9a08d98f8388fe5e86c,0.0,,vector_graphic_region_detection,disputed,unknown,"{""appendix"":null,""bbox"":[59.5,95.85,572.0,287.25],""chapter"":""16"",""line_id"":null,""observed_text_sha256"":""cdd531171588711863d7992e090313e8f473ccf42f283d382128cc8c3f4b3ca9"",""pdf_page"":390,""printed_page"":""363""}"
,pdf_vector_paths,,16,dense rectangle-only geometry is more consistent with table or background construction,candidate_tabular_or_background_geometry,"{""curve_count"":0,""drawing_count"":9,""fill_count"":9,""geometry_fingerprint"":""cb0eaa11534a545e1ef01007fbcba88e7c02239d1175b0bc811f7baec62003d0"",""line_count"":0,""rect_count"":9,""stroke_count"":0}",ibc2018:vector-region:2be1e1941072bc76131cf5ef,0.0,,vector_graphic_region_detection,disputed,unknown,"{""appendix"":null,""bbox"":[39.35,283.75,553.75,698.75],""chapter"":""16"",""line_id"":null,""observed_text_sha256"":""f45f7686006a51e6a832103861a3febe4b93ab156463138dfa30eabc3cdf3d6a"",""pdf_page"":391,""printed_page"":""364""}"
,pdf_vector_paths,,16,surviving vector geometry is source-backed but insufficient for automatic classification,candidate_vector_region_unclassified,"{""curve_count"":0,""drawing_count"":1,""fill_count"":1,""geometry_fingerprint"":""a03e04b66f081a1ae37f967fac53ecd3543bfa8c58c08eee1730ac698708faca"",""line_count"":0,""rect_count"":1,""stroke_count"":0}",ibc2018:vector-region:fcf8ace881f4e4bc4cd762b1,0.0,,vector_graphic_region_detection,disputed,unknown,"{""appendix"":null,""bbox"":[579.1,231.1,583.15,346.9],""chapter"":""16"",""line_id"":null,""observed_text_sha256"":""900fcc25b6046ba3aa74f911cc4b312a6537df80acc406ddfa22dd97981c80a7"",""pdf_page"":392,""printed_page"":""365""}"
,pdf_vector_paths,,16,dense rectangle-only geometry is more consistent with table or background construction,candidate_tabular_or_background_geometry,"{""curve_count"":0,""drawing_count"":29,""fill_count"":29,""geometry_fingerprint"":""8e8c4b4c62e4bf9b6c5108c0f276af58887efaa110e98aa0079bd9f86dc5e3e3"",""line_count"":0,""rect_count"":29,""stroke_count"":0}",ibc2018:vector-region:8fdb75b2f6b12226f31ba45b,0.0,,vector_graphic_region_detection,disputed,unknown,"{""appendix"":null,""bbox"":[38.95,104.0,286.05,740.6],""chapter"":""16"",""line_id"":null,""observed_text_sha256"":""f00997d951f03e20bf24aba67018482280e524c9274373e8bb51172f407fbbb8"",""pdf_page"":395,""printed_page"":""368""}"
,pdf_vector_paths,,16,dense rectangle-only geometry is more consistent with table or background construction,candidate_tabular_or_background_geometry,"{""curve_count"":0,""drawing_count"":14,""fill_count"":14,""geometry_fingerprint"":""475a2702c1478cca593e7574210902f15ce3af2e9ff0223fd80b6bd84179fd65"",""line_count"":0,""rect_count"":14,""stroke_count"":0}",ibc2018:vector-region:6712f60305e0de81484838cc,0.0,,vector_graphic_region_detection,disputed,unknown,"{""appendix"":null,""bbox"":[305.85,103.9,553.55,724.15],""chapter"":""16"",""line_id"":null,""observed_text_sha256"":""7c6b677e85dbec02bbee75d8d54d4759e759028a9c41afe39f5723965f5dc8b3"",""pdf_page"":395,""printed_page"":""368""}"
,pdf_vector_paths,,16,dense rectangle-only geometry is more consistent with table or background construction,candidate_tabular_or_background_geometry,"{""curve_count"":0,""drawing_count"":12,""fill_count"":12,""geometry_fingerprint"":""19b2f55db6aab1d885e4c710754e8da07d79d4d960fd4bbd7b22c4919de52920"",""line_count"":0,""rect_count"":12,""stroke_count"":0}",ibc2018:vector-region:ea22b55f677d2c2f1cd0069a,0.0,,vector_graphic_region_detection,disputed,unknown,"{""appendix"":null,""bbox"":[58.9,104.5,306.7,269.6],""chapter"":""16"",""line_id"":null,""observed_text_sha256"":""92307b51e5d2fd9d4821ab640437148f77693149ea0ecaf39ddb4d3a2ff2505a"",""pdf_page"":396,""printed_page"":""369""}"
,pdf_vector_paths,,16,surviving vector geometry is source-backed but insufficient for automatic classification,candidate_vector_region_unclassified,"{""curve_count"":0,""drawing_count"":1,""fill_count"":1,""geometry_fingerprint"":""ea990f11c8c33e19ff5308e7767595f565bc5ef6272b6ad703793b4031353283"",""line_count"":5,""rect_count"":0,""stroke_count"":0}",ibc2018:vector-region:6a5dbd396863d6cc116f129e,0.0,,vector_graphic_region_detection,disputed,unknown,"{""appendix"":null,""bbox"":[143.75,230.95,169.3,231.45],""chapter"":""16"",""line_id"":null,""observed_text_sha256"":""6714143c4880e6721ba038e7502563e7b47e6a6cb4dd7961e5261bb50761b183"",""pdf_page"":398,""printed_page"":""371""}"
,pdf_vector_paths,,16,surviving vector geometry is source-backed but insufficient for automatic classification,candidate_vector_region_unclassified,"{""curve_count"":0,""drawing_count"":1,""fill_count"":1,""geometry_fingerprint"":""d75ecb5205181523d48a8f74ff02eb4f3ea9d9c050685464ac5263d7346364b0"",""line_count"":5,""rect_count"":0,""stroke_count"":0}",ibc2018:vector-region:25205661f8558e510480b146,0.0,,vector_graphic_region_detection,disputed,unknown,"{""appendix"":null,""bbox"":[179.6,265.55,205.15,266.0],""chapter"":""16"",""line_id"":null,""observed_text_sha256"":""1f98a53b0868b5c151cef15e97b7039f022f6f214d33923a4f0aebd3746ff58e"",""pdf_page"":398,""printed_page"":""371""}"
,pdf_vector_paths,,16,dense rectangle-only geometry is more consistent with table or background construction,candidate_tabular_or_background_geometry,"{""curve_count"":0,""drawing_count"":9,""fill_count"":9,""geometry_fingerprint"":""c6dc13c56a30945b0350ac99fb00f8a63a0d1decf3afd86995774bc07468345d"",""line_count"":0,""rect_count"":9,""stroke_count"":0}",ibc2018:vector-region:b3796a88b54c4492d563f4e5,0.0,,vector_graphic_region_detection,disputed,unknown,"{""appendix"":null,""bbox"":[325.65,121.65,573.45,280.15],""chapter"":""16"",""line_id"":null,""observed_text_sha256"":""19982893bad48ee1ae0a6d7b830c8feb2b5fd412dbb441fac18ebdd0ad0e2ad5"",""pdf_page"":398,""printed_page"":""371""}"
,pdf_vector_paths,,16,surviving vector geometry is source-backed but insufficient for automatic classification,candidate_vector_region_unclassified,"{""curve_count"":0,""drawing_count"":1,""fill_count"":1,""geometry_fingerprint"":""889857484ccf27fefd52771652b63e44a471fd559d81f1c896018615be18e4f8"",""line_count"":0,""rect_count"":1,""stroke_count"":0}",ibc2018:vector-region:7f3b102b7c8acca97c8cf316,0.0,,vector_graphic_region_detection,disputed,unknown,"{""appendix"":null,""bbox"":[48.7,313.65,52.75,414.8],""chapter"":""16"",""line_id"":null,""observed_text_sha256"":""747f5f542ebc76c5d23a95f99b6a41e80c5613bfb8cc54d3a61f1399ef24551a"",""pdf_page"":400,""printed_page"":""373""}"
,pdf_vector_paths,,16,dense rectangle-only geometry is more consistent with table or background construction,candidate_tabular_or_background_geometry,"{""curve_count"":0,""drawing_count"":22,""fill_count"":22,""geometry_fingerprint"":""9066309f32bdab6be7c86a53b6bb5fce0a92426f7880a4eda3b581a29c233d53"",""line_count"":0,""rect_count"":22,""stroke_count"":0}",ibc2018:vector-region:885c241aa9c1160751a18d20,0.0,,vector_graphic_region_detection,disputed,unknown,"{""appendix"":null,""bbox"":[39.45,587.75,552.95,738.2],""chapter"":""16"",""line_id"":null,""observed_text_sha256"":""844252f1521587eeb67878fd98ac713667881fb3acdf95f6b09e498b125d9bef"",""pdf_page"":401,""printed_page"":""374""}"
,pdf_vector_paths,,16,dense rectangle-only geometry is more consistent with table or background construction,candidate_tabular_or_background_geometry,"{""curve_count"":0,""drawing_count"":11,""fill_count"":11,""geometry_fingerprint"":""01db65685ffa9ef54b4611ecf59c2f35f6d180c4453dcbcf9d257f340375dc8b"",""line_count"":0,""rect_count"":11,""stroke_count"":0}",ibc2018:vector-region:17c95c4c50c5c53a36bfd480,0.0,,vector_graphic_region_detection,disputed,unknown,"{""appendix"":null,""bbox"":[59.25,587.15,574.05,676.55],""chapter"":""16"",""line_id"":null,""observed_text_sha256"":""22691606e7b07a6d6d565b776a585609ba156a2d17126f19374e91db6715062e"",""pdf_page"":402,""printed_page"":""375""}"
,pdf_vector_paths,,16,region overlaps or directly precedes a formally captioned figure,rejected_captioned_figure_region,"{""curve_count"":0,""drawing_count"":3,""fill_count"":3,""geometry_fingerprint"":""99fac5f44f37d1ecd38f7654ecef1053e8d6638a341e809522461747ae66ed2f"",""line_count"":0,""rect_count"":3,""stroke_count"":0}",ibc2018:vector-region:a360dc57468db8eaf90265a3,0.0,,vector_graphic_region_detection,rejected,unknown,"{""appendix"":null,""bbox"":[40.9,79.15,552.8,745.3],""chapter"":""16"",""line_id"":null,""observed_text_sha256"":""936c0d33e4f3bf1d143bb0437608b51d49c9b3dfeaa9ff99780c9de1ca23dc10"",""pdf_page"":403,""printed_page"":""376""}"
,pdf_vector_paths,,16,region overlaps or directly precedes a formally captioned figure,rejected_captioned_figure_region,"{""curve_count"":0,""drawing_count"":3,""fill_count"":3,""geometry_fingerprint"":""4d97c3a7e45265e9cc14fe2ae37570242313945ce1c405c389473189f57fffaa"",""line_count"":0,""rect_count"":3,""stroke_count"":0}",ibc2018:vector-region:d7165eaf5bba160f945972ff,0.0,,vector_graphic_region_detection,rejected,unknown,"{""appendix"":null,""bbox"":[58.0,76.9,569.95,668.4],""chapter"":""16"",""line_id"":null,""observed_text_sha256"":""89b9097a19895f06ff7ea751d566c260de0bae7d6ce01c3f9cff5ba7cc6c0b1a"",""pdf_page"":404,""printed_page"":""377""}"
,pdf_vector_paths,,16,surviving vector geometry is source-backed but insufficient for automatic classification,candidate_vector_region_unclassified,"{""curve_count"":0,""drawing_count"":1,""fill_count"":1,""geometry_fingerprint"":""98eae27ccd2e2138746a96f9d9e11e8b5f534b3497f59ec4a2d769f619411d45"",""line_count"":0,""rect_count"":1,""stroke_count"":0}",ibc2018:vector-region:8823c7b7f872ce0130a47f8f,0.0,,vector_graphic_region_detection,disputed,unknown,"{""appendix"":null,""bbox"":[28.75,168.95,32.85,287.25],""chapter"":""16"",""line_id"":null,""observed_text_sha256"":""0e7e9bba19f7669ecd58c2d1340124c67082c98bcdad3b795eac05ccc3d67d25"",""pdf_page"":405,""printed_page"":""378""}"
,pdf_vector_paths,,16,surviving vector geometry is source-backed but insufficient for automatic classification,candidate_vector_region_unclassified,"{""curve_count"":0,""drawing_count"":16,""fill_count"":16,""geometry_fingerprint"":""98b82cac143879d77af4bed81aaac40936f0e2b47fbdec471e55877bea6663ae"",""line_count"":0,""rect_count"":16,""stroke_count"":0}",ibc2018:vector-region:8ef2e321f49c242ae1270db4,0.0,,vector_graphic_region_detection,disputed,unknown,"{""appendix"":null,""bbox"":[39.45,669.8,553.3,700.3],""chapter"":""16"",""line_id"":null,""observed_text_sha256"":""8970038f2bec24d834aed064129854574859c35e605d8e51463283a9dedaf85d"",""pdf_page"":405,""printed_page"":""378""}"
,pdf_vector_paths,,16,region overlaps or directly precedes a formally captioned figure,rejected_captioned_figure_region,"{""curve_count"":0,""drawing_count"":2,""fill_count"":2,""geometry_fingerprint"":""6aebf072731622c76014d2a25b745ef5450fa827c16002dfd2fa6a3d0688e9d5"",""line_count"":0,""rect_count"":2,""stroke_count"":0}",ibc2018:vector-region:9d6bd5343dce937e4f69ea23,0.0,,vector_graphic_region_detection,rejected,unknown,"{""appendix"":null,""bbox"":[58.9,75.8,570.95,742.65],""chapter"":""16"",""line_id"":null,""observed_text_sha256"":""0a3e2303179100f72c8c59c3dd8baf4eab26694dfaef2e722738ef5231cf6bdc"",""pdf_page"":406,""printed_page"":""379""}"
,pdf_vector_paths,,16,region overlaps or directly precedes a formally captioned figure,rejected_captioned_figure_region,"{""curve_count"":0,""drawing_count"":2,""fill_count"":2,""geometry_fingerprint"":""11e2810405e3b04dccf8dff41608d03f5ed8b45bd5c7dd26dc545add777460f2"",""line_count"":0,""rect_count"":2,""stroke_count"":0}",ibc2018:vector-region:2a4757646b0482c4e1ccf383,0.0,,vector_graphic_region_detection,rejected,unknown,"{""appendix"":null,""bbox"":[39.7,77.35,554.5,743.95],""chapter"":""16"",""line_id"":null,""observed_text_sha256"":""4f3091f7b5c80670c9bbc5b3e68afa6c668156ea08011f343306191b95f72ed3"",""pdf_page"":407,""printed_page"":""380""}"
,pdf_vector_paths,,16,region overlaps or directly precedes a formally captioned figure,rejected_captioned_figure_region,"{""curve_count"":0,""drawing_count"":2,""fill_count"":2,""geometry_fingerprint"":""1b56250d6683ebdeee2d2341024e0d5fa38e5ae0dddef0d616a4e64376738dd0"",""line_count"":0,""rect_count"":2,""stroke_count"":0}",ibc2018:vector-region:dde442a34902fb7b022e6aa4,0.0,,vector_graphic_region_detection,rejected,unknown,"{""appendix"":null,""bbox"":[57.45,76.4,569.35,742.4],""chapter"":""16"",""line_id"":null,""observed_text_sha256"":""1bdadce9472c2ab2a98e74985ab900b436d8bed6892f5c4e1c6941901fcc67cf"",""pdf_page"":408,""printed_page"":""381""}"
,pdf_vector_paths,,16,region overlaps or directly precedes a formally captioned figure,rejected_captioned_figure_region,"{""curve_count"":0,""drawing_count"":2,""fill_count"":2,""geometry_fingerprint"":""9e10f5efe431bf5a6b9f1a8b3243b16261c0f3d13a90b404cfdf3d9dabe653ac"",""line_count"":0,""rect_count"":2,""stroke_count"":0}",ibc2018:vector-region:64a278a9d0e7c2bc777ee360,0.0,,vector_graphic_region_detection,rejected,unknown,"{""appendix"":null,""bbox"":[40.55,79.3,552.55,745.3],""chapter"":""16"",""line_id"":null,""observed_text_sha256"":""a7a8c786d8fe029544139d1a1c1133bd4ee42bf17379addbb0666eec0279e96b"",""pdf_page"":409,""printed_page"":""382""}"
,pdf_vector_paths,,16,region overlaps or directly precedes a formally captioned figure,rejected_captioned_figure_region,"{""curve_count"":0,""drawing_count"":5,""fill_count"":5,""geometry_fingerprint"":""9e6d229d4631d1b36d05fa7ca0ebb9a54168c02a58af7c708ef79feaa0566309"",""line_count"":0,""rect_count"":5,""stroke_count"":0}",ibc2018:vector-region:6fa3f0d4e08955ea5b79bddd,0.0,,vector_graphic_region_detection,rejected,unknown,"{""appendix"":null,""bbox"":[58.75,77.35,582.55,744.55],""chapter"":""16"",""line_id"":null,""observed_text_sha256"":""a3be4835c8ed37f5c6b9a2d672b5f348624cde0f455c012d8c3de680dc55156b"",""pdf_page"":410,""printed_page"":""383""}"
,pdf_vector_paths,,16,region overlaps or directly precedes a formally captioned figure,rejected_captioned_figure_region,"{""curve_count"":0,""drawing_count"":5,""fill_count"":5,""geometry_fingerprint"":""d269e2a75f975f8a2ed8afcd6390d898ac9d8c2bc66bc804e285e6664c1f781b"",""line_count"":0,""rect_count"":5,""stroke_count"":0}",ibc2018:vector-region:1ca51871c08fdd64997ffc20,0.0,,vector_graphic_region_detection,rejected,unknown,"{""appendix"":null,""bbox"":[28.05,78.55,552.6,744.55],""chapter"":""16"",""line_id"":null,""observed_text_sha256"":""8c13c1c0035c51527d1076c64746b7f80780c04e8a46c6dd18c4511b869aefa6"",""pdf_page"":411,""printed_page"":""384""}"
,pdf_vector_paths,,16,region overlaps or directly precedes a formally captioned figure,rejected_captioned_figure_region,"{""curve_count"":0,""drawing_count"":5,""fill_count"":5,""geometry_fingerprint"":""a820c69c5d8f163caa7189f3283f8097fb19f606f5b73d1028d23921433879ac"",""line_count"":0,""rect_count"":5,""stroke_count"":0}",ibc2018:vector-region:39f1cba1f67d9b9e89f29072,0.0,,vector_graphic_region_detection,rejected,unknown,"{""appendix"":null,""bbox"":[58.75,78.55,582.55,744.55],""chapter"":""16"",""line_id"":null,""observed_text_sha256"":""3913cd37bcb9badbfe34d350cbe76976c5e9fcf4ffca6a80426bc77a98daab1a"",""pdf_page"":412,""printed_page"":""385""}"
,pdf_vector_paths,,16,region overlaps or directly precedes a formally captioned figure,rejected_captioned_figure_region,"{""curve_count"":0,""drawing_count"":5,""fill_count"":5,""geometry_fingerprint"":""043a4165f5acb5fc5101b3f611f1515cec44797a413f9230bac59ecf24cfeda9"",""line_count"":0,""rect_count"":5,""stroke_count"":0}",ibc2018:vector-region:28459c9694ac637a8d93b506,0.0,,vector_graphic_region_detection,rejected,unknown,"{""appendix"":null,""bbox"":[28.05,78.55,552.6,744.0],""chapter"":""16"",""line_id"":null,""observed_text_sha256"":""a53c4d74eda497577d5120bb94e7744824e8f3042f606fca9dc5d6b8049f6954"",""pdf_page"":413,""printed_page"":""386""}"
,pdf_vector_paths,,16,region overlaps or directly precedes a formally captioned figure,rejected_captioned_figure_region,"{""curve_count"":0,""drawing_count"":5,""fill_count"":5,""geometry_fingerprint"":""6468ea8866c428bf5d3f8ffb7350a15b1ddff9713dce6727f71d83c2170e13c3"",""line_count"":0,""rect_count"":5,""stroke_count"":0}",ibc2018:vector-region:751d7d0e9124bd99228c62be,0.0,,vector_graphic_region_detection,rejected,unknown,"{""appendix"":null,""bbox"":[60.8,77.35,582.55,745.15],""chapter"":""16"",""line_id"":null,""observed_text_sha256"":""c7391e725cd32b67994e1b4e38ba948883d56193f5d9f2ec96fa377d731657f4"",""pdf_page"":414,""printed_page"":""387""}"
,pdf_vector_paths,,16,region overlaps or directly precedes a formally captioned figure,rejected_captioned_figure_region,"{""curve_count"":0,""drawing_count"":5,""fill_count"":5,""geometry_fingerprint"":""232d9da4e08800970e6d7542f757b2dc8769829ca8bdf0e07af4a730cd329db2"",""line_count"":0,""rect_count"":5,""stroke_count"":0}",ibc2018:vector-region:c9e4bd91d12bacec3a3e62d6,0.0,,vector_graphic_region_detection,rejected,unknown,"{""appendix"":null,""bbox"":[28.05,79.15,552.6,745.15],""chapter"":""16"",""line_id"":null,""observed_text_sha256"":""0dea51f6f162bc567351dfd57c91c0437edfdeecd3ae71d57c24dea06fd9d98c"",""pdf_page"":415,""printed_page"":""388""}"
,pdf_vector_paths,,16,region overlaps or directly precedes a formally captioned figure,rejected_captioned_figure_region,"{""curve_count"":0,""drawing_count"":5,""fill_count"":5,""geometry_fingerprint"":""9c512abe957717d5d35c57998b5a20169303bda91fac03ca7a44ffa32b7c0e11"",""line_count"":0,""rect_count"":5,""stroke_count"":0}",ibc2018:vector-region:11f9577f9730a529d069283e,0.0,,vector_graphic_region_detection,rejected,unknown,"{""appendix"":null,""bbox"":[59.35,77.95,582.55,743.95],""chapter"":""16"",""line_id"":null,""observed_text_sha256"":""a8227f1f1563f67c5f13dec14941ee97edea404e91a450dd551777cb71354a22"",""pdf_page"":416,""printed_page"":""389""}"
,pdf_vector_paths,,16,region overlaps or directly precedes a formally captioned figure,rejected_captioned_figure_region,"{""curve_count"":0,""drawing_count"":3,""fill_count"":3,""geometry_fingerprint"":""82c0b79c30ed46744e1d278e65ca612e0b7bc864579c7f9faf350423df95ede2"",""line_count"":0,""rect_count"":3,""stroke_count"":0}",ibc2018:vector-region:e2b635a1ea5bb6f2581d908f,0.0,,vector_graphic_region_detection,rejected,unknown,"{""appendix"":null,""bbox"":[28.05,97.75,31.75,719.95],""chapter"":""16"",""line_id"":null,""observed_text_sha256"":""ffdbc5e22f2c7039cab1bf129469dce10c2ee0f5355c7876a4466a6b457280bd"",""pdf_page"":417,""printed_page"":""390""}"
,pdf_vector_paths,,16,region overlaps or directly precedes a formally captioned figure,rejected_captioned_figure_region,"{""curve_count"":0,""drawing_count"":2,""fill_count"":2,""geometry_fingerprint"":""598810d30768da2dadaadca90cba989c8d2b15cac588d1b01908fab96fb8256c"",""line_count"":0,""rect_count"":2,""stroke_count"":0}",ibc2018:vector-region:ce1e4205fa7a71e5eda5c2b6,0.0,,vector_graphic_region_detection,rejected,unknown,"{""appendix"":null,""bbox"":[40.15,78.55,552.55,744.0],""chapter"":""16"",""line_id"":null,""observed_text_sha256"":""fceb3743f454104ae9701eb7f3ace026d04e910f3b88c1aaf3c0d9910ae8ec6d"",""pdf_page"":417,""printed_page"":""390""}"
,pdf_vector_paths,,16,dense rectangle-only geometry is more consistent with table or background construction,candidate_tabular_or_background_geometry,"{""curve_count"":0,""drawing_count"":24,""fill_count"":24,""geometry_fingerprint"":""46b794b828223d46d999c643a671690a6915f8aa8ed9f556aac059bc8fb2d8df"",""line_count"":0,""rect_count"":24,""stroke_count"":0}",ibc2018:vector-region:07604cdb7a8123456457c124,0.0,,vector_graphic_region_detection,disputed,unknown,"{""appendix"":null,""bbox"":[39.55,407.85,551.85,682.4],""chapter"":""16"",""line_id"":null,""observed_text_sha256"":""10542209b8b3163f6f8bc06e7357e5b64e6dc9f376626839c08f511b56167799"",""pdf_page"":419,""printed_page"":""392""}"
,pdf_vector_paths,,16,region overlaps or directly precedes a formally captioned figure,rejected_captioned_figure_region,"{""curve_count"":0,""drawing_count"":3,""fill_count"":3,""geometry_fingerprint"":""45bd96f5db430650d514368b46b74fec2b6b38722ac4cd86f86f37f485c4de41"",""line_count"":0,""rect_count"":3,""stroke_count"":0}",ibc2018:vector-region:9d306213c1d48f4bae1eabef,0.0,,vector_graphic_region_detection,rejected,unknown,"{""appendix"":null,""bbox"":[59.7,78.1,572.35,743.95],""chapter"":""16"",""line_id"":null,""observed_text_sha256"":""3fcf70252d8822b5c33cc04d0bf16e99ff003d93ee868fc53e7adf6654b46d28"",""pdf_page"":420,""printed_page"":""393""}"
,pdf_vector_paths,,16,region overlaps or directly precedes a formally captioned figure,rejected_captioned_figure_region,"{""curve_count"":0,""drawing_count"":3,""fill_count"":3,""geometry_fingerprint"":""40c359089119e3648794ae742e5c6cc4f567c7021e1417f3dde896360c32609a"",""line_count"":0,""rect_count"":3,""stroke_count"":0}",ibc2018:vector-region:c7a912a89d5cf2afff5ad0ad,0.0,,vector_graphic_region_detection,rejected,unknown,"{""appendix"":null,""bbox"":[39.55,77.35,552.6,724.75],""chapter"":""16"",""line_id"":null,""observed_text_sha256"":""6ff0920ded437f60ca16f20d946be280e0df0b97210e6f0c7ade79c202a23418"",""pdf_page"":421,""printed_page"":""394""}"
,pdf_vector_paths,,16,region overlaps or directly precedes a formally captioned figure,rejected_captioned_figure_region,"{""curve_count"":0,""drawing_count"":3,""fill_count"":3,""geometry_fingerprint"":""6cb2206330340a4fff7bff915ce2cd4f23af0e5e391235977587770960bc9e75"",""line_count"":0,""rect_count"":3,""stroke_count"":0}",ibc2018:vector-region:500134efff501570f777dbad,0.0,,vector_graphic_region_detection,rejected,unknown,"{""appendix"":null,""bbox"":[58.65,77.95,570.6,743.95],""chapter"":""16"",""line_id"":null,""observed_text_sha256"":""449a1b607d9bc2cd4c86b35361d52f1717734833c07b09da4f152988fc97581e"",""pdf_page"":422,""printed_page"":""395""}"
,pdf_vector_paths,,16,region overlaps or directly precedes a formally captioned figure,rejected_captioned_figure_region,"{""curve_count"":0,""drawing_count"":3,""fill_count"":3,""geometry_fingerprint"":""c738ffbc865a152a2582eeb387000d8dae1be9e34df9fbb0341d4e3790ff4416"",""line_count"":0,""rect_count"":3,""stroke_count"":0}",ibc2018:vector-region:3d2f6eb3a6739fbf5fa95ed9,0.0,,vector_graphic_region_detection,rejected,unknown,"{""appendix"":null,""bbox"":[40.15,77.35,553.15,715.15],""chapter"":""16"",""line_id"":null,""observed_text_sha256"":""6916798c90344b5a5838343695ad340735b6e761d727c7cf52c34bd951dae01c"",""pdf_page"":423,""printed_page"":""396""}"
,pdf_vector_paths,,16,region overlaps or directly precedes a formally captioned figure,rejected_captioned_figure_region,"{""curve_count"":0,""drawing_count"":3,""fill_count"":3,""geometry_fingerprint"":""92b4fa91b9ce1c73a2df379ca51ddd475f8d44e1ba39a54c71006a064c17c4f2"",""line_count"":0,""rect_count"":3,""stroke_count"":0}",ibc2018:vector-region:6f3be22e57c75c6574c7431c,0.0,,vector_graphic_region_detection,rejected,unknown,"{""appendix"":null,""bbox"":[59.25,76.75,571.15,742.75],""chapter"":""16"",""line_id"":null,""observed_text_sha256"":""0dac1a02fb10161e3ece2385fb9fa32a49efd0e02d5461cc15a43e5bb711d325"",""pdf_page"":424,""printed_page"":""397""}"
,pdf_vector_paths,,16,dense rectangle-only geometry is more consistent with table or background construction,candidate_tabular_or_background_geometry,"{""curve_count"":0,""drawing_count"":18,""fill_count"":18,""geometry_fingerprint"":""4b132ded6fdc15e20f5b02c9eeb61c7eaf76d19a83586c26258eb31d5711e9d2"",""line_count"":0,""rect_count"":18,""stroke_count"":0}",ibc2018:vector-region:bdbb034daef8a56bfda3f05a,0.0,,vector_graphic_region_detection,disputed,unknown,"{""appendix"":null,""bbox"":[59.25,554.95,584.0,708.95],""chapter"":""16"",""line_id"":null,""observed_text_sha256"":""b272e919e73384e5cefe2484eef15c9df450a14bc9c9dd142cbd9987ec9977be"",""pdf_page"":426,""printed_page"":""399""}"
,pdf_vector_paths,,16,dense rectangle-only geometry is more consistent with table or background construction,candidate_tabular_or_background_geometry,"{""curve_count"":0,""drawing_count"":18,""fill_count"":18,""geometry_fingerprint"":""9d8d4fa6b8453546811cf6bd6693cea08d692f0e64b8c2db7757cb9f46639d04"",""line_count"":0,""rect_count"":18,""stroke_count"":0}",ibc2018:vector-region:49d5111215470ae4c84ea3d6,0.0,,vector_graphic_region_detection,disputed,unknown,"{""appendix"":null,""bbox"":[28.3,78.8,552.7,248.75],""chapter"":""16"",""line_id"":null,""observed_text_sha256"":""a00b7380c70c156f611bfbcb1d1748b66cb4b9a74ecbd33f39e324edfc3aa927"",""pdf_page"":427,""printed_page"":""400""}"
,pdf_vector_paths,,16,dense rectangle-only geometry is more consistent with table or background construction,candidate_tabular_or_background_geometry,"{""curve_count"":0,""drawing_count"":12,""fill_count"":12,""geometry_fingerprint"":""d21f66950bf98f8ba428685f2935b8177c98430aa75b77dd31c1de22ebe4fe17"",""line_count"":0,""rect_count"":12,""stroke_count"":0}",ibc2018:vector-region:a20bf91c026d22fb8498f452,0.0,,vector_graphic_region_detection,disputed,unknown,"{""appendix"":null,""bbox"":[39.35,581.0,551.85,679.55],""chapter"":""16"",""line_id"":null,""observed_text_sha256"":""fd197e1fe30efcbfcbd03038ed2b9765a28a0b7dc4bca5d2a447b6672f317ab0"",""pdf_page"":427,""printed_page"":""400""}"
,pdf_vector_paths,,16,dense rectangle-only geometry is more consistent with table or background construction,candidate_tabular_or_background_geometry,"{""curve_count"":0,""drawing_count"":12,""fill_count"":12,""geometry_fingerprint"":""8afca7a76c338d0705d80aeacc46f141cab0a6e988012f3b3c613cde9da5982b"",""line_count"":0,""rect_count"":12,""stroke_count"":0}",ibc2018:vector-region:e562936d485461c9a9f9488d,0.0,,vector_graphic_region_detection,disputed,unknown,"{""appendix"":null,""bbox"":[39.45,373.9,552.45,472.3],""chapter"":""16"",""line_id"":null,""observed_text_sha256"":""60984b2a8240018c78386383ff61effac195b90fc6726dc37987627db22b9c6e"",""pdf_page"":427,""printed_page"":""400""}"
,pdf_vector_paths,,16,surviving vector geometry is source-backed but insufficient for automatic classification,candidate_vector_region_unclassified,"{""curve_count"":0,""drawing_count"":1,""fill_count"":1,""geometry_fingerprint"":""b4e8e090ab1fa8f4e1fdf8de5a52c761ed7250f5b4be7b1a3ef6e20e2e22a3c8"",""line_count"":0,""rect_count"":1,""stroke_count"":0}",ibc2018:vector-region:c38a7637a87a8f67668d26a1,0.0,,vector_graphic_region_detection,disputed,unknown,"{""appendix"":null,""bbox"":[579.1,77.95,583.15,188.95],""chapter"":""16"",""line_id"":null,""observed_text_sha256"":""63dd3395397f6cb64ee12827c7c78553762976026596b3672f5ec344f4c9b418"",""pdf_page"":428,""printed_page"":""401""}"
,pdf_vector_paths,,16,region overlaps or directly precedes a formally captioned figure,rejected_captioned_figure_region,"{""curve_count"":0,""drawing_count"":2,""fill_count"":2,""geometry_fingerprint"":""0ec549b31dee813494770d7c76048e6c21405670e77ea880cbdb6006b21e4b86"",""line_count"":0,""rect_count"":2,""stroke_count"":0}",ibc2018:vector-region:ea4b68218a3d04aa9980f040,0.0,,vector_graphic_region_detection,rejected,unknown,"{""appendix"":null,""bbox"":[40.4,70.65,554.25,676.75],""chapter"":""16"",""line_id"":null,""observed_text_sha256"":""b9ff5fffecdcc9a839c0524820617fb933e28bf41b8ba1d0a6184a2776ccd45a"",""pdf_page"":431,""printed_page"":""404""}"
,pdf_vector_paths,,16,region overlaps or directly precedes a formally captioned figure,rejected_captioned_figure_region,"{""curve_count"":0,""drawing_count"":2,""fill_count"":2,""geometry_fingerprint"":""d5b4d9d37f8956f8781e9a1194d49de7c614c86b3198660a2b52d58046a828a2"",""line_count"":0,""rect_count"":2,""stroke_count"":0}",ibc2018:vector-region:dbad131a74c7880491f31b15,0.0,,vector_graphic_region_detection,rejected,unknown,"{""appendix"":null,""bbox"":[58.15,77.95,572.0,693.25],""chapter"":""16"",""line_id"":null,""observed_text_sha256"":""3ee6de6255592929e98897342a0f82f7c038f483d14d6b06a66b21ca5e04daba"",""pdf_page"":432,""printed_page"":""405""}"
,pdf_vector_paths,,16,region overlaps or directly precedes a formally captioned figure,rejected_captioned_figure_region,"{""curve_count"":0,""drawing_count"":2,""fill_count"":2,""geometry_fingerprint"":""9bddbd8f6debaf36330547782a3339fe1cbcadf64a8a1a40a5298e14b0dea652"",""line_count"":0,""rect_count"":2,""stroke_count"":0}",ibc2018:vector-region:b6885aa2c824d689e1945e5a,0.0,,vector_graphic_region_detection,rejected,unknown,"{""appendix"":null,""bbox"":[38.95,76.4,550.9,689.95],""chapter"":""16"",""line_id"":null,""observed_text_sha256"":""45480e56fadfac742c2325efbdb64e09f82b073e7d77af7431b565187c1c4ef6"",""pdf_page"":433,""printed_page"":""406""}"
,pdf_vector_paths,,16,region overlaps or directly precedes a formally captioned figure,rejected_captioned_figure_region,"{""curve_count"":0,""drawing_count"":2,""fill_count"":2,""geometry_fingerprint"":""1a257a758952fdddfcea5a74b3fd3f95e7449b15942da109b0ead76e0a2d2eeb"",""line_count"":0,""rect_count"":2,""stroke_count"":0}",ibc2018:vector-region:9d9c932c32568d380963dfc3,0.0,,vector_graphic_region_detection,rejected,unknown,"{""appendix"":null,""bbox"":[59.25,77.95,573.0,695.15],""chapter"":""16"",""line_id"":null,""observed_text_sha256"":""5a2a63dfe75b108d165725dbe5a8df98660c9ca144395a380b698883e8cab2bb"",""pdf_page"":434,""printed_page"":""407""}"
,pdf_vector_paths,,16,region overlaps or directly precedes a formally captioned figure,rejected_captioned_figure_region,"{""curve_count"":0,""drawing_count"":2,""fill_count"":2,""geometry_fingerprint"":""8dec4bbe4e8c52deb523d22022aa0bd077ce88db0ba6b2e6a782b5c0369581ef"",""line_count"":0,""rect_count"":2,""stroke_count"":0}",ibc2018:vector-region:a4434bdaad7d7945fd6f6791,0.0,,vector_graphic_region_detection,rejected,unknown,"{""appendix"":null,""bbox"":[39.7,76.4,553.55,702.7],""chapter"":""16"",""line_id"":null,""observed_text_sha256"":""dc48a8fd603fd636dfb80c96382475377312884bc8ebd940a015b4409eadd5c4"",""pdf_page"":435,""printed_page"":""408""}"
,pdf_vector_paths,,16,region overlaps or directly precedes a formally captioned figure,rejected_captioned_figure_region,"{""curve_count"":0,""drawing_count"":2,""fill_count"":2,""geometry_fingerprint"":""560018d4cd5d271e2a5481737ae859b41a471ab32dd3a9d7591f743f85a548b7"",""line_count"":0,""rect_count"":2,""stroke_count"":0}",ibc2018:vector-region:3749b0282e61fca682ac65a9,0.0,,vector_graphic_region_detection,rejected,unknown,"{""appendix"":null,""bbox"":[58.9,77.95,529.65,744.55],""chapter"":""16"",""line_id"":null,""observed_text_sha256"":""f67a22a402056e3604614c21898278b2abafea8bfcfce6d78a44e8da04fb70d0"",""pdf_page"":436,""printed_page"":""409""}"
,pdf_vector_paths,,16,region overlaps or directly precedes a formally captioned figure,rejected_captioned_figure_region,"{""curve_count"":0,""drawing_count"":2,""fill_count"":2,""geometry_fingerprint"":""deae6f6b8905e8d0760e8d64b0d26995bc6609c40391851b4f027f8cb276b6bc"",""line_count"":0,""rect_count"":2,""stroke_count"":0}",ibc2018:vector-region:081b6c90ffa656918d45618d,0.0,,vector_graphic_region_detection,rejected,unknown,"{""appendix"":null,""bbox"":[38.95,77.95,487.15,744.7],""chapter"":""16"",""line_id"":null,""observed_text_sha256"":""0442cadb539d0236032faa870ac3a4ee69fc1a9532a19e9cf9c7f626acddfc90"",""pdf_page"":437,""printed_page"":""410""}"
,pdf_vector_paths,,16,region overlaps or directly precedes a formally captioned figure,rejected_captioned_figure_region,"{""curve_count"":0,""drawing_count"":2,""fill_count"":2,""geometry_fingerprint"":""641c12a3661b861a7f0e6a556f0dc4db12aeab70df6db191b2e326327bd8c92f"",""line_count"":0,""rect_count"":2,""stroke_count"":0}",ibc2018:vector-region:2c474665c17ba68deeed5452,0.0,,vector_graphic_region_detection,rejected,unknown,"{""appendix"":null,""bbox"":[59.5,78.7,572.95,704.35],""chapter"":""16"",""line_id"":null,""observed_text_sha256"":""a0b0501ced095ed190505a2f10a47c0257a137bc890c218143df084cf0e21293"",""pdf_page"":438,""printed_page"":""411""}"
,pdf_vector_paths,,16,region overlaps or directly precedes a formally captioned figure,rejected_captioned_figure_region,"{""curve_count"":0,""drawing_count"":2,""fill_count"":2,""geometry_fingerprint"":""0878e995c41f9d85c14a6a6ff63beb534a8d0d906cfc83e9f2291bdde97f77cc"",""line_count"":0,""rect_count"":2,""stroke_count"":0}",ibc2018:vector-region:bc759ec42a8c929000bfbeec,0.0,,vector_graphic_region_detection,rejected,unknown,"{""appendix"":null,""bbox"":[40.15,77.95,552.55,697.65],""chapter"":""16"",""line_id"":null,""observed_text_sha256"":""0e0902e01df73a7d7d582a375fd019e43180ea76ec491ae7ed2e9273c6e90ddb"",""pdf_page"":439,""printed_page"":""412""}"
,pdf_vector_paths,,16,region overlaps or directly precedes a formally captioned figure,rejected_captioned_figure_region,"{""curve_count"":0,""drawing_count"":2,""fill_count"":2,""geometry_fingerprint"":""2554b4259297e5e88150511f6a4d28cfd1b43ca7bea3edac4f1598879f6eb26c"",""line_count"":0,""rect_count"":2,""stroke_count"":0}",ibc2018:vector-region:c682b307212da6e267f7e35b,0.0,,vector_graphic_region_detection,rejected,unknown,"{""appendix"":null,""bbox"":[59.35,77.95,572.35,698.4],""chapter"":""16"",""line_id"":null,""observed_text_sha256"":""3f1d75b40976d7948985d9cf01a428d9846d14200b14338f33b0410555a1a3d9"",""pdf_page"":440,""printed_page"":""413""}"
,pdf_vector_paths,,16,region overlaps or directly precedes a formally captioned figure,rejected_captioned_figure_region,"{""curve_count"":0,""drawing_count"":4,""fill_count"":2,""geometry_fingerprint"":""f7f6f519d0df899bc7e945de1f3ba86389b084072d86ae92e97a978834ac4cea"",""line_count"":287,""rect_count"":2,""stroke_count"":2}",ibc2018:vector-region:768b57af3d9f85bc6b1e0ba0,0.0,,vector_graphic_region_detection,rejected,unknown,"{""appendix"":null,""bbox"":[41.25,95.95,553.15,408.95],""chapter"":""16"",""line_id"":null,""observed_text_sha256"":""a3103f59a3395b126795225453116b9c7636132d8263ca77b2c799f93ffd1d66"",""pdf_page"":441,""printed_page"":""414""}"
,pdf_vector_paths,,17,surviving vector geometry is source-backed but insufficient for automatic classification,candidate_vector_region_unclassified,"{""curve_count"":0,""drawing_count"":1,""fill_count"":1,""geometry_fingerprint"":""fba21b216477e2a6469fdfc705d1d6f3820fc9a7477731b12e807c18df2a1a16"",""line_count"":0,""rect_count"":1,""stroke_count"":0}",ibc2018:vector-region:ddd655ab1204b53eb004bb28,0.0,,vector_graphic_region_detection,disputed,unknown,"{""appendix"":null,""bbox"":[59.95,143.15,571.9,144.1],""chapter"":""17"",""line_id"":null,""observed_text_sha256"":""0aa3f26ae2bee15bf76b0142ea69777a8e2a08b329a14a4d6ea7ec3de76c9e3f"",""pdf_page"":442,""printed_page"":""415""}"
,pdf_vector_paths,,17,surviving vector geometry is source-backed but insufficient for automatic classification,candidate_vector_region_unclassified,"{""curve_count"":0,""drawing_count"":2,""fill_count"":2,""geometry_fingerprint"":""ff1dd4ed9cefa72f574b5fb977f7e0fafdc2fdcf40b11c594c76655de362314f"",""line_count"":0,""rect_count"":2,""stroke_count"":0}",ibc2018:vector-region:6510a23c81bca0aed7b99922,0.0,,vector_graphic_region_detection,disputed,unknown,"{""appendix"":null,""bbox"":[59.95,286.75,571.9,290.75],""chapter"":""17"",""line_id"":null,""observed_text_sha256"":""1f936e55c9f25a94c1bc022d5f60d42bee9b86797aef0b292c1742c2811da4e3"",""pdf_page"":442,""printed_page"":""415""}"
,pdf_vector_paths,,17,surviving vector geometry is source-backed but insufficient for automatic classification,candidate_vector_region_unclassified,"{""curve_count"":0,""drawing_count"":1,""fill_count"":1,""geometry_fingerprint"":""7811a355356d7876a7b54d398595a9b104dcdb3a1cf6f89d3c94daa7cf290958"",""line_count"":0,""rect_count"":1,""stroke_count"":0}",ibc2018:vector-region:20acf131928db4b8aa3b9e0b,0.0,,vector_graphic_region_detection,disputed,unknown,"{""appendix"":null,""bbox"":[28.75,265.55,32.85,394.05],""chapter"":""17"",""line_id"":null,""observed_text_sha256"":""f1d267d9526b15212d00f075ba0a4c3588f7081d9e3b665da03bf6b9f611094e"",""pdf_page"":445,""printed_page"":""418""}"
,pdf_vector_paths,,17,dense rectangle-only geometry is more consistent with table or background construction,candidate_tabular_or_background_geometry,"{""curve_count"":0,""drawing_count"":15,""fill_count"":15,""geometry_fingerprint"":""4ec560b26cb147edb2d195adc3ce76af5dab49025d754883b38310df1f9d0140"",""line_count"":0,""rect_count"":15,""stroke_count"":0}",ibc2018:vector-region:e3f7171c549ed10eb8568ff2,0.0,,vector_graphic_region_detection,disputed,unknown,"{""appendix"":null,""bbox"":[59.5,95.85,573.7,211.4],""chapter"":""17"",""line_id"":null,""observed_text_sha256"":""b981a3e1892adfcd02344cb328931a05c393657d10ba476aa51a74bb5ca1b52d"",""pdf_page"":446,""printed_page"":""419""}"
,pdf_vector_paths,,17,surviving vector geometry is source-backed but insufficient for automatic classification,candidate_vector_region_unclassified,"{""curve_count"":0,""drawing_count"":1,""fill_count"":1,""geometry_fingerprint"":""d6726822c2e5b0a1fe250f7afe2c1e9081084636ba137963ad41dcd07d019b9c"",""line_count"":0,""rect_count"":1,""stroke_count"":0}",ibc2018:vector-region:3bb7fecc0d8d4fb2f93fda74,0.0,,vector_graphic_region_detection,disputed,unknown,"{""appendix"":null,""bbox"":[579.1,609.95,583.15,719.0],""chapter"":""17"",""line_id"":null,""observed_text_sha256"":""6495587cc507ec66162ec589f82267f526176681ef2cd4ab12f190eb5f1c9b28"",""pdf_page"":446,""printed_page"":""419""}"
,pdf_vector_paths,,17,dense rectangle-only geometry is more consistent with table or background construction,candidate_tabular_or_background_geometry,"{""curve_count"":0,""drawing_count"":20,""fill_count"":20,""geometry_fingerprint"":""f2624c1ec2a48416997640dc3b72aa6e2d2f1f78deb761f324d8772ead579df5"",""line_count"":0,""rect_count"":20,""stroke_count"":0}",ibc2018:vector-region:a3becb9b9f4809d4fed4afca,0.0,,vector_graphic_region_detection,disputed,unknown,"{""appendix"":null,""bbox"":[38.85,96.95,551.95,550.4],""chapter"":""17"",""line_id"":null,""observed_text_sha256"":""40e2cb75c6cb566e48e4f0b36f1410fb241767af7677069bf448380460f21a0b"",""pdf_page"":447,""printed_page"":""420""}"
,pdf_vector_paths,,17,dense rectangle-only geometry is more consistent with table or background construction,candidate_tabular_or_background_geometry,"{""curve_count"":0,""drawing_count"":9,""fill_count"":9,""geometry_fingerprint"":""a67e8a88eb4728b4ef596c7be4b929e6fa8ebdf446f03473824ffc4e927a9782"",""line_count"":0,""rect_count"":9,""stroke_count"":0}",ibc2018:vector-region:b739fc736d66b63d76f28d51,0.0,,vector_graphic_region_detection,disputed,unknown,"{""appendix"":null,""bbox"":[58.55,639.95,571.3,736.4],""chapter"":""17"",""line_id"":null,""observed_text_sha256"":""9c6b809e89597f218f0a0bafd5fbf73d521f69b35721c75db0daf4a6021f811e"",""pdf_page"":448,""printed_page"":""421""}"
,pdf_vector_paths,,17,dense rectangle-only geometry is more consistent with table or background construction,candidate_tabular_or_background_geometry,"{""curve_count"":0,""drawing_count"":13,""fill_count"":13,""geometry_fingerprint"":""c317a856c4c8ed1135b100baa767f6448f58b3712f2e7161bd13d7d0f9970f67"",""line_count"":0,""rect_count"":13,""stroke_count"":0}",ibc2018:vector-region:b91bc97d096869644c608ae9,0.0,,vector_graphic_region_detection,disputed,unknown,"{""appendix"":null,""bbox"":[58.9,252.55,571.4,411.1],""chapter"":""17"",""line_id"":null,""observed_text_sha256"":""ef3b879d4a75eeb353533dfa371729d4ebf9dd95ab913fc7e5f543c141be9005"",""pdf_page"":448,""printed_page"":""421""}"
,pdf_vector_paths,,17,dense rectangle-only geometry is more consistent with table or background construction,candidate_tabular_or_background_geometry,"{""curve_count"":0,""drawing_count"":11,""fill_count"":11,""geometry_fingerprint"":""3d31dc8927fa8dc652fd685be58f31d9c7c62e817ce5aafbb71d1e3fbb990d88"",""line_count"":0,""rect_count"":11,""stroke_count"":0}",ibc2018:vector-region:d412d3052ae36c6090409654,0.0,,vector_graphic_region_detection,disputed,unknown,"{""appendix"":null,""bbox"":[59.15,95.75,572.85,216.2],""chapter"":""17"",""line_id"":null,""observed_text_sha256"":""716cf8e229396f00a93d74261130d69dba47fd43b98a57a0b5ab8e991dd2158c"",""pdf_page"":448,""printed_page"":""421""}"
,pdf_vector_paths,,17,surviving vector geometry is source-backed but insufficient for automatic classification,candidate_vector_region_unclassified,"{""curve_count"":0,""drawing_count"":1,""fill_count"":1,""geometry_fingerprint"":""6a5fb3d504ce29de36f3680928c6be0c216843e2abfc8229177e72dc5b76a132"",""line_count"":0,""rect_count"":1,""stroke_count"":0}",ibc2018:vector-region:222c0d2ec83ae09bbb86c34e,0.0,,vector_graphic_region_detection,disputed,unknown,"{""appendix"":null,""bbox"":[559.15,345.7,563.25,527.15],""chapter"":""17"",""line_id"":null,""observed_text_sha256"":""6c04e454dda030d9aa4ff42a26ff83c0e8bd3c229770a7867ab9dbff75cee140"",""pdf_page"":449,""printed_page"":""422""}"
,pdf_vector_paths,,17,surviving vector geometry is source-backed but insufficient for automatic classification,candidate_vector_region_unclassified,"{""curve_count"":0,""drawing_count"":1,""fill_count"":1,""geometry_fingerprint"":""2e779ea8bf469073266eb948c95c5558452aead5185c1063c48a9754330e75f4"",""line_count"":0,""rect_count"":1,""stroke_count"":0}",ibc2018:vector-region:41098859f0fc15d3867fbdb7,0.0,,vector_graphic_region_detection,disputed,unknown,"{""appendix"":null,""bbox"":[559.15,622.55,563.25,737.95],""chapter"":""17"",""line_id"":null,""observed_text_sha256"":""b1c7b3e819f5398bf802605bec9c785bb71dc94b5b329f1fd28af3010c676205"",""pdf_page"":449,""printed_page"":""422""}"
,pdf_vector_paths,,17,surviving vector geometry is source-backed but insufficient for automatic classification,candidate_vector_region_unclassified,"{""curve_count"":0,""drawing_count"":1,""fill_count"":1,""geometry_fingerprint"":""a1dc778b0834cbd9dda9f8b22aec2507e2516a5c750735ec75b8b123ec3c1989"",""line_count"":0,""rect_count"":1,""stroke_count"":0}",ibc2018:vector-region:ba11d24c014b9a9933aa1f9f,0.0,,vector_graphic_region_detection,disputed,unknown,"{""appendix"":null,""bbox"":[579.1,520.9,583.15,726.95],""chapter"":""17"",""line_id"":null,""observed_text_sha256"":""8e6a83ba9c919a85b5902b10613ffb38a2127cfa74d87d68d052e72a789a5fce"",""pdf_page"":450,""printed_page"":""423""}"
,pdf_vector_paths,,17,surviving vector geometry is source-backed but insufficient for automatic classification,candidate_vector_region_unclassified,"{""curve_count"":0,""drawing_count"":1,""fill_count"":1,""geometry_fingerprint"":""12ceac8f075a1370e27e30b06600f1640f65133c1991c6132eaadb2ff0222586"",""line_count"":0,""rect_count"":1,""stroke_count"":0}",ibc2018:vector-region:9827175814d91b5ebeeb337e,0.0,,vector_graphic_region_detection,disputed,unknown,"{""appendix"":null,""bbox"":[28.75,403.9,32.85,584.95],""chapter"":""17"",""line_id"":null,""observed_text_sha256"":""043599417b48b8759d58d2412f653573d5f8500e97be8a228ac9e770d5ea4227"",""pdf_page"":451,""printed_page"":""424""}"
,pdf_vector_paths,,17,surviving vector geometry is source-backed but insufficient for automatic classification,candidate_vector_region_unclassified,"{""curve_count"":0,""drawing_count"":1,""fill_count"":1,""geometry_fingerprint"":""3f7dae1f0273f8dfbbacb7b0632134049d7686fa5a96610428f507e131458efd"",""line_count"":0,""rect_count"":1,""stroke_count"":0}",ibc2018:vector-region:e9e4fc51e66cc7d745a69653,0.0,,vector_graphic_region_detection,disputed,unknown,"{""appendix"":null,""bbox"":[559.15,77.95,563.25,211.9],""chapter"":""17"",""line_id"":null,""observed_text_sha256"":""736a342edc35b6596895e0dcac8e9ea1b94398a768626cadc03968553c8ebd86"",""pdf_page"":451,""printed_page"":""424""}"
,pdf_vector_paths,,18,surviving vector geometry is source-backed but insufficient for automatic classification,candidate_vector_region_unclassified,"{""curve_count"":0,""drawing_count"":1,""fill_count"":1,""geometry_fingerprint"":""fba21b216477e2a6469fdfc705d1d6f3820fc9a7477731b12e807c18df2a1a16"",""line_count"":0,""rect_count"":1,""stroke_count"":0}",ibc2018:vector-region:53ac67611f999e5526570b1a,0.0,,vector_graphic_region_detection,disputed,unknown,"{""appendix"":null,""bbox"":[59.95,143.15,571.9,144.1],""chapter"":""18"",""line_id"":null,""observed_text_sha256"":""0aa3f26ae2bee15bf76b0142ea69777a8e2a08b329a14a4d6ea7ec3de76c9e3f"",""pdf_page"":456,""printed_page"":""429""}"
,pdf_vector_paths,,18,surviving vector geometry is source-backed but insufficient for automatic classification,candidate_vector_region_unclassified,"{""curve_count"":0,""drawing_count"":2,""fill_count"":2,""geometry_fingerprint"":""a05af2f9c1eaf0af7d695c1e3f92d60e3e5fb6148995c630ca417ad9ddbe2fc1"",""line_count"":0,""rect_count"":2,""stroke_count"":0}",ibc2018:vector-region:1f1c3db134453fc664d55ff0,0.0,,vector_graphic_region_detection,disputed,unknown,"{""appendix"":null,""bbox"":[59.95,236.75,571.9,240.7],""chapter"":""18"",""line_id"":null,""observed_text_sha256"":""fbc2cf03aef8092e14a44056a986dc9acb218de8ba0c264b71f2a806a3e3573e"",""pdf_page"":456,""printed_page"":""429""}"
,pdf_vector_paths,,18,dense rectangle-only geometry is more consistent with table or background construction,candidate_tabular_or_background_geometry,"{""curve_count"":0,""drawing_count"":14,""fill_count"":14,""geometry_fingerprint"":""0e03eed74fa4af583c97af5cac373942c10a57929a7162f0363b7e5b74c00e48"",""line_count"":0,""rect_count"":14,""stroke_count"":0}",ibc2018:vector-region:321f1ed0b011da971fa1760b,0.0,,vector_graphic_region_detection,disputed,unknown,"{""appendix"":null,""bbox"":[39.55,590.95,551.95,713.5],""chapter"":""18"",""line_id"":null,""observed_text_sha256"":""8af42f41da563af740d5701f83844a89fe96fb7735ad5bbdce3bd93ce2d8f063"",""pdf_page"":461,""printed_page"":""434""}"
,pdf_vector_paths,,18,dense rectangle-only geometry is more consistent with table or background construction,candidate_tabular_or_background_geometry,"{""curve_count"":0,""drawing_count"":24,""fill_count"":24,""geometry_fingerprint"":""746defbed46fdfe3500932da2cd54f43229d3121f713b25f1efe510f27ce3bd6"",""line_count"":0,""rect_count"":24,""stroke_count"":0}",ibc2018:vector-region:9018295e18b813cfd1f15269,0.0,,vector_graphic_region_detection,disputed,unknown,"{""appendix"":null,""bbox"":[38.25,87.45,552.1,436.4],""chapter"":""18"",""line_id"":null,""observed_text_sha256"":""05bfe01ff3885175cf87af556fd2576be12dfac63f4a421d6fde6c217c4d1bc6"",""pdf_page"":463,""printed_page"":""436""}"
,pdf_vector_paths,,18,dense rectangle-only geometry is more consistent with table or background construction,candidate_tabular_or_background_geometry,"{""curve_count"":0,""drawing_count"":13,""fill_count"":13,""geometry_fingerprint"":""792900224cf1f3e96963e02dba92547738eef62e6ae1da63a617c75ec96d18a3"",""line_count"":0,""rect_count"":13,""stroke_count"":0}",ibc2018:vector-region:bbc3f26077d66a7ccdbf836f,0.0,,vector_graphic_region_detection,disputed,unknown,"{""appendix"":null,""bbox"":[58.65,95.85,572.25,288.45],""chapter"":""18"",""line_id"":null,""observed_text_sha256"":""c2cec37fa3b2ca1ff12e4c0c9478ad4dd9bfcf90fab95cf32be07222d9447837"",""pdf_page"":464,""printed_page"":""437""}"
,pdf_vector_paths,,18,dense rectangle-only geometry is more consistent with table or background construction,candidate_tabular_or_background_geometry,"{""curve_count"":0,""drawing_count"":15,""fill_count"":15,""geometry_fingerprint"":""29f3a6e944ee4064c710cfb93b56857c55056fba56327a2f3a3f42ffca19ea6f"",""line_count"":0,""rect_count"":15,""stroke_count"":0}",ibc2018:vector-region:4adbeebcc190d339ea08144c,0.0,,vector_graphic_region_detection,disputed,unknown,"{""appendix"":null,""bbox"":[38.75,90.8,550.55,409.3],""chapter"":""18"",""line_id"":null,""observed_text_sha256"":""90cdeac42edd4b5bbae65629d7249c4eec1b6a0524ca9fdb46396f138a432540"",""pdf_page"":465,""printed_page"":""438""}"
,pdf_vector_paths,,18,surviving vector geometry is source-backed but insufficient for automatic classification,candidate_vector_region_unclassified,"{""curve_count"":0,""drawing_count"":1,""fill_count"":1,""geometry_fingerprint"":""194df2df7decd4992f1cab8695b0890d2d5eb3c8e79c044878895d9a48971083"",""line_count"":5,""rect_count"":0,""stroke_count"":0}",ibc2018:vector-region:3b85213b6a4de46f8ef5be74,0.0,,vector_graphic_region_detection,disputed,unknown,"{""appendix"":null,""bbox"":[92.25,596.6,121.65,597.1],""chapter"":""18"",""line_id"":null,""observed_text_sha256"":""e4693dfa66f0da54062c8d66222823f65b83203edd64d15e7729f0a538bc8b57"",""pdf_page"":465,""printed_page"":""438""}"
,pdf_vector_paths,,18,surviving vector geometry is source-backed but insufficient for automatic classification,candidate_vector_region_unclassified,"{""curve_count"":0,""drawing_count"":1,""fill_count"":1,""geometry_fingerprint"":""bc457124315cf0fe19ef0679ae117f658beb49c4e2ec5425e3a9d77202dcbf83"",""line_count"":5,""rect_count"":0,""stroke_count"":0}",ibc2018:vector-region:2d5610552550475aa7b84e1d,0.0,,vector_graphic_region_detection,disputed,unknown,"{""appendix"":null,""bbox"":[92.25,645.2,122.25,645.7],""chapter"":""18"",""line_id"":null,""observed_text_sha256"":""f2ea79f8ab8579f76fe7109100f3a8e1aa36d095232394c5f1895a57488d36e4"",""pdf_page"":465,""printed_page"":""438""}"
,pdf_vector_paths,,18,dense rectangle-only geometry is more consistent with table or background construction,candidate_tabular_or_background_geometry,"{""curve_count"":0,""drawing_count"":15,""fill_count"":15,""geometry_fingerprint"":""701cd498481a1a77a58fad4735a38ddf21d2092161dddde6ad714e318ae77c07"",""line_count"":0,""rect_count"":15,""stroke_count"":0}",ibc2018:vector-region:784fd3197707b40bb4e48df1,0.0,,vector_graphic_region_detection,disputed,unknown,"{""appendix"":null,""bbox"":[60.55,96.95,574.15,423.45],""chapter"":""18"",""line_id"":null,""observed_text_sha256"":""b2ffa5da6c3331ec8671b5bceada0d787d1791307098ea3498bc422305830511"",""pdf_page"":466,""printed_page"":""439""}"
,pdf_vector_paths,,18,dense rectangle-only geometry is more consistent with table or background construction,candidate_tabular_or_background_geometry,"{""curve_count"":0,""drawing_count"":15,""fill_count"":15,""geometry_fingerprint"":""0a1b10c9801a8a2b20177ce18b01efe31c0bf37fd9b3741d6d00370a14720592"",""line_count"":0,""rect_count"":15,""stroke_count"":0}",ibc2018:vector-region:ac25261749b937ae1eba61bb,0.0,,vector_graphic_region_detection,disputed,unknown,"{""appendix"":null,""bbox"":[39.2,98.6,552.8,425.15],""chapter"":""18"",""line_id"":null,""observed_text_sha256"":""96f7738078bc57d544de0bafbf0a3b1c2ac3975d71500ccd4902d6d2ce34bfa0"",""pdf_page"":467,""printed_page"":""440""}"
,pdf_vector_paths,,18,region overlaps or directly precedes a formally captioned figure,rejected_captioned_figure_region,"{""curve_count"":13,""drawing_count"":10,""fill_count"":2,""geometry_fingerprint"":""22d37ad23a1b8074991474abd82a9f31f84929b79d4aa14e87be9e6ef422b0e3"",""line_count"":168,""rect_count"":2,""stroke_count"":8}",ibc2018:vector-region:c0c7710faf2fa88ad1f52a09,0.0,,vector_graphic_region_detection,rejected,unknown,"{""appendix"":null,""bbox"":[58.55,577.15,571.65,748.75],""chapter"":""18"",""line_id"":null,""observed_text_sha256"":""d5c3a08ecb65a4f076cb4b688fc54afdaf728f8467fbe05260c371fe6269c478"",""pdf_page"":468,""printed_page"":""441""}"
,pdf_vector_paths,,18,dense rectangle-only geometry is more consistent with table or background construction,candidate_tabular_or_background_geometry,"{""curve_count"":0,""drawing_count"":12,""fill_count"":12,""geometry_fingerprint"":""dcd74effef16c12cfb93edbf8bc1c56955a1a65ab99c84074cb585a41fe83aeb"",""line_count"":0,""rect_count"":12,""stroke_count"":0}",ibc2018:vector-region:f072a07da3766d0778fc9f6a,0.0,,vector_graphic_region_detection,disputed,unknown,"{""appendix"":null,""bbox"":[38.5,381.8,551.0,507.1],""chapter"":""18"",""line_id"":null,""observed_text_sha256"":""dd381e1714d1580b5a8c3b92c6e7ca2574f245040bb7f221d742b541f69faeb7"",""pdf_page"":469,""printed_page"":""442""}"
,pdf_vector_paths,,18,dense rectangle-only geometry is more consistent with table or background construction,candidate_tabular_or_background_geometry,"{""curve_count"":0,""drawing_count"":12,""fill_count"":12,""geometry_fingerprint"":""dcd45aa8cecaf10948628702a2c44b334870d5a9afd25459f12504cdc1e60bf5"",""line_count"":0,""rect_count"":12,""stroke_count"":0}",ibc2018:vector-region:8f321387edcda9581e17d1b3,0.0,,vector_graphic_region_detection,disputed,unknown,"{""appendix"":null,""bbox"":[39.7,555.95,552.2,736.4],""chapter"":""18"",""line_id"":null,""observed_text_sha256"":""58857cd963a4ee85ffbf29d2c35532e465681009d5b57384213e90628aa1e812"",""pdf_page"":469,""printed_page"":""442""}"
,pdf_vector_paths,,18,dense rectangle-only geometry is more consistent with table or background construction,candidate_tabular_or_background_geometry,"{""curve_count"":0,""drawing_count"":9,""fill_count"":9,""geometry_fingerprint"":""09a815bdb6306adbe719f95eb457d7fc20afa9fbada9c95b3febca266d6f8ff1"",""line_count"":0,""rect_count"":9,""stroke_count"":0}",ibc2018:vector-region:92ef5558682d6adb07052339,0.0,,vector_graphic_region_detection,disputed,unknown,"{""appendix"":null,""bbox"":[325.65,372.55,573.2,435.1],""chapter"":""18"",""line_id"":null,""observed_text_sha256"":""70b4623c1e785fb6facff7c0ca35b3c501d54d0add8f4a8f4e2c2cf911ae709e"",""pdf_page"":470,""printed_page"":""443""}"
,pdf_vector_paths,,18,dense rectangle-only geometry is more consistent with table or background construction,candidate_tabular_or_background_geometry,"{""curve_count"":0,""drawing_count"":11,""fill_count"":11,""geometry_fingerprint"":""4017b4ab38f07fc3841af3a9e1538c408de5db227ae38d03ba223129e5c90e08"",""line_count"":0,""rect_count"":11,""stroke_count"":0}",ibc2018:vector-region:8382bef42abc11a7afa13089,0.0,,vector_graphic_region_detection,disputed,unknown,"{""appendix"":null,""bbox"":[59.0,95.35,572.95,356.85],""chapter"":""18"",""line_id"":null,""observed_text_sha256"":""f45e7cf84b08742513b2bd2b6a953279d804dde157b91c02df7e7f1b136748b6"",""pdf_page"":474,""printed_page"":""447""}"
,pdf_vector_paths,,19,surviving vector geometry is source-backed but insufficient for automatic classification,candidate_vector_region_unclassified,"{""curve_count"":0,""drawing_count"":1,""fill_count"":1,""geometry_fingerprint"":""3da0bfc1c7c789c03e2043c32f868affa037f4f3ca047b6ec5e28b5e9f8916f0"",""line_count"":0,""rect_count"":1,""stroke_count"":0}",ibc2018:vector-region:c2d9d565d2a8407e7d7b84a7,0.0,,vector_graphic_region_detection,disputed,unknown,"{""appendix"":null,""bbox"":[59.95,147.35,571.9,148.3],""chapter"":""19"",""line_id"":null,""observed_text_sha256"":""6a06664e4c2c0792ade5e1d038fc475ab71f2e41eca0d6b39e7455c8699e72dd"",""pdf_page"":486,""printed_page"":""459""}"
,pdf_vector_paths,,19,surviving vector geometry is source-backed but insufficient for automatic classification,candidate_vector_region_unclassified,"{""curve_count"":0,""drawing_count"":2,""fill_count"":2,""geometry_fingerprint"":""daa840c8ab4604f35ce472ee3bd514d8db4ece12b7af4940866feb335e7879e6"",""line_count"":0,""rect_count"":2,""stroke_count"":0}",ibc2018:vector-region:53aa9a8bd8e6c3fc7532b023,0.0,,vector_graphic_region_detection,disputed,unknown,"{""appendix"":null,""bbox"":[59.95,232.55,571.9,236.5],""chapter"":""19"",""line_id"":null,""observed_text_sha256"":""60dbed9a1b3ec01f4dbe16e78fe5fa16301725165737cc8067725efb0d59c02c"",""pdf_page"":486,""printed_page"":""459""}"
,pdf_vector_paths,,20,surviving vector geometry is source-backed but insufficient for automatic classification,candidate_vector_region_unclassified,"{""curve_count"":0,""drawing_count"":1,""fill_count"":1,""geometry_fingerprint"":""fba21b216477e2a6469fdfc705d1d6f3820fc9a7477731b12e807c18df2a1a16"",""line_count"":0,""rect_count"":1,""stroke_count"":0}",ibc2018:vector-region:c84b6bf6fc55ea5bcab1cd51,0.0,,vector_graphic_region_detection,disputed,unknown,"{""appendix"":null,""bbox"":[59.95,143.15,571.9,144.1],""chapter"":""20"",""line_id"":null,""observed_text_sha256"":""0aa3f26ae2bee15bf76b0142ea69777a8e2a08b329a14a4d6ea7ec3de76c9e3f"",""pdf_page"":492,""printed_page"":""465""}"
,pdf_vector_paths,,20,surviving vector geometry is source-backed but insufficient for automatic classification,candidate_vector_region_unclassified,"{""curve_count"":0,""drawing_count"":2,""fill_count"":2,""geometry_fingerprint"":""a05af2f9c1eaf0af7d695c1e3f92d60e3e5fb6148995c630ca417ad9ddbe2fc1"",""line_count"":0,""rect_count"":2,""stroke_count"":0}",ibc2018:vector-region:0d74da0a715b735158790edd,0.0,,vector_graphic_region_detection,disputed,unknown,"{""appendix"":null,""bbox"":[59.95,236.75,571.9,240.7],""chapter"":""20"",""line_id"":null,""observed_text_sha256"":""fbc2cf03aef8092e14a44056a986dc9acb218de8ba0c264b71f2a806a3e3573e"",""pdf_page"":492,""printed_page"":""465""}"
,pdf_vector_paths,,21,surviving vector geometry is source-backed but insufficient for automatic classification,candidate_vector_region_unclassified,"{""curve_count"":0,""drawing_count"":1,""fill_count"":1,""geometry_fingerprint"":""e2fdd68fb6a5759da4238af0b2c04ec9a01b062a18f463455bed00c78944da96"",""line_count"":0,""rect_count"":1,""stroke_count"":0}",ibc2018:vector-region:41f40af4098e81cd1a2b550c,0.0,,vector_graphic_region_detection,disputed,unknown,"{""appendix"":null,""bbox"":[59.95,143.95,571.9,144.95],""chapter"":""21"",""line_id"":null,""observed_text_sha256"":""87b06e3baaadc37443e0aa26a27d3deebb7e22dfe813329e25ea9fd44c9d96f7"",""pdf_page"":494,""printed_page"":""467""}"
,pdf_vector_paths,,21,surviving vector geometry is source-backed but insufficient for automatic classification,candidate_vector_region_unclassified,"{""curve_count"":0,""drawing_count"":2,""fill_count"":2,""geometry_fingerprint"":""8df5bd7d69c89079a1e18413a8ccc788b5966e390edd1ceaa639da4e945f21e7"",""line_count"":0,""rect_count"":2,""stroke_count"":0}",ibc2018:vector-region:39c59682657b4acfad8daa4c,0.0,,vector_graphic_region_detection,disputed,unknown,"{""appendix"":null,""bbox"":[59.95,238.4,571.9,242.35],""chapter"":""21"",""line_id"":null,""observed_text_sha256"":""3d85161a092968a94a4702b92ce90223286b027a01c1ec21dac109c3447f0732"",""pdf_page"":494,""printed_page"":""467""}"
,pdf_vector_paths,,21,dense rectangle-only geometry is more consistent with table or background construction,candidate_tabular_or_background_geometry,"{""curve_count"":0,""drawing_count"":10,""fill_count"":10,""geometry_fingerprint"":""0697b6fb0b8f9b086c9215b79b5558aef1358bbb3c0323740b8f1aa7a0bca503"",""line_count"":0,""rect_count"":10,""stroke_count"":0}",ibc2018:vector-region:8394cbc0fcda95b149b324df,0.0,,vector_graphic_region_detection,disputed,unknown,"{""appendix"":null,""bbox"":[39.7,95.75,287.0,224.15],""chapter"":""21"",""line_id"":null,""observed_text_sha256"":""d1bf24b0fe6b983c9e6df0d9152af08a077c0bccf6b677b6a00eff65aed17f29"",""pdf_page"":495,""printed_page"":""468""}"
,pdf_vector_paths,,21,dense rectangle-only geometry is more consistent with table or background construction,candidate_tabular_or_background_geometry,"{""curve_count"":0,""drawing_count"":12,""fill_count"":12,""geometry_fingerprint"":""dd4448d75d7cc041b7faaefd06dc4c3faffa52000c0f0e6311d33ed0b3fba0b5"",""line_count"":0,""rect_count"":12,""stroke_count"":0}",ibc2018:vector-region:7edb1865a19ddfe333244bac,0.0,,vector_graphic_region_detection,disputed,unknown,"{""appendix"":null,""bbox"":[39.7,613.65,286.9,732.1],""chapter"":""21"",""line_id"":null,""observed_text_sha256"":""fb6e29e66a20bcc12cf06a46319efa8c5be54ce0f1f3fcb8f49fb99064328e88"",""pdf_page"":497,""printed_page"":""470""}"
,pdf_vector_paths,,21,surviving vector geometry is source-backed but insufficient for automatic classification,candidate_vector_region_unclassified,"{""curve_count"":0,""drawing_count"":1,""fill_count"":1,""geometry_fingerprint"":""7eda80e6102da4caf865304cfde677022166f939a62248fa941fd5f6348f943b"",""line_count"":0,""rect_count"":1,""stroke_count"":0}",ibc2018:vector-region:5748e37a39df8c021130b253,0.0,,vector_graphic_region_detection,disputed,unknown,"{""appendix"":null,""bbox"":[559.15,150.55,563.25,255.2],""chapter"":""21"",""line_id"":null,""observed_text_sha256"":""1dcc5fb5dfbc147b5d60f68889c0bb35e52d375de91d77bd632e78e71f16136a"",""pdf_page"":497,""printed_page"":""470""}"
,pdf_vector_paths,,21,region overlaps or directly precedes a formally captioned figure,rejected_captioned_figure_region,"{""curve_count"":0,""drawing_count"":2,""fill_count"":2,""geometry_fingerprint"":""14dc50d44cd63aa3a4156725ebeff9d7cb051cc88fa735b6e7a70c264eac76d7"",""line_count"":0,""rect_count"":2,""stroke_count"":0}",ibc2018:vector-region:3bdf245e1a6c4bc3028ec5da,0.0,,vector_graphic_region_detection,rejected,unknown,"{""appendix"":null,""bbox"":[59.95,357.9,306.0,544.15],""chapter"":""21"",""line_id"":null,""observed_text_sha256"":""e3359184d7fc1a088837dae51b5379146790a86d9a0841656efd3e84d9daa596"",""pdf_page"":500,""printed_page"":""473""}"
,pdf_vector_paths,,21,dense rectangle-only geometry is more consistent with table or background construction,candidate_tabular_or_background_geometry,"{""curve_count"":0,""drawing_count"":13,""fill_count"":13,""geometry_fingerprint"":""8f90d9d0d910e5c5d8a6033a80d37631710a4c90a79b919e308988de0f071c39"",""line_count"":0,""rect_count"":13,""stroke_count"":0}",ibc2018:vector-region:a1a16c80ee8e3055dc24b8ea,0.0,,vector_graphic_region_detection,disputed,unknown,"{""appendix"":null,""bbox"":[59.75,465.7,306.45,598.15],""chapter"":""21"",""line_id"":null,""observed_text_sha256"":""0e903850bb6b3034d841c1cbb8cad4adba430413280c5f8ee2455ab4a225cb77"",""pdf_page"":504,""printed_page"":""477""}"
,pdf_vector_paths,,21,region overlaps or directly precedes a formally captioned figure,rejected_captioned_figure_region,"{""curve_count"":0,""drawing_count"":2,""fill_count"":2,""geometry_fingerprint"":""604ed7c2d5157e9f5196b32131fdf225f790daee6c9595ce4ce7f60440df467e"",""line_count"":0,""rect_count"":2,""stroke_count"":0}",ibc2018:vector-region:72e90583fa1c1aef2d7c63d6,0.0,,vector_graphic_region_detection,rejected,unknown,"{""appendix"":null,""bbox"":[61.05,70.55,575.0,432.35],""chapter"":""21"",""line_id"":null,""observed_text_sha256"":""1aee218eee3d191476d38dd7aa2905ab776630abc96b2d3e4d245499b009bf19"",""pdf_page"":504,""printed_page"":""477""}"
,pdf_vector_paths,,21,dense rectangle-only geometry is more consistent with table or background construction,candidate_tabular_or_background_geometry,"{""curve_count"":0,""drawing_count"":22,""fill_count"":22,""geometry_fingerprint"":""cfbb5b375befd2b501e5db486d03f5eadca4faf455f56fe481cb3b1d8574972b"",""line_count"":0,""rect_count"":22,""stroke_count"":0}",ibc2018:vector-region:4301ba4b8d2c88dc6100090e,0.0,,vector_graphic_region_detection,disputed,unknown,"{""appendix"":null,""bbox"":[325.65,473.75,573.7,732.2],""chapter"":""21"",""line_id"":null,""observed_text_sha256"":""c4badbde92a4b9aa2dbebd65c61f3d58df8d0786430d6f9fe214c314267c1103"",""pdf_page"":504,""printed_page"":""477""}"
,pdf_vector_paths,,21,region overlaps or directly precedes a formally captioned figure,rejected_captioned_figure_region,"{""curve_count"":168,""drawing_count"":5,""fill_count"":2,""geometry_fingerprint"":""b193f38c31bcebc4d21eb75521415c1d8fbea402d586071f31db88dabd36c196"",""line_count"":56,""rect_count"":2,""stroke_count"":3}",ibc2018:vector-region:14dad20ef19d63b620825bef,0.0,,vector_graphic_region_detection,rejected,unknown,"{""appendix"":null,""bbox"":[40.0,424.15,285.95,580.05],""chapter"":""21"",""line_id"":null,""observed_text_sha256"":""a8992f81e69c6acc564554e77b57bab06abf9b4573249dcca0ffd306424d7c14"",""pdf_page"":505,""printed_page"":""478""}"
,pdf_vector_paths,,21,region overlaps or directly precedes a formally captioned figure,rejected_captioned_figure_region,"{""curve_count"":0,""drawing_count"":9,""fill_count"":9,""geometry_fingerprint"":""5f1dd6a62f6b74b5f01e313ec957d5b8be78ca92056b9137578f2148254273e7"",""line_count"":0,""rect_count"":9,""stroke_count"":0}",ibc2018:vector-region:675fcdbcbc6f10da61b185a5,0.0,,vector_graphic_region_detection,rejected,unknown,"{""appendix"":null,""bbox"":[305.75,77.95,563.25,402.95],""chapter"":""21"",""line_id"":null,""observed_text_sha256"":""b961341d9e83a9dafa8f4ddc1de00a6a01828fa0ed510cfa45ca3864abe62a71"",""pdf_page"":505,""printed_page"":""478""}"
,pdf_vector_paths,,22,surviving vector geometry is source-backed but insufficient for automatic classification,candidate_vector_region_unclassified,"{""curve_count"":0,""drawing_count"":1,""fill_count"":1,""geometry_fingerprint"":""281084d84a0ae28c96d76c01f7284a092f8a424baa1268a2982e090e2237c991"",""line_count"":0,""rect_count"":1,""stroke_count"":0}",ibc2018:vector-region:2420e6ea879a28599fd89738,0.0,,vector_graphic_region_detection,disputed,unknown,"{""appendix"":null,""bbox"":[48.7,351.45,52.75,507.8],""chapter"":""22"",""line_id"":null,""observed_text_sha256"":""19fcd286316817565566626540686b1300759006ee6ebecfd0cfafd5174e94ee"",""pdf_page"":506,""printed_page"":""479""}"
,pdf_vector_paths,,22,surviving vector geometry is source-backed but insufficient for automatic classification,candidate_vector_region_unclassified,"{""curve_count"":0,""drawing_count"":1,""fill_count"":1,""geometry_fingerprint"":""732c8b8dc6d6b18ea524ef265de2a46622554e2a3bab572e6e28683696078494"",""line_count"":0,""rect_count"":1,""stroke_count"":0}",ibc2018:vector-region:85c92656e0907f7df4ded570,0.0,,vector_graphic_region_detection,disputed,unknown,"{""appendix"":null,""bbox"":[59.95,131.6,571.9,132.55],""chapter"":""22"",""line_id"":null,""observed_text_sha256"":""6989e8fb8db6ff308f823e71765cd76b9709c1d4a8dd071cc98fe5ff6f77e514"",""pdf_page"":506,""printed_page"":""479""}"
,pdf_vector_paths,,22,surviving vector geometry is source-backed but insufficient for automatic classification,candidate_vector_region_unclassified,"{""curve_count"":0,""drawing_count"":2,""fill_count"":2,""geometry_fingerprint"":""32dc1ad95b22c2808a4bcab5819237b0acf781bb35d95a52ef7b8aa08470a35f"",""line_count"":0,""rect_count"":2,""stroke_count"":0}",ibc2018:vector-region:c784172d1f1539a6b81c38f1,0.0,,vector_graphic_region_detection,disputed,unknown,"{""appendix"":null,""bbox"":[59.95,235.65,571.9,239.6],""chapter"":""22"",""line_id"":null,""observed_text_sha256"":""1306dd0432b5e7156956e9fd78ea05ed4205c39c7deecc309387aaf778e76d04"",""pdf_page"":506,""printed_page"":""479""}"
,pdf_vector_paths,,22,surviving vector geometry is source-backed but insufficient for automatic classification,candidate_vector_region_unclassified,"{""curve_count"":0,""drawing_count"":1,""fill_count"":1,""geometry_fingerprint"":""a536b010b9ce13018f48b6ac46c5f72510eaad1e130411cd3552518c559201c0"",""line_count"":0,""rect_count"":1,""stroke_count"":0}",ibc2018:vector-region:b16b7e6ebe35acbeba942070,0.0,,vector_graphic_region_detection,disputed,unknown,"{""appendix"":null,""bbox"":[583.75,374.0,587.85,743.35],""chapter"":""22"",""line_id"":null,""observed_text_sha256"":""831980cc79eb37168cb7f525be4b52185d8eb3b0eb08422eb7054407fafee6db"",""pdf_page"":508,""printed_page"":""481""}"
,pdf_vector_paths,,23,surviving vector geometry is source-backed but insufficient for automatic classification,candidate_vector_region_unclassified,"{""curve_count"":0,""drawing_count"":1,""fill_count"":1,""geometry_fingerprint"":""e2fdd68fb6a5759da4238af0b2c04ec9a01b062a18f463455bed00c78944da96"",""line_count"":0,""rect_count"":1,""stroke_count"":0}",ibc2018:vector-region:bd815ac1a29e23ca683133a8,0.0,,vector_graphic_region_detection,disputed,unknown,"{""appendix"":null,""bbox"":[59.95,143.95,571.9,144.95],""chapter"":""23"",""line_id"":null,""observed_text_sha256"":""87b06e3baaadc37443e0aa26a27d3deebb7e22dfe813329e25ea9fd44c9d96f7"",""pdf_page"":510,""printed_page"":""483""}"
,pdf_vector_paths,,23,surviving vector geometry is source-backed but insufficient for automatic classification,candidate_vector_region_unclassified,"{""curve_count"":0,""drawing_count"":2,""fill_count"":2,""geometry_fingerprint"":""bf51ab547923dd32113cc3febd6f938e0889d263a3a51a2c79c74c99a030c601"",""line_count"":0,""rect_count"":2,""stroke_count"":0}",ibc2018:vector-region:765ed03420476f640ed59c10,0.0,,vector_graphic_region_detection,disputed,unknown,"{""appendix"":null,""bbox"":[59.95,248.35,571.9,252.35],""chapter"":""23"",""line_id"":null,""observed_text_sha256"":""67f205588a542f1bcbac6aff58b37b3a9bbdd6403957cf6cfde12133bb968880"",""pdf_page"":510,""printed_page"":""483""}"
,pdf_vector_paths,,23,dense rectangle-only geometry is more consistent with table or background construction,candidate_tabular_or_background_geometry,"{""curve_count"":0,""drawing_count"":23,""fill_count"":23,""geometry_fingerprint"":""89e17c95b189aba2a68c6ddc9fbc5b5e370923d019667aa94c595760ec4396cd"",""line_count"":0,""rect_count"":23,""stroke_count"":0}",ibc2018:vector-region:dd5fd45bc0a9d00d2a87eef0,0.0,,vector_graphic_region_detection,disputed,unknown,"{""appendix"":null,""bbox"":[38.6,104.6,552.35,253.55],""chapter"":""23"",""line_id"":null,""observed_text_sha256"":""9c2b76ab5e02f5d726dd09a6e47b94e91b6562763cd263d7fcbbd417c4f80486"",""pdf_page"":515,""printed_page"":""488""}"
,pdf_vector_paths,,23,dense rectangle-only geometry is more consistent with table or background construction,candidate_tabular_or_background_geometry,"{""curve_count"":0,""drawing_count"":16,""fill_count"":16,""geometry_fingerprint"":""dd5bb4f9d7e5b783dac15dc35e2b9306ba2c392a417cce6ba5fa10dacd86fbde"",""line_count"":0,""rect_count"":16,""stroke_count"":0}",ibc2018:vector-region:74e634fa75f3a18f24baa217,0.0,,vector_graphic_region_detection,disputed,unknown,"{""appendix"":null,""bbox"":[39.55,608.0,552.95,710.5],""chapter"":""23"",""line_id"":null,""observed_text_sha256"":""1d480e842daa8e6fba523ae8e3905cf82706e714b34644969375e413d3be3eef"",""pdf_page"":515,""printed_page"":""488""}"
,pdf_vector_paths,,23,dense rectangle-only geometry is more consistent with table or background construction,candidate_tabular_or_background_geometry,"{""curve_count"":0,""drawing_count"":10,""fill_count"":10,""geometry_fingerprint"":""dee9a2fbc411a1b60dc205c7a47bec8392629c29b4c630344b4bb9240feec08d"",""line_count"":0,""rect_count"":10,""stroke_count"":0}",ibc2018:vector-region:796ef4d79e6496bcc1a4606a,0.0,,vector_graphic_region_detection,disputed,unknown,"{""appendix"":null,""bbox"":[59.15,95.25,572.95,168.8],""chapter"":""23"",""line_id"":null,""observed_text_sha256"":""c5a6d697830fa9860c7853aa2485ef53644c40a8ff2435edba0151351120fd0c"",""pdf_page"":516,""printed_page"":""489""}"
,pdf_vector_paths,,23,dense rectangle-only geometry is more consistent with table or background construction,candidate_tabular_or_background_geometry,"{""curve_count"":0,""drawing_count"":33,""fill_count"":33,""geometry_fingerprint"":""c64b59dc2e6c1a021b43ea73ec9410f2e9f80e2bbf9c2a582f4d7e8d573a3eac"",""line_count"":0,""rect_count"":33,""stroke_count"":0}",ibc2018:vector-region:e59f41208330803df90e41f9,0.0,,vector_graphic_region_detection,disputed,unknown,"{""appendix"":null,""bbox"":[39.55,98.75,551.75,407.25],""chapter"":""23"",""line_id"":null,""observed_text_sha256"":""1cecff8cbd9efda4a8de46b440b61c031389f5e3dfbd95d57f75fa2974082170"",""pdf_page"":517,""printed_page"":""490""}"
,pdf_vector_paths,,23,dense rectangle-only geometry is more consistent with table or background construction,candidate_tabular_or_background_geometry,"{""curve_count"":0,""drawing_count"":15,""fill_count"":15,""geometry_fingerprint"":""95c60a0543513eca9f3b2e2b606243d9fd2c5903dbc8f92f599073b5f6f5b26d"",""line_count"":0,""rect_count"":15,""stroke_count"":0}",ibc2018:vector-region:836ef7bcdd013abfc6129cb3,0.0,,vector_graphic_region_detection,disputed,unknown,"{""appendix"":null,""bbox"":[39.55,572.6,551.5,665.0],""chapter"":""23"",""line_id"":null,""observed_text_sha256"":""c963e416930579a63a8356df847407d4aa2253b231b11f3b0f07a6d79b81cd97"",""pdf_page"":517,""printed_page"":""490""}"
,pdf_vector_paths,,23,dense rectangle-only geometry is more consistent with table or background construction,candidate_tabular_or_background_geometry,"{""curve_count"":0,""drawing_count"":20,""fill_count"":20,""geometry_fingerprint"":""7f2d37c92e08f0e6f39fb1fd15647d8155ee1e3bbb628035c566e7dfca0aed98"",""line_count"":0,""rect_count"":20,""stroke_count"":0}",ibc2018:vector-region:3c79eb77030c0c66099dafef,0.0,,vector_graphic_region_detection,disputed,unknown,"{""appendix"":null,""bbox"":[59.25,359.6,584.35,658.55],""chapter"":""23"",""line_id"":null,""observed_text_sha256"":""3097d9de30cc069ac6b588be0f6ce0ae657e190465217f591e26738618cb170d"",""pdf_page"":518,""printed_page"":""491""}"
,pdf_vector_paths,,23,dense rectangle-only geometry is more consistent with table or background construction,candidate_tabular_or_background_geometry,"{""curve_count"":0,""drawing_count"":11,""fill_count"":11,""geometry_fingerprint"":""2384f6c654c3a4a19333f5dd44520308f58469a128ff7d1b5686114c81ad5fe6"",""line_count"":0,""rect_count"":11,""stroke_count"":0}",ibc2018:vector-region:e6dbec1ed14c538995dbd670,0.0,,vector_graphic_region_detection,disputed,unknown,"{""appendix"":null,""bbox"":[59.35,113.5,572.75,305.0],""chapter"":""23"",""line_id"":null,""observed_text_sha256"":""33c93406cf87be9343c782a66bca8262776ae7dd74dac0910d50832e6b76609d"",""pdf_page"":518,""printed_page"":""491""}"
,pdf_vector_paths,,23,dense rectangle-only geometry is more consistent with table or background construction,candidate_tabular_or_background_geometry,"{""curve_count"":0,""drawing_count"":18,""fill_count"":18,""geometry_fingerprint"":""bcc9cb2cb9568e332b44e5cd37b9f15ba016a4c9f45181e505e80ec8bb4b7842"",""line_count"":0,""rect_count"":18,""stroke_count"":0}",ibc2018:vector-region:646cc0b3cc5dff0cffd4461c,0.0,,vector_graphic_region_detection,disputed,unknown,"{""appendix"":null,""bbox"":[59.75,95.15,572.75,602.6],""chapter"":""23"",""line_id"":null,""observed_text_sha256"":""f5383fef5ed751b11a6471cdc47c547a1ec9fcab9b682afe5147e7b934128415"",""pdf_page"":520,""printed_page"":""493""}"
,pdf_vector_paths,,23,dense rectangle-only geometry is more consistent with table or background construction,candidate_tabular_or_background_geometry,"{""curve_count"":0,""drawing_count"":24,""fill_count"":24,""geometry_fingerprint"":""827871e79324c99c76f8586382c84296a9df2cd9b85416dfbd938ad7158528bb"",""line_count"":0,""rect_count"":24,""stroke_count"":0}",ibc2018:vector-region:dc05bb0f8a62555c0e675ff1,0.0,,vector_graphic_region_detection,disputed,unknown,"{""appendix"":null,""bbox"":[39.45,95.6,552.45,615.55],""chapter"":""23"",""line_id"":null,""observed_text_sha256"":""a2a67553d656b8ad809f3624d2f6c5787803467efd5a4ba23101edd7af58df5e"",""pdf_page"":521,""printed_page"":""494""}"
,pdf_vector_paths,,23,dense rectangle-only geometry is more consistent with table or background construction,candidate_tabular_or_background_geometry,"{""curve_count"":0,""drawing_count"":24,""fill_count"":24,""geometry_fingerprint"":""73bc6ba7c42723a5d31583d1c3241ef9990b9d06ea748934b9b5dfbf064f9ac8"",""line_count"":0,""rect_count"":24,""stroke_count"":0}",ibc2018:vector-region:c1cf1e5a13f3caba1e1cc9ec,0.0,,vector_graphic_region_detection,disputed,unknown,"{""appendix"":null,""bbox"":[59.35,94.65,572.35,647.75],""chapter"":""23"",""line_id"":null,""observed_text_sha256"":""58da41e125f2c3f823993fa07e720f79accf85c50f92b2873f82f566e8fcaa1e"",""pdf_page"":522,""printed_page"":""495""}"
,pdf_vector_paths,,23,dense rectangle-only geometry is more consistent with table or background construction,candidate_tabular_or_background_geometry,"{""curve_count"":0,""drawing_count"":38,""fill_count"":38,""geometry_fingerprint"":""fa7937e710d6e23485f18a232b4a09f26bf7197530030932b6fd46ff817272ff"",""line_count"":0,""rect_count"":38,""stroke_count"":0}",ibc2018:vector-region:611a1185f34d9ec30b9a7275,0.0,,vector_graphic_region_detection,disputed,unknown,"{""appendix"":null,""bbox"":[40.05,95.6,553.3,673.3],""chapter"":""23"",""line_id"":null,""observed_text_sha256"":""d796fc1c681d993262cdbd7d98700ebfb8630289072ec2d8a624cb4429403361"",""pdf_page"":523,""printed_page"":""496""}"
,pdf_vector_paths,,23,surviving vector geometry is source-backed but insufficient for automatic classification,candidate_vector_region_unclassified,"{""curve_count"":0,""drawing_count"":1,""fill_count"":1,""geometry_fingerprint"":""531da87e5364c74068e08ac62aa950a5dbe7e4c15cafadec6175b5ae87813177"",""line_count"":0,""rect_count"":1,""stroke_count"":0}",ibc2018:vector-region:7d3f43c4332e4eb3a3617bb5,0.0,,vector_graphic_region_detection,disputed,unknown,"{""appendix"":null,""bbox"":[48.7,297.95,52.75,511.9],""chapter"":""23"",""line_id"":null,""observed_text_sha256"":""2a883bb9eef8267ff67dfab92fdf5f98c570f858a0c05c949742a07a15c084ce"",""pdf_page"":524,""printed_page"":""497""}"
,pdf_vector_paths,,23,surviving vector geometry is source-backed but insufficient for automatic classification,candidate_vector_region_unclassified,"{""curve_count"":0,""drawing_count"":1,""fill_count"":1,""geometry_fingerprint"":""db20fc0871eba5c0dcc99d90db50a519dd3d6edecb62888708de5577dde9d1c7"",""line_count"":0,""rect_count"":1,""stroke_count"":0}",ibc2018:vector-region:ad745494953cc2bd217f3c4d,0.0,,vector_graphic_region_detection,disputed,unknown,"{""appendix"":null,""bbox"":[48.7,557.0,52.75,668.95],""chapter"":""23"",""line_id"":null,""observed_text_sha256"":""0a25a4b778a1d3e4022f142364b3b4e47a3de4ac4b2c0638390c0b5d24e23ccd"",""pdf_page"":524,""printed_page"":""497""}"
,pdf_vector_paths,,23,dense rectangle-only geometry is more consistent with table or background construction,candidate_tabular_or_background_geometry,"{""curve_count"":0,""drawing_count"":12,""fill_count"":12,""geometry_fingerprint"":""46d01157c42a023a24d6b61086cdbe479872f45de3ff3b125c6af539f8723aed"",""line_count"":0,""rect_count"":12,""stroke_count"":0}",ibc2018:vector-region:0cc7ad95e491eb1634e8ed05,0.0,,vector_graphic_region_detection,disputed,unknown,"{""appendix"":null,""bbox"":[59.35,96.2,572.6,202.65],""chapter"":""23"",""line_id"":null,""observed_text_sha256"":""7d6b1c7e7cf76a96d9412ae8c0167d24ab5b2573433ee53f002a12ccb2d13b46"",""pdf_page"":524,""printed_page"":""497""}"
,pdf_vector_paths,,23,dense rectangle-only geometry is more consistent with table or background construction,candidate_tabular_or_background_geometry,"{""curve_count"":0,""drawing_count"":18,""fill_count"":18,""geometry_fingerprint"":""31182ef1a95ddf8441381a8cf9cd0e84bbe41a0aec93d6af4b9d116ad765ef20"",""line_count"":0,""rect_count"":18,""stroke_count"":0}",ibc2018:vector-region:3433899b5f8cfca65c19cc1a,0.0,,vector_graphic_region_detection,disputed,unknown,"{""appendix"":null,""bbox"":[28.4,410.15,553.3,744.1],""chapter"":""23"",""line_id"":null,""observed_text_sha256"":""151d9748332475104181a4755f3748ed36940ad98efc66a2e1d9cbbdadd4c79a"",""pdf_page"":525,""printed_page"":""498""}"
,pdf_vector_paths,,23,surviving vector geometry is source-backed but insufficient for automatic classification,candidate_vector_region_unclassified,"{""curve_count"":0,""drawing_count"":1,""fill_count"":1,""geometry_fingerprint"":""bf078d53bb18602249466e94bcccba98f85cc2cfa40d3f7ff982acf96601ebf8"",""line_count"":0,""rect_count"":1,""stroke_count"":0}",ibc2018:vector-region:6b558727bbe0cdd43380956c,0.0,,vector_graphic_region_detection,disputed,unknown,"{""appendix"":null,""bbox"":[559.15,135.95,563.25,275.95],""chapter"":""23"",""line_id"":null,""observed_text_sha256"":""cf52947f843bae304f254726adad464c9742464afdaa369c373e57a86097d2bb"",""pdf_page"":525,""printed_page"":""498""}"
,pdf_vector_paths,,23,surviving vector geometry is source-backed but insufficient for automatic classification,candidate_vector_region_unclassified,"{""curve_count"":0,""drawing_count"":1,""fill_count"":1,""geometry_fingerprint"":""cc90dd46a076eab617a56fc3fdd88b11ca8fe6bd1b53d6bb80e0751dfccdc1fe"",""line_count"":0,""rect_count"":1,""stroke_count"":0}",ibc2018:vector-region:c684f5f8b00618a22c1905b0,0.0,,vector_graphic_region_detection,disputed,unknown,"{""appendix"":null,""bbox"":[579.1,457.05,583.15,580.3],""chapter"":""23"",""line_id"":null,""observed_text_sha256"":""a543c3afdbee5585e45d78d50f49c01b3c0f82e547b9b6e3eeb468000040fa5e"",""pdf_page"":526,""printed_page"":""499""}"
,pdf_vector_paths,,23,dense rectangle-only geometry is more consistent with table or background construction,candidate_tabular_or_background_geometry,"{""curve_count"":0,""drawing_count"":12,""fill_count"":12,""geometry_fingerprint"":""ef1b3681184c39b8963bcff28388c979e8f6bcc7a849947dd0ee83d41f07b8eb"",""line_count"":0,""rect_count"":12,""stroke_count"":0}",ibc2018:vector-region:1a9fc9cdd8ba2193c094d05a,0.0,,vector_graphic_region_detection,disputed,unknown,"{""appendix"":null,""bbox"":[305.75,347.35,552.35,455.95],""chapter"":""23"",""line_id"":null,""observed_text_sha256"":""81bf49f00aa8be4cbeb05aa89c90fb355e064ef6a8eb831e95e26781bf3ca164"",""pdf_page"":527,""printed_page"":""500""}"
,pdf_vector_paths,,23,dense rectangle-only geometry is more consistent with table or background construction,candidate_tabular_or_background_geometry,"{""curve_count"":0,""drawing_count"":24,""fill_count"":24,""geometry_fingerprint"":""35c298bf782cf4604bd7252968b3064ed3cdbab1e00cdffc7b93ed46503ee3f4"",""line_count"":0,""rect_count"":24,""stroke_count"":0}",ibc2018:vector-region:df06a3467c8dbe545ac902fc,0.0,,vector_graphic_region_detection,disputed,unknown,"{""appendix"":null,""bbox"":[59.15,481.75,572.6,713.85],""chapter"":""23"",""line_id"":null,""observed_text_sha256"":""2eac948b19174332e6ecd7f4f47d0ee343dca7c7ac0c231ff1b1360553b88822"",""pdf_page"":528,""printed_page"":""501""}"
,pdf_vector_paths,,23,dense rectangle-only geometry is more consistent with table or background construction,candidate_tabular_or_background_geometry,"{""curve_count"":0,""drawing_count"":27,""fill_count"":27,""geometry_fingerprint"":""3578e52249c77ff6d4d930b3431e30f454254c1a71ae314df053e46d1cc0fdfb"",""line_count"":0,""rect_count"":27,""stroke_count"":0}",ibc2018:vector-region:c5df6beb7f9c6e28bce86279,0.0,,vector_graphic_region_detection,disputed,unknown,"{""appendix"":null,""bbox"":[60.45,248.35,573.35,464.85],""chapter"":""23"",""line_id"":null,""observed_text_sha256"":""e1919ed62c106d839a04a471ab6bad8b9c4844fe118f7029a41909a7dd64c9a7"",""pdf_page"":528,""printed_page"":""501""}"
,pdf_vector_paths,,23,dense rectangle-only geometry is more consistent with table or background construction,candidate_tabular_or_background_geometry,"{""curve_count"":0,""drawing_count"":17,""fill_count"":17,""geometry_fingerprint"":""712db84c55d723b6d4d27101c2aae49ffb5e528cd0436a9c46218e088b020c59"",""line_count"":0,""rect_count"":17,""stroke_count"":0}",ibc2018:vector-region:1258c6f5ed208006d6245d38,0.0,,vector_graphic_region_detection,disputed,unknown,"{""appendix"":null,""bbox"":[305.35,294.1,552.2,669.95],""chapter"":""23"",""line_id"":null,""observed_text_sha256"":""1c26458611a996f41325f9128774b89cdb4133628adf024e98e17be53c22dd20"",""pdf_page"":529,""printed_page"":""502""}"
,pdf_vector_paths,,23,surviving vector geometry is source-backed but insufficient for automatic classification,candidate_vector_region_unclassified,"{""curve_count"":0,""drawing_count"":8,""fill_count"":8,""geometry_fingerprint"":""9c406d9acc9ff24cfcd4d6b68698f90ebe62ca7a3285cdce9928c165ce3b33db"",""line_count"":0,""rect_count"":8,""stroke_count"":0}",ibc2018:vector-region:6b4885ea9849bd713f97879a,0.0,,vector_graphic_region_detection,disputed,unknown,"{""appendix"":null,""bbox"":[325.65,215.75,572.85,273.35],""chapter"":""23"",""line_id"":null,""observed_text_sha256"":""0a9a6a651266716eb04605d70c368ee43cb78f719136c27ca19eae487add6032"",""pdf_page"":530,""printed_page"":""503""}"
,pdf_vector_paths,,23,dense rectangle-only geometry is more consistent with table or background construction,candidate_tabular_or_background_geometry,"{""curve_count"":0,""drawing_count"":30,""fill_count"":30,""geometry_fingerprint"":""4fb2751508cc35cfa16fcce009c5640e1371bf36801c5a2f7aff88c8f022159c"",""line_count"":0,""rect_count"":30,""stroke_count"":0}",ibc2018:vector-region:139b16178b36c5a72773c905,0.0,,vector_graphic_region_detection,disputed,unknown,"{""appendix"":null,""bbox"":[38.5,105.95,552.95,424.55],""chapter"":""23"",""line_id"":null,""observed_text_sha256"":""3fe5e55b49bf607db8689dd0b2f85cd232a26f009730f234793eaa12d02c34fb"",""pdf_page"":531,""printed_page"":""504""}"
,pdf_vector_paths,,23,surviving vector geometry is source-backed but insufficient for automatic classification,candidate_vector_region_unclassified,"{""curve_count"":0,""drawing_count"":1,""fill_count"":1,""geometry_fingerprint"":""d075f6313f11f8e911f2e876c6f853627d657bf0524b804962663234d29e728f"",""line_count"":0,""rect_count"":1,""stroke_count"":0}",ibc2018:vector-region:620c1e18df2db93115441024,0.0,,vector_graphic_region_detection,disputed,unknown,"{""appendix"":null,""bbox"":[39.7,443.25,549.8,575.6],""chapter"":""23"",""line_id"":null,""observed_text_sha256"":""667fa6bc99a8ab7ea2f4c3d50319b0cd437f686888f7cec9b9f1c5efc9300081"",""pdf_page"":531,""printed_page"":""504""}"
,pdf_vector_paths,,23,dense rectangle-only geometry is more consistent with table or background construction,candidate_tabular_or_background_geometry,"{""curve_count"":0,""drawing_count"":29,""fill_count"":29,""geometry_fingerprint"":""3cc0cb530fccaba8a51c5f6384b41fee4b063efb36ef8ed9a5117858a3b02c26"",""line_count"":0,""rect_count"":29,""stroke_count"":0}",ibc2018:vector-region:978376f3e3b606eaf9e5a50b,0.0,,vector_graphic_region_detection,disputed,unknown,"{""appendix"":null,""bbox"":[60.8,112.4,571.15,334.9],""chapter"":""23"",""line_id"":null,""observed_text_sha256"":""0fe62016a4b8221c4e188e36c28d1c79605cd1c7d4efe811c19c616d681583ba"",""pdf_page"":532,""printed_page"":""505""}"
,pdf_vector_paths,,23,surviving vector geometry is source-backed but insufficient for automatic classification,candidate_vector_region_unclassified,"{""curve_count"":0,""drawing_count"":2,""fill_count"":2,""geometry_fingerprint"":""41a9c82b38b15d99d3d3a5feb4dc9f73038845c970918747198bb39ea59bf588"",""line_count"":0,""rect_count"":2,""stroke_count"":0}",ibc2018:vector-region:b8b90518a828e20d7075215b,0.0,,vector_graphic_region_detection,disputed,unknown,"{""appendix"":null,""bbox"":[39.45,78.55,551.5,744.55],""chapter"":""23"",""line_id"":null,""observed_text_sha256"":""9860cc24e1183534789da8310261b66d974ab331773ffb9dd6ef269df97057f1"",""pdf_page"":533,""printed_page"":""506""}"
,pdf_vector_paths,,23,dense rectangle-only geometry is more consistent with table or background construction,candidate_tabular_or_background_geometry,"{""curve_count"":0,""drawing_count"":38,""fill_count"":38,""geometry_fingerprint"":""a2fecdbed87546714f1d347226b304054fe405bd8c4aad7f6ab44987c5d28d7b"",""line_count"":0,""rect_count"":38,""stroke_count"":0}",ibc2018:vector-region:f79c798d39e804425987acf4,0.0,,vector_graphic_region_detection,disputed,unknown,"{""appendix"":null,""bbox"":[60.7,104.15,573.1,282.55],""chapter"":""23"",""line_id"":null,""observed_text_sha256"":""775c4e9e3b1a2dc27f99b7b264e30dbc850389a84bbdf9bab048a2deedd9286a"",""pdf_page"":534,""printed_page"":""507""}"
,pdf_vector_paths,,23,dense rectangle-only geometry is more consistent with table or background construction,candidate_tabular_or_background_geometry,"{""curve_count"":0,""drawing_count"":11,""fill_count"":11,""geometry_fingerprint"":""63a16d327d71f339f834b3d1b19d8cffdaf9d7567d1b4efa7ccc5021d9d54345"",""line_count"":0,""rect_count"":11,""stroke_count"":0}",ibc2018:vector-region:4a9c141705660b49aa2fe03d,0.0,,vector_graphic_region_detection,disputed,unknown,"{""appendix"":null,""bbox"":[61.05,541.3,573.45,613.9],""chapter"":""23"",""line_id"":null,""observed_text_sha256"":""b31e95c6f74f84c2b48661584114767caa0428e168ae311f9a180fea36cd261c"",""pdf_page"":534,""printed_page"":""507""}"
,pdf_vector_paths,,23,dense rectangle-only geometry is more consistent with table or background construction,candidate_tabular_or_background_geometry,"{""curve_count"":0,""drawing_count"":24,""fill_count"":24,""geometry_fingerprint"":""25e8b60281793c7393155378a74bb9c2d8bcf4a95940b3e9053eb85f5aaea22a"",""line_count"":0,""rect_count"":24,""stroke_count"":0}",ibc2018:vector-region:2bd554b9c0e75bdcc5ed9d1b,0.0,,vector_graphic_region_detection,disputed,unknown,"{""appendix"":null,""bbox"":[39.55,104.35,551.85,415.9],""chapter"":""23"",""line_id"":null,""observed_text_sha256"":""5092999e26ef0e8b6ab26110db50876f9ac9aea98d9e7b5e4b803217ac827a90"",""pdf_page"":535,""printed_page"":""508""}"
,pdf_vector_paths,,23,surviving vector geometry is source-backed but insufficient for automatic classification,candidate_vector_region_unclassified,"{""curve_count"":0,""drawing_count"":1,""fill_count"":1,""geometry_fingerprint"":""09d9b8aea33ae7b865ae38b1acfd0cf1f1b1a264b2a033e7e22f17b362d45f52"",""line_count"":0,""rect_count"":1,""stroke_count"":0}",ibc2018:vector-region:f96376ca957fdbb960ae3e33,0.0,,vector_graphic_region_detection,disputed,unknown,"{""appendix"":null,""bbox"":[48.7,256.9,52.75,431.95],""chapter"":""23"",""line_id"":null,""observed_text_sha256"":""9e6ac15ccdb545b300795de83eb5544450925781f4cddc16980f4edcbd1964b9"",""pdf_page"":536,""printed_page"":""509""}"
,pdf_vector_paths,,23,dense rectangle-only geometry is more consistent with table or background construction,candidate_tabular_or_background_geometry,"{""curve_count"":0,""drawing_count"":73,""fill_count"":73,""geometry_fingerprint"":""01cc322c813c769d794d340562b14fb6e6dce5cab2f0ea6cfd5f4db97d6d833a"",""line_count"":0,""rect_count"":73,""stroke_count"":0}",ibc2018:vector-region:04cc4516c00615e9752ea2d2,0.0,,vector_graphic_region_detection,disputed,unknown,"{""appendix"":null,""bbox"":[29.25,93.2,553.15,746.25],""chapter"":""23"",""line_id"":null,""observed_text_sha256"":""4e3c1b88869b5a5f2ab0509a6f9f2e570622006e6b86aeca12c85c0e55bf77eb"",""pdf_page"":537,""printed_page"":""510""}"
,pdf_vector_paths,,23,dense rectangle-only geometry is more consistent with table or background construction,candidate_tabular_or_background_geometry,"{""curve_count"":0,""drawing_count"":58,""fill_count"":58,""geometry_fingerprint"":""7f5601603f57f9e3a795c802fed2341dc707774db6220d6d9e574df721142216"",""line_count"":0,""rect_count"":58,""stroke_count"":0}",ibc2018:vector-region:fced5bb818cc07ac53f0bcc0,0.0,,vector_graphic_region_detection,disputed,unknown,"{""appendix"":null,""bbox"":[58.9,95.85,582.55,558.95],""chapter"":""23"",""line_id"":null,""observed_text_sha256"":""be35f29b21d2a5fe68c42db1533267b3829d030b51cae3ec9b01c5ee2e3056de"",""pdf_page"":538,""printed_page"":""511""}"
,pdf_vector_paths,,23,dense rectangle-only geometry is more consistent with table or background construction,candidate_tabular_or_background_geometry,"{""curve_count"":0,""drawing_count"":36,""fill_count"":36,""geometry_fingerprint"":""bc56dbefb9b052807d71068602d36a374661849f151132760842df5d2d301c25"",""line_count"":0,""rect_count"":36,""stroke_count"":0}",ibc2018:vector-region:10055baccbf4c30ef2f5cf92,0.0,,vector_graphic_region_detection,disputed,unknown,"{""appendix"":null,""bbox"":[28.3,96.35,552.1,431.5],""chapter"":""23"",""line_id"":null,""observed_text_sha256"":""16f90e5311afca438fe5c6caa52e56ced8dce7a2c2369d120eee4c9a34048a03"",""pdf_page"":539,""printed_page"":""512""}"
,pdf_vector_paths,,23,dense rectangle-only geometry is more consistent with table or background construction,candidate_tabular_or_background_geometry,"{""curve_count"":0,""drawing_count"":50,""fill_count"":50,""geometry_fingerprint"":""e7daa1ecaca5c81fba9918cfd6c4ee97a6016b6d4d9407881936c8aa3a4f800a"",""line_count"":0,""rect_count"":50,""stroke_count"":0}",ibc2018:vector-region:e3153c40a57594420b5ceafe,0.0,,vector_graphic_region_detection,disputed,unknown,"{""appendix"":null,""bbox"":[60.8,105.95,574.15,602.6],""chapter"":""23"",""line_id"":null,""observed_text_sha256"":""efa38db256400a8dee39803ff399e37fa447060fa7427628800820247ce8ea9a"",""pdf_page"":540,""printed_page"":""513""}"
,pdf_vector_paths,,23,dense rectangle-only geometry is more consistent with table or background construction,candidate_tabular_or_background_geometry,"{""curve_count"":0,""drawing_count"":50,""fill_count"":50,""geometry_fingerprint"":""38dabbbc4a31cd9e23cc3be7996cf130a66e6695e3b52d81aae0982e7b1931a5"",""line_count"":0,""rect_count"":50,""stroke_count"":0}",ibc2018:vector-region:62e1bb1a615bec9e83c4229b,0.0,,vector_graphic_region_detection,disputed,unknown,"{""appendix"":null,""bbox"":[40.15,104.15,552.35,600.95],""chapter"":""23"",""line_id"":null,""observed_text_sha256"":""e9b4bc33174c47aaf4c64726b516a7975af8113e231f2a6e21a7beaa4195492b"",""pdf_page"":541,""printed_page"":""514""}"
,pdf_vector_paths,,23,dense rectangle-only geometry is more consistent with table or background construction,candidate_tabular_or_background_geometry,"{""curve_count"":0,""drawing_count"":54,""fill_count"":54,""geometry_fingerprint"":""07517ba12b1999d3b4a86abf137d6f3c83a6f3753e4728c9904ffc0bfd75992c"",""line_count"":0,""rect_count"":54,""stroke_count"":0}",ibc2018:vector-region:d1aed25c277455736eadc6f6,0.0,,vector_graphic_region_detection,disputed,unknown,"{""appendix"":null,""bbox"":[59.0,105.95,573.2,606.95],""chapter"":""23"",""line_id"":null,""observed_text_sha256"":""b045ea6f47c1251e3a37b8492205e2e00e444da77e43d6431935226b86605a6b"",""pdf_page"":542,""printed_page"":""515""}"
,pdf_vector_paths,,23,dense rectangle-only geometry is more consistent with table or background construction,candidate_tabular_or_background_geometry,"{""curve_count"":0,""drawing_count"":54,""fill_count"":54,""geometry_fingerprint"":""f76a9e56724ef6acd5116eac0c901f1e67366fdebcfd0a3171f744958b492085"",""line_count"":0,""rect_count"":54,""stroke_count"":0}",ibc2018:vector-region:cd07af12454e2a1fb5d94ae8,0.0,,vector_graphic_region_detection,disputed,unknown,"{""appendix"":null,""bbox"":[40.55,104.85,553.75,605.85],""chapter"":""23"",""line_id"":null,""observed_text_sha256"":""65ac2a9c41c18ae881f521c45b40eed14a44150516901117def84a82cc4e8811"",""pdf_page"":543,""printed_page"":""516""}"
,pdf_vector_paths,,23,region overlaps or directly precedes a formally captioned figure,rejected_captioned_figure_region,"{""curve_count"":46,""drawing_count"":29,""fill_count"":11,""geometry_fingerprint"":""9edbfe554c8e685cab7c77bcd7ccf804a3e3a3658d418e19beed4d797da7236d"",""line_count"":1146,""rect_count"":9,""stroke_count"":19}",ibc2018:vector-region:824cde6ff37bda3b86608461,0.0,,vector_graphic_region_detection,rejected,unknown,"{""appendix"":null,""bbox"":[59.0,432.45,572.0,743.25],""chapter"":""23"",""line_id"":null,""observed_text_sha256"":""4a27058783c70e2251e7fe126ad67c61bd2fb7a4afd2f5219b3dee0644aadb35"",""pdf_page"":544,""printed_page"":""517""}"
,pdf_vector_paths,,23,region overlaps or directly precedes a formally captioned figure,rejected_captioned_figure_region,"{""curve_count"":0,""drawing_count"":17,""fill_count"":17,""geometry_fingerprint"":""5fec8b10ea0934330994322761cc819250dcf46c23a23018d4b6627b5e8e7246"",""line_count"":0,""rect_count"":17,""stroke_count"":0}",ibc2018:vector-region:d14769b8372cf0c256ccdade,0.0,,vector_graphic_region_detection,rejected,unknown,"{""appendix"":null,""bbox"":[39.2,580.3,551.95,685.9],""chapter"":""23"",""line_id"":null,""observed_text_sha256"":""2f4d13ce2d63f4f592dd71f743bf012399c9bf6762fc8733924aabaa869c3019"",""pdf_page"":545,""printed_page"":""518""}"
,pdf_vector_paths,,23,region overlaps or directly precedes a formally captioned figure,rejected_captioned_figure_region,"{""curve_count"":0,""drawing_count"":28,""fill_count"":8,""geometry_fingerprint"":""31a80187b88526eb9fdf8b98b5c593caac4a9002b8ae05aa48b7f14473495d45"",""line_count"":255,""rect_count"":21,""stroke_count"":20}",ibc2018:vector-region:1b0e7f8336e272d846e4c867,0.0,,vector_graphic_region_detection,rejected,unknown,"{""appendix"":null,""bbox"":[39.45,190.05,553.55,551.25],""chapter"":""23"",""line_id"":null,""observed_text_sha256"":""37c69ebe0d79622b1d21df7097eff2b1114823fe38480ed20e61d8b8af74c7a6"",""pdf_page"":545,""printed_page"":""518""}"
,pdf_vector_paths,,23,region overlaps or directly precedes a formally captioned figure,rejected_captioned_figure_region,"{""curve_count"":0,""drawing_count"":9,""fill_count"":5,""geometry_fingerprint"":""0eff9240fb5bfea93b435bcbed972616542828fc1952094677398ff277c49a02"",""line_count"":57,""rect_count"":5,""stroke_count"":4}",ibc2018:vector-region:eafbcaf5b1f86db6ff5e363d,0.0,,vector_graphic_region_detection,rejected,unknown,"{""appendix"":null,""bbox"":[28.65,565.75,287.35,744.55],""chapter"":""23"",""line_id"":null,""observed_text_sha256"":""7f1431a5b4651f762462a63c07f0d57d8d3b818bf49db7e8b5d621f840f9cfe5"",""pdf_page"":547,""printed_page"":""520""}"
,pdf_vector_paths,,23,region overlaps or directly precedes a formally captioned figure,rejected_captioned_figure_region,"{""curve_count"":0,""drawing_count"":11,""fill_count"":6,""geometry_fingerprint"":""e8dafff0a4621caf27e9ca1c8255c32798720e64b21aba4fcf98419130fe90f2"",""line_count"":43,""rect_count"":5,""stroke_count"":5}",ibc2018:vector-region:61d22297237dbf702fe1bc81,0.0,,vector_graphic_region_detection,rejected,unknown,"{""appendix"":null,""bbox"":[305.35,566.35,562.9,744.55],""chapter"":""23"",""line_id"":null,""observed_text_sha256"":""bbac742e9e480db075c32850d01fbf0c13cc5c4bfb0c871e69d51167a5b6c9f5"",""pdf_page"":547,""printed_page"":""520""}"
,pdf_vector_paths,,23,dense rectangle-only geometry is more consistent with table or background construction,candidate_tabular_or_background_geometry,"{""curve_count"":0,""drawing_count"":13,""fill_count"":13,""geometry_fingerprint"":""181731c3b81b1b4da838ebfd43e0d9a486eb49947992fe4647cf6926dbcc5cc4"",""line_count"":0,""rect_count"":13,""stroke_count"":0}",ibc2018:vector-region:7c4811b6c372d9f51a001530,0.0,,vector_graphic_region_detection,disputed,unknown,"{""appendix"":null,""bbox"":[59.15,96.2,572.15,226.55],""chapter"":""23"",""line_id"":null,""observed_text_sha256"":""9f4d2f120fa87bab319a7a71287f95aa0434d9cc1069e28d551be38cda65ce21"",""pdf_page"":548,""printed_page"":""521""}"
,pdf_vector_paths,,23,region overlaps or directly precedes a formally captioned figure,rejected_captioned_figure_region,"{""curve_count"":0,""drawing_count"":155,""fill_count"":74,""geometry_fingerprint"":""406fcfe62416b017b8a875f8c561d848ae0a8cfc7f0cf51400afdeaec5c9c0ae"",""line_count"":963,""rect_count"":42,""stroke_count"":95}",ibc2018:vector-region:7d93df61c46f00659436256d,0.0,,vector_graphic_region_detection,rejected,unknown,"{""appendix"":null,""bbox"":[40.05,78.95,553.65,745.55],""chapter"":""23"",""line_id"":null,""observed_text_sha256"":""1f37ef24f96b20dcce42451aa66ed951e950809a2ccbcfea4544836db24d2c20"",""pdf_page"":549,""printed_page"":""522""}"
,pdf_vector_paths,,23,dense rectangle-only geometry is more consistent with table or background construction,candidate_tabular_or_background_geometry,"{""curve_count"":0,""drawing_count"":42,""fill_count"":36,""geometry_fingerprint"":""290ea5a58d34f2629a77c5db349d23018bf4847c8a6ffc525766d43e1aaa7c9d"",""line_count"":0,""rect_count"":54,""stroke_count"":6}",ibc2018:vector-region:451207696b67b038e62ae641,0.0,,vector_graphic_region_detection,disputed,unknown,"{""appendix"":null,""bbox"":[60.55,93.2,573.2,638.35],""chapter"":""23"",""line_id"":null,""observed_text_sha256"":""e3271205aa956fccc2881e08de52b228ba8879031fa4374fc4413d4ab44af128"",""pdf_page"":550,""printed_page"":""523""}"
,pdf_vector_paths,,23,dense rectangle-only geometry is more consistent with table or background construction,candidate_tabular_or_background_geometry,"{""curve_count"":0,""drawing_count"":39,""fill_count"":27,""geometry_fingerprint"":""b0d0e42fc5783b547116d4a11bcbf72301527207aed881a2597f1f2b1d74167f"",""line_count"":139,""rect_count"":24,""stroke_count"":13}",ibc2018:vector-region:e8b1051e8ce083981d259bd3,0.0,,vector_graphic_region_detection,disputed,unknown,"{""appendix"":null,""bbox"":[37.55,443.75,551.85,732.2],""chapter"":""23"",""line_id"":null,""observed_text_sha256"":""9df0a7780799e366ba07e2f77927d65612c87cdd19cb78bc1d6dc41033e0038a"",""pdf_page"":551,""printed_page"":""524""}"
,pdf_vector_paths,,23,dense rectangle-only geometry is more consistent with table or background construction,candidate_tabular_or_background_geometry,"{""curve_count"":0,""drawing_count"":50,""fill_count"":33,""geometry_fingerprint"":""2cdd3d572f0f2f2745d918f17983932695782187503e10c6e5fe261a87d2fed0"",""line_count"":199,""rect_count"":31,""stroke_count"":17}",ibc2018:vector-region:a91e89b1467f5aefe48c6f17,0.0,,vector_graphic_region_detection,disputed,unknown,"{""appendix"":null,""bbox"":[59.15,95.6,572.85,527.35],""chapter"":""23"",""line_id"":null,""observed_text_sha256"":""fe2c64093d01db7b469dbbe7dd0922adccf406f18c6c2e2ec435313e41c2dbdc"",""pdf_page"":552,""printed_page"":""525""}"
,pdf_vector_paths,,23,surviving vector geometry is source-backed but insufficient for automatic classification,candidate_vector_region_unclassified,"{""curve_count"":0,""drawing_count"":8,""fill_count"":8,""geometry_fingerprint"":""cd12e505fa0be63a5a075153c6b2df6d1b91eb501adb876daa1425fae20b1c27"",""line_count"":0,""rect_count"":8,""stroke_count"":0}",ibc2018:vector-region:7335fcd96bd12bfe0cffada5,0.0,,vector_graphic_region_detection,disputed,unknown,"{""appendix"":null,""bbox"":[60.2,621.45,572.15,680.95],""chapter"":""23"",""line_id"":null,""observed_text_sha256"":""d3bf4bb43cc60a28a7ea788c14ae2fb80c39162506ac1600e4c5be054270b5a5"",""pdf_page"":552,""printed_page"":""525""}"
,pdf_vector_paths,,23,dense rectangle-only geometry is more consistent with table or background construction,candidate_tabular_or_background_geometry,"{""curve_count"":0,""drawing_count"":10,""fill_count"":10,""geometry_fingerprint"":""7514cc8269c4ac5d38d434008b05ea08f599aaf2683cfccc5c30c858f458cc41"",""line_count"":0,""rect_count"":10,""stroke_count"":0}",ibc2018:vector-region:a6662229430c33e51d3be5bc,0.0,,vector_graphic_region_detection,disputed,unknown,"{""appendix"":null,""bbox"":[39.35,302.95,552.35,383.5],""chapter"":""23"",""line_id"":null,""observed_text_sha256"":""da9ce747b1d8be2ed7182329c18bb2819a04fd2e459c3e1175cbfda602145852"",""pdf_page"":553,""printed_page"":""526""}"
,pdf_vector_paths,,23,surviving vector geometry is source-backed but insufficient for automatic classification,candidate_vector_region_unclassified,"{""curve_count"":0,""drawing_count"":7,""fill_count"":7,""geometry_fingerprint"":""be2352d770014a9ee77237b81e7a9a1354ad6b7d247a7ce71f38d2f3c6da1f92"",""line_count"":0,""rect_count"":7,""stroke_count"":0}",ibc2018:vector-region:441fe1deb4aa874cf68e8240,0.0,,vector_graphic_region_detection,disputed,unknown,"{""appendix"":null,""bbox"":[39.7,679.9,285.8,718.4],""chapter"":""23"",""line_id"":null,""observed_text_sha256"":""0cc2303dd10f9a4cb9f933c4ccd4c5ef6af4982931a89b56b449c7ce8f13421d"",""pdf_page"":553,""printed_page"":""526""}"
,pdf_vector_paths,,23,dense rectangle-only geometry is more consistent with table or background construction,candidate_tabular_or_background_geometry,"{""curve_count"":0,""drawing_count"":12,""fill_count"":12,""geometry_fingerprint"":""9216ae0a81b4b1a079ef5ac4f8bdf3d024bd32cbf8d5b4f5ddcd45ebb944841b"",""line_count"":0,""rect_count"":12,""stroke_count"":0}",ibc2018:vector-region:f648dc5a6612d8a57c440b68,0.0,,vector_graphic_region_detection,disputed,unknown,"{""appendix"":null,""bbox"":[40.05,104.25,552.8,196.75],""chapter"":""23"",""line_id"":null,""observed_text_sha256"":""5db6855d83023ad30a314abedc3eaae4b0d56cf22c9dc8b68b41767ed11b0b4d"",""pdf_page"":553,""printed_page"":""526""}"
,pdf_vector_paths,,23,dense rectangle-only geometry is more consistent with table or background construction,candidate_tabular_or_background_geometry,"{""curve_count"":0,""drawing_count"":33,""fill_count"":33,""geometry_fingerprint"":""c1947c6383e20ccd6796d42e9460127dfccfe97bb9fa1de15d599c920b1c8f63"",""line_count"":0,""rect_count"":33,""stroke_count"":0}",ibc2018:vector-region:505c2515ffd4b607704ce126,0.0,,vector_graphic_region_detection,disputed,unknown,"{""appendix"":null,""bbox"":[40.05,441.8,552.45,630.35],""chapter"":""23"",""line_id"":null,""observed_text_sha256"":""fee9c5c262f1b3c2dc5fcb9083319ededdc79de20c534ef77e0c17db19035017"",""pdf_page"":553,""printed_page"":""526""}"
,pdf_vector_paths,,23,region overlaps or directly precedes a formally captioned figure,rejected_captioned_figure_region,"{""curve_count"":88,""drawing_count"":24,""fill_count"":5,""geometry_fingerprint"":""0e287f1e2c8fb83fec5ae5f96e6580e73183cf3a97de9bab2a1f12393503c2e0"",""line_count"":927,""rect_count"":10,""stroke_count"":19}",ibc2018:vector-region:d1f60a720d1160d236700257,0.0,,vector_graphic_region_detection,rejected,unknown,"{""appendix"":null,""bbox"":[58.4,350.0,571.4,748.3],""chapter"":""23"",""line_id"":null,""observed_text_sha256"":""a9843330d7a2f37bbc622b2c726815188ef63d432aa6a99b88644c399f0d5434"",""pdf_page"":554,""printed_page"":""527""}"
,pdf_vector_paths,,23,region overlaps or directly precedes a formally captioned figure,rejected_captioned_figure_region,"{""curve_count"":23,""drawing_count"":17,""fill_count"":3,""geometry_fingerprint"":""83118d894fb80b48cba9398855f27c221226aaff78ef44f303b05356adc39969"",""line_count"":406,""rect_count"":5,""stroke_count"":14}",ibc2018:vector-region:c735236a3147c6fb9896128c,0.0,,vector_graphic_region_detection,rejected,unknown,"{""appendix"":null,""bbox"":[61.15,85.9,574.15,328.3],""chapter"":""23"",""line_id"":null,""observed_text_sha256"":""d4307d8bb84973f08c6900d2b2ed27c45254bcb0411cadd00fc79e63333701f1"",""pdf_page"":554,""printed_page"":""527""}"
,pdf_vector_paths,,23,region overlaps or directly precedes a formally captioned figure,rejected_captioned_figure_region,"{""curve_count"":5,""drawing_count"":18,""fill_count"":2,""geometry_fingerprint"":""c0c0e46bd87ca2e8d1f8ce438a5111af17ae771acf1efd93a6c6c19612fd5700"",""line_count"":109,""rect_count"":7,""stroke_count"":16}",ibc2018:vector-region:9cfc7542cbcb141bb3a0a1b3,0.0,,vector_graphic_region_detection,rejected,unknown,"{""appendix"":null,""bbox"":[59.35,77.35,572.35,424.55],""chapter"":""23"",""line_id"":null,""observed_text_sha256"":""4c1941104b5a8d30c486e5a02147c0a243fdd46968a7d3be3e4523f144f179f4"",""pdf_page"":556,""printed_page"":""529""}"
,pdf_vector_paths,,23,region overlaps or directly precedes a formally captioned figure,rejected_captioned_figure_region,"{""curve_count"":121,""drawing_count"":30,""fill_count"":5,""geometry_fingerprint"":""1b3803ccb0873a6c0cb2bcb0f80c51206254f0b66c2e64b578bef24bfdee0e09"",""line_count"":253,""rect_count"":12,""stroke_count"":25}",ibc2018:vector-region:3406fa0240b773f0c3d00ea1,0.0,,vector_graphic_region_detection,rejected,unknown,"{""appendix"":null,""bbox"":[59.35,456.1,572.35,744.7],""chapter"":""23"",""line_id"":null,""observed_text_sha256"":""96e7d67b6477dc0f3e9e798449331fe04f1b1945f7bc40b63c824183e172136a"",""pdf_page"":556,""printed_page"":""529""}"
,pdf_vector_paths,,23,region overlaps or directly precedes a formally captioned figure,rejected_captioned_figure_region,"{""curve_count"":0,""drawing_count"":5,""fill_count"":2,""geometry_fingerprint"":""32d52e268a6207078692542f710390f1ff98d246f4e8b70c63f13cf1856e6b2c"",""line_count"":291,""rect_count"":6,""stroke_count"":3}",ibc2018:vector-region:49cf1caf26cdc26d1911a7cc,0.0,,vector_graphic_region_detection,rejected,unknown,"{""appendix"":null,""bbox"":[59.25,508.55,572.25,745.55],""chapter"":""23"",""line_id"":null,""observed_text_sha256"":""cada9fb6adf192be784c8b4d3436cbf5af9778669d47f0b8812e1c5de955a304"",""pdf_page"":558,""printed_page"":""531""}"
,pdf_vector_paths,,23,region overlaps or directly precedes a formally captioned figure,rejected_captioned_figure_region,"{""curve_count"":0,""drawing_count"":5,""fill_count"":2,""geometry_fingerprint"":""86fa0738e8a7bb76fe2feaa1509216812e3d8cdd2ceced9827b568672ae796af"",""line_count"":267,""rect_count"":5,""stroke_count"":3}",ibc2018:vector-region:a8f3a519ed03711029e899d3,0.0,,vector_graphic_region_detection,rejected,unknown,"{""appendix"":null,""bbox"":[60.2,287.35,573.2,499.65],""chapter"":""23"",""line_id"":null,""observed_text_sha256"":""1d4d4e7dfd8f76a441274ccd475b79177bdb60e67dba474c1718ca022ddc61a6"",""pdf_page"":558,""printed_page"":""531""}"
,pdf_vector_paths,,23,region overlaps or directly precedes a formally captioned figure,rejected_captioned_figure_region,"{""curve_count"":39,""drawing_count"":8,""fill_count"":2,""geometry_fingerprint"":""a4a93ae84cf7a0236ae508ab4405a9c0a1bbdf86caaaa974628c07168b301ce5"",""line_count"":165,""rect_count"":12,""stroke_count"":6}",ibc2018:vector-region:245e51b2c0c4e742438f4344,0.0,,vector_graphic_region_detection,rejected,unknown,"{""appendix"":null,""bbox"":[39.7,72.2,552.7,308.25],""chapter"":""23"",""line_id"":null,""observed_text_sha256"":""d36a149ea87ee1b81e65855b601580f571a8dcca736a8dd5fde655cd74726c53"",""pdf_page"":559,""printed_page"":""532""}"
,pdf_vector_paths,,23,dense rectangle-only geometry is more consistent with table or background construction,candidate_tabular_or_background_geometry,"{""curve_count"":0,""drawing_count"":17,""fill_count"":17,""geometry_fingerprint"":""194110d675977408c333939d74ebf068f0db71924170795535d64c74fcb40752"",""line_count"":0,""rect_count"":17,""stroke_count"":0}",ibc2018:vector-region:f1d0eafae1681035734a8365,0.0,,vector_graphic_region_detection,disputed,unknown,"{""appendix"":null,""bbox"":[61.15,385.15,574.4,471.7],""chapter"":""23"",""line_id"":null,""observed_text_sha256"":""e39910f2be9f76752728bbf7f1a5866dbc797efd6026c662eae836b3a29bf674"",""pdf_page"":560,""printed_page"":""533""}"
,pdf_vector_paths,,23,dense rectangle-only geometry is more consistent with table or background construction,candidate_tabular_or_background_geometry,"{""curve_count"":0,""drawing_count"":18,""fill_count"":18,""geometry_fingerprint"":""0585508c81a4b73feb92f492525dea52b653cdc323c5de5168454410d10da0db"",""line_count"":0,""rect_count"":18,""stroke_count"":0}",ibc2018:vector-region:f2be76c080d7ec67901a9e94,0.0,,vector_graphic_region_detection,disputed,unknown,"{""appendix"":null,""bbox"":[61.4,522.95,574.65,594.45],""chapter"":""23"",""line_id"":null,""observed_text_sha256"":""c44994be4109ba26c2bbeba5cb4e9053f7cc3edf5f21ee1ddc10cc33a6087799"",""pdf_page"":560,""printed_page"":""533""}"
,pdf_vector_paths,,23,dense rectangle-only geometry is more consistent with table or background construction,candidate_tabular_or_background_geometry,"{""curve_count"":0,""drawing_count"":14,""fill_count"":14,""geometry_fingerprint"":""a57ea927e070306bacc7b05edf6052b45f4bcebd618fd7bcad7f847ea59e44ac"",""line_count"":0,""rect_count"":14,""stroke_count"":0}",ibc2018:vector-region:f4cdb85a6508922e7549f5fb,0.0,,vector_graphic_region_detection,disputed,unknown,"{""appendix"":null,""bbox"":[58.9,105.45,572.0,608.0],""chapter"":""23"",""line_id"":null,""observed_text_sha256"":""4649089c5224bad53b64ad4d54ed50e5372288796c139417a0ac719ecc243177"",""pdf_page"":562,""printed_page"":""535""}"
,pdf_vector_paths,,23,dense rectangle-only geometry is more consistent with table or background construction,candidate_tabular_or_background_geometry,"{""curve_count"":0,""drawing_count"":14,""fill_count"":14,""geometry_fingerprint"":""38047694f2e2d4ff88b20801ce96dc47602f2072bc7883e5741d4c006cb67489"",""line_count"":0,""rect_count"":14,""stroke_count"":0}",ibc2018:vector-region:8c33aaadd52b3491610ad592,0.0,,vector_graphic_region_detection,disputed,unknown,"{""appendix"":null,""bbox"":[40.55,104.0,553.65,601.9],""chapter"":""23"",""line_id"":null,""observed_text_sha256"":""4d254624724c58a7cea1db10015921510128ba679142d0b5df55b8b5175ca320"",""pdf_page"":563,""printed_page"":""536""}"
,pdf_vector_paths,,23,dense rectangle-only geometry is more consistent with table or background construction,candidate_tabular_or_background_geometry,"{""curve_count"":0,""drawing_count"":14,""fill_count"":14,""geometry_fingerprint"":""4a802c3afa2510b4590482e9b73056c4a169ff4ba201c3ee7e23e1ea2c5b4530"",""line_count"":0,""rect_count"":14,""stroke_count"":0}",ibc2018:vector-region:c21ada4882f6505cfec12df3,0.0,,vector_graphic_region_detection,disputed,unknown,"{""appendix"":null,""bbox"":[60.95,104.95,573.35,608.35],""chapter"":""23"",""line_id"":null,""observed_text_sha256"":""d3edc415abecbc90efe61d08ea2881e202ff0026bf1fae29e359faf738cea57f"",""pdf_page"":564,""printed_page"":""537""}"
,pdf_vector_paths,,23,dense rectangle-only geometry is more consistent with table or background construction,candidate_tabular_or_background_geometry,"{""curve_count"":0,""drawing_count"":14,""fill_count"":14,""geometry_fingerprint"":""bec91b628a3a677750c1b914c2292fc6cb33c860d9627955091e20adcfcc6bb9"",""line_count"":0,""rect_count"":14,""stroke_count"":0}",ibc2018:vector-region:0180db1a2844523e251b0164,0.0,,vector_graphic_region_detection,disputed,unknown,"{""appendix"":null,""bbox"":[41.5,104.0,553.9,605.85],""chapter"":""23"",""line_id"":null,""observed_text_sha256"":""1efa2d68c4850796b05beb12a394d78368b1849d51a73f3484bef3fc55f0964c"",""pdf_page"":565,""printed_page"":""538""}"
,pdf_vector_paths,,23,dense rectangle-only geometry is more consistent with table or background construction,candidate_tabular_or_background_geometry,"{""curve_count"":0,""drawing_count"":22,""fill_count"":22,""geometry_fingerprint"":""9753e38f44f2569b8ec9a3a96963cefbf8051437db47334249e9c7312e207140"",""line_count"":0,""rect_count"":22,""stroke_count"":0}",ibc2018:vector-region:6ba9671353e4aa00d65a1708,0.0,,vector_graphic_region_detection,disputed,unknown,"{""appendix"":null,""bbox"":[59.35,107.95,572.0,723.7],""chapter"":""23"",""line_id"":null,""observed_text_sha256"":""4c562c504bfe4bc853711a3dcdc2432732d47e47250c0ee25d7abafd638b4a29"",""pdf_page"":566,""printed_page"":""539""}"
,pdf_vector_paths,,23,dense rectangle-only geometry is more consistent with table or background construction,candidate_tabular_or_background_geometry,"{""curve_count"":0,""drawing_count"":20,""fill_count"":20,""geometry_fingerprint"":""5020a21334226550e30991f7422b19d54d0102fdf01bfbfce96ed1bb63bc1d65"",""line_count"":0,""rect_count"":20,""stroke_count"":0}",ibc2018:vector-region:5d85a5cc7fa9329bb3fb11ce,0.0,,vector_graphic_region_detection,disputed,unknown,"{""appendix"":null,""bbox"":[39.1,108.45,550.9,353.95],""chapter"":""23"",""line_id"":null,""observed_text_sha256"":""52d71123c45e2f7ce67c8e9387293fddb63619436fd7847fe85036b259fe4512"",""pdf_page"":567,""printed_page"":""540""}"
,pdf_vector_paths,,23,surviving vector geometry is source-backed but insufficient for automatic classification,candidate_vector_region_unclassified,"{""curve_count"":0,""drawing_count"":2,""fill_count"":2,""geometry_fingerprint"":""f9c3b4c181f2a4bd21dcdfc672f169fcb1356c1e31eb53249ef8ee373926bf8f"",""line_count"":0,""rect_count"":2,""stroke_count"":0}",ibc2018:vector-region:0abc596d3ee97b6977978d72,0.0,,vector_graphic_region_detection,disputed,unknown,"{""appendix"":null,""bbox"":[39.8,422.5,551.95,513.35],""chapter"":""23"",""line_id"":null,""observed_text_sha256"":""ae39f293bbd9e832aeea3c85c9062772d4536d2e8bf90a0944807415b3f631d4"",""pdf_page"":567,""printed_page"":""540""}"
,pdf_vector_paths,,23,dense rectangle-only geometry is more consistent with table or background construction,candidate_tabular_or_background_geometry,"{""curve_count"":0,""drawing_count"":22,""fill_count"":22,""geometry_fingerprint"":""713882dac0e516b23cc8bb8b49fd50b9065efd8009447df2ce479d6b6c234a62"",""line_count"":0,""rect_count"":22,""stroke_count"":0}",ibc2018:vector-region:dc8ba0b0b654c18e776c9cd6,0.0,,vector_graphic_region_detection,disputed,unknown,"{""appendix"":null,""bbox"":[59.95,103.9,573.8,726.8],""chapter"":""23"",""line_id"":null,""observed_text_sha256"":""b1a405aa113132a8f3c00623265ba918ab61ae2c3cfc585523b1c9158f6cf8fc"",""pdf_page"":568,""printed_page"":""541""}"
,pdf_vector_paths,,23,dense rectangle-only geometry is more consistent with table or background construction,candidate_tabular_or_background_geometry,"{""curve_count"":0,""drawing_count"":21,""fill_count"":21,""geometry_fingerprint"":""c899a16c623431db065aa662aa8501538e4178da431a4bcdeb568fdf7c94aa76"",""line_count"":0,""rect_count"":21,""stroke_count"":0}",ibc2018:vector-region:8034ec36c0e25bd3a8b23e2e,0.0,,vector_graphic_region_detection,disputed,unknown,"{""appendix"":null,""bbox"":[39.1,101.75,552.95,499.4],""chapter"":""23"",""line_id"":null,""observed_text_sha256"":""9535869025b4b83f93fbe04fbb7f54e9b6d25855bcee43cec5fda7d183a1ddd5"",""pdf_page"":569,""printed_page"":""542""}"
,pdf_vector_paths,,23,surviving vector geometry is source-backed but insufficient for automatic classification,candidate_vector_region_unclassified,"{""curve_count"":0,""drawing_count"":2,""fill_count"":2,""geometry_fingerprint"":""d0f4b29b32240e70f1cce21448fe07df4505ebeea650f4e6fd828583f6860564"",""line_count"":0,""rect_count"":2,""stroke_count"":0}",ibc2018:vector-region:f0e990d666a41c9e5a8f0fbd,0.0,,vector_graphic_region_detection,disputed,unknown,"{""appendix"":null,""bbox"":[40.4,571.15,553.15,661.75],""chapter"":""23"",""line_id"":null,""observed_text_sha256"":""ff8093fec53087a1ea2f816d7860a94500abac5e13afadfb3aaacf65c605ba18"",""pdf_page"":569,""printed_page"":""542""}"
,pdf_vector_paths,,23,dense rectangle-only geometry is more consistent with table or background construction,candidate_tabular_or_background_geometry,"{""curve_count"":0,""drawing_count"":22,""fill_count"":22,""geometry_fingerprint"":""7d39954ca941399267786c847134e7437d9fa859703e16e0718a70155228e9bf"",""line_count"":0,""rect_count"":22,""stroke_count"":0}",ibc2018:vector-region:339784650b74e5e920ff6714,0.0,,vector_graphic_region_detection,disputed,unknown,"{""appendix"":null,""bbox"":[57.7,105.35,571.55,728.25],""chapter"":""23"",""line_id"":null,""observed_text_sha256"":""ff64c5cfd3d0cc7a87f390cf04e2a8c1e917bd7a3169efdb2104131ab4545ac1"",""pdf_page"":570,""printed_page"":""543""}"
,pdf_vector_paths,,23,surviving vector geometry is source-backed but insufficient for automatic classification,candidate_vector_region_unclassified,"{""curve_count"":0,""drawing_count"":2,""fill_count"":2,""geometry_fingerprint"":""afec4442e1d45a80178b5a4774d7dfe4e11fe925ec14faccbca5ad2851831361"",""line_count"":0,""rect_count"":2,""stroke_count"":0}",ibc2018:vector-region:aa6a4fd04751f8dfbe983b9d,0.0,,vector_graphic_region_detection,disputed,unknown,"{""appendix"":null,""bbox"":[38.95,572.15,551.75,662.75],""chapter"":""23"",""line_id"":null,""observed_text_sha256"":""95c5a5948daee38b68cd5aee09b4fad3c79447050d1b59ed9e01cabad3e016a1"",""pdf_page"":571,""printed_page"":""544""}"
,pdf_vector_paths,,23,dense rectangle-only geometry is more consistent with table or background construction,candidate_tabular_or_background_geometry,"{""curve_count"":0,""drawing_count"":21,""fill_count"":21,""geometry_fingerprint"":""0654064a422680d1e7e85ce54c938e333751fdf2431c2e9e4d084479fdb1f11c"",""line_count"":0,""rect_count"":21,""stroke_count"":0}",ibc2018:vector-region:b89ae229d69bdf94293c3c80,0.0,,vector_graphic_region_detection,disputed,unknown,"{""appendix"":null,""bbox"":[39.2,103.9,551.75,501.35],""chapter"":""23"",""line_id"":null,""observed_text_sha256"":""8a7c004384227134914f53aeea81adf1d595ecd74654638c57a043da2cfb77f3"",""pdf_page"":571,""printed_page"":""544""}"
,pdf_vector_paths,,23,dense rectangle-only geometry is more consistent with table or background construction,candidate_tabular_or_background_geometry,"{""curve_count"":0,""drawing_count"":22,""fill_count"":22,""geometry_fingerprint"":""8a58af1224a668defd23fc1d16075768a8fab35efc35b44cea7634f89c724254"",""line_count"":0,""rect_count"":22,""stroke_count"":0}",ibc2018:vector-region:a5a1aa928be16e82511a96a7,0.0,,vector_graphic_region_detection,disputed,unknown,"{""appendix"":null,""bbox"":[59.85,105.55,571.55,728.6],""chapter"":""23"",""line_id"":null,""observed_text_sha256"":""fc44cd5d1e80855f145d63014ede8d35c2456a9b119d4f1ec926e59e01e8c812"",""pdf_page"":572,""printed_page"":""545""}"
,pdf_vector_paths,,23,surviving vector geometry is source-backed but insufficient for automatic classification,candidate_vector_region_unclassified,"{""curve_count"":0,""drawing_count"":2,""fill_count"":2,""geometry_fingerprint"":""4305b9d77b7e22a9c6ab5ec26597d40cf8657a8d2e040816337848f4e2021a62"",""line_count"":0,""rect_count"":2,""stroke_count"":0}",ibc2018:vector-region:a1a14020e028f7e52b14b2b3,0.0,,vector_graphic_region_detection,disputed,unknown,"{""appendix"":null,""bbox"":[38.15,569.5,550.75,660.1],""chapter"":""23"",""line_id"":null,""observed_text_sha256"":""ef60f4aae8a62932ad583650c944b586873412ebd79e59305d5f33072cf09597"",""pdf_page"":573,""printed_page"":""546""}"
,pdf_vector_paths,,23,dense rectangle-only geometry is more consistent with table or background construction,candidate_tabular_or_background_geometry,"{""curve_count"":0,""drawing_count"":21,""fill_count"":21,""geometry_fingerprint"":""8e836aad5b5921df00240d96c63e3b82587e02c9eb05be1e760a0676c7afc5ee"",""line_count"":0,""rect_count"":21,""stroke_count"":0}",ibc2018:vector-region:9dad0ccc6e2e60bbc64c4c39,0.0,,vector_graphic_region_detection,disputed,unknown,"{""appendix"":null,""bbox"":[38.85,105.2,552.1,502.65],""chapter"":""23"",""line_id"":null,""observed_text_sha256"":""97a5755e86044a99b48293748bcf2b10db690d71ceedff55502a076734a09d3e"",""pdf_page"":573,""printed_page"":""546""}"
,pdf_vector_paths,,23,dense rectangle-only geometry is more consistent with table or background construction,candidate_tabular_or_background_geometry,"{""curve_count"":0,""drawing_count"":22,""fill_count"":22,""geometry_fingerprint"":""330192f9395e4c10113c3940b796ba4935678901e08b72b7c7a8bccb777fa66c"",""line_count"":0,""rect_count"":22,""stroke_count"":0}",ibc2018:vector-region:f2f70ca46465eb644dbd07a6,0.0,,vector_graphic_region_detection,disputed,unknown,"{""appendix"":null,""bbox"":[58.9,105.8,571.4,728.85],""chapter"":""23"",""line_id"":null,""observed_text_sha256"":""35f1af956f61c352d0a629b0e199677ba02e1f440c9b3cd65c2aa248b91e489d"",""pdf_page"":574,""printed_page"":""547""}"
,pdf_vector_paths,,23,surviving vector geometry is source-backed but insufficient for automatic classification,candidate_vector_region_unclassified,"{""curve_count"":0,""drawing_count"":2,""fill_count"":2,""geometry_fingerprint"":""e065c1198cfb1202e322d975b93a00a6d32b55e03005d0a077ebc5dafd9217aa"",""line_count"":0,""rect_count"":2,""stroke_count"":0}",ibc2018:vector-region:86d07f68f571d5d4411bc974,0.0,,vector_graphic_region_detection,disputed,unknown,"{""appendix"":null,""bbox"":[38.75,567.2,551.5,657.8],""chapter"":""23"",""line_id"":null,""observed_text_sha256"":""116abae5eccde5f07facbe39cb7278239ab08af3709c99525ae1348c033efafc"",""pdf_page"":575,""printed_page"":""548""}"
,pdf_vector_paths,,23,dense rectangle-only geometry is more consistent with table or background construction,candidate_tabular_or_background_geometry,"{""curve_count"":0,""drawing_count"":21,""fill_count"":21,""geometry_fingerprint"":""f5ab58ebebed024df063587abf992ad70d5a4762c686d8901fbac33b4389dd70"",""line_count"":0,""rect_count"":21,""stroke_count"":0}",ibc2018:vector-region:0bded02eb66e5aaa2634ddcf,0.0,,vector_graphic_region_detection,disputed,unknown,"{""appendix"":null,""bbox"":[38.85,102.55,551.25,499.9],""chapter"":""23"",""line_id"":null,""observed_text_sha256"":""ef31d471944b9a6d554abdd765da17e9a666795ef24ee8d7211536a28119301f"",""pdf_page"":575,""printed_page"":""548""}"
,pdf_vector_paths,,23,dense rectangle-only geometry is more consistent with table or background construction,candidate_tabular_or_background_geometry,"{""curve_count"":0,""drawing_count"":22,""fill_count"":22,""geometry_fingerprint"":""0b5124c0efe5cc00757994d13740aadcb507bae865d42bbc73da85cdf1472fdd"",""line_count"":0,""rect_count"":22,""stroke_count"":0}",ibc2018:vector-region:deecbfa004a855c0a13c8ab2,0.0,,vector_graphic_region_detection,disputed,unknown,"{""appendix"":null,""bbox"":[59.85,104.85,573.8,727.75],""chapter"":""23"",""line_id"":null,""observed_text_sha256"":""3f70c55e0d2838ff3f30f0b7a4badc83b6f264db0b4e9fb2fe58ed562af6182a"",""pdf_page"":576,""printed_page"":""549""}"
,pdf_vector_paths,,23,dense rectangle-only geometry is more consistent with table or background construction,candidate_tabular_or_background_geometry,"{""curve_count"":0,""drawing_count"":21,""fill_count"":21,""geometry_fingerprint"":""6c7da1ae38a59eb7bc1ef550acef54cbe9e9ccee3f4d84f13df57295982eab63"",""line_count"":0,""rect_count"":21,""stroke_count"":0}",ibc2018:vector-region:e285600b20a4e4bc9bcee1e3,0.0,,vector_graphic_region_detection,disputed,unknown,"{""appendix"":null,""bbox"":[40.05,105.35,552.45,503.0],""chapter"":""23"",""line_id"":null,""observed_text_sha256"":""9ec38170d1b4c269a0dcffb1cc318d1db4babb28771ab8f76036f64dcdb95fc6"",""pdf_page"":577,""printed_page"":""550""}"
,pdf_vector_paths,,23,surviving vector geometry is source-backed but insufficient for automatic classification,candidate_vector_region_unclassified,"{""curve_count"":0,""drawing_count"":2,""fill_count"":2,""geometry_fingerprint"":""8c33cfc81ade015b3af275c1d53f53e44ddf9802d2a657ad5c98255a70e00101"",""line_count"":0,""rect_count"":2,""stroke_count"":0}",ibc2018:vector-region:28e6d323dc46f8b55c065db8,0.0,,vector_graphic_region_detection,disputed,unknown,"{""appendix"":null,""bbox"":[40.15,565.75,551.35,656.5],""chapter"":""23"",""line_id"":null,""observed_text_sha256"":""6653a2d87d6d760efab8e5aa167afb4328ebd5eb6a3156bfeb651648844a1f2d"",""pdf_page"":577,""printed_page"":""550""}"
,pdf_vector_paths,,23,dense rectangle-only geometry is more consistent with table or background construction,candidate_tabular_or_background_geometry,"{""curve_count"":0,""drawing_count"":52,""fill_count"":52,""geometry_fingerprint"":""f9acd84614e8a93ea5750e8ae23203fc2bebc2bba54863937c861b6b24486c9d"",""line_count"":0,""rect_count"":52,""stroke_count"":0}",ibc2018:vector-region:40573ba4d1446985a0798afb,0.0,,vector_graphic_region_detection,disputed,unknown,"{""appendix"":null,""bbox"":[59.6,95.5,573.55,576.1],""chapter"":""23"",""line_id"":null,""observed_text_sha256"":""009233f8d57ba7b29d4a386d1cd6f7d549170ea7159cd8596c2737df18687b9d"",""pdf_page"":578,""printed_page"":""551""}"
,pdf_vector_paths,,23,dense rectangle-only geometry is more consistent with table or background construction,candidate_tabular_or_background_geometry,"{""curve_count"":0,""drawing_count"":24,""fill_count"":24,""geometry_fingerprint"":""ab2e31ffb55326486ed7647edd8b81b2fb98d6d2aa24c2b55e7505fb5ea639d9"",""line_count"":0,""rect_count"":24,""stroke_count"":0}",ibc2018:vector-region:d17ee95a483248bf128aa68d,0.0,,vector_graphic_region_detection,disputed,unknown,"{""appendix"":null,""bbox"":[39.2,96.1,550.9,488.6],""chapter"":""23"",""line_id"":null,""observed_text_sha256"":""4f02d8061074ae3a69c67dac65761e2545968895ea22cc9bd6c472215c658046"",""pdf_page"":579,""printed_page"":""552""}"
,pdf_vector_paths,,23,dense rectangle-only geometry is more consistent with table or background construction,candidate_tabular_or_background_geometry,"{""curve_count"":0,""drawing_count"":26,""fill_count"":26,""geometry_fingerprint"":""0c30eed38e5afbad62b0628d80e6ef3f18925b92a84b0a614ca21e8a3e2bdaad"",""line_count"":0,""rect_count"":26,""stroke_count"":0}",ibc2018:vector-region:b33708631d6797bb5932220b,0.0,,vector_graphic_region_detection,disputed,unknown,"{""appendix"":null,""bbox"":[60.7,95.95,574.3,438.45],""chapter"":""23"",""line_id"":null,""observed_text_sha256"":""d5dcfc711237ff151e2ff1c1b689c0259c8eddadf0dbc3638914ae9124a6371a"",""pdf_page"":580,""printed_page"":""553""}"
,pdf_vector_paths,,24,surviving vector geometry is source-backed but insufficient for automatic classification,candidate_vector_region_unclassified,"{""curve_count"":0,""drawing_count"":1,""fill_count"":1,""geometry_fingerprint"":""fba21b216477e2a6469fdfc705d1d6f3820fc9a7477731b12e807c18df2a1a16"",""line_count"":0,""rect_count"":1,""stroke_count"":0}",ibc2018:vector-region:6cd8a0d1864f236e50c4c664,0.0,,vector_graphic_region_detection,disputed,unknown,"{""appendix"":null,""bbox"":[59.95,143.15,571.9,144.1],""chapter"":""24"",""line_id"":null,""observed_text_sha256"":""0aa3f26ae2bee15bf76b0142ea69777a8e2a08b329a14a4d6ea7ec3de76c9e3f"",""pdf_page"":582,""printed_page"":""555""}"
,pdf_vector_paths,,24,surviving vector geometry is source-backed but insufficient for automatic classification,candidate_vector_region_unclassified,"{""curve_count"":0,""drawing_count"":2,""fill_count"":2,""geometry_fingerprint"":""3868a24cfd75f088a6951e78c474d022a2fe84957bd2dda88170108138b662cc"",""line_count"":0,""rect_count"":2,""stroke_count"":0}",ibc2018:vector-region:9e1c5e43532337675388ef66,0.0,,vector_graphic_region_detection,disputed,unknown,"{""appendix"":null,""bbox"":[59.95,246.7,571.9,250.65],""chapter"":""24"",""line_id"":null,""observed_text_sha256"":""3999fc31d010a9a84a8be021ebe9b7a9542bb304c58544937f8175623d3b7b87"",""pdf_page"":582,""printed_page"":""555""}"
,pdf_vector_paths,,24,dense rectangle-only geometry is more consistent with table or background construction,candidate_tabular_or_background_geometry,"{""curve_count"":0,""drawing_count"":12,""fill_count"":12,""geometry_fingerprint"":""a5f0d4032e7abb285aff414136753b482bf6b9c37498fe369e3e088d969bddef"",""line_count"":0,""rect_count"":12,""stroke_count"":0}",ibc2018:vector-region:eef0f6713d9711638cf8ba40,0.0,,vector_graphic_region_detection,disputed,unknown,"{""appendix"":null,""bbox"":[58.9,536.85,571.75,612.35],""chapter"":""24"",""line_id"":null,""observed_text_sha256"":""79e143f11ae28cf0e5e1a680e1ed9b31c155e5c3c90ad67c49a4655c4ba6117b"",""pdf_page"":586,""printed_page"":""559""}"
,pdf_vector_paths,,24,surviving vector geometry is source-backed but insufficient for automatic classification,candidate_vector_region_unclassified,"{""curve_count"":0,""drawing_count"":9,""fill_count"":9,""geometry_fingerprint"":""654ad4e0ad526217a540bcade110afba77ff28f8f1ecf4f28265e4a83fc9d1bc"",""line_count"":0,""rect_count"":9,""stroke_count"":0}",ibc2018:vector-region:fb65cbe0eeea0e937b47e76b,0.0,,vector_graphic_region_detection,disputed,unknown,"{""appendix"":null,""bbox"":[59.25,661.05,572.5,720.55],""chapter"":""24"",""line_id"":null,""observed_text_sha256"":""07593066c0e660d9817c94c408b739d1ccc479a70c7fca0424622a8bea6d7371"",""pdf_page"":586,""printed_page"":""559""}"
,pdf_vector_paths,,25,surviving vector geometry is source-backed but insufficient for automatic classification,candidate_vector_region_unclassified,"{""curve_count"":0,""drawing_count"":1,""fill_count"":1,""geometry_fingerprint"":""fba21b216477e2a6469fdfc705d1d6f3820fc9a7477731b12e807c18df2a1a16"",""line_count"":0,""rect_count"":1,""stroke_count"":0}",ibc2018:vector-region:b8484b28ba57798b730cb08d,0.0,,vector_graphic_region_detection,disputed,unknown,"{""appendix"":null,""bbox"":[59.95,143.15,571.9,144.1],""chapter"":""25"",""line_id"":null,""observed_text_sha256"":""0aa3f26ae2bee15bf76b0142ea69777a8e2a08b329a14a4d6ea7ec3de76c9e3f"",""pdf_page"":590,""printed_page"":""563""}"
,pdf_vector_paths,,25,surviving vector geometry is source-backed but insufficient for automatic classification,candidate_vector_region_unclassified,"{""curve_count"":0,""drawing_count"":2,""fill_count"":2,""geometry_fingerprint"":""faf641bc49c62c08800bac812e4cede0d74e719409f50a430de5484509d9c88d"",""line_count"":0,""rect_count"":2,""stroke_count"":0}",ibc2018:vector-region:d8c5eb5b2a3275b7308400fd,0.0,,vector_graphic_region_detection,disputed,unknown,"{""appendix"":null,""bbox"":[59.95,256.75,571.9,260.75],""chapter"":""25"",""line_id"":null,""observed_text_sha256"":""f1eea400ea37f58a6fc0478389158364b0b29ee7d460f894276ea9d7bf4e60bb"",""pdf_page"":590,""printed_page"":""563""}"
,pdf_vector_paths,,25,dense rectangle-only geometry is more consistent with table or background construction,candidate_tabular_or_background_geometry,"{""curve_count"":0,""drawing_count"":21,""fill_count"":21,""geometry_fingerprint"":""8a6793700e2651eb4040af3db19d6522003d2bdbffa04be57badb8ce294fba4f"",""line_count"":0,""rect_count"":21,""stroke_count"":0}",ibc2018:vector-region:4e9cbb09b2c4c15bc2742c7e,0.0,,vector_graphic_region_detection,disputed,unknown,"{""appendix"":null,""bbox"":[39.55,95.35,551.95,331.9],""chapter"":""25"",""line_id"":null,""observed_text_sha256"":""78581ee8d51daa2c7d11be6af9d29fa0107cf052de7f9639bf5ae7ed1a2959e6"",""pdf_page"":591,""printed_page"":""564""}"
,pdf_vector_paths,,25,dense rectangle-only geometry is more consistent with table or background construction,candidate_tabular_or_background_geometry,"{""curve_count"":0,""drawing_count"":10,""fill_count"":10,""geometry_fingerprint"":""e5f5e1659a4226d599894ce54488bd1fb5148c257d8196b40cceaf97370a7f3e"",""line_count"":0,""rect_count"":10,""stroke_count"":0}",ibc2018:vector-region:8f212dff672c8732af248308,0.0,,vector_graphic_region_detection,disputed,unknown,"{""appendix"":null,""bbox"":[39.7,624.7,286.9,737.25],""chapter"":""25"",""line_id"":null,""observed_text_sha256"":""f42150cc1993aa610b2d44842cb3f8b05e902e3694826de535973cd78dded3f5"",""pdf_page"":591,""printed_page"":""564""}"
,pdf_vector_paths,,25,dense rectangle-only geometry is more consistent with table or background construction,candidate_tabular_or_background_geometry,"{""curve_count"":0,""drawing_count"":25,""fill_count"":25,""geometry_fingerprint"":""59c71328dedd0312d837b4e4bfc0a5ee4ed297c34ca35951ebd266b46f0fcb55"",""line_count"":0,""rect_count"":25,""stroke_count"":0}",ibc2018:vector-region:97e4cdd73480d1e8c9f472e9,0.0,,vector_graphic_region_detection,disputed,unknown,"{""appendix"":null,""bbox"":[58.4,94.9,571.9,417.45],""chapter"":""25"",""line_id"":null,""observed_text_sha256"":""0dc761dd465d7433260634b61d906ecb76a04a47d9cd80b455e8873857395832"",""pdf_page"":592,""printed_page"":""565""}"
,pdf_vector_paths,,25,dense rectangle-only geometry is more consistent with table or background construction,candidate_tabular_or_background_geometry,"{""curve_count"":0,""drawing_count"":10,""fill_count"":10,""geometry_fingerprint"":""16194ee8ca0a18e51ee0bd2f0153f06e0aeba5a95454f03351f711488ee02034"",""line_count"":0,""rect_count"":10,""stroke_count"":0}",ibc2018:vector-region:34ed9119c5ea1ba128cd940e,0.0,,vector_graphic_region_detection,disputed,unknown,"{""appendix"":null,""bbox"":[39.35,95.6,552.8,192.1],""chapter"":""25"",""line_id"":null,""observed_text_sha256"":""f38f2076c65c624fdcbaf0af18fa3ade3b97902cef4d9035c726290b52ce9aef"",""pdf_page"":593,""printed_page"":""566""}"
,pdf_vector_paths,,25,dense rectangle-only geometry is more consistent with table or background construction,candidate_tabular_or_background_geometry,"{""curve_count"":0,""drawing_count"":8,""fill_count"":8,""geometry_fingerprint"":""be39f101074fb94d6d4e91d906563133934f622cb7f51766b975077cee927817"",""line_count"":0,""rect_count"":8,""stroke_count"":0}",ibc2018:vector-region:fc0dd5039cddf94f5c8ea387,0.0,,vector_graphic_region_detection,disputed,unknown,"{""appendix"":null,""bbox"":[39.7,446.75,286.9,521.25],""chapter"":""25"",""line_id"":null,""observed_text_sha256"":""45fdec7b48cfb020ee2a232ee959db52c59c0c8ed0ad31b2b10d06f0d8832b2d"",""pdf_page"":593,""printed_page"":""566""}"
,pdf_vector_paths,,25,dense rectangle-only geometry is more consistent with table or background construction,candidate_tabular_or_background_geometry,"{""curve_count"":0,""drawing_count"":11,""fill_count"":11,""geometry_fingerprint"":""ea5508d57309a69ea91e06709f0d88823416d998fa3fe6a897d4ac998234af80"",""line_count"":0,""rect_count"":11,""stroke_count"":0}",ibc2018:vector-region:0458753c1826e8714beb2d58,0.0,,vector_graphic_region_detection,disputed,unknown,"{""appendix"":null,""bbox"":[59.75,515.75,306.45,622.15],""chapter"":""25"",""line_id"":null,""observed_text_sha256"":""bee5090fc72343169f01ddaaefa24025c09bff7e0a85ea4b95912213ad8f0719"",""pdf_page"":594,""printed_page"":""567""}"
,pdf_vector_paths,,25,dense rectangle-only geometry is more consistent with table or background construction,candidate_tabular_or_background_geometry,"{""curve_count"":0,""drawing_count"":9,""fill_count"":9,""geometry_fingerprint"":""03d8399a5acf2330d98b4daf8e75c3bb949aba5a12bbffc09e6d44876c637284"",""line_count"":0,""rect_count"":9,""stroke_count"":0}",ibc2018:vector-region:18d3ba3c272d3f807a31dee2,0.0,,vector_graphic_region_detection,disputed,unknown,"{""appendix"":null,""bbox"":[39.7,238.65,287.5,301.15],""chapter"":""25"",""line_id"":null,""observed_text_sha256"":""fa65b51687b69a18e519c41a3df4e27a428c57e493a97609946f93f4c06d7a0f"",""pdf_page"":595,""printed_page"":""568""}"
,pdf_vector_paths,,26,surviving vector geometry is source-backed but insufficient for automatic classification,candidate_vector_region_unclassified,"{""curve_count"":0,""drawing_count"":1,""fill_count"":1,""geometry_fingerprint"":""fba21b216477e2a6469fdfc705d1d6f3820fc9a7477731b12e807c18df2a1a16"",""line_count"":0,""rect_count"":1,""stroke_count"":0}",ibc2018:vector-region:ed66387ee9f472ae9a9dbeae,0.0,,vector_graphic_region_detection,disputed,unknown,"{""appendix"":null,""bbox"":[59.95,143.15,571.9,144.1],""chapter"":""26"",""line_id"":null,""observed_text_sha256"":""0aa3f26ae2bee15bf76b0142ea69777a8e2a08b329a14a4d6ea7ec3de76c9e3f"",""pdf_page"":596,""printed_page"":""569""}"
,pdf_vector_paths,,26,surviving vector geometry is source-backed but insufficient for automatic classification,candidate_vector_region_unclassified,"{""curve_count"":0,""drawing_count"":2,""fill_count"":2,""geometry_fingerprint"":""6ebb244b5f2757ceb0aa883ea01782b4449fab1bfc16d96b86c80210286609d5"",""line_count"":0,""rect_count"":2,""stroke_count"":0}",ibc2018:vector-region:e0908bf53a37c170e0372016,0.0,,vector_graphic_region_detection,disputed,unknown,"{""appendix"":null,""bbox"":[59.95,212.75,571.9,216.7],""chapter"":""26"",""line_id"":null,""observed_text_sha256"":""184b7a1c0329ab1e12035297755cfaaefe7b596eb945e5b9dbccacc92f7918c4"",""pdf_page"":596,""printed_page"":""569""}"
,pdf_vector_paths,,26,region overlaps or directly precedes a formally captioned figure,rejected_captioned_figure_region,"{""curve_count"":0,""drawing_count"":3,""fill_count"":3,""geometry_fingerprint"":""99f4432a3acd7290a20db1b133e8bd7b293646902f0d2ec4aa472f7cfdfedc20"",""line_count"":0,""rect_count"":3,""stroke_count"":0}",ibc2018:vector-region:07f3e5c6394703d62bdf519c,0.0,,vector_graphic_region_detection,rejected,unknown,"{""appendix"":null,""bbox"":[28.75,247.9,553.65,744.45],""chapter"":""26"",""line_id"":null,""observed_text_sha256"":""d1efc28640fd67c25cd97ea4c794965e558ab702eaddf9ab07b77278b8f009ba"",""pdf_page"":599,""printed_page"":""572""}"
,pdf_vector_paths,,26,surviving vector geometry is source-backed but insufficient for automatic classification,candidate_vector_region_unclassified,"{""curve_count"":0,""drawing_count"":1,""fill_count"":1,""geometry_fingerprint"":""83ce0ff23b1c79c410a4379e0ba8049364f0daa8bf9d8b4a2bd725223c227a7f"",""line_count"":0,""rect_count"":1,""stroke_count"":0}",ibc2018:vector-region:bbd1abce1e0707e6ef216520,0.0,,vector_graphic_region_detection,disputed,unknown,"{""appendix"":null,""bbox"":[559.15,77.95,563.25,262.75],""chapter"":""26"",""line_id"":null,""observed_text_sha256"":""4f68c72eba70ddfbb54e15e2297422e771b5ef58983d0b4c0a6a343198cfe1bb"",""pdf_page"":599,""printed_page"":""572""}"
,pdf_vector_paths,,26,surviving vector geometry is source-backed but insufficient for automatic classification,candidate_vector_region_unclassified,"{""curve_count"":0,""drawing_count"":4,""fill_count"":4,""geometry_fingerprint"":""fb0b1cfbfba8211c7377a20f2716b0e4228afffc092cd41f16bc70b5ea2e97b9"",""line_count"":0,""rect_count"":4,""stroke_count"":0}",ibc2018:vector-region:d01cd443bf4c38f551270ceb,0.0,,vector_graphic_region_detection,disputed,unknown,"{""appendix"":null,""bbox"":[579.1,354.55,583.15,703.55],""chapter"":""26"",""line_id"":null,""observed_text_sha256"":""4a408be897a8e55a3038d414da66d0ecbcd08d033d51cd7aa851b3f9506b8645"",""pdf_page"":600,""printed_page"":""573""}"
,pdf_vector_paths,,26,dense rectangle-only geometry is more consistent with table or background construction,candidate_tabular_or_background_geometry,"{""curve_count"":0,""drawing_count"":29,""fill_count"":29,""geometry_fingerprint"":""791bc14ac9b69d1c1eb8884ee6a284a9870407132c79b993b578ad76fa9b7889"",""line_count"":0,""rect_count"":29,""stroke_count"":0}",ibc2018:vector-region:cccdc8da8167bc8b771896d0,0.0,,vector_graphic_region_detection,disputed,unknown,"{""appendix"":null,""bbox"":[28.05,103.9,552.95,343.75],""chapter"":""26"",""line_id"":null,""observed_text_sha256"":""3784bf08437f45a212d9cd90ff278a325f3c22633eac760426bb22f6341de98c"",""pdf_page"":601,""printed_page"":""574""}"
,pdf_vector_paths,,26,dense rectangle-only geometry is more consistent with table or background construction,candidate_tabular_or_background_geometry,"{""curve_count"":0,""drawing_count"":31,""fill_count"":31,""geometry_fingerprint"":""47c356886459579284f6a1d6a2108d9963d70d17ff9255b702b2b1fc588b6f40"",""line_count"":0,""rect_count"":31,""stroke_count"":0}",ibc2018:vector-region:6348c468b0f9a88c5c14ffac,0.0,,vector_graphic_region_detection,disputed,unknown,"{""appendix"":null,""bbox"":[39.35,404.35,552.1,632.25],""chapter"":""26"",""line_id"":null,""observed_text_sha256"":""a1b0fb216e811f95732156ed47a6e47cc428d8410c9da13121cc7f48670cf8ce"",""pdf_page"":601,""printed_page"":""574""}"
,pdf_vector_paths,,26,dense rectangle-only geometry is more consistent with table or background construction,candidate_tabular_or_background_geometry,"{""curve_count"":0,""drawing_count"":30,""fill_count"":30,""geometry_fingerprint"":""a229052d4569d6f2de4bc3af0f3907ff8d73dcfae14dd4eb127ea632874117f0"",""line_count"":0,""rect_count"":30,""stroke_count"":0}",ibc2018:vector-region:b4d8fb12711a711c977f4aeb,0.0,,vector_graphic_region_detection,disputed,unknown,"{""appendix"":null,""bbox"":[59.5,76.9,584.0,371.85],""chapter"":""26"",""line_id"":null,""observed_text_sha256"":""8454daa3bb6ac17974b8e61835605febcfb84e789dda1c393b8b15522a389a86"",""pdf_page"":602,""printed_page"":""575""}"
,pdf_vector_paths,,26,dense rectangle-only geometry is more consistent with table or background construction,candidate_tabular_or_background_geometry,"{""curve_count"":0,""drawing_count"":32,""fill_count"":32,""geometry_fingerprint"":""e537b4f7f39b01dc8d344171459a38e0e681ea6956da3e81d26a4f0f1676a797"",""line_count"":0,""rect_count"":32,""stroke_count"":0}",ibc2018:vector-region:df156895264b378c52085d6e,0.0,,vector_graphic_region_detection,disputed,unknown,"{""appendix"":null,""bbox"":[28.15,76.9,553.05,487.9],""chapter"":""26"",""line_id"":null,""observed_text_sha256"":""1f2172efa1798c9aec953c675ecd644c1c9a2a08bd0c95c736591718c48e6ca9"",""pdf_page"":603,""printed_page"":""576""}"
,pdf_vector_paths,,26,dense rectangle-only geometry is more consistent with table or background construction,candidate_tabular_or_background_geometry,"{""curve_count"":0,""drawing_count"":17,""fill_count"":17,""geometry_fingerprint"":""2b3ccc7ceb90e300062217996b1cbc7ad00a45b77c6835f22250c70a56b58f7d"",""line_count"":0,""rect_count"":17,""stroke_count"":0}",ibc2018:vector-region:a86a34da3b2574f15a4f4426,0.0,,vector_graphic_region_detection,disputed,unknown,"{""appendix"":null,""bbox"":[39.45,96.7,552.95,239.25],""chapter"":""26"",""line_id"":null,""observed_text_sha256"":""24ce67acdd520a5d65d2782f83654b324660a7fa11a65160f218fecfb47a335e"",""pdf_page"":605,""printed_page"":""578""}"
,pdf_vector_paths,,26,surviving vector geometry is source-backed but insufficient for automatic classification,candidate_vector_region_unclassified,"{""curve_count"":0,""drawing_count"":8,""fill_count"":8,""geometry_fingerprint"":""5165dd70fdf652e09eb37026e2d03fd51611d1138e78162f52ddeef01050bceb"",""line_count"":0,""rect_count"":8,""stroke_count"":0}",ibc2018:vector-region:60e86de8c3bb47e8e215ba7f,0.0,,vector_graphic_region_detection,disputed,unknown,"{""appendix"":null,""bbox"":[59.75,674.5,306.2,731.0],""chapter"":""26"",""line_id"":null,""observed_text_sha256"":""f531844ca1561479fcd28607715294f807ab6558a8bd11aa9c133427e4b29906"",""pdf_page"":606,""printed_page"":""579""}"
,pdf_vector_paths,,26,surviving vector geometry is source-backed but insufficient for automatic classification,candidate_vector_region_unclassified,"{""curve_count"":0,""drawing_count"":1,""fill_count"":1,""geometry_fingerprint"":""fc8376f09987dc8a81d5fcac281da938746f45aa64b0f1918c1084ffd8448846"",""line_count"":0,""rect_count"":1,""stroke_count"":0}",ibc2018:vector-region:61ece179eb81b45ad2c6ca5e,0.0,,vector_graphic_region_detection,disputed,unknown,"{""appendix"":null,""bbox"":[28.75,427.15,32.85,639.35],""chapter"":""26"",""line_id"":null,""observed_text_sha256"":""447ea51af9d35ca347693af0fba02a81ae4be62fa707771bf69a4ecf5767bdf9"",""pdf_page"":607,""printed_page"":""580""}"
,pdf_vector_paths,,26,surviving vector geometry is source-backed but insufficient for automatic classification,candidate_vector_region_unclassified,"{""curve_count"":0,""drawing_count"":1,""fill_count"":1,""geometry_fingerprint"":""cd3b027a9b8246e77b02616e3787aadf488146771895b7abaf0dcc498db541b4"",""line_count"":0,""rect_count"":1,""stroke_count"":0}",ibc2018:vector-region:f332d654bdd8b950dd6c4e14,0.0,,vector_graphic_region_detection,disputed,unknown,"{""appendix"":null,""bbox"":[559.15,77.95,563.25,190.15],""chapter"":""26"",""line_id"":null,""observed_text_sha256"":""c20365faedb66dbcb03c99fe2e78eb98fd7473a6b59d63ab7b4f547b6be0720d"",""pdf_page"":607,""printed_page"":""580""}"
,pdf_vector_paths,,27,surviving vector geometry is source-backed but insufficient for automatic classification,candidate_vector_region_unclassified,"{""curve_count"":0,""drawing_count"":1,""fill_count"":1,""geometry_fingerprint"":""740d2b16a4b5a94a75d597849f4baf69cec1d35bf5aa041681933acccabd5845"",""line_count"":0,""rect_count"":1,""stroke_count"":0}",ibc2018:vector-region:c6101156de3767d4a6589b6a,0.0,,vector_graphic_region_detection,disputed,unknown,"{""appendix"":null,""bbox"":[48.7,257.95,52.75,377.95],""chapter"":""27"",""line_id"":null,""observed_text_sha256"":""32069c8ec08878e2bedbfcb0748b1ea28677d8c9288f1b61504481be688ee9f4"",""pdf_page"":610,""printed_page"":""583""}"
,pdf_vector_paths,,27,surviving vector geometry is source-backed but insufficient for automatic classification,candidate_vector_region_unclassified,"{""curve_count"":0,""drawing_count"":1,""fill_count"":1,""geometry_fingerprint"":""fba21b216477e2a6469fdfc705d1d6f3820fc9a7477731b12e807c18df2a1a16"",""line_count"":0,""rect_count"":1,""stroke_count"":0}",ibc2018:vector-region:c3d7f16f516847573e06a363,0.0,,vector_graphic_region_detection,disputed,unknown,"{""appendix"":null,""bbox"":[59.95,143.15,571.9,144.1],""chapter"":""27"",""line_id"":null,""observed_text_sha256"":""0aa3f26ae2bee15bf76b0142ea69777a8e2a08b329a14a4d6ea7ec3de76c9e3f"",""pdf_page"":610,""printed_page"":""583""}"
,pdf_vector_paths,,27,surviving vector geometry is source-backed but insufficient for automatic classification,candidate_vector_region_unclassified,"{""curve_count"":0,""drawing_count"":2,""fill_count"":2,""geometry_fingerprint"":""233db47fa98f2cb30d409cdf712fe0ab1170cf28f0bd7729aa0cbc40180066b9"",""line_count"":0,""rect_count"":2,""stroke_count"":0}",ibc2018:vector-region:235aeffbc68f28777a23f8d9,0.0,,vector_graphic_region_detection,disputed,unknown,"{""appendix"":null,""bbox"":[59.95,202.75,571.9,206.75],""chapter"":""27"",""line_id"":null,""observed_text_sha256"":""9ac9e899146c8739c22dc37437b236cb3a384483bb3ec794d43538b35e4a766d"",""pdf_page"":610,""printed_page"":""583""}"
,pdf_vector_paths,,27,surviving vector geometry is source-backed but insufficient for automatic classification,candidate_vector_region_unclassified,"{""curve_count"":0,""drawing_count"":1,""fill_count"":1,""geometry_fingerprint"":""7990e0f5e78ab7681ae18ee1c9d4f6aadaa17f61644f3919b47a4596eb20ab07"",""line_count"":0,""rect_count"":1,""stroke_count"":0}",ibc2018:vector-region:45fbcbc0fd98554c4a97b9b9,0.0,,vector_graphic_region_detection,disputed,unknown,"{""appendix"":null,""bbox"":[559.15,138.95,563.25,267.95],""chapter"":""27"",""line_id"":null,""observed_text_sha256"":""d6c4217161943cb1419321ee93b8d0f068d238e511ddc681b74ec24a47b95baf"",""pdf_page"":611,""printed_page"":""584""}"
,pdf_vector_paths,,28,surviving vector geometry is source-backed but insufficient for automatic classification,candidate_vector_region_unclassified,"{""curve_count"":0,""drawing_count"":1,""fill_count"":1,""geometry_fingerprint"":""52e012ef6df22dccb7bc497334c7c4f6dd136c79ee4b1608a741bf36f8832cc5"",""line_count"":0,""rect_count"":1,""stroke_count"":0}",ibc2018:vector-region:f83a920fc2a7f43aee0d73dd,0.0,,vector_graphic_region_detection,disputed,unknown,"{""appendix"":null,""bbox"":[48.7,239.95,52.75,414.55],""chapter"":""28"",""line_id"":null,""observed_text_sha256"":""d4149ed39cea94697882ee8251233d8e88817ddd6e3f73122b1a0a1aea4169f1"",""pdf_page"":612,""printed_page"":""585""}"
,pdf_vector_paths,,28,surviving vector geometry is source-backed but insufficient for automatic classification,candidate_vector_region_unclassified,"{""curve_count"":0,""drawing_count"":1,""fill_count"":1,""geometry_fingerprint"":""fba21b216477e2a6469fdfc705d1d6f3820fc9a7477731b12e807c18df2a1a16"",""line_count"":0,""rect_count"":1,""stroke_count"":0}",ibc2018:vector-region:5fea18875df7ef1e3fb5bb42,0.0,,vector_graphic_region_detection,disputed,unknown,"{""appendix"":null,""bbox"":[59.95,143.15,571.9,144.1],""chapter"":""28"",""line_id"":null,""observed_text_sha256"":""0aa3f26ae2bee15bf76b0142ea69777a8e2a08b329a14a4d6ea7ec3de76c9e3f"",""pdf_page"":612,""printed_page"":""585""}"
,pdf_vector_paths,,28,surviving vector geometry is source-backed but insufficient for automatic classification,candidate_vector_region_unclassified,"{""curve_count"":0,""drawing_count"":2,""fill_count"":2,""geometry_fingerprint"":""38eeedf39e5200773a4ca1038136cdc7504fa3fc95b7673bc9c18eab0312b53a"",""line_count"":0,""rect_count"":2,""stroke_count"":0}",ibc2018:vector-region:a9ac382ceb0c4a2717a7bb78,0.0,,vector_graphic_region_detection,disputed,unknown,"{""appendix"":null,""bbox"":[59.95,182.75,571.9,186.7],""chapter"":""28"",""line_id"":null,""observed_text_sha256"":""e22bcd2ff05673acce7edb0eb681c4b9a26a4addaab6fbf9fdeb90b427c4832a"",""pdf_page"":612,""printed_page"":""585""}"
,pdf_vector_paths,,29,surviving vector geometry is source-backed but insufficient for automatic classification,candidate_vector_region_unclassified,"{""curve_count"":0,""drawing_count"":1,""fill_count"":1,""geometry_fingerprint"":""78e04bce9e353610f64766b56880131b2b93bb7d8ef81d1f9933f90334577f99"",""line_count"":0,""rect_count"":1,""stroke_count"":0}",ibc2018:vector-region:8303f961052538424ab45dfd,0.0,,vector_graphic_region_detection,disputed,unknown,"{""appendix"":null,""bbox"":[59.95,137.15,571.9,138.1],""chapter"":""29"",""line_id"":null,""observed_text_sha256"":""55376a55b8ba59573b7f0d1503d9300a9da2685b32eb33a7bb81a86a5a8f6189"",""pdf_page"":614,""printed_page"":""587""}"
,pdf_vector_paths,,29,surviving vector geometry is source-backed but insufficient for automatic classification,candidate_vector_region_unclassified,"{""curve_count"":0,""drawing_count"":2,""fill_count"":2,""geometry_fingerprint"":""c0639ecc1031c44ebfab1f99a41549ced7aa2fdf0d2a3881bec57df8ed815b37"",""line_count"":0,""rect_count"":2,""stroke_count"":0}",ibc2018:vector-region:667afc081148ffdde5cce6cb,0.0,,vector_graphic_region_detection,disputed,unknown,"{""appendix"":null,""bbox"":[59.95,183.7,571.9,187.65],""chapter"":""29"",""line_id"":null,""observed_text_sha256"":""ebd0cb80674a3581403c9f9aa138f4667e62566a15c343c150a07afc39c59cea"",""pdf_page"":614,""printed_page"":""587""}"
,pdf_vector_paths,,29,dense rectangle-only geometry is more consistent with table or background construction,candidate_tabular_or_background_geometry,"{""curve_count"":0,""drawing_count"":20,""fill_count"":20,""geometry_fingerprint"":""d25a3f3bb1eb6c6db50f3c33b905a8a0f444bd09f348308c580c654a68740512"",""line_count"":0,""rect_count"":20,""stroke_count"":0}",ibc2018:vector-region:70a4847af4cb1c0278157d59,0.0,,vector_graphic_region_detection,disputed,unknown,"{""appendix"":null,""bbox"":[59.95,475.4,582.55,730.55],""chapter"":""29"",""line_id"":null,""observed_text_sha256"":""7affcfc47844e52dc51a5c32121cbfc04efcc15e5775d9b05941b64bcb650054"",""pdf_page"":614,""printed_page"":""587""}"
,pdf_vector_paths,,29,surviving vector geometry is source-backed but insufficient for automatic classification,candidate_vector_region_unclassified,"{""curve_count"":0,""drawing_count"":3,""fill_count"":3,""geometry_fingerprint"":""683da4f24f7eccec6d146bd4a5a78f606a1d1ac101b491742d6fd2e4c136eb23"",""line_count"":0,""rect_count"":3,""stroke_count"":0}",ibc2018:vector-region:cf45eeba9a226daefb98b497,0.0,,vector_graphic_region_detection,disputed,unknown,"{""appendix"":null,""bbox"":[29.25,94.15,32.95,706.15],""chapter"":""29"",""line_id"":null,""observed_text_sha256"":""5b51eb1185cddb3f3f3867129293faef6c4c2f16ad9dc04bf9e070b9c5798ee8"",""pdf_page"":615,""printed_page"":""588""}"
,pdf_vector_paths,,29,dense rectangle-only geometry is more consistent with table or background construction,candidate_tabular_or_background_geometry,"{""curve_count"":0,""drawing_count"":27,""fill_count"":27,""geometry_fingerprint"":""0e64a3aa1d1b2d03806754d00376048ee0b0eb6137a94e7c1b9a4625b8cd7344"",""line_count"":0,""rect_count"":27,""stroke_count"":0}",ibc2018:vector-region:c9b5de905db130e95631c481,0.0,,vector_graphic_region_detection,disputed,unknown,"{""appendix"":null,""bbox"":[41.75,95.25,551.15,705.35],""chapter"":""29"",""line_id"":null,""observed_text_sha256"":""54b8384369a9a2863bb70985c4fe06c9c96a5d49aa4793a2117500dd3038a0b0"",""pdf_page"":615,""printed_page"":""588""}"
,pdf_vector_paths,,29,dense rectangle-only geometry is more consistent with table or background construction,candidate_tabular_or_background_geometry,"{""curve_count"":0,""drawing_count"":22,""fill_count"":22,""geometry_fingerprint"":""4b17ad3de5b040385282bc7dbc57385cd329bcc523dcbbea444a3061ad34c436"",""line_count"":0,""rect_count"":22,""stroke_count"":0}",ibc2018:vector-region:372b1045241f21c8b399ec87,0.0,,vector_graphic_region_detection,disputed,unknown,"{""appendix"":null,""bbox"":[59.5,102.45,571.3,587.35],""chapter"":""29"",""line_id"":null,""observed_text_sha256"":""cdeda0b141e100f3fb9137c5d845b30267d2b5ebb9ba17df19347f251187bb8f"",""pdf_page"":616,""printed_page"":""589""}"
,pdf_vector_paths,,29,surviving vector geometry is source-backed but insufficient for automatic classification,candidate_vector_region_unclassified,"{""curve_count"":0,""drawing_count"":3,""fill_count"":3,""geometry_fingerprint"":""4d0e63e6df3c2493e0020a84ed331e4c806eba258f86c79395ae4c5a94a42323"",""line_count"":0,""rect_count"":3,""stroke_count"":0}",ibc2018:vector-region:efe8444ac63af8c2a71dd34f,0.0,,vector_graphic_region_detection,disputed,unknown,"{""appendix"":null,""bbox"":[579.35,102.8,583.15,587.0],""chapter"":""29"",""line_id"":null,""observed_text_sha256"":""3a3806cbc658075f7491b7da2a188445ec3527152c3dea9acbbfe82b9bcfeda8"",""pdf_page"":616,""printed_page"":""589""}"
,pdf_vector_paths,,30,surviving vector geometry is source-backed but insufficient for automatic classification,candidate_vector_region_unclassified,"{""curve_count"":0,""drawing_count"":1,""fill_count"":1,""geometry_fingerprint"":""90945920e8d5d23364eb29c35f12a041234ca5761ed006a20288442f01040bc5"",""line_count"":0,""rect_count"":1,""stroke_count"":0}",ibc2018:vector-region:3e9699209abe3e14c9d27e39,0.0,,vector_graphic_region_detection,disputed,unknown,"{""appendix"":null,""bbox"":[48.7,263.95,52.75,403.9],""chapter"":""30"",""line_id"":null,""observed_text_sha256"":""3550c846e64d894c27dc5fc8d32f32dba5bbc578e41e57a6700318646b165501"",""pdf_page"":618,""printed_page"":""591""}"
,pdf_vector_paths,,30,dense rectangle-only geometry is more consistent with table or background construction,candidate_tabular_or_background_geometry,"{""curve_count"":0,""drawing_count"":14,""fill_count"":14,""geometry_fingerprint"":""f1afd6f9bae3375c70a54b1741ef354da50992c0ec092c1624ba9d25ae3dd426"",""line_count"":0,""rect_count"":14,""stroke_count"":0}",ibc2018:vector-region:f4429664c9f8cee6b14c0571,0.0,,vector_graphic_region_detection,disputed,unknown,"{""appendix"":null,""bbox"":[49.15,510.2,306.8,721.15],""chapter"":""30"",""line_id"":null,""observed_text_sha256"":""7f1080387c451e87de7261b009ef6484cb7abb3b59b0f4d0c4d0b1b0e0b4bce2"",""pdf_page"":618,""printed_page"":""591""}"
,pdf_vector_paths,,30,surviving vector geometry is source-backed but insufficient for automatic classification,candidate_vector_region_unclassified,"{""curve_count"":0,""drawing_count"":1,""fill_count"":1,""geometry_fingerprint"":""241c634039ce586a63a5dee9bcd696619b60fd5f8438efe04ffac08bf2d3688f"",""line_count"":0,""rect_count"":1,""stroke_count"":0}",ibc2018:vector-region:844952d623978c7e3b688665,0.0,,vector_graphic_region_detection,disputed,unknown,"{""appendix"":null,""bbox"":[55.65,740.35,574.75,747.35],""chapter"":""30"",""line_id"":null,""observed_text_sha256"":""d184cc1ca635299078bde283b3f2e187fe92065f8041db61e9ff5c3c6748b7f7"",""pdf_page"":618,""printed_page"":""591""}"
,pdf_vector_paths,,30,surviving vector geometry is source-backed but insufficient for automatic classification,candidate_vector_region_unclassified,"{""curve_count"":0,""drawing_count"":1,""fill_count"":1,""geometry_fingerprint"":""21a4f92b8bf1a676901877332f76e7f5a26abfe0c6a988559c741c0b48efde1e"",""line_count"":0,""rect_count"":1,""stroke_count"":0}",ibc2018:vector-region:417c98d8dcfea26163a4ad7d,0.0,,vector_graphic_region_detection,disputed,unknown,"{""appendix"":null,""bbox"":[59.95,139.15,571.9,140.15],""chapter"":""30"",""line_id"":null,""observed_text_sha256"":""3df5e320c4dd5e147c01d3ea327b100c44181243906451b9610ce1e0a05a7221"",""pdf_page"":618,""printed_page"":""591""}"
,pdf_vector_paths,,30,surviving vector geometry is source-backed but insufficient for automatic classification,candidate_vector_region_unclassified,"{""curve_count"":0,""drawing_count"":2,""fill_count"":2,""geometry_fingerprint"":""2a113c22e59bb3f68c9193c1180030499812991ece2b434d1d9561f0efed0e9d"",""line_count"":0,""rect_count"":2,""stroke_count"":0}",ibc2018:vector-region:e715f59d3c4502de298b5b77,0.0,,vector_graphic_region_detection,disputed,unknown,"{""appendix"":null,""bbox"":[59.95,178.75,571.9,182.75],""chapter"":""30"",""line_id"":null,""observed_text_sha256"":""3ba4d17736c75ff981824c40abbc287a9353e7c7d460778717a40874b64c5086"",""pdf_page"":618,""printed_page"":""591""}"
,pdf_vector_paths,,30,region overlaps or directly precedes a formally captioned figure,rejected_captioned_figure_region,"{""curve_count"":0,""drawing_count"":1,""fill_count"":1,""geometry_fingerprint"":""c0742448038b5e96a81e117586b067cd41fffc07979973d4c35dc722be9c8581"",""line_count"":0,""rect_count"":1,""stroke_count"":0}",ibc2018:vector-region:d9df97357eb3186a36a68166,0.0,,vector_graphic_region_detection,rejected,unknown,"{""appendix"":null,""bbox"":[76.3,443.25,284.85,578.15],""chapter"":""30"",""line_id"":null,""observed_text_sha256"":""6eb50b5489c17f2e42c4ae06322aa1fc94f3382f8048ef949f3323f83ae52343"",""pdf_page"":622,""printed_page"":""595""}"
,pdf_vector_paths,,30,surviving vector geometry is source-backed but insufficient for automatic classification,candidate_vector_region_unclassified,"{""curve_count"":0,""drawing_count"":1,""fill_count"":1,""geometry_fingerprint"":""6b8cc3890bbd0778ea59e4c601249846422c4947636651ba60a586afcb2418e1"",""line_count"":0,""rect_count"":1,""stroke_count"":0}",ibc2018:vector-region:20e9928a8e168d71d74c2c3f,0.0,,vector_graphic_region_detection,disputed,unknown,"{""appendix"":null,""bbox"":[579.1,194.25,583.15,312.7],""chapter"":""30"",""line_id"":null,""observed_text_sha256"":""dc5e1dedba5562379745562212087e2fad999a890715979d8e50631d2d38762a"",""pdf_page"":622,""printed_page"":""595""}"
,pdf_vector_paths,,30,region overlaps or directly precedes a formally captioned figure,rejected_captioned_figure_region,"{""curve_count"":0,""drawing_count"":1,""fill_count"":1,""geometry_fingerprint"":""ec0caf418780e0a049ffa0999907f2c6683303b0f1899307db61451f235b7f2e"",""line_count"":0,""rect_count"":1,""stroke_count"":0}",ibc2018:vector-region:3bf280e2cda3081123ac9b91,0.0,,vector_graphic_region_detection,rejected,unknown,"{""appendix"":null,""bbox"":[579.1,526.55,583.15,743.95],""chapter"":""30"",""line_id"":null,""observed_text_sha256"":""7b2e8374ddc8486642774c7207471f93de771c90a480d8cc40cc162b1daa9293"",""pdf_page"":622,""printed_page"":""595""}"
,pdf_vector_paths,,30,surviving vector geometry is source-backed but insufficient for automatic classification,candidate_vector_region_unclassified,"{""curve_count"":0,""drawing_count"":1,""fill_count"":1,""geometry_fingerprint"":""aa6792a82e41703fbfb0a2b711d191737a684e99a09b8468383157729d871170"",""line_count"":0,""rect_count"":1,""stroke_count"":0}",ibc2018:vector-region:0f9fc1b90ae7577f3081a11e,0.0,,vector_graphic_region_detection,disputed,unknown,"{""appendix"":null,""bbox"":[579.1,77.95,583.15,181.9],""chapter"":""30"",""line_id"":null,""observed_text_sha256"":""0c7cf41fdbe3893b768b5e46d54ecde50cd4e3fb39f7c3ae3fb8a5b154914fc2"",""pdf_page"":624,""printed_page"":""597""}"
,pdf_vector_paths,,31,surviving vector geometry is source-backed but insufficient for automatic classification,candidate_vector_region_unclassified,"{""curve_count"":0,""drawing_count"":1,""fill_count"":1,""geometry_fingerprint"":""4e7dc2d8f8f9fe15ed6e5c821cb05830110821b188a688f1f5d864e3bf1b8c57"",""line_count"":0,""rect_count"":1,""stroke_count"":0}",ibc2018:vector-region:9f39712a0909b83044476b79,0.0,,vector_graphic_region_detection,disputed,unknown,"{""appendix"":null,""bbox"":[59.95,139.9,571.9,140.85],""chapter"":""31"",""line_id"":null,""observed_text_sha256"":""d9281490332b5fc7e5a5b70c0113d00ab11bd3baf2ab92fd1ef8ef03d7c59aac"",""pdf_page"":626,""printed_page"":""599""}"
,pdf_vector_paths,,31,surviving vector geometry is source-backed but insufficient for automatic classification,candidate_vector_region_unclassified,"{""curve_count"":0,""drawing_count"":2,""fill_count"":2,""geometry_fingerprint"":""21b12d59c41e128719d8d652fca1926cda9fb313b7c46d9c2d06ddd22b3517b4"",""line_count"":0,""rect_count"":2,""stroke_count"":0}",ibc2018:vector-region:2ea571b1f7892f94e6502f5a,0.0,,vector_graphic_region_detection,disputed,unknown,"{""appendix"":null,""bbox"":[59.95,214.3,571.9,218.25],""chapter"":""31"",""line_id"":null,""observed_text_sha256"":""1ad4e82ba2281c35e376fe326804b6d2c550bd415912dc9579f3d2a9d8693969"",""pdf_page"":626,""printed_page"":""599""}"
,pdf_vector_paths,,31,surviving vector geometry is source-backed but insufficient for automatic classification,candidate_vector_region_unclassified,"{""curve_count"":0,""drawing_count"":1,""fill_count"":1,""geometry_fingerprint"":""29b4591437c52747093c95ddbd6c401fe48aeea3fd3f444e77870a14861e4977"",""line_count"":0,""rect_count"":1,""stroke_count"":0}",ibc2018:vector-region:0570d6bc24a44a60ded5e734,0.0,,vector_graphic_region_detection,disputed,unknown,"{""appendix"":null,""bbox"":[28.75,526.4,32.85,708.45],""chapter"":""31"",""line_id"":null,""observed_text_sha256"":""9f2b974d4b5dd970e3cc198c115c0989c32e03d1b6a255d094ea890e2d6e7f26"",""pdf_page"":629,""printed_page"":""602""}"
,pdf_vector_paths,,31,surviving vector geometry is source-backed but insufficient for automatic classification,candidate_vector_region_unclassified,"{""curve_count"":0,""drawing_count"":1,""fill_count"":1,""geometry_fingerprint"":""142b6a009b05ecfbb1893d1fc4fb8d19ea7ebd8fe7f8733d5266fb66d421f5cc"",""line_count"":0,""rect_count"":1,""stroke_count"":0}",ibc2018:vector-region:b76a72408cd7355ab85bed35,0.0,,vector_graphic_region_detection,disputed,unknown,"{""appendix"":null,""bbox"":[48.7,328.9,52.75,743.95],""chapter"":""31"",""line_id"":null,""observed_text_sha256"":""9bdadb19323e2add728b17a08c27e2a2b20aa1f27e9e0a3124eda1453afe06ee"",""pdf_page"":630,""printed_page"":""603""}"
,pdf_vector_paths,,31,surviving vector geometry is source-backed but insufficient for automatic classification,candidate_vector_region_unclassified,"{""curve_count"":0,""drawing_count"":1,""fill_count"":1,""geometry_fingerprint"":""7d256200f8533609d68aa8a8d49687c4ffe3613e48af52ae076f328db593dd0c"",""line_count"":0,""rect_count"":1,""stroke_count"":0}",ibc2018:vector-region:3e271f13b9354ca3f68ae34f,0.0,,vector_graphic_region_detection,disputed,unknown,"{""appendix"":null,""bbox"":[579.1,77.95,583.15,743.95],""chapter"":""31"",""line_id"":null,""observed_text_sha256"":""0023d8ca3583d9aeac2261ccd05f415f6ca8f633a65056f1c0587a9fe45d316f"",""pdf_page"":630,""printed_page"":""603""}"
,pdf_vector_paths,,31,surviving vector geometry is source-backed but insufficient for automatic classification,candidate_vector_region_unclassified,"{""curve_count"":0,""drawing_count"":1,""fill_count"":1,""geometry_fingerprint"":""3607746e66a573c42842683564656acc5bb02fa6b15228fdce2aa740f1038e4e"",""line_count"":0,""rect_count"":1,""stroke_count"":0}",ibc2018:vector-region:b5cca1fef4790e26b9c718fb,0.0,,vector_graphic_region_detection,disputed,unknown,"{""appendix"":null,""bbox"":[28.75,77.95,32.85,458.5],""chapter"":""31"",""line_id"":null,""observed_text_sha256"":""63e49e747c7148ca0f4395846eafdf208e6560127ad9d53fafb3e2e1dd8de7e5"",""pdf_page"":631,""printed_page"":""604""}"
,pdf_vector_paths,,32,surviving vector geometry is source-backed but insufficient for automatic classification,candidate_vector_region_unclassified,"{""curve_count"":0,""drawing_count"":1,""fill_count"":1,""geometry_fingerprint"":""4c2aadf0e30cd6d723f056f5dadf9f5353ae5525e8997e36bf132b6c97fb6e7c"",""line_count"":0,""rect_count"":1,""stroke_count"":0}",ibc2018:vector-region:3f20717d137e159186cf28ed,0.0,,vector_graphic_region_detection,disputed,unknown,"{""appendix"":null,""bbox"":[59.95,139.3,571.9,140.25],""chapter"":""32"",""line_id"":null,""observed_text_sha256"":""d222eeda427c79746a37fe8e40b00721b91ebbe61ee621926a0edf6193ffde2a"",""pdf_page"":632,""printed_page"":""605""}"
,pdf_vector_paths,,32,surviving vector geometry is source-backed but insufficient for automatic classification,candidate_vector_region_unclassified,"{""curve_count"":0,""drawing_count"":2,""fill_count"":2,""geometry_fingerprint"":""81b59a2703f9f6b4daac6036ee68464102ba61f03ceee10ebdd66df3e1c19187"",""line_count"":0,""rect_count"":2,""stroke_count"":0}",ibc2018:vector-region:3a03cb3ef649504fb88969b1,0.0,,vector_graphic_region_detection,disputed,unknown,"{""appendix"":null,""bbox"":[59.95,179.0,571.9,182.95],""chapter"":""32"",""line_id"":null,""observed_text_sha256"":""183af17af60cfe2c2a66390678349464e169c96e058d9d880288443d26965c61"",""pdf_page"":632,""printed_page"":""605""}"
,pdf_vector_paths,,33,surviving vector geometry is source-backed but insufficient for automatic classification,candidate_vector_region_unclassified,"{""curve_count"":0,""drawing_count"":1,""fill_count"":1,""geometry_fingerprint"":""21a4f92b8bf1a676901877332f76e7f5a26abfe0c6a988559c741c0b48efde1e"",""line_count"":0,""rect_count"":1,""stroke_count"":0}",ibc2018:vector-region:27328713f788e8e0952dbca7,0.0,,vector_graphic_region_detection,disputed,unknown,"{""appendix"":null,""bbox"":[59.95,139.15,571.9,140.15],""chapter"":""33"",""line_id"":null,""observed_text_sha256"":""3df5e320c4dd5e147c01d3ea327b100c44181243906451b9610ce1e0a05a7221"",""pdf_page"":634,""printed_page"":""607""}"
,pdf_vector_paths,,33,surviving vector geometry is source-backed but insufficient for automatic classification,candidate_vector_region_unclassified,"{""curve_count"":0,""drawing_count"":2,""fill_count"":2,""geometry_fingerprint"":""b42a287148e9dd3ab17b9a606abc4cc18da2c66fcbfd9664fdf762e1fa637fe5"",""line_count"":0,""rect_count"":2,""stroke_count"":0}",ibc2018:vector-region:4f682ad11689809263ac0c1a,0.0,,vector_graphic_region_detection,disputed,unknown,"{""appendix"":null,""bbox"":[59.95,222.7,571.9,226.65],""chapter"":""33"",""line_id"":null,""observed_text_sha256"":""0ea698b689c8ecced972f4463975e1ec6203a60d31ab5761fc993e7f60b07224"",""pdf_page"":634,""printed_page"":""607""}"
,pdf_vector_paths,,33,dense rectangle-only geometry is more consistent with table or background construction,candidate_tabular_or_background_geometry,"{""curve_count"":0,""drawing_count"":12,""fill_count"":12,""geometry_fingerprint"":""bc3c4a9aaa30b8523598001c87f5f943126cc890227219573d38cd55e0912c02"",""line_count"":0,""rect_count"":12,""stroke_count"":0}",ibc2018:vector-region:0a54acd2a1dd690d2f7ba6f3,0.0,,vector_graphic_region_detection,disputed,unknown,"{""appendix"":null,""bbox"":[39.45,625.3,552.35,729.7],""chapter"":""33"",""line_id"":null,""observed_text_sha256"":""82b7c50aad5efe3bca486914cfcf9e7197beaad991ccde07c3435a69ca0d4f31"",""pdf_page"":635,""printed_page"":""608""}"
,pdf_vector_paths,,35,surviving vector geometry is source-backed but insufficient for automatic classification,candidate_vector_region_unclassified,"{""curve_count"":0,""drawing_count"":1,""fill_count"":1,""geometry_fingerprint"":""0bbb5dadc097cca02def233c5a3ee0eb88bb2278e8e4118bd6a1ef77999863f5"",""line_count"":0,""rect_count"":1,""stroke_count"":0}",ibc2018:vector-region:091a62d3f3805ecde0fcb38e,0.0,,vector_graphic_region_detection,disputed,unknown,"{""appendix"":null,""bbox"":[59.95,146.95,571.9,147.95],""chapter"":""35"",""line_id"":null,""observed_text_sha256"":""24fbf55c797b4fb18f348d32ce3c13086747d179f1eb6a8025ef1cfc9b36158b"",""pdf_page"":640,""printed_page"":""613""}"
,pdf_vector_paths,,35,surviving vector geometry is source-backed but insufficient for automatic classification,candidate_vector_region_unclassified,"{""curve_count"":0,""drawing_count"":2,""fill_count"":2,""geometry_fingerprint"":""903a51100b0e44a0d8326f2bbcbe5284d988a229012f8cf938a0c493ba87a4f7"",""line_count"":0,""rect_count"":2,""stroke_count"":0}",ibc2018:vector-region:b03701c54d464b234b7505fd,0.0,,vector_graphic_region_detection,disputed,unknown,"{""appendix"":null,""bbox"":[59.95,231.35,571.9,235.3],""chapter"":""35"",""line_id"":null,""observed_text_sha256"":""06c402562244fb44c7ea5801a33335d4b492ec88fee7d82ff10db67721f4d08a"",""pdf_page"":640,""printed_page"":""613""}"
,pdf_vector_paths,,35,surviving vector geometry is source-backed but insufficient for automatic classification,candidate_vector_region_unclassified,"{""curve_count"":0,""drawing_count"":1,""fill_count"":1,""geometry_fingerprint"":""fe2dd599b04c054c8d772380c876662a613176eba417e34093018cd7700df5e5"",""line_count"":0,""rect_count"":1,""stroke_count"":0}",ibc2018:vector-region:d54d5b5107729dfdd4e1502f,0.0,,vector_graphic_region_detection,disputed,unknown,"{""appendix"":null,""bbox"":[59.95,252.1,571.9,253.05],""chapter"":""35"",""line_id"":null,""observed_text_sha256"":""f1711ad4669c099b7af2ed660fbad8baafecf34eb8753d79749c146c5ecbaa0b"",""pdf_page"":640,""printed_page"":""613""}"
,pdf_vector_paths,,35,surviving vector geometry is source-backed but insufficient for automatic classification,candidate_vector_region_unclassified,"{""curve_count"":0,""drawing_count"":1,""fill_count"":1,""geometry_fingerprint"":""db56abdc5ad049b0ce64f075c45d402f01586b0a4d97093f2729e682353daa04"",""line_count"":0,""rect_count"":1,""stroke_count"":0}",ibc2018:vector-region:67e2c64f37fe755cee31cbd8,0.0,,vector_graphic_region_detection,disputed,unknown,"{""appendix"":null,""bbox"":[59.95,358.3,571.9,359.25],""chapter"":""35"",""line_id"":null,""observed_text_sha256"":""d450cb9c0ee25d64e5ad45eb0a3e16e072c3d1de8dff58537111a5e1dc0aacda"",""pdf_page"":640,""printed_page"":""613""}"
,pdf_vector_paths,,35,surviving vector geometry is source-backed but insufficient for automatic classification,candidate_vector_region_unclassified,"{""curve_count"":0,""drawing_count"":1,""fill_count"":1,""geometry_fingerprint"":""358e939e0697d3ec412beec9b8ff0162942dcb97b3966be37ba6800f76cf51f8"",""line_count"":0,""rect_count"":1,""stroke_count"":0}",ibc2018:vector-region:d47cc7ef622a7df52e69dae9,0.0,,vector_graphic_region_detection,disputed,unknown,"{""appendix"":null,""bbox"":[59.95,527.0,571.9,527.95],""chapter"":""35"",""line_id"":null,""observed_text_sha256"":""293248fac0009f95f00d794465a2811211c32bda41d405b5602b224fae100935"",""pdf_page"":640,""printed_page"":""613""}"
,pdf_vector_paths,,35,surviving vector geometry is source-backed but insufficient for automatic classification,candidate_vector_region_unclassified,"{""curve_count"":0,""drawing_count"":1,""fill_count"":1,""geometry_fingerprint"":""b7cfc0f4a237bf6ca3ca955a9f6bc6cd0095feab6e74908a6ab5ad6a1fe3b2c3"",""line_count"":0,""rect_count"":1,""stroke_count"":0}",ibc2018:vector-region:d7ea11e999052934d5ec7e8d,0.0,,vector_graphic_region_detection,disputed,unknown,"{""appendix"":null,""bbox"":[59.95,677.25,571.9,678.2],""chapter"":""35"",""line_id"":null,""observed_text_sha256"":""735579bdf3b1577824189365c85130763c6726c624d17bf47d38ca420d2f6608"",""pdf_page"":640,""printed_page"":""613""}"
,pdf_vector_paths,,35,surviving vector geometry is source-backed but insufficient for automatic classification,candidate_vector_region_unclassified,"{""curve_count"":0,""drawing_count"":1,""fill_count"":1,""geometry_fingerprint"":""3a6fb5a5cdce7cbf1c02f0e534c78127293d17cf775733d23e0ef84643fc50b2"",""line_count"":0,""rect_count"":1,""stroke_count"":0}",ibc2018:vector-region:e6eab05d23b2d4974e60a2b6,0.0,,vector_graphic_region_detection,disputed,unknown,"{""appendix"":null,""bbox"":[40.0,123.1,552.0,124.05],""chapter"":""35"",""line_id"":null,""observed_text_sha256"":""e69367fee7e188d31d3a9cbf3472c6a1a18665ef3a0e79395e1d2db847a0a3cd"",""pdf_page"":641,""printed_page"":""614""}"
,pdf_vector_paths,,35,surviving vector geometry is source-backed but insufficient for automatic classification,candidate_vector_region_unclassified,"{""curve_count"":0,""drawing_count"":1,""fill_count"":1,""geometry_fingerprint"":""22b20af355ad464e7d603fcc7cacba46d46ad4a174970f5b2b24c7bbe874fd61"",""line_count"":0,""rect_count"":1,""stroke_count"":0}",ibc2018:vector-region:10661b3761235af76b10dee5,0.0,,vector_graphic_region_detection,disputed,unknown,"{""appendix"":null,""bbox"":[40.0,353.15,552.0,354.1],""chapter"":""35"",""line_id"":null,""observed_text_sha256"":""96c986c5bbef322ef1a381309be92ff41e66ffbc0ee17ad2d6353f238ca72f32"",""pdf_page"":641,""printed_page"":""614""}"
,pdf_vector_paths,,35,surviving vector geometry is source-backed but insufficient for automatic classification,candidate_vector_region_unclassified,"{""curve_count"":0,""drawing_count"":1,""fill_count"":1,""geometry_fingerprint"":""fb2862dc0fee0bef3d088e17cc53de48933020613c35d3b24ea9386d89dc19f2"",""line_count"":0,""rect_count"":1,""stroke_count"":0}",ibc2018:vector-region:9e2c12c9799e4c7d4f11d3a7,0.0,,vector_graphic_region_detection,disputed,unknown,"{""appendix"":null,""bbox"":[40.0,432.95,552.0,433.9],""chapter"":""35"",""line_id"":null,""observed_text_sha256"":""1981c6b20f0455436819edb0f26d1246e955675eb9bcae8bfa0475e63bf4b3a0"",""pdf_page"":641,""printed_page"":""614""}"
,pdf_vector_paths,,35,surviving vector geometry is source-backed but insufficient for automatic classification,candidate_vector_region_unclassified,"{""curve_count"":0,""drawing_count"":1,""fill_count"":1,""geometry_fingerprint"":""5b9acd9fe0416d34a140cb9a18724977ecd6f86e77083f2dd5b5154b94b619af"",""line_count"":0,""rect_count"":1,""stroke_count"":0}",ibc2018:vector-region:18bc8202ef900b174e3ca9c5,0.0,,vector_graphic_region_detection,disputed,unknown,"{""appendix"":null,""bbox"":[40.0,512.85,552.0,513.8],""chapter"":""35"",""line_id"":null,""observed_text_sha256"":""733858e8325f809de4f9d5556fc1708969ecf0329cf0531bb997e899bbaada9f"",""pdf_page"":641,""printed_page"":""614""}"
,pdf_vector_paths,,35,surviving vector geometry is source-backed but insufficient for automatic classification,candidate_vector_region_unclassified,"{""curve_count"":0,""drawing_count"":1,""fill_count"":1,""geometry_fingerprint"":""a5ae3374ef1ec73b0484f5f2475aa47ebdefa31468b83b022b787642acd4771d"",""line_count"":0,""rect_count"":1,""stroke_count"":0}",ibc2018:vector-region:df6eef0537d8121f2aa81981,0.0,,vector_graphic_region_detection,disputed,unknown,"{""appendix"":null,""bbox"":[59.95,398.75,571.9,399.7],""chapter"":""35"",""line_id"":null,""observed_text_sha256"":""591cb87f7539198d39ad7587c015e76cf8a56440948c7579a8825a84595ca9f6"",""pdf_page"":642,""printed_page"":""615""}"
,pdf_vector_paths,,35,surviving vector geometry is source-backed but insufficient for automatic classification,candidate_vector_region_unclassified,"{""curve_count"":0,""drawing_count"":1,""fill_count"":1,""geometry_fingerprint"":""dcfd3fd773f5479bd82c9992a9051db9375d90efc320fcb6942b45a300957af3"",""line_count"":0,""rect_count"":1,""stroke_count"":0}",ibc2018:vector-region:092af2621c21e89ad2c2f44b,0.0,,vector_graphic_region_detection,disputed,unknown,"{""appendix"":null,""bbox"":[40.0,222.1,552.0,223.05],""chapter"":""35"",""line_id"":null,""observed_text_sha256"":""4aa52771d58d9bf03da755c70be54398ab0d0d8728d3971d1007713edd1cf4ed"",""pdf_page"":643,""printed_page"":""616""}"
,pdf_vector_paths,,35,surviving vector geometry is source-backed but insufficient for automatic classification,candidate_vector_region_unclassified,"{""curve_count"":0,""drawing_count"":1,""fill_count"":1,""geometry_fingerprint"":""7b1dcea829cc4383f9789bfe5acfb452a834f995aedbd6831a60f5217e170c8f"",""line_count"":0,""rect_count"":1,""stroke_count"":0}",ibc2018:vector-region:ebe60f04f6be56ce3949ab5e,0.0,,vector_graphic_region_detection,disputed,unknown,"{""appendix"":null,""bbox"":[40.0,350.5,552.0,351.45],""chapter"":""35"",""line_id"":null,""observed_text_sha256"":""5364234b042e6915d250f5bf34dc2b4c5a9fe12f9d722a83d7e4375462773810"",""pdf_page"":643,""printed_page"":""616""}"
,pdf_vector_paths,,35,surviving vector geometry is source-backed but insufficient for automatic classification,candidate_vector_region_unclassified,"{""curve_count"":0,""drawing_count"":1,""fill_count"":1,""geometry_fingerprint"":""c6077c531578143e89ef3ce554ca09817de77304f4f4012b931fd89332657fa4"",""line_count"":0,""rect_count"":1,""stroke_count"":0}",ibc2018:vector-region:52964742564866579467e850,0.0,,vector_graphic_region_detection,disputed,unknown,"{""appendix"":null,""bbox"":[59.95,81.1,571.9,82.05],""chapter"":""35"",""line_id"":null,""observed_text_sha256"":""8cfb712624d0b1bbed9a8a347b34aa4d49565b6709b512e403faeb2b36892b12"",""pdf_page"":644,""printed_page"":""617""}"
,pdf_vector_paths,,35,surviving vector geometry is source-backed but insufficient for automatic classification,candidate_vector_region_unclassified,"{""curve_count"":0,""drawing_count"":1,""fill_count"":1,""geometry_fingerprint"":""1e4d644be3c14b220295d0da089bab396015261452feac730385b823bdc8698e"",""line_count"":0,""rect_count"":1,""stroke_count"":0}",ibc2018:vector-region:4bd5c5b8626a6267a0cfde3a,0.0,,vector_graphic_region_detection,disputed,unknown,"{""appendix"":null,""bbox"":[59.95,348.8,571.9,349.75],""chapter"":""35"",""line_id"":null,""observed_text_sha256"":""d2b743e76b10118bde0cb23d6a279509841adb9782f1d08cdd0ff2f572c72771"",""pdf_page"":644,""printed_page"":""617""}"
,pdf_vector_paths,,35,surviving vector geometry is source-backed but insufficient for automatic classification,candidate_vector_region_unclassified,"{""curve_count"":0,""drawing_count"":1,""fill_count"":1,""geometry_fingerprint"":""ad844f5523d06015f02697e39c32f136e34411ad71dc3e6ddd0ce1863f4f4159"",""line_count"":0,""rect_count"":1,""stroke_count"":0}",ibc2018:vector-region:150eec45b9919117d04ba7fa,0.0,,vector_graphic_region_detection,disputed,unknown,"{""appendix"":null,""bbox"":[59.95,428.0,571.9,428.95],""chapter"":""35"",""line_id"":null,""observed_text_sha256"":""3800406f97b3a88b3fe56b6beb566b0ad77547b92c27251a1b833daeffbb8a6a"",""pdf_page"":644,""printed_page"":""617""}"
,pdf_vector_paths,,35,surviving vector geometry is source-backed but insufficient for automatic classification,candidate_vector_region_unclassified,"{""curve_count"":0,""drawing_count"":1,""fill_count"":1,""geometry_fingerprint"":""9b603f1321f89a9f6f4b3ca3f7e2b6b995ac0fcd867c9a69c3c8ded3bee542d0"",""line_count"":0,""rect_count"":1,""stroke_count"":0}",ibc2018:vector-region:bcc29ae2026dcd990fbae750,0.0,,vector_graphic_region_detection,disputed,unknown,"{""appendix"":null,""bbox"":[40.0,437.15,552.0,438.1],""chapter"":""35"",""line_id"":null,""observed_text_sha256"":""431a99cf27656d79a62f4b5c33654b0a5ec34410ffd6e625ad8b60a3a028dd5a"",""pdf_page"":655,""printed_page"":""628""}"
,pdf_vector_paths,,35,surviving vector geometry is source-backed but insufficient for automatic classification,candidate_vector_region_unclassified,"{""curve_count"":0,""drawing_count"":1,""fill_count"":1,""geometry_fingerprint"":""017aadb99d429cc5a0382aa9e5e598b7cfea5a0123fe075c87722b5505283415"",""line_count"":0,""rect_count"":1,""stroke_count"":0}",ibc2018:vector-region:4ca5559e196e140bdab108a0,0.0,,vector_graphic_region_detection,disputed,unknown,"{""appendix"":null,""bbox"":[40.0,666.7,552.0,667.65],""chapter"":""35"",""line_id"":null,""observed_text_sha256"":""ded50c476db019dcb7ce10a40824f3f70f4f6363c01fab1ef2938ef464d59cca"",""pdf_page"":655,""printed_page"":""628""}"
,pdf_vector_paths,,35,surviving vector geometry is source-backed but insufficient for automatic classification,candidate_vector_region_unclassified,"{""curve_count"":0,""drawing_count"":1,""fill_count"":1,""geometry_fingerprint"":""5073c3027546f26dca828339c35b55dbafdefdba3d5c754f775869dbf9754541"",""line_count"":0,""rect_count"":1,""stroke_count"":0}",ibc2018:vector-region:eb8169938031b9e04edc7747,0.0,,vector_graphic_region_detection,disputed,unknown,"{""appendix"":null,""bbox"":[59.95,60.95,571.9,61.9],""chapter"":""35"",""line_id"":null,""observed_text_sha256"":""a0481b89a6ef95bd0fac27e197a0a06a768bd1d7bbb6eed04b4175e448402c8e"",""pdf_page"":656,""printed_page"":""629""}"
,pdf_vector_paths,,35,surviving vector geometry is source-backed but insufficient for automatic classification,candidate_vector_region_unclassified,"{""curve_count"":0,""drawing_count"":1,""fill_count"":1,""geometry_fingerprint"":""9c4b94b813ce092cbfbfd5c2a090e8d25a028b34c074d9c236ddf25ba760dd26"",""line_count"":0,""rect_count"":1,""stroke_count"":0}",ibc2018:vector-region:69df0164cd31e937af014a6f,0.0,,vector_graphic_region_detection,disputed,unknown,"{""appendix"":null,""bbox"":[59.95,200.25,571.9,201.2],""chapter"":""35"",""line_id"":null,""observed_text_sha256"":""7435f6a69283d902b4286d9c546fa2cf7f62a78cbd8d93484d3d786f5e4b6bf0"",""pdf_page"":656,""printed_page"":""629""}"
,pdf_vector_paths,,35,surviving vector geometry is source-backed but insufficient for automatic classification,candidate_vector_region_unclassified,"{""curve_count"":0,""drawing_count"":1,""fill_count"":1,""geometry_fingerprint"":""c18083ed59f9119337a635431314c83d67c0495044a5411dd2c6a9aee726d625"",""line_count"":0,""rect_count"":1,""stroke_count"":0}",ibc2018:vector-region:154c5772540bc4e74be061bb,0.0,,vector_graphic_region_detection,disputed,unknown,"{""appendix"":null,""bbox"":[59.95,289.55,571.9,290.5],""chapter"":""35"",""line_id"":null,""observed_text_sha256"":""4e162f7486d2d2de10575877cf1407b5171ff5a683f424174595e803b8ae4869"",""pdf_page"":656,""printed_page"":""629""}"
,pdf_vector_paths,,35,surviving vector geometry is source-backed but insufficient for automatic classification,candidate_vector_region_unclassified,"{""curve_count"":0,""drawing_count"":1,""fill_count"":1,""geometry_fingerprint"":""865babd921938e484569fc309ae2b3969416a5e8e79b0fb0b590db3cf2513b5e"",""line_count"":0,""rect_count"":1,""stroke_count"":0}",ibc2018:vector-region:3e7c756fe16c55ae369f3067,0.0,,vector_graphic_region_detection,disputed,unknown,"{""appendix"":null,""bbox"":[59.95,442.9,571.9,443.85],""chapter"":""35"",""line_id"":null,""observed_text_sha256"":""3b20d5a662e6b901aa1bc532f5f2e7260336c2319102b8cd69d466d26992dbc5"",""pdf_page"":656,""printed_page"":""629""}"
,pdf_vector_paths,,35,surviving vector geometry is source-backed but insufficient for automatic classification,candidate_vector_region_unclassified,"{""curve_count"":0,""drawing_count"":1,""fill_count"":1,""geometry_fingerprint"":""5920202c221f46f8bfecaab820fee481ba19d5c98464667a18d9a97e0c390b5c"",""line_count"":0,""rect_count"":1,""stroke_count"":0}",ibc2018:vector-region:965d9a693464c11b4de676e1,0.0,,vector_graphic_region_detection,disputed,unknown,"{""appendix"":null,""bbox"":[59.95,557.15,571.9,558.1],""chapter"":""35"",""line_id"":null,""observed_text_sha256"":""a0772ad251f76cfa5f1954afbcfc6b5e29609d36a2b02728cda40c8b778cf2ee"",""pdf_page"":656,""printed_page"":""629""}"
,pdf_vector_paths,,35,surviving vector geometry is source-backed but insufficient for automatic classification,candidate_vector_region_unclassified,"{""curve_count"":0,""drawing_count"":1,""fill_count"":1,""geometry_fingerprint"":""acf49960c91d03b689e0078ea16e75cb6a4fdbe97aed5a2e8e9583946ad25a99"",""line_count"":0,""rect_count"":1,""stroke_count"":0}",ibc2018:vector-region:05339321196145a056b6c8da,0.0,,vector_graphic_region_detection,disputed,unknown,"{""appendix"":null,""bbox"":[40.0,60.95,552.0,61.9],""chapter"":""35"",""line_id"":null,""observed_text_sha256"":""f3bf3012a169974ffc5e322c5ef3b0140104d7184dd4c9088d017380d0781b70"",""pdf_page"":657,""printed_page"":""630""}"
,pdf_vector_paths,,35,surviving vector geometry is source-backed but insufficient for automatic classification,candidate_vector_region_unclassified,"{""curve_count"":0,""drawing_count"":1,""fill_count"":1,""geometry_fingerprint"":""c86f532827b546874e08989b35db5a29c5187b9ffd629149f64cb704ad5fb9a9"",""line_count"":0,""rect_count"":1,""stroke_count"":0}",ibc2018:vector-region:ab6fd7d5e41e3eac778e6a4b,0.0,,vector_graphic_region_detection,disputed,unknown,"{""appendix"":null,""bbox"":[40.0,289.15,552.0,290.15],""chapter"":""35"",""line_id"":null,""observed_text_sha256"":""b7c3e59dc4b95c030ff93d8aa10a2258deea3e72e908530698ba7f8fc19905bd"",""pdf_page"":657,""printed_page"":""630""}"
,pdf_vector_paths,,35,surviving vector geometry is source-backed but insufficient for automatic classification,candidate_vector_region_unclassified,"{""curve_count"":0,""drawing_count"":1,""fill_count"":1,""geometry_fingerprint"":""8f9d567f7645c8987557b69f9572c09633014aab5e3f3930ee4d46df9f72c610"",""line_count"":0,""rect_count"":1,""stroke_count"":0}",ibc2018:vector-region:7a935d3407fac7b746050a0a,0.0,,vector_graphic_region_detection,disputed,unknown,"{""appendix"":null,""bbox"":[40.0,439.55,552.0,440.5],""chapter"":""35"",""line_id"":null,""observed_text_sha256"":""3107aa001d1643f4d4b7a3a7ab7501feb4d67683f8caa0746c170484eb59d1ee"",""pdf_page"":657,""printed_page"":""630""}"
,pdf_vector_paths,,35,surviving vector geometry is source-backed but insufficient for automatic classification,candidate_vector_region_unclassified,"{""curve_count"":0,""drawing_count"":1,""fill_count"":1,""geometry_fingerprint"":""a3421544869a13a1cf07263dee9e32bec3f7ad8cf7bb04e11f1f777bbfa748b6"",""line_count"":0,""rect_count"":1,""stroke_count"":0}",ibc2018:vector-region:11ca1e6bf799bf398db151bc,0.0,,vector_graphic_region_detection,disputed,unknown,"{""appendix"":null,""bbox"":[40.0,528.8,552.0,529.75],""chapter"":""35"",""line_id"":null,""observed_text_sha256"":""dfe564f6fc15c663355fa14b01456ef01034667c466d66289560541c1ed065cf"",""pdf_page"":657,""printed_page"":""630""}"
,pdf_vector_paths,,35,surviving vector geometry is source-backed but insufficient for automatic classification,candidate_vector_region_unclassified,"{""curve_count"":0,""drawing_count"":1,""fill_count"":1,""geometry_fingerprint"":""c6077c531578143e89ef3ce554ca09817de77304f4f4012b931fd89332657fa4"",""line_count"":0,""rect_count"":1,""stroke_count"":0}",ibc2018:vector-region:15d451e5b0c33a449331725a,0.0,,vector_graphic_region_detection,disputed,unknown,"{""appendix"":null,""bbox"":[59.95,81.1,571.9,82.05],""chapter"":""35"",""line_id"":null,""observed_text_sha256"":""8cfb712624d0b1bbed9a8a347b34aa4d49565b6709b512e403faeb2b36892b12"",""pdf_page"":658,""printed_page"":""631""}"
,pdf_vector_paths,,35,surviving vector geometry is source-backed but insufficient for automatic classification,candidate_vector_region_unclassified,"{""curve_count"":0,""drawing_count"":1,""fill_count"":1,""geometry_fingerprint"":""339c731ea9b0fffc28d46942d1324192ab784f56b2d5794e744db7cd8835b22c"",""line_count"":0,""rect_count"":1,""stroke_count"":0}",ibc2018:vector-region:e52692289cf8e1a70d0d42cf,0.0,,vector_graphic_region_detection,disputed,unknown,"{""appendix"":null,""bbox"":[59.95,220.4,571.9,221.35],""chapter"":""35"",""line_id"":null,""observed_text_sha256"":""711d160ccdf5c05874f90e26f7d06fbf99307400da8a5e63788c138d0fa0059a"",""pdf_page"":658,""printed_page"":""631""}"
,pdf_vector_paths,,35,surviving vector geometry is source-backed but insufficient for automatic classification,candidate_vector_region_unclassified,"{""curve_count"":0,""drawing_count"":1,""fill_count"":1,""geometry_fingerprint"":""69d43bcb28a0e6008b16ab7db21983dadc45eb4f556ec8fb07ba0bf172c5720a"",""line_count"":0,""rect_count"":1,""stroke_count"":0}",ibc2018:vector-region:04302e3378edfd720c2bad7c,0.0,,vector_graphic_region_detection,disputed,unknown,"{""appendix"":null,""bbox"":[59.95,320.75,571.9,321.7],""chapter"":""35"",""line_id"":null,""observed_text_sha256"":""1af21cff0e8e3bd6974735f4b1c95da84bb0d5d6f1bab279e12c890f83e10659"",""pdf_page"":658,""printed_page"":""631""}"
,pdf_vector_paths,,35,surviving vector geometry is source-backed but insufficient for automatic classification,candidate_vector_region_unclassified,"{""curve_count"":0,""drawing_count"":1,""fill_count"":1,""geometry_fingerprint"":""54224493ce7af8db23808bedf5d8084c64f6d35b9e5a75e0c86301fb1e617683"",""line_count"":0,""rect_count"":1,""stroke_count"":0}",ibc2018:vector-region:d90665ea9b6a631d5f9d488a,0.0,,vector_graphic_region_detection,disputed,unknown,"{""appendix"":null,""bbox"":[59.95,493.15,571.9,494.15],""chapter"":""35"",""line_id"":null,""observed_text_sha256"":""b305e6ac2139dc8800cf7f1d8adb847494ed254e8ccca0cd3b9a31f3be92e666"",""pdf_page"":658,""printed_page"":""631""}"
,pdf_vector_paths,,35,surviving vector geometry is source-backed but insufficient for automatic classification,candidate_vector_region_unclassified,"{""curve_count"":0,""drawing_count"":1,""fill_count"":1,""geometry_fingerprint"":""4c1f6300571df0532db61151510c2142bcbb770d23d87bd9fcd12c18591c24fb"",""line_count"":0,""rect_count"":1,""stroke_count"":0}",ibc2018:vector-region:47c355d08417c2b0b5603085,0.0,,vector_graphic_region_detection,disputed,unknown,"{""appendix"":null,""bbox"":[59.95,582.45,571.9,583.4],""chapter"":""35"",""line_id"":null,""observed_text_sha256"":""ca8c7a1b037d974553c4fe5930d9b3477c6646e1bf7bd378c1130061ff579ab9"",""pdf_page"":658,""printed_page"":""631""}"
,pdf_vector_paths,,35,surviving vector geometry is source-backed but insufficient for automatic classification,candidate_vector_region_unclassified,"{""curve_count"":0,""drawing_count"":1,""fill_count"":1,""geometry_fingerprint"":""adfaaff88a68b6bb57d09d1ddf32b6493d3dca34f6aba2a71dccf55dafe6e9d3"",""line_count"":0,""rect_count"":1,""stroke_count"":0}",ibc2018:vector-region:22890027a3ebc4f53bc6446d,0.0,,vector_graphic_region_detection,disputed,unknown,"{""appendix"":null,""bbox"":[40.0,158.15,552.0,159.1],""chapter"":""35"",""line_id"":null,""observed_text_sha256"":""0a818b5bbf51cff065d05cf38e197b027e1e0c4502fce7d59e7b868ca828b15f"",""pdf_page"":659,""printed_page"":""632""}"
,pdf_vector_paths,,35,surviving vector geometry is source-backed but insufficient for automatic classification,candidate_vector_region_unclassified,"{""curve_count"":0,""drawing_count"":1,""fill_count"":1,""geometry_fingerprint"":""5f918ff752bc845195017994cf45f3273f58b82416295bd8bd3f1c866d1c3e4c"",""line_count"":0,""rect_count"":1,""stroke_count"":0}",ibc2018:vector-region:6a4134b6ec25808b4820e959,0.0,,vector_graphic_region_detection,disputed,unknown,"{""appendix"":null,""bbox"":[40.0,261.45,552.0,262.4],""chapter"":""35"",""line_id"":null,""observed_text_sha256"":""103e370365a6acb06d1bd95c471b079215a2d21a7abad0e3b8ce7b8d0defdfdb"",""pdf_page"":659,""printed_page"":""632""}"
,pdf_vector_paths,,35,surviving vector geometry is source-backed but insufficient for automatic classification,candidate_vector_region_unclassified,"{""curve_count"":0,""drawing_count"":1,""fill_count"":1,""geometry_fingerprint"":""13033a17db1708163c55b90f64187588688ddb7006531790e935abdfe478d127"",""line_count"":0,""rect_count"":1,""stroke_count"":0}",ibc2018:vector-region:081e74cd53a57466f8cc5e16,0.0,,vector_graphic_region_detection,disputed,unknown,"{""appendix"":null,""bbox"":[40.0,339.8,552.0,340.75],""chapter"":""35"",""line_id"":null,""observed_text_sha256"":""ac38d5b1080d0ee644581ff9a013809e687c69f295ece371eaf3d0a9ed6f81fe"",""pdf_page"":659,""printed_page"":""632""}"
,pdf_vector_paths,,35,surviving vector geometry is source-backed but insufficient for automatic classification,candidate_vector_region_unclassified,"{""curve_count"":0,""drawing_count"":1,""fill_count"":1,""geometry_fingerprint"":""d185f768bcac9118fd21ac8ab7e4906f41d78727e5121d369cb9da3d26870cc7"",""line_count"":0,""rect_count"":1,""stroke_count"":0}",ibc2018:vector-region:d71f2c1a6937027055b503d0,0.0,,vector_graphic_region_detection,disputed,unknown,"{""appendix"":null,""bbox"":[59.95,567.2,571.9,568.15],""chapter"":""35"",""line_id"":null,""observed_text_sha256"":""5c81e5568741b13faf8be38bce4e028f4bdc5f2b5682752fa9c22b45c92ed8cc"",""pdf_page"":660,""printed_page"":""633""}"
,pdf_vector_paths,,35,surviving vector geometry is source-backed but insufficient for automatic classification,candidate_vector_region_unclassified,"{""curve_count"":0,""drawing_count"":1,""fill_count"":1,""geometry_fingerprint"":""915de61dab78f7964f29107511c8c7a2f9ac08a8b55a6977adc0e99a9c1b6b3e"",""line_count"":0,""rect_count"":1,""stroke_count"":0}",ibc2018:vector-region:09041d22f7e737021cc1e93a,0.0,,vector_graphic_region_detection,disputed,unknown,"{""appendix"":null,""bbox"":[40.0,81.1,552.0,82.05],""chapter"":""35"",""line_id"":null,""observed_text_sha256"":""803d1055d27445a900dd5cef0e4cc6cdde7694032b69d8459341f698979b0243"",""pdf_page"":661,""printed_page"":""634""}"
,pdf_vector_paths,,35,surviving vector geometry is source-backed but insufficient for automatic classification,candidate_vector_region_unclassified,"{""curve_count"":0,""drawing_count"":1,""fill_count"":1,""geometry_fingerprint"":""bf1e50ef458cb913ece3e1bb01e2cc0846445bc062798b597f548aaae1b58fc8"",""line_count"":0,""rect_count"":1,""stroke_count"":0}",ibc2018:vector-region:09a280bc5705532587dda630,0.0,,vector_graphic_region_detection,disputed,unknown,"{""appendix"":null,""bbox"":[40.0,158.5,552.0,159.45],""chapter"":""35"",""line_id"":null,""observed_text_sha256"":""e0d0991c51f7981d42dcbf845a718c583e68fc6041f16f120e04cd2999de1733"",""pdf_page"":661,""printed_page"":""634""}"
,pdf_vector_paths,,35,surviving vector geometry is source-backed but insufficient for automatic classification,candidate_vector_region_unclassified,"{""curve_count"":0,""drawing_count"":1,""fill_count"":1,""geometry_fingerprint"":""30ec952ee9e17ceaf5aa55277fa9d8c16ab88761449b76bc63edddca706678e0"",""line_count"":0,""rect_count"":1,""stroke_count"":0}",ibc2018:vector-region:d91add1c44898ac5628dde90,0.0,,vector_graphic_region_detection,disputed,unknown,"{""appendix"":null,""bbox"":[40.0,235.75,552.0,236.75],""chapter"":""35"",""line_id"":null,""observed_text_sha256"":""95e72b888a8c5614cef28fd397b0753fc4729fe25330c4c62a55fc74e54523f7"",""pdf_page"":661,""printed_page"":""634""}"
,pdf_vector_paths,,35,surviving vector geometry is source-backed but insufficient for automatic classification,candidate_vector_region_unclassified,"{""curve_count"":0,""drawing_count"":1,""fill_count"":1,""geometry_fingerprint"":""dd23f0738807c5a73888a55353b889ae99bb791947d8943d0c4c5c44c5e66e75"",""line_count"":0,""rect_count"":1,""stroke_count"":0}",ibc2018:vector-region:73f84a101ec1aff6d3a2f50b,0.0,,vector_graphic_region_detection,disputed,unknown,"{""appendix"":null,""bbox"":[40.0,313.05,552.0,314.0],""chapter"":""35"",""line_id"":null,""observed_text_sha256"":""5cd0bf708a57f0a219ad450dd2149da256e53ec4e5f1be613a8f9d1009f34bab"",""pdf_page"":661,""printed_page"":""634""}"
,pdf_vector_paths,,35,surviving vector geometry is source-backed but insufficient for automatic classification,candidate_vector_region_unclassified,"{""curve_count"":0,""drawing_count"":1,""fill_count"":1,""geometry_fingerprint"":""c6077c531578143e89ef3ce554ca09817de77304f4f4012b931fd89332657fa4"",""line_count"":0,""rect_count"":1,""stroke_count"":0}",ibc2018:vector-region:5f853b9ff87e1f42b8558e84,0.0,,vector_graphic_region_detection,disputed,unknown,"{""appendix"":null,""bbox"":[59.95,81.1,571.9,82.05],""chapter"":""35"",""line_id"":null,""observed_text_sha256"":""8cfb712624d0b1bbed9a8a347b34aa4d49565b6709b512e403faeb2b36892b12"",""pdf_page"":664,""printed_page"":""637""}"
,pdf_vector_paths,,35,surviving vector geometry is source-backed but insufficient for automatic classification,candidate_vector_region_unclassified,"{""curve_count"":0,""drawing_count"":1,""fill_count"":1,""geometry_fingerprint"":""4c1801eaefba46c41321a912227630c1d4033a2fc91513a3b4526373eb1c9f4f"",""line_count"":0,""rect_count"":1,""stroke_count"":0}",ibc2018:vector-region:052cb7312f696ac771e55949,0.0,,vector_graphic_region_detection,disputed,unknown,"{""appendix"":null,""bbox"":[59.95,184.4,571.9,185.35],""chapter"":""35"",""line_id"":null,""observed_text_sha256"":""6310c2c8f53e415c241aed6c187f49b5e6cda56e5cadcb8630273c3ba323f275"",""pdf_page"":664,""printed_page"":""637""}"
,pdf_vector_paths,,35,surviving vector geometry is source-backed but insufficient for automatic classification,candidate_vector_region_unclassified,"{""curve_count"":0,""drawing_count"":1,""fill_count"":1,""geometry_fingerprint"":""faf6822b86835dc0f51ecc6e9ff40133ef0c0d57a5f33689662c7c1a67f53a84"",""line_count"":0,""rect_count"":1,""stroke_count"":0}",ibc2018:vector-region:083f653166591c61990b7439,0.0,,vector_graphic_region_detection,disputed,unknown,"{""appendix"":null,""bbox"":[59.95,262.75,571.9,263.75],""chapter"":""35"",""line_id"":null,""observed_text_sha256"":""c6e1a52372858d4e69ffb534a2ba5ac3e844d19c3e3bd1794957ca421fc19a20"",""pdf_page"":664,""printed_page"":""637""}"
,pdf_vector_paths,,35,surviving vector geometry is source-backed but insufficient for automatic classification,candidate_vector_region_unclassified,"{""curve_count"":0,""drawing_count"":1,""fill_count"":1,""geometry_fingerprint"":""8546a33fdd44e6ac2ade4d9f749b9aa0002312cef8007a15071ea078ec9c1f52"",""line_count"":0,""rect_count"":1,""stroke_count"":0}",ibc2018:vector-region:b80beba3a17a79753ef6473f,0.0,,vector_graphic_region_detection,disputed,unknown,"{""appendix"":null,""bbox"":[59.95,366.1,571.9,367.05],""chapter"":""35"",""line_id"":null,""observed_text_sha256"":""5fa1f04d680911d55a0d91972302dc9cf1f0573983d570340cfe164b97a9af56"",""pdf_page"":664,""printed_page"":""637""}"
,pdf_vector_paths,,35,surviving vector geometry is source-backed but insufficient for automatic classification,candidate_vector_region_unclassified,"{""curve_count"":0,""drawing_count"":1,""fill_count"":1,""geometry_fingerprint"":""260cbedbf3b1c129d422fd167403859ed05b725d2137d995858aade5d84f03f3"",""line_count"":0,""rect_count"":1,""stroke_count"":0}",ibc2018:vector-region:bf5e7767e409781712b89f18,0.0,,vector_graphic_region_detection,disputed,unknown,"{""appendix"":null,""bbox"":[59.95,455.5,571.9,456.45],""chapter"":""35"",""line_id"":null,""observed_text_sha256"":""0c0e4a20379bd085df49733cfd06df6d41fa2a7f629b5d210dc05a0c22299a83"",""pdf_page"":664,""printed_page"":""637""}"
,pdf_vector_paths,,35,surviving vector geometry is source-backed but insufficient for automatic classification,candidate_vector_region_unclassified,"{""curve_count"":0,""drawing_count"":1,""fill_count"":1,""geometry_fingerprint"":""d9c123e230c3b90e45412dc73eeb3f3d82afbfe76b8019281529ae6a77394d53"",""line_count"":0,""rect_count"":1,""stroke_count"":0}",ibc2018:vector-region:51c528685c711588c1b75cec,0.0,,vector_graphic_region_detection,disputed,unknown,"{""appendix"":null,""bbox"":[59.95,608.75,571.9,609.7],""chapter"":""35"",""line_id"":null,""observed_text_sha256"":""435fd72eb6ee96c29e4a030196da777b2e4548f3f1eba38036a51e65788a20ae"",""pdf_page"":664,""printed_page"":""637""}"
,pdf_vector_paths,,35,surviving vector geometry is source-backed but insufficient for automatic classification,candidate_vector_region_unclassified,"{""curve_count"":0,""drawing_count"":1,""fill_count"":1,""geometry_fingerprint"":""915de61dab78f7964f29107511c8c7a2f9ac08a8b55a6977adc0e99a9c1b6b3e"",""line_count"":0,""rect_count"":1,""stroke_count"":0}",ibc2018:vector-region:23f7a73db87eb34cfe092891,0.0,,vector_graphic_region_detection,disputed,unknown,"{""appendix"":null,""bbox"":[40.0,81.1,552.0,82.05],""chapter"":""35"",""line_id"":null,""observed_text_sha256"":""803d1055d27445a900dd5cef0e4cc6cdde7694032b69d8459341f698979b0243"",""pdf_page"":665,""printed_page"":""638""}"
,pdf_vector_paths,,35,surviving vector geometry is source-backed but insufficient for automatic classification,candidate_vector_region_unclassified,"{""curve_count"":0,""drawing_count"":1,""fill_count"":1,""geometry_fingerprint"":""5512b94ec5cc95642ab266761bbc43186dae6065a8b046354e0240f35d0ac407"",""line_count"":0,""rect_count"":1,""stroke_count"":0}",ibc2018:vector-region:5110814c41eead37824f12af,0.0,,vector_graphic_region_detection,disputed,unknown,"{""appendix"":null,""bbox"":[40.0,209.5,552.0,210.45],""chapter"":""35"",""line_id"":null,""observed_text_sha256"":""b30698d0a999dc2cfaba5ef82755c17da85c00ca22b877a14e5bca1b52499d53"",""pdf_page"":665,""printed_page"":""638""}"
,pdf_vector_paths,,35,surviving vector geometry is source-backed but insufficient for automatic classification,candidate_vector_region_unclassified,"{""curve_count"":0,""drawing_count"":1,""fill_count"":1,""geometry_fingerprint"":""bae835c5fd8083886c734caf6dfd817795b6e6e23ccaaaed0fc79ec7823fd9c3"",""line_count"":0,""rect_count"":1,""stroke_count"":0}",ibc2018:vector-region:66d65845aa4827e189e5404b,0.0,,vector_graphic_region_detection,disputed,unknown,"{""appendix"":null,""bbox"":[40.0,312.8,552.0,313.75],""chapter"":""35"",""line_id"":null,""observed_text_sha256"":""0b3a68d5aeea27d363c9c97f0b2d24eea139a40d119b97da6f98f676ec6e7af8"",""pdf_page"":665,""printed_page"":""638""}"
,pdf_vector_paths,,35,surviving vector geometry is source-backed but insufficient for automatic classification,candidate_vector_region_unclassified,"{""curve_count"":0,""drawing_count"":1,""fill_count"":1,""geometry_fingerprint"":""9a06452982c750a5f3fcbd5fae26f92df52ef83c2fcc8a9402b7e8bd7988ab1b"",""line_count"":0,""rect_count"":1,""stroke_count"":0}",ibc2018:vector-region:ac7ab0af4e195872c01e1291,0.0,,vector_graphic_region_detection,disputed,unknown,"{""appendix"":null,""bbox"":[40.0,391.05,552.0,392.0],""chapter"":""35"",""line_id"":null,""observed_text_sha256"":""a3d1125c3aa364ba29cab4a2712d21179e5b219bfb20a544c961f91d1a51e7e1"",""pdf_page"":665,""printed_page"":""638""}"
,pdf_vector_paths,,35,surviving vector geometry is source-backed but insufficient for automatic classification,candidate_vector_region_unclassified,"{""curve_count"":0,""drawing_count"":1,""fill_count"":1,""geometry_fingerprint"":""40b55176460855a4f59e93b543a23f5fe37ce9f2c0aa4ef677c0c40c0b3a836a"",""line_count"":0,""rect_count"":1,""stroke_count"":0}",ibc2018:vector-region:88ebef10219dc7c9a06122bb,0.0,,vector_graphic_region_detection,disputed,unknown,"{""appendix"":null,""bbox"":[40.0,655.4,552.0,656.35],""chapter"":""35"",""line_id"":null,""observed_text_sha256"":""343a4d0c1fcb5b13c74587ece7e997dd2c25dcee6f8ce545fd70dd2451cf18cb"",""pdf_page"":665,""printed_page"":""638""}"
,pdf_vector_paths,,35,surviving vector geometry is source-backed but insufficient for automatic classification,candidate_vector_region_unclassified,"{""curve_count"":0,""drawing_count"":1,""fill_count"":1,""geometry_fingerprint"":""c6077c531578143e89ef3ce554ca09817de77304f4f4012b931fd89332657fa4"",""line_count"":0,""rect_count"":1,""stroke_count"":0}",ibc2018:vector-region:b723d5d26a044afa09d32bf9,0.0,,vector_graphic_region_detection,disputed,unknown,"{""appendix"":null,""bbox"":[59.95,81.1,571.9,82.05],""chapter"":""35"",""line_id"":null,""observed_text_sha256"":""8cfb712624d0b1bbed9a8a347b34aa4d49565b6709b512e403faeb2b36892b12"",""pdf_page"":666,""printed_page"":""639""}"
,pdf_vector_paths,,35,surviving vector geometry is source-backed but insufficient for automatic classification,candidate_vector_region_unclassified,"{""curve_count"":0,""drawing_count"":1,""fill_count"":1,""geometry_fingerprint"":""44a45bf2d96fe1ce3413eebdd471e4a2cf2d280bbd108dbf2571048ee1479eb2"",""line_count"":0,""rect_count"":1,""stroke_count"":0}",ibc2018:vector-region:96c776ea2ab70a51b9bd01b7,0.0,,vector_graphic_region_detection,disputed,unknown,"{""appendix"":null,""bbox"":[59.95,158.15,571.9,159.1],""chapter"":""35"",""line_id"":null,""observed_text_sha256"":""0c88d0198952d008d4dce3a799be8f69514b0bd2c342fabc4c3f8c79f0a7eafd"",""pdf_page"":668,""printed_page"":""641""}"
,pdf_vector_paths,,35,surviving vector geometry is source-backed but insufficient for automatic classification,candidate_vector_region_unclassified,"{""curve_count"":0,""drawing_count"":1,""fill_count"":1,""geometry_fingerprint"":""123c1e23690afaf78194a4d4a78ac8d813471db06176f7a85dba608b3abd82ad"",""line_count"":0,""rect_count"":1,""stroke_count"":0}",ibc2018:vector-region:b182eb5b0db3f8d68888888e,0.0,,vector_graphic_region_detection,disputed,unknown,"{""appendix"":null,""bbox"":[59.95,247.4,571.9,248.35],""chapter"":""35"",""line_id"":null,""observed_text_sha256"":""0a0476aebab75bdb967fd4f51492807321f181fb242e2522198162b7669d5d8a"",""pdf_page"":668,""printed_page"":""641""}"
,pdf_vector_paths,,35,surviving vector geometry is source-backed but insufficient for automatic classification,candidate_vector_region_unclassified,"{""curve_count"":0,""drawing_count"":1,""fill_count"":1,""geometry_fingerprint"":""0fe5dfcc97fa373f6384b37ad86452a1f03811b8a5c7a2a3e67a72c0b09910a9"",""line_count"":0,""rect_count"":1,""stroke_count"":0}",ibc2018:vector-region:facd8e24e292ea31f10079ac,0.0,,vector_graphic_region_detection,disputed,unknown,"{""appendix"":null,""bbox"":[59.95,347.75,571.9,348.7],""chapter"":""35"",""line_id"":null,""observed_text_sha256"":""9b1d72c4dc420a149057818b88b7ad767f74fd201a32aee7127b0d2dcf7b2f06"",""pdf_page"":668,""printed_page"":""641""}"
,pdf_vector_paths,,35,surviving vector geometry is source-backed but insufficient for automatic classification,candidate_vector_region_unclassified,"{""curve_count"":0,""drawing_count"":1,""fill_count"":1,""geometry_fingerprint"":""21fa10ee387d8ce7729dd83799d09e99ca45a4e14285f8643dcc15f3fc9cdc61"",""line_count"":0,""rect_count"":1,""stroke_count"":0}",ibc2018:vector-region:8b8c053a3eae3feb80cf1ead,0.0,,vector_graphic_region_detection,disputed,unknown,"{""appendix"":null,""bbox"":[59.95,526.15,571.9,527.15],""chapter"":""35"",""line_id"":null,""observed_text_sha256"":""fed2254e49fb21a601c6bc714db05f5b94714ccb0a628b17335a327daf853f69"",""pdf_page"":668,""printed_page"":""641""}"
,pdf_vector_paths,,35,surviving vector geometry is source-backed but insufficient for automatic classification,candidate_vector_region_unclassified,"{""curve_count"":0,""drawing_count"":1,""fill_count"":1,""geometry_fingerprint"":""c5ce8859d367e5e4dcdf19aca6f4b3ea2970acae9521dc38fb0b2c2cef56b774"",""line_count"":0,""rect_count"":1,""stroke_count"":0}",ibc2018:vector-region:66dff4a62e79e2237f92e3ac,0.0,,vector_graphic_region_detection,disputed,unknown,"{""appendix"":null,""bbox"":[59.95,604.4,571.9,605.35],""chapter"":""35"",""line_id"":null,""observed_text_sha256"":""ac87ccad0ac8ac974e4f5c4c8411afd756b1e2638d6298fdf6aaab8c09d2de85"",""pdf_page"":668,""printed_page"":""641""}"
A,pdf_vector_paths,,,surviving vector geometry is source-backed but insufficient for automatic classification,candidate_vector_region_unclassified,"{""curve_count"":0,""drawing_count"":1,""fill_count"":1,""geometry_fingerprint"":""db76c7ac11c2deedfbf0d15a2607f157ea2a06650ab35159fdb024f53ecc746a"",""line_count"":0,""rect_count"":1,""stroke_count"":0}",ibc2018:vector-region:f21c6c0e5249ca7e0193500c,0.0,,vector_graphic_region_detection,disputed,unknown,"{""appendix"":""A"",""bbox"":[59.95,153.1,571.9,154.05],""chapter"":null,""line_id"":null,""observed_text_sha256"":""7d680bf1d4fd0a41801c7e281a856f3a9c835eaff86f435efdc38e4953a5e70b"",""pdf_page"":670,""printed_page"":""643""}"
A,pdf_vector_paths,,,surviving vector geometry is source-backed but insufficient for automatic classification,candidate_vector_region_unclassified,"{""curve_count"":0,""drawing_count"":2,""fill_count"":2,""geometry_fingerprint"":""bcc49378e2e34ba17963ad92a9fc8456358f7dc1b26299bc6630bb4f5a50d42a"",""line_count"":0,""rect_count"":2,""stroke_count"":0}",ibc2018:vector-region:ae8f273617deff90d306768a,0.0,,vector_graphic_region_detection,disputed,unknown,"{""appendix"":""A"",""bbox"":[59.95,216.7,571.9,220.65],""chapter"":null,""line_id"":null,""observed_text_sha256"":""5511e12bea48ae30411b1cc86d6280dc21580036668a73341816ae3ead049406"",""pdf_page"":670,""printed_page"":""643""}"
B,pdf_vector_paths,,,surviving vector geometry is source-backed but insufficient for automatic classification,candidate_vector_region_unclassified,"{""curve_count"":0,""drawing_count"":1,""fill_count"":1,""geometry_fingerprint"":""db76c7ac11c2deedfbf0d15a2607f157ea2a06650ab35159fdb024f53ecc746a"",""line_count"":0,""rect_count"":1,""stroke_count"":0}",ibc2018:vector-region:f0e23a2295ae9037f3e80f43,0.0,,vector_graphic_region_detection,disputed,unknown,"{""appendix"":""B"",""bbox"":[59.95,153.1,571.9,154.05],""chapter"":null,""line_id"":null,""observed_text_sha256"":""7d680bf1d4fd0a41801c7e281a856f3a9c835eaff86f435efdc38e4953a5e70b"",""pdf_page"":672,""printed_page"":""645""}"
B,pdf_vector_paths,,,surviving vector geometry is source-backed but insufficient for automatic classification,candidate_vector_region_unclassified,"{""curve_count"":0,""drawing_count"":2,""fill_count"":2,""geometry_fingerprint"":""bcc49378e2e34ba17963ad92a9fc8456358f7dc1b26299bc6630bb4f5a50d42a"",""line_count"":0,""rect_count"":2,""stroke_count"":0}",ibc2018:vector-region:03cec3310c794ae190d14801,0.0,,vector_graphic_region_detection,disputed,unknown,"{""appendix"":""B"",""bbox"":[59.95,216.7,571.9,220.65],""chapter"":null,""line_id"":null,""observed_text_sha256"":""5511e12bea48ae30411b1cc86d6280dc21580036668a73341816ae3ead049406"",""pdf_page"":672,""printed_page"":""645""}"
C,pdf_vector_paths,,,dense rectangle-only geometry is more consistent with table or background construction,candidate_tabular_or_background_geometry,"{""curve_count"":0,""drawing_count"":14,""fill_count"":14,""geometry_fingerprint"":""682978d24f84f79f8b154c18af588e5b80bc087539354a1131c7fdcd1f6f28e8"",""line_count"":0,""rect_count"":14,""stroke_count"":0}",ibc2018:vector-region:06984ee149538711532367d8,0.0,,vector_graphic_region_detection,disputed,unknown,"{""appendix"":""C"",""bbox"":[59.5,611.0,571.9,715.55],""chapter"":null,""line_id"":null,""observed_text_sha256"":""50405cef3e4cf3c1eb78ebd2a1a0f8626ffa85265cc0601b7afc6bff1a9bccf9"",""pdf_page"":674,""printed_page"":""647""}"
C,pdf_vector_paths,,,surviving vector geometry is source-backed but insufficient for automatic classification,candidate_vector_region_unclassified,"{""curve_count"":0,""drawing_count"":1,""fill_count"":1,""geometry_fingerprint"":""940bcadd2851c0aae2d69aae098d8432952a110d4aea018ec707d309f60644a8"",""line_count"":0,""rect_count"":1,""stroke_count"":0}",ibc2018:vector-region:6d7d4cef776ce38b54c1add3,0.0,,vector_graphic_region_detection,disputed,unknown,"{""appendix"":""C"",""bbox"":[59.95,157.15,571.9,158.15],""chapter"":null,""line_id"":null,""observed_text_sha256"":""83a995768edb6fcf6e92b2f7551089c289be0859e9d901de85ebf73f2e57c2b0"",""pdf_page"":674,""printed_page"":""647""}"
C,pdf_vector_paths,,,surviving vector geometry is source-backed but insufficient for automatic classification,candidate_vector_region_unclassified,"{""curve_count"":0,""drawing_count"":2,""fill_count"":2,""geometry_fingerprint"":""d2e5c74889ffa71b77b847aa3ceabcf1cc812048ed883c919a2820756b641704"",""line_count"":0,""rect_count"":2,""stroke_count"":0}",ibc2018:vector-region:82cf9ddf5dfa257564e22461,0.0,,vector_graphic_region_detection,disputed,unknown,"{""appendix"":""C"",""bbox"":[59.95,206.75,571.9,210.7],""chapter"":null,""line_id"":null,""observed_text_sha256"":""bdf67ca289a09b0ef38bf22c1c6c8bdbe622b4fbdcc86ebe2c72160742ed72aa"",""pdf_page"":674,""printed_page"":""647""}"
C,pdf_vector_paths,,,surviving vector geometry is source-backed but insufficient for automatic classification,candidate_vector_region_unclassified,"{""curve_count"":0,""drawing_count"":1,""fill_count"":1,""geometry_fingerprint"":""3d03a4cba5bc9d39d6ba23cb7b38b4701927d32f0e4fcf70fe3a36927111a852"",""line_count"":0,""rect_count"":1,""stroke_count"":0}",ibc2018:vector-region:572406594b66568681fd1fd2,0.0,,vector_graphic_region_detection,disputed,unknown,"{""appendix"":""C"",""bbox"":[330.45,533.35,572.6,581.85],""chapter"":null,""line_id"":null,""observed_text_sha256"":""d5720796eecfad12d5a2e8b3501a1c59711f49551897e71e4322ad980ef99837"",""pdf_page"":674,""printed_page"":""647""}"
D,pdf_vector_paths,,,surviving vector geometry is source-backed but insufficient for automatic classification,candidate_vector_region_unclassified,"{""curve_count"":0,""drawing_count"":1,""fill_count"":1,""geometry_fingerprint"":""b847631f4279d0dbc16b7f104ee4373f2605a33516c66db08b99a8818dc6a07f"",""line_count"":0,""rect_count"":1,""stroke_count"":0}",ibc2018:vector-region:056c573656c132f1457c1f44,0.0,,vector_graphic_region_detection,disputed,unknown,"{""appendix"":""D"",""bbox"":[59.95,156.8,571.9,157.75],""chapter"":null,""line_id"":null,""observed_text_sha256"":""a23e5c926f497d61c27e24b00532a52e9f525234d5461d4a21846f899b40f3bc"",""pdf_page"":676,""printed_page"":""649""}"
D,pdf_vector_paths,,,surviving vector geometry is source-backed but insufficient for automatic classification,candidate_vector_region_unclassified,"{""curve_count"":0,""drawing_count"":2,""fill_count"":2,""geometry_fingerprint"":""23a81f045ab82e7574ce393c2db76fa6c497ac705b7293dbdbe45938ed2168e8"",""line_count"":0,""rect_count"":2,""stroke_count"":0}",ibc2018:vector-region:0bd8675209a85c30c72d7bb3,0.0,,vector_graphic_region_detection,disputed,unknown,"{""appendix"":""D"",""bbox"":[59.95,207.55,571.9,211.55],""chapter"":null,""line_id"":null,""observed_text_sha256"":""8804a8ef103164851496f26441febf663403c83f2c0ac3cd589f5cf8b72275e0"",""pdf_page"":676,""printed_page"":""649""}"
E,pdf_vector_paths,,,surviving vector geometry is source-backed but insufficient for automatic classification,candidate_vector_region_unclassified,"{""curve_count"":0,""drawing_count"":1,""fill_count"":1,""geometry_fingerprint"":""940bcadd2851c0aae2d69aae098d8432952a110d4aea018ec707d309f60644a8"",""line_count"":0,""rect_count"":1,""stroke_count"":0}",ibc2018:vector-region:811f7eb6a5564df1ea05247a,0.0,,vector_graphic_region_detection,disputed,unknown,"{""appendix"":""E"",""bbox"":[59.95,157.15,571.9,158.15],""chapter"":null,""line_id"":null,""observed_text_sha256"":""83a995768edb6fcf6e92b2f7551089c289be0859e9d901de85ebf73f2e57c2b0"",""pdf_page"":680,""printed_page"":""653""}"
E,pdf_vector_paths,,,surviving vector geometry is source-backed but insufficient for automatic classification,candidate_vector_region_unclassified,"{""curve_count"":0,""drawing_count"":2,""fill_count"":2,""geometry_fingerprint"":""1ad18447f2cab359ee984548b8e889be3692e1eaa9d33ccc7c41e49835d9f185"",""line_count"":0,""rect_count"":2,""stroke_count"":0}",ibc2018:vector-region:c55b948e4e906cf47919a81c,0.0,,vector_graphic_region_detection,disputed,unknown,"{""appendix"":""E"",""bbox"":[59.95,226.65,571.9,230.6],""chapter"":null,""line_id"":null,""observed_text_sha256"":""7ac2fbf809d7d8f99d2ac537a31b69cdd9a5aaac11e338253fb888b83953437d"",""pdf_page"":680,""printed_page"":""653""}"
E,pdf_vector_paths,,,dense rectangle-only geometry is more consistent with table or background construction,candidate_tabular_or_background_geometry,"{""curve_count"":0,""drawing_count"":17,""fill_count"":17,""geometry_fingerprint"":""c8c6508d67372b55d65391f2927240ea1dcd37f2fa0fe9796e24a6a0e4605ce1"",""line_count"":0,""rect_count"":17,""stroke_count"":0}",ibc2018:vector-region:7bd99dae238a9b641612bb6f,0.0,,vector_graphic_region_detection,disputed,unknown,"{""appendix"":""E"",""bbox"":[39.35,566.35,551.15,741.95],""chapter"":null,""line_id"":null,""observed_text_sha256"":""79346ba281d5e112a798cd8664cde6edb09a3883c5b1bd3952871e6df4f33203"",""pdf_page"":681,""printed_page"":""654""}"
E,pdf_vector_paths,,,dense rectangle-only geometry is more consistent with table or background construction,candidate_tabular_or_background_geometry,"{""curve_count"":0,""drawing_count"":8,""fill_count"":8,""geometry_fingerprint"":""234401094f6451f865f0855a9c34f771088651b2fafa8f6cb29a706425a2c21e"",""line_count"":0,""rect_count"":8,""stroke_count"":0}",ibc2018:vector-region:8395196d8c782c16522ac929,0.0,,vector_graphic_region_detection,disputed,unknown,"{""appendix"":""E"",""bbox"":[305.15,396.7,552.8,467.25],""chapter"":null,""line_id"":null,""observed_text_sha256"":""ae7200993263a7cb7106e9146b396f3e18098385285a5785c32eb5c0fd82b613"",""pdf_page"":681,""printed_page"":""654""}"
F,pdf_vector_paths,,,surviving vector geometry is source-backed but insufficient for automatic classification,candidate_vector_region_unclassified,"{""curve_count"":0,""drawing_count"":1,""fill_count"":1,""geometry_fingerprint"":""940bcadd2851c0aae2d69aae098d8432952a110d4aea018ec707d309f60644a8"",""line_count"":0,""rect_count"":1,""stroke_count"":0}",ibc2018:vector-region:ba025fa16d206abf6a5d857e,0.0,,vector_graphic_region_detection,disputed,unknown,"{""appendix"":""F"",""bbox"":[59.95,157.15,571.9,158.15],""chapter"":null,""line_id"":null,""observed_text_sha256"":""83a995768edb6fcf6e92b2f7551089c289be0859e9d901de85ebf73f2e57c2b0"",""pdf_page"":686,""printed_page"":""659""}"
F,pdf_vector_paths,,,surviving vector geometry is source-backed but insufficient for automatic classification,candidate_vector_region_unclassified,"{""curve_count"":0,""drawing_count"":2,""fill_count"":2,""geometry_fingerprint"":""71a1bc12fd57968eee7b6e19a7ebec57cb08e088ba573e07efd75c13f9608be5"",""line_count"":0,""rect_count"":2,""stroke_count"":0}",ibc2018:vector-region:2129d0ead94a7bed4d36d868,0.0,,vector_graphic_region_detection,disputed,unknown,"{""appendix"":""F"",""bbox"":[59.95,230.75,571.9,234.7],""chapter"":null,""line_id"":null,""observed_text_sha256"":""c8decc7b446618dae93b44c707f6f0fc8b0b4be7e7178f545b8c028f9984cd5f"",""pdf_page"":686,""printed_page"":""659""}"
F,pdf_vector_paths,,,surviving vector geometry is source-backed but insufficient for automatic classification,candidate_vector_region_unclassified,"{""curve_count"":0,""drawing_count"":1,""fill_count"":1,""geometry_fingerprint"":""9b2c895b1fe83568e46d973c3d6afa67b42ac95f01729ac2266a1c93fb395c6c"",""line_count"":0,""rect_count"":1,""stroke_count"":0}",ibc2018:vector-region:4774cad80db8444e7658e465,0.0,,vector_graphic_region_detection,disputed,unknown,"{""appendix"":""F"",""bbox"":[333.7,708.7,572.25,743.95],""chapter"":null,""line_id"":null,""observed_text_sha256"":""778161484641b2f5ad8d22c310593f580d33a912b67890e8aa8b5f17829b136f"",""pdf_page"":686,""printed_page"":""659""}"
G,pdf_vector_paths,,,surviving vector geometry is source-backed but insufficient for automatic classification,candidate_vector_region_unclassified,"{""curve_count"":0,""drawing_count"":1,""fill_count"":1,""geometry_fingerprint"":""4a308e9a93909dc9403a939e6ee62c0233f679becbc3a216da8ddce9be24e89a"",""line_count"":0,""rect_count"":1,""stroke_count"":0}",ibc2018:vector-region:8e874ea5f360da84f8d71876,0.0,,vector_graphic_region_detection,disputed,unknown,"{""appendix"":""G"",""bbox"":[59.95,145.15,571.9,146.15],""chapter"":null,""line_id"":null,""observed_text_sha256"":""95559b2ed435710e55c94006c28ecbbcf1376aa50df8bb3a4befc2b859a565da"",""pdf_page"":688,""printed_page"":""661""}"
G,pdf_vector_paths,,,surviving vector geometry is source-backed but insufficient for automatic classification,candidate_vector_region_unclassified,"{""curve_count"":0,""drawing_count"":2,""fill_count"":2,""geometry_fingerprint"":""4d263ddbc480ddd1bcac93b8d603f54b075267af7a9fc60e58379dee9be1d970"",""line_count"":0,""rect_count"":2,""stroke_count"":0}",ibc2018:vector-region:983427dadbb8cab918278983,0.0,,vector_graphic_region_detection,disputed,unknown,"{""appendix"":""G"",""bbox"":[59.95,218.75,571.9,222.7],""chapter"":null,""line_id"":null,""observed_text_sha256"":""050372a79512c87b42696280e7f20cd46bb04d1245ef0446ffff6d6d9b0b010d"",""pdf_page"":688,""printed_page"":""661""}"
H,pdf_vector_paths,,,surviving vector geometry is source-backed but insufficient for automatic classification,candidate_vector_region_unclassified,"{""curve_count"":0,""drawing_count"":1,""fill_count"":1,""geometry_fingerprint"":""6925619d83c1ce19cb1b60d2ac318f4af2f22c490f54f3b8ab855dffc595c740"",""line_count"":0,""rect_count"":1,""stroke_count"":0}",ibc2018:vector-region:71c1aa2efab4922a1f329d9e,0.0,,vector_graphic_region_detection,disputed,unknown,"{""appendix"":""H"",""bbox"":[59.95,149.75,571.9,150.7],""chapter"":null,""line_id"":null,""observed_text_sha256"":""4609b962cefa51ece132dfb3386f7a72afdafac855708c292f2bcffd1482ecfd"",""pdf_page"":694,""printed_page"":""667""}"
H,pdf_vector_paths,,,surviving vector geometry is source-backed but insufficient for automatic classification,candidate_vector_region_unclassified,"{""curve_count"":0,""drawing_count"":2,""fill_count"":2,""geometry_fingerprint"":""36cf3db699e5b3306cf5e13069d9259248331581616e139b4da57c2c14422dd0"",""line_count"":0,""rect_count"":2,""stroke_count"":0}",ibc2018:vector-region:6f7fff25ce3337307e52aded,0.0,,vector_graphic_region_detection,disputed,unknown,"{""appendix"":""H"",""bbox"":[59.95,216.35,571.9,220.3],""chapter"":null,""line_id"":null,""observed_text_sha256"":""3e21103f4409b2e03f0c84cc86b825edd7c17f5c0e6f406342cb70496682998f"",""pdf_page"":694,""printed_page"":""667""}"
H,pdf_vector_paths,,,dense rectangle-only geometry is more consistent with table or background construction,candidate_tabular_or_background_geometry,"{""curve_count"":0,""drawing_count"":10,""fill_count"":10,""geometry_fingerprint"":""5e25f48abbe43570125d5363861811061ef0129dbdd6f64e27051505af40cd7e"",""line_count"":0,""rect_count"":10,""stroke_count"":0}",ibc2018:vector-region:bc319f661c2554bb13942802,0.0,,vector_graphic_region_detection,disputed,unknown,"{""appendix"":""H"",""bbox"":[306.35,268.9,551.6,377.5],""chapter"":null,""line_id"":null,""observed_text_sha256"":""2e51a831f21b89282610ddd253272269b050452f72fd0e5b2e83ebe48de51768"",""pdf_page"":697,""printed_page"":""670""}"
H,pdf_vector_paths,,,dense rectangle-only geometry is more consistent with table or background construction,candidate_tabular_or_background_geometry,"{""curve_count"":0,""drawing_count"":12,""fill_count"":12,""geometry_fingerprint"":""6262416c71551582daff45c19848c6df9c364ca457ac2a8980ed35ebc6dea99b"",""line_count"":0,""rect_count"":12,""stroke_count"":0}",ibc2018:vector-region:e05ca6dc80cc9035a8ba1e33,0.0,,vector_graphic_region_detection,disputed,unknown,"{""appendix"":""H"",""bbox"":[306.55,91.9,551.35,224.5],""chapter"":null,""line_id"":null,""observed_text_sha256"":""36ae7086e723cbf42d657b873c907aecf24f5347ae4a47392b5892560750672f"",""pdf_page"":697,""printed_page"":""670""}"
I,pdf_vector_paths,,,surviving vector geometry is source-backed but insufficient for automatic classification,candidate_vector_region_unclassified,"{""curve_count"":0,""drawing_count"":1,""fill_count"":1,""geometry_fingerprint"":""940bcadd2851c0aae2d69aae098d8432952a110d4aea018ec707d309f60644a8"",""line_count"":0,""rect_count"":1,""stroke_count"":0}",ibc2018:vector-region:c065edf1cdd99d29ffce0ed5,0.0,,vector_graphic_region_detection,disputed,unknown,"{""appendix"":""I"",""bbox"":[59.95,157.15,571.9,158.15],""chapter"":null,""line_id"":null,""observed_text_sha256"":""83a995768edb6fcf6e92b2f7551089c289be0859e9d901de85ebf73f2e57c2b0"",""pdf_page"":698,""printed_page"":""671""}"
I,pdf_vector_paths,,,surviving vector geometry is source-backed but insufficient for automatic classification,candidate_vector_region_unclassified,"{""curve_count"":0,""drawing_count"":2,""fill_count"":2,""geometry_fingerprint"":""71a1bc12fd57968eee7b6e19a7ebec57cb08e088ba573e07efd75c13f9608be5"",""line_count"":0,""rect_count"":2,""stroke_count"":0}",ibc2018:vector-region:cf21b6fbc24f447f9a61f306,0.0,,vector_graphic_region_detection,disputed,unknown,"{""appendix"":""I"",""bbox"":[59.95,230.75,571.9,234.7],""chapter"":null,""line_id"":null,""observed_text_sha256"":""c8decc7b446618dae93b44c707f6f0fc8b0b4be7e7178f545b8c028f9984cd5f"",""pdf_page"":698,""printed_page"":""671""}"
J,pdf_vector_paths,,,surviving vector geometry is source-backed but insufficient for automatic classification,candidate_vector_region_unclassified,"{""curve_count"":0,""drawing_count"":1,""fill_count"":1,""geometry_fingerprint"":""a401f3696ca330458638d4d1f7f837fb7577d0ae6c8a94f868b311d5a87e18cf"",""line_count"":0,""rect_count"":1,""stroke_count"":0}",ibc2018:vector-region:3fd1f9308a8b9654e1dccad6,0.0,,vector_graphic_region_detection,disputed,unknown,"{""appendix"":""J"",""bbox"":[59.95,151.15,571.9,152.15],""chapter"":null,""line_id"":null,""observed_text_sha256"":""9a1271e31d5059b37e89af3853f582514381e4054e317dfd7241a890c40741cc"",""pdf_page"":700,""printed_page"":""673""}"
J,pdf_vector_paths,,,surviving vector geometry is source-backed but insufficient for automatic classification,candidate_vector_region_unclassified,"{""curve_count"":0,""drawing_count"":2,""fill_count"":2,""geometry_fingerprint"":""db26733b99b84a5ac15b4c289ff973687928d45f7d3123afc88947071c1e37ec"",""line_count"":0,""rect_count"":2,""stroke_count"":0}",ibc2018:vector-region:dc4548c3e376273d90d7017f,0.0,,vector_graphic_region_detection,disputed,unknown,"{""appendix"":""J"",""bbox"":[59.95,234.7,571.9,238.65],""chapter"":null,""line_id"":null,""observed_text_sha256"":""23a8b88d323611ce93e5c714b1528932eb482084c8d96d171fb81eb0248015f0"",""pdf_page"":700,""printed_page"":""673""}"
J,pdf_vector_paths,,,region overlaps or directly precedes a formally captioned figure,rejected_captioned_figure_region,"{""curve_count"":0,""drawing_count"":30,""fill_count"":2,""geometry_fingerprint"":""d2314a415748881229665d6952ab04f809eeda514bfbf72150718bb0688de2d8"",""line_count"":1850,""rect_count"":2,""stroke_count"":28}",ibc2018:vector-region:c66c9974fba08cf759d87e57,0.0,,vector_graphic_region_detection,rejected,unknown,"{""appendix"":""J"",""bbox"":[57.55,422.25,571.9,743.95],""chapter"":null,""line_id"":null,""observed_text_sha256"":""f0f1181813acd369e3864bde41b2417b9a74165529c6f82a5e9aab0c6753c87c"",""pdf_page"":702,""printed_page"":""675""}"
J,pdf_vector_paths,,,region overlaps or directly precedes a formally captioned figure,rejected_captioned_figure_region,"{""curve_count"":0,""drawing_count"":8,""fill_count"":2,""geometry_fingerprint"":""32b1bd1ad77031166b2cb550a9de6a6e173261a7f68762ce5cfc60b6f0c14244"",""line_count"":84,""rect_count"":2,""stroke_count"":6}",ibc2018:vector-region:ce25342fa4be233d2aa7d071,0.0,,vector_graphic_region_detection,rejected,unknown,"{""appendix"":""J"",""bbox"":[58.75,77.5,571.9,403.3],""chapter"":null,""line_id"":null,""observed_text_sha256"":""705ad9fec5fcb529830b87e9564f0c7e3d79ba31bbd54f170ef649d38ce7abba"",""pdf_page"":702,""printed_page"":""675""}"
K,pdf_vector_paths,,,surviving vector geometry is source-backed but insufficient for automatic classification,candidate_vector_region_unclassified,"{""curve_count"":0,""drawing_count"":1,""fill_count"":1,""geometry_fingerprint"":""db76c7ac11c2deedfbf0d15a2607f157ea2a06650ab35159fdb024f53ecc746a"",""line_count"":0,""rect_count"":1,""stroke_count"":0}",ibc2018:vector-region:552d635cd80fd5995f14512a,0.0,,vector_graphic_region_detection,disputed,unknown,"{""appendix"":""K"",""bbox"":[59.95,153.1,571.9,154.05],""chapter"":null,""line_id"":null,""observed_text_sha256"":""7d680bf1d4fd0a41801c7e281a856f3a9c835eaff86f435efdc38e4953a5e70b"",""pdf_page"":704,""printed_page"":""677""}"
K,pdf_vector_paths,,,surviving vector geometry is source-backed but insufficient for automatic classification,candidate_vector_region_unclassified,"{""curve_count"":0,""drawing_count"":2,""fill_count"":2,""geometry_fingerprint"":""d5ac2964c42e77f825f06027d8281b0b7fd0c02855a038386e2a987843e4c2e3"",""line_count"":0,""rect_count"":2,""stroke_count"":0}",ibc2018:vector-region:fd33599502b9c29247d1e8b6,0.0,,vector_graphic_region_detection,disputed,unknown,"{""appendix"":""K"",""bbox"":[59.95,202.65,571.9,206.6],""chapter"":null,""line_id"":null,""observed_text_sha256"":""df35d2d10da770069bfa43caf1ecbe84b6da5e92d2f3bc2883c600220cc9f393"",""pdf_page"":704,""printed_page"":""677""}"
L,pdf_vector_paths,,,surviving vector geometry is source-backed but insufficient for automatic classification,candidate_vector_region_unclassified,"{""curve_count"":0,""drawing_count"":1,""fill_count"":1,""geometry_fingerprint"":""940bcadd2851c0aae2d69aae098d8432952a110d4aea018ec707d309f60644a8"",""line_count"":0,""rect_count"":1,""stroke_count"":0}",ibc2018:vector-region:faf93cad8e5f4399d82d2862,0.0,,vector_graphic_region_detection,disputed,unknown,"{""appendix"":""L"",""bbox"":[59.95,157.15,571.9,158.15],""chapter"":null,""line_id"":null,""observed_text_sha256"":""83a995768edb6fcf6e92b2f7551089c289be0859e9d901de85ebf73f2e57c2b0"",""pdf_page"":708,""printed_page"":""681""}"
L,pdf_vector_paths,,,surviving vector geometry is source-backed but insufficient for automatic classification,candidate_vector_region_unclassified,"{""curve_count"":0,""drawing_count"":2,""fill_count"":2,""geometry_fingerprint"":""71a1bc12fd57968eee7b6e19a7ebec57cb08e088ba573e07efd75c13f9608be5"",""line_count"":0,""rect_count"":2,""stroke_count"":0}",ibc2018:vector-region:754fde338a322e4869475776,0.0,,vector_graphic_region_detection,disputed,unknown,"{""appendix"":""L"",""bbox"":[59.95,230.75,571.9,234.7],""chapter"":null,""line_id"":null,""observed_text_sha256"":""c8decc7b446618dae93b44c707f6f0fc8b0b4be7e7178f545b8c028f9984cd5f"",""pdf_page"":708,""printed_page"":""681""}"
M,pdf_vector_paths,,,surviving vector geometry is source-backed but insufficient for automatic classification,candidate_vector_region_unclassified,"{""curve_count"":0,""drawing_count"":1,""fill_count"":1,""geometry_fingerprint"":""940bcadd2851c0aae2d69aae098d8432952a110d4aea018ec707d309f60644a8"",""line_count"":0,""rect_count"":1,""stroke_count"":0}",ibc2018:vector-region:b9902fdfd7248ada1ec6ce1f,0.0,,vector_graphic_region_detection,disputed,unknown,"{""appendix"":""M"",""bbox"":[59.95,157.15,571.9,158.15],""chapter"":null,""line_id"":null,""observed_text_sha256"":""83a995768edb6fcf6e92b2f7551089c289be0859e9d901de85ebf73f2e57c2b0"",""pdf_page"":710,""printed_page"":""683""}"
M,pdf_vector_paths,,,surviving vector geometry is source-backed but insufficient for automatic classification,candidate_vector_region_unclassified,"{""curve_count"":0,""drawing_count"":2,""fill_count"":2,""geometry_fingerprint"":""ad87445af612faa09ef1722dc2079219881874d0cc5001bcc9ee0e563b808136"",""line_count"":0,""rect_count"":2,""stroke_count"":0}",ibc2018:vector-region:b923fa7d9d0d5c571d6f8e0c,0.0,,vector_graphic_region_detection,disputed,unknown,"{""appendix"":""M"",""bbox"":[59.95,220.65,571.9,224.6],""chapter"":null,""line_id"":null,""observed_text_sha256"":""abc3d6d7c312344fb4908ef27c27b9c8a839dfc4f6418e0109d3e5d07e301bef"",""pdf_page"":710,""printed_page"":""683""}"
N,pdf_vector_paths,,,surviving vector geometry is source-backed but insufficient for automatic classification,candidate_vector_region_unclassified,"{""curve_count"":0,""drawing_count"":1,""fill_count"":1,""geometry_fingerprint"":""272f531a18a6847c47979cad7b82d7c507e7c4788cd07559e71c150eb1e32b51"",""line_count"":0,""rect_count"":1,""stroke_count"":0}",ibc2018:vector-region:36dc0203bf103ec6d947f98a,0.0,,vector_graphic_region_detection,disputed,unknown,"{""appendix"":""N"",""bbox"":[48.7,260.85,52.75,737.6],""chapter"":null,""line_id"":null,""observed_text_sha256"":""a261b1b383f59aff795efdd6abe6bda981fa39d48c1dd52af543f2e535c323ed"",""pdf_page"":712,""printed_page"":""685""}"
N,pdf_vector_paths,,,surviving vector geometry is source-backed but insufficient for automatic classification,candidate_vector_region_unclassified,"{""curve_count"":0,""drawing_count"":1,""fill_count"":1,""geometry_fingerprint"":""940bcadd2851c0aae2d69aae098d8432952a110d4aea018ec707d309f60644a8"",""line_count"":0,""rect_count"":1,""stroke_count"":0}",ibc2018:vector-region:fa308ca4b9db2bd3cf2befd0,0.0,,vector_graphic_region_detection,disputed,unknown,"{""appendix"":""N"",""bbox"":[59.95,157.15,571.9,158.15],""chapter"":null,""line_id"":null,""observed_text_sha256"":""83a995768edb6fcf6e92b2f7551089c289be0859e9d901de85ebf73f2e57c2b0"",""pdf_page"":712,""printed_page"":""685""}"
N,pdf_vector_paths,,,surviving vector geometry is source-backed but insufficient for automatic classification,candidate_vector_region_unclassified,"{""curve_count"":0,""drawing_count"":2,""fill_count"":2,""geometry_fingerprint"":""71a1bc12fd57968eee7b6e19a7ebec57cb08e088ba573e07efd75c13f9608be5"",""line_count"":0,""rect_count"":2,""stroke_count"":0}",ibc2018:vector-region:f7c8d0a3dae5b22f1b7b14fe,0.0,,vector_graphic_region_detection,disputed,unknown,"{""appendix"":""N"",""bbox"":[59.95,230.75,571.9,234.7],""chapter"":null,""line_id"":null,""observed_text_sha256"":""c8decc7b446618dae93b44c707f6f0fc8b0b4be7e7178f545b8c028f9984cd5f"",""pdf_page"":712,""printed_page"":""685""}"
N,pdf_vector_paths,,,surviving vector geometry is source-backed but insufficient for automatic classification,candidate_vector_region_unclassified,"{""curve_count"":0,""drawing_count"":1,""fill_count"":1,""geometry_fingerprint"":""f22bd5eb408e44cf0f2398549de666f6fddf5b31d0e7f853828762bfcad44cea"",""line_count"":0,""rect_count"":1,""stroke_count"":0}",ibc2018:vector-region:cf4b2f71ab88bd29f6798588,0.0,,vector_graphic_region_detection,disputed,unknown,"{""appendix"":""N"",""bbox"":[579.1,260.85,583.15,737.6],""chapter"":null,""line_id"":null,""observed_text_sha256"":""35985b488023cc7d2186c00fd3b470f9644a89e6de73672a5064111dfc166f55"",""pdf_page"":712,""printed_page"":""685""}"
N,pdf_vector_paths,,,surviving vector geometry is source-backed but insufficient for automatic classification,candidate_vector_region_unclassified,"{""curve_count"":0,""drawing_count"":1,""fill_count"":1,""geometry_fingerprint"":""b68e5a43dcba17bcec46bf9244b33117cf59498d0221840d36f0cc4d20bb6b9b"",""line_count"":0,""rect_count"":1,""stroke_count"":0}",ibc2018:vector-region:0c6b825b1763a92b66835321,0.0,,vector_graphic_region_detection,disputed,unknown,"{""appendix"":""N"",""bbox"":[28.75,77.95,32.85,739.9],""chapter"":null,""line_id"":null,""observed_text_sha256"":""6da5bec0d1d18d635a4c0e372dcfe6f854dbce672839fce5e8ddbf74196d2366"",""pdf_page"":713,""printed_page"":""686""}"
N,pdf_vector_paths,,,surviving vector geometry is source-backed but insufficient for automatic classification,candidate_vector_region_unclassified,"{""curve_count"":0,""drawing_count"":1,""fill_count"":1,""geometry_fingerprint"":""e08804df33eb79a83bdc6a070d7b1ad82399e8d0be934d5e0e8a11026ac9d4ac"",""line_count"":0,""rect_count"":1,""stroke_count"":0}",ibc2018:vector-region:eeaeeb2a654604134d44be28,0.0,,vector_graphic_region_detection,disputed,unknown,"{""appendix"":""N"",""bbox"":[559.15,77.95,563.25,664.65],""chapter"":null,""line_id"":null,""observed_text_sha256"":""b977732c191ec93fae6e2ee34f2f67a823cb26da7ccec9e38c3e09be86360d12"",""pdf_page"":713,""printed_page"":""686""}"
,pdf_vector_paths,,,region falls outside the chapter and appendix page range,rejected_outside_normative_and_appendix_pages,"{""curve_count"":0,""drawing_count"":6,""fill_count"":1,""geometry_fingerprint"":""9db5378aedb0b55c9a7479e0d07758835cf17fb4ccc08718bd9e4b7c8363d279"",""line_count"":0,""rect_count"":6,""stroke_count"":5}",ibc2018:vector-region:f6eb9ee7feac7c7611b56b8e,0.0,,vector_graphic_region_detection,rejected,unknown,"{""appendix"":null,""bbox"":[-67.35,500.85,685.75,756.0],""chapter"":null,""line_id"":null,""observed_text_sha256"":""fc043f0885f7d1e76044d830feef2684199d0b0fae8ff1c0ba533e46e2f83a9d"",""pdf_page"":754,""printed_page"":""727""}"
,pdf_vector_paths,,,region falls outside the chapter and appendix page range,rejected_outside_normative_and_appendix_pages,"{""curve_count"":30,""drawing_count"":2,""fill_count"":2,""geometry_fingerprint"":""acb3f35ef4aab1e4f18784272267680c97e68ba816802074cb7ae68f1077fcbd"",""line_count"":24,""rect_count"":1,""stroke_count"":0}",ibc2018:vector-region:6bb89402ea06f51cb9cd609f,0.0,,vector_graphic_region_detection,rejected,unknown,"{""appendix"":null,""bbox"":[45.0,54.0,567.0,110.2],""chapter"":null,""line_id"":null,""observed_text_sha256"":""f9a5befa8e99f31dfc6b2eeaee5c0ebd9ddaee6cee612cc586fa9ebff06585e1"",""pdf_page"":754,""printed_page"":""727""}"
,pdf_vector_paths,,,region falls outside the chapter and appendix page range,rejected_outside_normative_and_appendix_pages,"{""curve_count"":162,""drawing_count"":4,""fill_count"":3,""geometry_fingerprint"":""9b555cdcfb35e0b40b796234f811c354ec324332492d10895228896fb8cd4be2"",""line_count"":101,""rect_count"":0,""stroke_count"":1}",ibc2018:vector-region:26ecef238d71760193b24e5a,0.0,,vector_graphic_region_detection,rejected,unknown,"{""appendix"":null,""bbox"":[-7.65,646.85,618.7,739.1],""chapter"":null,""line_id"":null,""observed_text_sha256"":""62784e3ee4d17a0572f0f6dd8f733efb0c3c65db9623d8479fbaab3e56ef7560"",""pdf_page"":755,""printed_page"":""728""}"
,pdf_vector_paths,,,region falls outside the chapter and appendix page range,rejected_outside_normative_and_appendix_pages,"{""curve_count"":44,""drawing_count"":2,""fill_count"":2,""geometry_fingerprint"":""269a0a9612eaad23bd175cb6262d3e64692cda12a4955fc29164a2b9ad4d6975"",""line_count"":24,""rect_count"":0,""stroke_count"":0}",ibc2018:vector-region:887d6e3e80274ef6e6ded36a,0.0,,vector_graphic_region_detection,rejected,unknown,"{""appendix"":null,""bbox"":[83.35,35.95,197.55,99.45],""chapter"":null,""line_id"":null,""observed_text_sha256"":""a6dd4d5a5174851b3f92aec1c2ec8aa9fff8a03ff2b14ad3828eef488022054c"",""pdf_page"":755,""printed_page"":""728""}"
,pdf_vector_paths,,,region falls outside the chapter and appendix page range,rejected_outside_normative_and_appendix_pages,"{""curve_count"":27,""drawing_count"":2,""fill_count"":2,""geometry_fingerprint"":""c21f0ade5d186f22d29e99ab780256904071a9509c2cd7862a4044e8f379116e"",""line_count"":0,""rect_count"":0,""stroke_count"":0}",ibc2018:vector-region:9464179aeddac8a3319ce2f2,0.0,,vector_graphic_region_detection,rejected,unknown,"{""appendix"":null,""bbox"":[83.35,713.85,130.9,736.6],""chapter"":null,""line_id"":null,""observed_text_sha256"":""50da0e6a2747c1fcb67f130729f89b5eb38cf58adaf8936f1145bea5b1e5045f"",""pdf_page"":755,""printed_page"":""728""}"
,pdf_vector_paths,,,region falls outside the chapter and appendix page range,rejected_outside_normative_and_appendix_pages,"{""curve_count"":0,""drawing_count"":3,""fill_count"":0,""geometry_fingerprint"":""5dd404482ed52e3b67d6fe3f08249607bf04b06f943cdcfcdb9d60ab51ce691e"",""line_count"":15,""rect_count"":0,""stroke_count"":3}",ibc2018:vector-region:f72ab21b5f3b953db9dc1e63,0.0,,vector_graphic_region_detection,rejected,unknown,"{""appendix"":null,""bbox"":[84.5,212.6,372.1,271.75],""chapter"":null,""line_id"":null,""observed_text_sha256"":""8b776beb54f298f5fc214d847897e941c045ffc73a789e7b6b0110f45a9a125c"",""pdf_page"":755,""printed_page"":""728""}"
,pdf_vector_paths,,,region falls outside the chapter and appendix page range,rejected_outside_normative_and_appendix_pages,"{""curve_count"":27,""drawing_count"":2,""fill_count"":2,""geometry_fingerprint"":""565ca70d1a24036d2efb3141cc13d5c92a2876f532b8c1245c98b4e9dc3734c8"",""line_count"":0,""rect_count"":0,""stroke_count"":0}",ibc2018:vector-region:bad860802713f57a7add9dad,0.0,,vector_graphic_region_detection,rejected,unknown,"{""appendix"":null,""bbox"":[149.05,713.35,192.6,734.25],""chapter"":null,""line_id"":null,""observed_text_sha256"":""c3a2f1b7e8464870472d1114da4146774aa75b1e967726d06ee76162bf1ed179"",""pdf_page"":755,""printed_page"":""728""}"
,pdf_vector_paths,,,region falls outside the chapter and appendix page range,rejected_outside_normative_and_appendix_pages,"{""curve_count"":27,""drawing_count"":2,""fill_count"":2,""geometry_fingerprint"":""b61a0a040da1569bbb758316cd4c635b2ddd02779186f947bac44ac6bab43ac1"",""line_count"":0,""rect_count"":0,""stroke_count"":0}",ibc2018:vector-region:60e095a488444bbc90adfecd,0.0,,vector_graphic_region_detection,rejected,unknown,"{""appendix"":null,""bbox"":[210.9,713.45,255.25,734.7],""chapter"":null,""line_id"":null,""observed_text_sha256"":""054293fe463ad520c1b6000833b95d7bf5d3207834ddedd800ffca1ff05c7108"",""pdf_page"":755,""printed_page"":""728""}"
,pdf_vector_paths,,,region falls outside the chapter and appendix page range,rejected_outside_normative_and_appendix_pages,"{""curve_count"":27,""drawing_count"":2,""fill_count"":2,""geometry_fingerprint"":""a99002c1a50ea49081cdb139c6f908a8837355a6716c26b299098aa240aa5800"",""line_count"":0,""rect_count"":0,""stroke_count"":0}",ibc2018:vector-region:e9c8d8fa4c47ddae301295eb,0.0,,vector_graphic_region_detection,rejected,unknown,"{""appendix"":null,""bbox"":[282.1,713.55,325.65,734.4],""chapter"":null,""line_id"":null,""observed_text_sha256"":""e4b9ee38b9989a2083b1265e6c4032318f69fb7ac24beb2888b6eb4d9ac0518d"",""pdf_page"":755,""printed_page"":""728""}"
,pdf_vector_paths,,,region falls outside the chapter and appendix page range,rejected_outside_normative_and_appendix_pages,"{""curve_count"":30,""drawing_count"":1,""fill_count"":1,""geometry_fingerprint"":""ca06b49423392aadbd98f9fdd65a94563e53e11d352515ef6087081a616066d5"",""line_count"":24,""rect_count"":0,""stroke_count"":0}",ibc2018:vector-region:6c61d9b42d2a264a269b334e,0.0,,vector_graphic_region_detection,rejected,unknown,"{""appendix"":null,""bbox"":[502.6,589.5,535.85,622.75],""chapter"":null,""line_id"":null,""observed_text_sha256"":""49ba4b2b39cd4c84efd61f624cdf4e98b62d2723ef846ca96ec7dec15fbf482c"",""pdf_page"":755,""printed_page"":""728""}"
,pdf_vector_paths,,,region falls outside the chapter and appendix page range,rejected_outside_normative_and_appendix_pages,"{""curve_count"":30,""drawing_count"":2,""fill_count"":2,""geometry_fingerprint"":""b72ce2189ece9d6532c0da52f653b28faf437663866d45c00e6aebbbf553741c"",""line_count"":24,""rect_count"":1,""stroke_count"":0}",ibc2018:vector-region:26a84c038ecf3313ee8d8dd2,0.0,,vector_graphic_region_detection,rejected,unknown,"{""appendix"":null,""bbox"":[45.0,76.5,567.0,132.7],""chapter"":null,""line_id"":null,""observed_text_sha256"":""6a9a495425f467dea02e167c7ccc18065b621668ec4e32d495bec41d3646ea72"",""pdf_page"":756,""printed_page"":""729""}"
,pdf_vector_paths,,,region falls outside the chapter and appendix page range,rejected_outside_normative_and_appendix_pages,"{""curve_count"":0,""drawing_count"":1,""fill_count"":0,""geometry_fingerprint"":""8f2fae4ae4a0c3f24674953196134f8140b1f3a72473b05093d79823030ff515"",""line_count"":2,""rect_count"":0,""stroke_count"":1}",ibc2018:vector-region:7ff79e9441ad8648d04adb58,0.0,,vector_graphic_region_detection,rejected,unknown,"{""appendix"":null,""bbox"":[214.1,332.8,372.7,509.7],""chapter"":null,""line_id"":null,""observed_text_sha256"":""03775656fe418304d08d61673bce40d001c2d1306eec6c4e44cc4bb756a3d394"",""pdf_page"":756,""printed_page"":""729""}"
,pdf_vector_paths,,,region falls outside the chapter and appendix page range,rejected_outside_normative_and_appendix_pages,"{""curve_count"":30,""drawing_count"":2,""fill_count"":2,""geometry_fingerprint"":""33e7ed16a9e4e00340436302e204f9d20e816623bb032c536e04fa48f178159b"",""line_count"":24,""rect_count"":1,""stroke_count"":0}",ibc2018:vector-region:1ed91783de65ff6c18649f54,0.0,,vector_graphic_region_detection,rejected,unknown,"{""appendix"":null,""bbox"":[79.5,103.5,567.0,159.7],""chapter"":null,""line_id"":null,""observed_text_sha256"":""3112ca2e2fe6ee65d279fd0dc4c4729ba0bfe351f03773a27deb4ae09066d566"",""pdf_page"":757,""printed_page"":""730""}"
,pdf_vector_paths,,,region falls outside the chapter and appendix page range,rejected_outside_normative_and_appendix_pages,"{""curve_count"":0,""drawing_count"":1,""fill_count"":1,""geometry_fingerprint"":""9e203620a631879154554ce0983ebfa28b0a85c6c81a39bd3a16303a51693bdd"",""line_count"":0,""rect_count"":1,""stroke_count"":0}",ibc2018:vector-region:a4d8c21984a7fb45cc8bbaaf,0.0,,vector_graphic_region_detection,rejected,unknown,"{""appendix"":null,""bbox"":[79.5,261.0,346.15,277.2],""chapter"":null,""line_id"":null,""observed_text_sha256"":""408e6a00ede5a80a193b177a1bdeb496b6dd63a13fc54236a80e5591d5f64e6b"",""pdf_page"":757,""printed_page"":""730""}"
,pdf_vector_paths,,,region falls outside the chapter and appendix page range,rejected_outside_normative_and_appendix_pages,"{""curve_count"":0,""drawing_count"":1,""fill_count"":0,""geometry_fingerprint"":""b55b67266ad82eecf0973abbb5e1658fcc5269d6d22b8233e9e6f53fa702bc76"",""line_count"":1,""rect_count"":0,""stroke_count"":1}",ibc2018:vector-region:ba2f8efd7ab1869d426e07bd,0.0,,vector_graphic_region_detection,rejected,unknown,"{""appendix"":null,""bbox"":[90.0,540.7,549.0,540.7],""chapter"":null,""line_id"":null,""observed_text_sha256"":""aef621512fbe0364ebae6f16755db95fcc43f089bde7307d7a627cd40765ba9a"",""pdf_page"":757,""printed_page"":""730""}"
,pdf_vector_paths,,,region falls outside the chapter and appendix page range,rejected_outside_normative_and_appendix_pages,"{""curve_count"":32,""drawing_count"":1,""fill_count"":1,""geometry_fingerprint"":""b8bcfba74744757fbe051e305085f5945ee00209ff6d4efbaebaf2d74c9e19bf"",""line_count"":0,""rect_count"":0,""stroke_count"":0}",ibc2018:vector-region:c083a56f523c8e8147e36b6a,0.0,,vector_graphic_region_detection,rejected,unknown,"{""appendix"":null,""bbox"":[484.15,206.8,548.95,271.6],""chapter"":null,""line_id"":null,""observed_text_sha256"":""8f99fb5b259bd6ec98fd84a39c44118015329e37ed7b3dfeae789abb57b95a92"",""pdf_page"":757,""printed_page"":""730""}"
,pdf_vector_paths,,,region falls outside the chapter and appendix page range,rejected_outside_normative_and_appendix_pages,"{""curve_count"":0,""drawing_count"":4,""fill_count"":4,""geometry_fingerprint"":""7948ab56422c210f7068e752186c3d268e3a535c0945301355ab8b6fc8fcd795"",""line_count"":0,""rect_count"":4,""stroke_count"":0}",ibc2018:vector-region:19a2db6ff515131cfa72e6cd,0.0,,vector_graphic_region_detection,rejected,unknown,"{""appendix"":null,""bbox"":[24.0,24.0,571.44,818.04],""chapter"":null,""line_id"":null,""observed_text_sha256"":""085e35e48df226d88fd95b26591eb4fb75e487d73bb0d3c967ecb49f4230943c"",""pdf_page"":758,""printed_page"":""731""}"
,pdf_vector_paths,,,region falls outside the chapter and appendix page range,rejected_outside_normative_and_appendix_pages,"{""curve_count"":0,""drawing_count"":1,""fill_count"":1,""geometry_fingerprint"":""a1e8c6350f26f4ed6519f1116ed2e2cb1f7446e41a9347176eb4f3d82f74f961"",""line_count"":0,""rect_count"":1,""stroke_count"":0}",ibc2018:vector-region:2c3400e415777849e126815d,0.0,,vector_graphic_region_detection,rejected,unknown,"{""appendix"":null,""bbox"":[211.61,573.43,451.42,574.51],""chapter"":null,""line_id"":null,""observed_text_sha256"":""30e744e5c46f8df4b3523aed0fb92efceec4f078010f8c156e48534ac469166c"",""pdf_page"":758,""printed_page"":""731""}"
,pdf_vector_paths,,,region falls outside the chapter and appendix page range,rejected_outside_normative_and_appendix_pages,"{""curve_count"":0,""drawing_count"":1,""fill_count"":1,""geometry_fingerprint"":""783c50d4d20dbc900c7a09c791f3d8b4cc3dea2f9871f2eda5a8251497932510"",""line_count"":0,""rect_count"":1,""stroke_count"":0}",ibc2018:vector-region:4d30ff08f9f0372ea5fd2e76,0.0,,vector_graphic_region_detection,rejected,unknown,"{""appendix"":null,""bbox"":[283.37,452.23,487.42,452.83],""chapter"":null,""line_id"":null,""observed_text_sha256"":""84fe0d8d2920149732826f7345b754d98a03b23582a8463536a5d153661bfc24"",""pdf_page"":758,""printed_page"":""731""}"
,pdf_vector_paths,,,region falls outside the chapter and appendix page range,rejected_outside_normative_and_appendix_pages,"{""curve_count"":0,""drawing_count"":1,""fill_count"":1,""geometry_fingerprint"":""3a5986a461890a8c937fc8ccf84a0754d0bcb0f07780adcc7157ed1ebea3cd0d"",""line_count"":0,""rect_count"":1,""stroke_count"":0}",ibc2018:vector-region:d6ad5668b2b8b2887e6576af,0.0,,vector_graphic_region_detection,rejected,unknown,"{""appendix"":null,""bbox"":[297.89,328.61,451.42,329.21],""chapter"":null,""line_id"":null,""observed_text_sha256"":""f3fe58245e8d4173874e53db555a51d6c75c335651baf8e6ff8daba764457248"",""pdf_page"":758,""printed_page"":""731""}"
,pdf_vector_paths,,,region falls outside the chapter and appendix page range,rejected_outside_normative_and_appendix_pages,"{""curve_count"":0,""drawing_count"":1,""fill_count"":1,""geometry_fingerprint"":""ebc342370b79bac65ce3c08df9cdd0e010054cce9ed3cfadb23f15e4cc4345a1"",""line_count"":0,""rect_count"":1,""stroke_count"":0}",ibc2018:vector-region:956b6ef084090e99f1ce5c00,0.0,,vector_graphic_region_detection,rejected,unknown,"{""appendix"":null,""bbox"":[317.83,349.13,451.41,349.73],""chapter"":null,""line_id"":null,""observed_text_sha256"":""95521859f98229f4089869d92fc71d2c5b95bd8f806bddda739807f12941d9b2"",""pdf_page"":758,""printed_page"":""731""}"
,pdf_vector_paths,,,region falls outside the chapter and appendix page range,rejected_outside_normative_and_appendix_pages,"{""curve_count"":0,""drawing_count"":1,""fill_count"":1,""geometry_fingerprint"":""1c6383c6aea5478083d1b765c143143eee884c636a44cdb9aff76de72bbd18a2"",""line_count"":0,""rect_count"":1,""stroke_count"":0}",ibc2018:vector-region:7933f5c619d297803cb21fb5,0.0,,vector_graphic_region_detection,rejected,unknown,"{""appendix"":null,""bbox"":[342.67,369.77,451.41,370.37],""chapter"":null,""line_id"":null,""observed_text_sha256"":""cc9ffec306053bd80353ffb0e5fd5714816db7aac05fe0d01d7b5e8d8a6ec315"",""pdf_page"":758,""printed_page"":""731""}"
,pdf_vector_paths,,,region falls outside the chapter and appendix page range,rejected_outside_normative_and_appendix_pages,"{""curve_count"":0,""drawing_count"":1,""fill_count"":1,""geometry_fingerprint"":""2fd3ffddba761bcef5a734fad600c211f75d4cf00ea7c20a2f30cac12261773a"",""line_count"":0,""rect_count"":1,""stroke_count"":0}",ibc2018:vector-region:06fa2787b26b117dc6ddd38f,0.0,,vector_graphic_region_detection,rejected,unknown,"{""appendix"":null,""bbox"":[343.99,472.87,487.41,473.47],""chapter"":null,""line_id"":null,""observed_text_sha256"":""144b17fc8cae9198fbdfc53b9574a99b4c4cd7745489b5f5d55e4f60bed8d809"",""pdf_page"":758,""printed_page"":""731""}"
,pdf_vector_paths,,,region falls outside the chapter and appendix page range,rejected_outside_normative_and_appendix_pages,"{""curve_count"":0,""drawing_count"":1,""fill_count"":1,""geometry_fingerprint"":""eb4549182a9b54cc91f3e256863f0d6bf42348fecca26affab7862b26f7c963e"",""line_count"":0,""rect_count"":1,""stroke_count"":0}",ibc2018:vector-region:a4596c5bc4f6aafc33041652,0.0,,vector_graphic_region_detection,rejected,unknown,"{""appendix"":null,""bbox"":[348.91,390.41,451.41,391.01],""chapter"":null,""line_id"":null,""observed_text_sha256"":""2ee429d9e51a0b55462c7c1e5a66dafe90bb709048aaf18cb6713a9c6468efb1"",""pdf_page"":758,""printed_page"":""731""}"
,pdf_vector_paths,,,region falls outside the chapter and appendix page range,rejected_outside_normative_and_appendix_pages,"{""curve_count"":0,""drawing_count"":1,""fill_count"":1,""geometry_fingerprint"":""9641c73a6d4fba71d11952dda923a4a100d949242c2078fb0af3780b21e99d7e"",""line_count"":0,""rect_count"":1,""stroke_count"":0}",ibc2018:vector-region:970defd24b8899e155945a58,0.0,,vector_graphic_region_detection,rejected,unknown,"{""appendix"":null,""bbox"":[354.91,493.39,487.41,493.99],""chapter"":null,""line_id"":null,""observed_text_sha256"":""44e0eb60dfc38d111b1d8133a684f7f06aa58429e7bd9ee71a781411271b3a38"",""pdf_page"":758,""printed_page"":""731""}"
,pdf_vector_paths,,,region falls outside the chapter and appendix page range,rejected_outside_normative_and_appendix_pages,"{""curve_count"":0,""drawing_count"":1,""fill_count"":1,""geometry_fingerprint"":""0ed70605f6c375ad088f0055681b0fcc969f0ce5419405692b295c808a6ab02c"",""line_count"":0,""rect_count"":1,""stroke_count"":0}",ibc2018:vector-region:3380e8c8f40c519bfa920c25,0.0,,vector_graphic_region_detection,rejected,unknown,"{""appendix"":null,""bbox"":[362.95,410.93,451.414,411.53],""chapter"":null,""line_id"":null,""observed_text_sha256"":""09062cdea849ffd7035487e623593e769396eacff6adacf45d1cae478495969b"",""pdf_page"":758,""printed_page"":""731""}"
,pdf_vector_paths,,,region falls outside the chapter and appendix page range,rejected_outside_normative_and_appendix_pages,"{""curve_count"":0,""drawing_count"":1,""fill_count"":1,""geometry_fingerprint"":""638f514e3a4119425ee266aa31b8f3c67f3e52570311715d85f6f7a67f638d82"",""line_count"":0,""rect_count"":1,""stroke_count"":0}",ibc2018:vector-region:2d7773937ee2a209de10054e,0.0,,vector_graphic_region_detection,rejected,unknown,"{""appendix"":null,""bbox"":[370.75,617.116,487.41,617.74],""chapter"":null,""line_id"":null,""observed_text_sha256"":""971b2230967cd74583b433938ee06282c176606b26361f219cb59e21b5affeff"",""pdf_page"":758,""printed_page"":""731""}"
,pdf_vector_paths,,,region falls outside the chapter and appendix page range,rejected_outside_normative_and_appendix_pages,"{""curve_count"":0,""drawing_count"":1,""fill_count"":1,""geometry_fingerprint"":""67a0306a1eccfadf1589ec821903b3e62bdef2fd473f2c264627fb7e69b24997"",""line_count"":0,""rect_count"":1,""stroke_count"":0}",ibc2018:vector-region:f42402113b7b99838ae6a8c2,0.0,,vector_graphic_region_detection,rejected,unknown,"{""appendix"":null,""bbox"":[394.75,596.47,451.414,597.07],""chapter"":null,""line_id"":null,""observed_text_sha256"":""04fd3d8443ea327f44dc6ff8f59b36268e7d2fcee1e2a7bad7e6d0f3d35f6d40"",""pdf_page"":758,""printed_page"":""731""}"
,pdf_vector_paths,,,region falls outside the chapter and appendix page range,rejected_outside_normative_and_appendix_pages,"{""curve_count"":0,""drawing_count"":1,""fill_count"":1,""geometry_fingerprint"":""a1c07a74cc174dd6202785bf0ddbe4db23b853c355f1ef346c32ba78156f54f3"",""line_count"":0,""rect_count"":1,""stroke_count"":0}",ibc2018:vector-region:467e23bc2aeb1ce4c8fea202,0.0,,vector_graphic_region_detection,rejected,unknown,"{""appendix"":null,""bbox"":[395.83,514.03,487.414,514.63],""chapter"":null,""line_id"":null,""observed_text_sha256"":""85ad478c535967fd88891650861a1a81070d5913e0e4f86cd03ccaea4ec44360"",""pdf_page"":758,""printed_page"":""731""}"
,pdf_vector_paths,,,region falls outside the chapter and appendix page range,rejected_outside_normative_and_appendix_pages,"{""curve_count"":0,""drawing_count"":1,""fill_count"":1,""geometry_fingerprint"":""e2b0b9f0b77bd2db38d52a02d2b5b63ebe0a418d7739f46c2a9842c8b93e68f4"",""line_count"":0,""rect_count"":1,""stroke_count"":0}",ibc2018:vector-region:6c19875ccf5a91ec733f34bd,0.0,,vector_graphic_region_detection,rejected,unknown,"{""appendix"":null,""bbox"":[400.15,637.66,487.414,638.26],""chapter"":null,""line_id"":null,""observed_text_sha256"":""1212cf666f5164ea9ac38bf87dde89822498bfa76f64787afb00c64b0352f142"",""pdf_page"":758,""printed_page"":""731""}"
,pdf_vector_paths,,,region falls outside the chapter and appendix page range,rejected_outside_normative_and_appendix_pages,"{""curve_count"":0,""drawing_count"":1,""fill_count"":1,""geometry_fingerprint"":""90d1a476b3f4715ed972b2df6cda15654454a8bf13f13dd066fa0a120cfab07d"",""line_count"":0,""rect_count"":1,""stroke_count"":0}",ibc2018:vector-region:5b2048b49907ac97a47a63db,0.0,,vector_graphic_region_detection,rejected,unknown,"{""appendix"":null,""bbox"":[403.63,534.67,487.414,535.27],""chapter"":null,""line_id"":null,""observed_text_sha256"":""e5ff91eac74772c84bdff8eb916152fff65ccd8952d9ebc54889b7ead78cf7eb"",""pdf_page"":758,""printed_page"":""731""}"
,pdf_vector_paths,,,region falls outside the chapter and appendix page range,rejected_outside_normative_and_appendix_pages,"{""curve_count"":0,""drawing_count"":1,""fill_count"":1,""geometry_fingerprint"":""b89b43d39759a99b89d312ea3e2fbd1e214584784605ab6ace91a362ef65f6c3"",""line_count"":0,""rect_count"":1,""stroke_count"":0}",ibc2018:vector-region:d41863364f6ca5ba6d5d5083,0.0,,vector_graphic_region_detection,rejected,unknown,"{""appendix"":null,""bbox"":[404.47,658.3,451.414,658.9],""chapter"":null,""line_id"":null,""observed_text_sha256"":""d8ee198c788fecd439dc0ebdc82de7f28f5c35bb25145fe7d7cd766255eb2534"",""pdf_page"":758,""printed_page"":""731""}"
,pdf_vector_paths,,,region falls outside the chapter and appendix page range,rejected_outside_normative_and_appendix_pages,"{""curve_count"":0,""drawing_count"":1,""fill_count"":1,""geometry_fingerprint"":""1607db6830bb2d13926ae573fa5cb21e1577ca6378e897ff04e2b2fdb800d35b"",""line_count"":0,""rect_count"":1,""stroke_count"":0}",ibc2018:vector-region:738b08caca1c42ec5c0b4d36,0.0,,vector_graphic_region_detection,rejected,unknown,"{""appendix"":null,""bbox"":[408.43,555.19,487.414,555.79],""chapter"":null,""line_id"":null,""observed_text_sha256"":""2000c6b0e396305ac34fa9d50c19cac55fbdf2c4de0d753d9b2577eba496bac2"",""pdf_page"":758,""printed_page"":""731""}"
,pdf_vector_paths,,,region falls outside the chapter and appendix page range,rejected_outside_normative_and_appendix_pages,"{""curve_count"":0,""drawing_count"":1,""fill_count"":1,""geometry_fingerprint"":""debdde74b880e2103581b7ed7628026f9f6e861855920d9419166725ebbee5b7"",""line_count"":0,""rect_count"":1,""stroke_count"":0}",ibc2018:vector-region:c612b4ccd07e56ecc55d2ecd,0.0,,vector_graphic_region_detection,rejected,unknown,"{""appendix"":null,""bbox"":[414.67,431.57,487.414,432.17],""chapter"":null,""line_id"":null,""observed_text_sha256"":""34c0e45d00bb9dcdcf21fe01a4d575da7dfc03cc5f74383dccb5282a35908abb"",""pdf_page"":758,""printed_page"":""731""}"
,pdf_vector_paths,,,region falls outside the chapter and appendix page range,rejected_outside_normative_and_appendix_pages,"{""curve_count"":0,""drawing_count"":1,""fill_count"":1,""geometry_fingerprint"":""85c0e886ec97e0820f96725182f6af5a94ac58716eeb0fd84fe528aa4eca685c"",""line_count"":0,""rect_count"":1,""stroke_count"":0}",ibc2018:vector-region:531e2ce8ba9bbc76a80b51d2,0.0,,vector_graphic_region_detection,rejected,unknown,"{""appendix"":null,""bbox"":[419.23,678.82,451.414,679.42],""chapter"":null,""line_id"":null,""observed_text_sha256"":""25123ca8427d4810f283eefdc9bb4682fdf8998e779189ba7073725e04194379"",""pdf_page"":758,""printed_page"":""731""}"
,pdf_vector_paths,,,region falls outside the chapter and appendix page range,rejected_outside_normative_and_appendix_pages,"{""curve_count"":0,""drawing_count"":4,""fill_count"":4,""geometry_fingerprint"":""7948ab56422c210f7068e752186c3d268e3a535c0945301355ab8b6fc8fcd795"",""line_count"":0,""rect_count"":4,""stroke_count"":0}",ibc2018:vector-region:f6209014f13f0f8b0ee08898,0.0,,vector_graphic_region_detection,rejected,unknown,"{""appendix"":null,""bbox"":[24.0,24.0,571.44,818.04],""chapter"":null,""line_id"":null,""observed_text_sha256"":""085e35e48df226d88fd95b26591eb4fb75e487d73bb0d3c967ecb49f4230943c"",""pdf_page"":759,""printed_page"":""732""}"
,pdf_vector_paths,,,region falls outside the chapter and appendix page range,rejected_outside_normative_and_appendix_pages,"{""curve_count"":0,""drawing_count"":1,""fill_count"":1,""geometry_fingerprint"":""221b5cc277a17d8b528d3bf5a19768e0141e9e61b9c3aed14095d19f9efd8b36"",""line_count"":0,""rect_count"":1,""stroke_count"":0}",ibc2018:vector-region:f82963a6c4f06cdb079696ec,0.0,,vector_graphic_region_detection,rejected,unknown,"{""appendix"":null,""bbox"":[253.25,442.99,487.42,443.47],""chapter"":null,""line_id"":null,""observed_text_sha256"":""7f4fc062d509be8207a45ff01081cab29a8da433b39b26533a7237bca1fc9d1d"",""pdf_page"":759,""printed_page"":""732""}"
,pdf_vector_paths,,,region falls outside the chapter and appendix page range,rejected_outside_normative_and_appendix_pages,"{""curve_count"":0,""drawing_count"":1,""fill_count"":1,""geometry_fingerprint"":""5170937177361aad3bb2cff3641bc9ea9d5bbc67ffb2a268f5afadf86ef53df9"",""line_count"":0,""rect_count"":1,""stroke_count"":0}",ibc2018:vector-region:8d8fe1f1bc51714568eefbea,0.0,,vector_graphic_region_detection,rejected,unknown,"{""appendix"":null,""bbox"":[294.89,460.51,487.42,460.99],""chapter"":null,""line_id"":null,""observed_text_sha256"":""48dc085c8ba1e02c774707daca7d3c6bddc7c9a9ac5faff2fb8e3e6667ad59c6"",""pdf_page"":759,""printed_page"":""732""}"
,pdf_vector_paths,,,region falls outside the chapter and appendix page range,rejected_outside_normative_and_appendix_pages,"{""curve_count"":0,""drawing_count"":1,""fill_count"":1,""geometry_fingerprint"":""9c709735e94fb518a08a52837397ab844586e14c65b662ca32144389f2aab774"",""line_count"":0,""rect_count"":1,""stroke_count"":0}",ibc2018:vector-region:1b53a191347c81ce0fb21b0a,0.0,,vector_graphic_region_detection,rejected,unknown,"{""appendix"":null,""bbox"":[339.43,350.93,487.41,351.77],""chapter"":null,""line_id"":null,""observed_text_sha256"":""4591e5a54c39ca08fe4380ae10560b0d4bf0a0d679cc57754af66de644e8c1cc"",""pdf_page"":759,""printed_page"":""732""}"
,pdf_vector_paths,,,region falls outside the chapter and appendix page range,rejected_outside_normative_and_appendix_pages,"{""curve_count"":0,""drawing_count"":1,""fill_count"":1,""geometry_fingerprint"":""4d2ea206bd30e82c97e039ed67a1a7794728c7c97a0c8002587e85c2d09c1048"",""line_count"":0,""rect_count"":1,""stroke_count"":0}",ibc2018:vector-region:5313d5f76a4880ace44af201,0.0,,vector_graphic_region_detection,rejected,unknown,"{""appendix"":null,""bbox"":[348.91,368.69,487.41,369.41],""chapter"":null,""line_id"":null,""observed_text_sha256"":""a56d93e2065efff4ba023b45a710225c997560664558251488892270d7ce408e"",""pdf_page"":759,""printed_page"":""732""}"
,pdf_vector_paths,,,region falls outside the chapter and appendix page range,rejected_outside_normative_and_appendix_pages,"{""curve_count"":0,""drawing_count"":1,""fill_count"":1,""geometry_fingerprint"":""b658b65261f196639466d8692269dcedff134e7188cdb2b0494d254fe5c37ff8"",""line_count"":0,""rect_count"":1,""stroke_count"":0}",ibc2018:vector-region:a082be3a500f73d447a4eb43,0.0,,vector_graphic_region_detection,rejected,unknown,"{""appendix"":null,""bbox"":[369.67,386.21,487.41,386.93],""chapter"":null,""line_id"":null,""observed_text_sha256"":""6323a92d1c9785786644ab7e7c18ff4996737fac312b5dcb296ca22281d5eb06"",""pdf_page"":759,""printed_page"":""732""}"
,pdf_vector_paths,,,region falls outside the chapter and appendix page range,rejected_outside_normative_and_appendix_pages,"{""curve_count"":0,""drawing_count"":1,""fill_count"":1,""geometry_fingerprint"":""38a0b7d17d6bf915eec2c550ed3582c4f75620c602c8c465fd1d613402f9d7f9"",""line_count"":0,""rect_count"":1,""stroke_count"":0}",ibc2018:vector-region:98b86189f0e748f868035fbd,0.0,,vector_graphic_region_detection,rejected,unknown,"{""appendix"":null,""bbox"":[377.95,170.42,487.41,171.14],""chapter"":null,""line_id"":null,""observed_text_sha256"":""9bbf59190ebd54902916687952c24c6569d57d00fa47564f262da2252dd73960"",""pdf_page"":759,""printed_page"":""732""}"
,pdf_vector_paths,,,region falls outside the chapter and appendix page range,rejected_outside_normative_and_appendix_pages,"{""curve_count"":0,""drawing_count"":1,""fill_count"":1,""geometry_fingerprint"":""3c1922cecf5a2aac12a163e1bf858b3d388e86d3103454d5bdaad8ba8a5b4d84"",""line_count"":0,""rect_count"":1,""stroke_count"":0}",ibc2018:vector-region:191bdf2fc7984b1ae5136d03,0.0,,vector_graphic_region_detection,rejected,unknown,"{""appendix"":null,""bbox"":[377.95,187.82,487.41,188.54],""chapter"":null,""line_id"":null,""observed_text_sha256"":""7d64f2dac9abd61153c7bbb7e6be9b1b4cf17319202154491bf2534b9e90c3f2"",""pdf_page"":759,""printed_page"":""732""}"
,pdf_vector_paths,,,region falls outside the chapter and appendix page range,rejected_outside_normative_and_appendix_pages,"{""curve_count"":0,""drawing_count"":1,""fill_count"":1,""geometry_fingerprint"":""87508750f3f5785dfcfc9074bba735b71b477f41e9843c87ccd2dca30569c56c"",""line_count"":0,""rect_count"":1,""stroke_count"":0}",ibc2018:vector-region:d55b911bc0fc5b5359b4f607,0.0,,vector_graphic_region_detection,rejected,unknown,"{""appendix"":null,""bbox"":[377.95,205.22,487.41,205.94],""chapter"":null,""line_id"":null,""observed_text_sha256"":""511990f8d5c6210136074bc647bc53e4d9a2985819bdd849dbec29b1a7f0a596"",""pdf_page"":759,""printed_page"":""732""}"
,pdf_vector_paths,,,region falls outside the chapter and appendix page range,rejected_outside_normative_and_appendix_pages,"{""curve_count"":0,""drawing_count"":1,""fill_count"":1,""geometry_fingerprint"":""4d4fe86afe3fba7c54413ba480e301e29f989ffb29a54c1eda84e10a7996028a"",""line_count"":0,""rect_count"":1,""stroke_count"":0}",ibc2018:vector-region:9c9f9cc637f095726d084b68,0.0,,vector_graphic_region_detection,rejected,unknown,"{""appendix"":null,""bbox"":[386.71,495.31,487.41,495.79],""chapter"":null,""line_id"":null,""observed_text_sha256"":""d4021bb5bffdf5a93d78cb3c6da27cd2e3bcb330c4e3c92a6648042ba4e3d7ff"",""pdf_page"":759,""printed_page"":""732""}"
,pdf_vector_paths,,,region falls outside the chapter and appendix page range,rejected_outside_normative_and_appendix_pages,"{""curve_count"":0,""drawing_count"":1,""fill_count"":1,""geometry_fingerprint"":""b10a7b368c8b5dfbc8e6a2ffafc6256317b561072503d70fc975d3281e32a510"",""line_count"":0,""rect_count"":1,""stroke_count"":0}",ibc2018:vector-region:81bdb6e51da6129d5747e4b2,0.0,,vector_graphic_region_detection,rejected,unknown,"{""appendix"":null,""bbox"":[432.67,477.91,487.414,478.39],""chapter"":null,""line_id"":null,""observed_text_sha256"":""8f06f2b4abca63076bb25bbe5128d8298373703af83618d05a617ba33f77f419"",""pdf_page"":759,""printed_page"":""732""}"
,pdf_vector_paths,,,region falls outside the chapter and appendix page range,rejected_outside_normative_and_appendix_pages,"{""curve_count"":0,""drawing_count"":1,""fill_count"":1,""geometry_fingerprint"":""d04dc6ccacc14afaf159ea765b3963cd0e69d4e37adf29bfc57c4db41ebb5b40"",""line_count"":0,""rect_count"":1,""stroke_count"":0}",ibc2018:vector-region:f74f166d85d1f2dbf89a2ffe,0.0,,vector_graphic_region_detection,rejected,unknown,"{""appendix"":null,""bbox"":[440.86,559.87,523.42,560.59],""chapter"":null,""line_id"":null,""observed_text_sha256"":""22051e167cb4a957679eed160ab49399b89fb5d0ad70ee00776235454036490e"",""pdf_page"":759,""printed_page"":""732""}"
,pdf_vector_paths,,,region falls outside the chapter and appendix page range,rejected_outside_normative_and_appendix_pages,"{""curve_count"":0,""drawing_count"":1,""fill_count"":1,""geometry_fingerprint"":""ce9e52b5c1fd16d02554710a8150d130469825665eb6644c7897177c75acb50f"",""line_count"":0,""rect_count"":1,""stroke_count"":0}",ibc2018:vector-region:a03c4d439bd35b1f394c1db2,0.0,,vector_graphic_region_detection,rejected,unknown,"{""appendix"":null,""bbox"":[441.94,145.46,523.42,146.18],""chapter"":null,""line_id"":null,""observed_text_sha256"":""eac77f7ba1c55610fb93bba7c24b6e91dd84a6dd602b7ddc0b1a34ae870ecfc1"",""pdf_page"":759,""printed_page"":""732""}"
,pdf_vector_paths,,,region falls outside the chapter and appendix page range,rejected_outside_normative_and_appendix_pages,"{""curve_count"":0,""drawing_count"":1,""fill_count"":1,""geometry_fingerprint"":""8f84fb5a3bc3af29d00d7b296e547d3a03dc4cbf20b0b710e67d2441e387bdda"",""line_count"":0,""rect_count"":1,""stroke_count"":0}",ibc2018:vector-region:22e5b2811f23f7874034627a,0.0,,vector_graphic_region_detection,rejected,unknown,"{""appendix"":null,""bbox"":[442.3,262.01,487.42,262.49],""chapter"":null,""line_id"":null,""observed_text_sha256"":""2713dcdbaffafe950d7443d0f285284efd5d483e7fd67f5bf29ee5f143a535d8"",""pdf_page"":759,""printed_page"":""732""}"
,pdf_vector_paths,,,region falls outside the chapter and appendix page range,rejected_outside_normative_and_appendix_pages,"{""curve_count"":0,""drawing_count"":1,""fill_count"":1,""geometry_fingerprint"":""7f742580643cba73b83fa397f5e8040a6dffacd44e01a8e00fb07beed332c4ea"",""line_count"":0,""rect_count"":1,""stroke_count"":0}",ibc2018:vector-region:e2bdde36c9d14dc4cde7d40f,0.0,,vector_graphic_region_detection,rejected,unknown,"{""appendix"":null,""bbox"":[448.06,326.57,523.42,327.29],""chapter"":null,""line_id"":null,""observed_text_sha256"":""411c7248ac88ef8e6e2889889596dd05353b560e2cbb25dc15a620c3e981a159"",""pdf_page"":759,""printed_page"":""732""}"
,pdf_vector_paths,,,region falls outside the chapter and appendix page range,rejected_outside_normative_and_appendix_pages,"{""curve_count"":0,""drawing_count"":1,""fill_count"":1,""geometry_fingerprint"":""32d7952055aac3374431c028ad777efaccb81ac62d03f9670d35c5e3aa56b1dc"",""line_count"":0,""rect_count"":1,""stroke_count"":0}",ibc2018:vector-region:2f9c13e5c375ced58edaaef1,0.0,,vector_graphic_region_detection,rejected,unknown,"{""appendix"":null,""bbox"":[449.5,235.94,523.42,236.66],""chapter"":null,""line_id"":null,""observed_text_sha256"":""6e07f95e57af5bba31e3df903ed4c1dff138d0af028a6c4280c40bee98b17cc2"",""pdf_page"":759,""printed_page"":""732""}"
,pdf_vector_paths,,,region falls outside the chapter and appendix page range,rejected_outside_normative_and_appendix_pages,"{""curve_count"":0,""drawing_count"":1,""fill_count"":1,""geometry_fingerprint"":""d08b5aa125c6b45ce38c82d6005a8d939e353998acfbaf161a2fd30979317672"",""line_count"":0,""rect_count"":1,""stroke_count"":0}",ibc2018:vector-region:866562d2d8da6fb7cc560086,0.0,,vector_graphic_region_detection,rejected,unknown,"{""appendix"":null,""bbox"":[451.9,296.93,487.42,297.41],""chapter"":null,""line_id"":null,""observed_text_sha256"":""576122163521dbf7921ce71190cd20bcb85fadc0f0ba689ed6a7e90c5c9bcc11"",""pdf_page"":759,""printed_page"":""732""}"
,pdf_vector_paths,,,region falls outside the chapter and appendix page range,rejected_outside_normative_and_appendix_pages,"{""curve_count"":0,""drawing_count"":1,""fill_count"":1,""geometry_fingerprint"":""9cae91ed3bda13d6578ad11392ae7f29eac3218b36b7aac96e55bbfb67eac7f7"",""line_count"":0,""rect_count"":1,""stroke_count"":0}",ibc2018:vector-region:65868fa5baed0c820c7771b2,0.0,,vector_graphic_region_detection,rejected,unknown,"{""appendix"":null,""bbox"":[452.74,279.41,487.42,279.89],""chapter"":null,""line_id"":null,""observed_text_sha256"":""5798253b4c44f96ff8a5cdb682c6c97deb11569d28bf35f0bab24b22f7a230c8"",""pdf_page"":759,""printed_page"":""732""}"
,pdf_vector_paths,,,region falls outside the chapter and appendix page range,rejected_outside_normative_and_appendix_pages,"{""curve_count"":0,""drawing_count"":1,""fill_count"":1,""geometry_fingerprint"":""594e65f1b8576e12a0a875685262ab866847dad677337eddfd8d45554f2b1168"",""line_count"":0,""rect_count"":1,""stroke_count"":0}",ibc2018:vector-region:d35784a953157a18d3db92dd,0.0,,vector_graphic_region_detection,rejected,unknown,"{""appendix"":null,""bbox"":[476.26,417.05,523.42,417.77],""chapter"":null,""line_id"":null,""observed_text_sha256"":""0d706bcd34d21e2489aae7f5649ec023f91299d9462bbe6bdc8c3b480b664add"",""pdf_page"":759,""printed_page"":""732""}"
,pdf_vector_paths,,,region falls outside the chapter and appendix page range,rejected_outside_normative_and_appendix_pages,"{""curve_count"":0,""drawing_count"":4,""fill_count"":4,""geometry_fingerprint"":""7948ab56422c210f7068e752186c3d268e3a535c0945301355ab8b6fc8fcd795"",""line_count"":0,""rect_count"":4,""stroke_count"":0}",ibc2018:vector-region:5bece7cf3ffdfc16b896e903,0.0,,vector_graphic_region_detection,rejected,unknown,"{""appendix"":null,""bbox"":[24.0,24.0,571.44,818.04],""chapter"":null,""line_id"":null,""observed_text_sha256"":""085e35e48df226d88fd95b26591eb4fb75e487d73bb0d3c967ecb49f4230943c"",""pdf_page"":760,""printed_page"":null}"
,pdf_vector_paths,,,region falls outside the chapter and appendix page range,rejected_outside_normative_and_appendix_pages,"{""curve_count"":0,""drawing_count"":4,""fill_count"":4,""geometry_fingerprint"":""7948ab56422c210f7068e752186c3d268e3a535c0945301355ab8b6fc8fcd795"",""line_count"":0,""rect_count"":4,""stroke_count"":0}",ibc2018:vector-region:27ff9c77f0af114a3a84a117,0.0,,vector_graphic_region_detection,rejected,unknown,"{""appendix"":null,""bbox"":[24.0,24.0,571.44,818.04],""chapter"":null,""line_id"":null,""observed_text_sha256"":""085e35e48df226d88fd95b26591eb4fb75e487d73bb0d3c967ecb49f4230943c"",""pdf_page"":761,""printed_page"":null}"
