continuation_state,id,normalized_document_family_id,notes,observed_designation,observed_designation_with_edition,observed_edition,observed_title,promulgating_agency,record_type,referenced_ibc_sections,review_state,row_geometry,source_anchor,title_sha256
starts_on_page,ibc2018:chapter35-row:65616851bd5223a19df9a07e,ibc2018:external-family:3b10b17ecd4dbcad77819820,[],ADM1,ADM1—2015,2015,Aluminum Design Manual: Part 1—A Specification for Aluminum Structures,AA,chapter35_referenced_standard_entry,"[""1604.3.5"",""2002.1""]",provisional,"[60.05,296.417,415.958,307.547]","{""appendix"":null,""bbox"":[60.05,296.417,415.958,307.547],""chapter"":""35"",""line_id"":""poppler-line:806c2c53670bb1fd876b"",""observed_text_sha256"":""cc91a99e61af0341313fc651ff2e3258209503d8a5218fec5d38931b6e0474ba"",""pdf_page"":640,""printed_page"":""613""}",eed43e948572f9122efbe3df6026e269d5515795b618e99bca09f7e4eacea61c
starts_on_page,ibc2018:chapter35-row:42fdde06017da51ced092339,ibc2018:external-family:fbc826115d89ee2f492f9612,[],ASM 35,ASM 35—00,00,Aluminum Sheet Metal Work in Building Construction (Fourth Edition),AA,chapter35_referenced_standard_entry,"[""2002.1""]",provisional,"[60.05,322.217,391.669,333.347]","{""appendix"":null,""bbox"":[60.05,322.217,391.669,333.347],""chapter"":""35"",""line_id"":""poppler-line:35a8a32f2ddcff8f6e93"",""observed_text_sha256"":""ee8b3534cf16779ddfa80711596b4e90547763253972ae52bc523889f913d792"",""pdf_page"":640,""printed_page"":""613""}",44092fd121af879b2ef5cbd396662a893ffbf963bd7185603d69e5f1e0c2672e
starts_on_page,ibc2018:chapter35-row:565ed8d0ddfe3b9693b34e8d,ibc2018:external-family:c25aa47346cd91ed1b306d61,[],711,711—16,16,Voluntary Specification for Self Adhering Flashing Used for Installation of Exterior Wall Fenestration Products,AAMA,chapter35_referenced_standard_entry,"[""1404.4""]",provisional,"[60.0,402.467,525.788,413.597]","{""appendix"":null,""bbox"":[60.0,402.467,525.788,413.597],""chapter"":""35"",""line_id"":""poppler-line:06c25c0abe7c77a41cd4"",""observed_text_sha256"":""13eeb505b52ea30afc62de8cb6cdb3c8d940a504682fdc9bde21847bc5664480"",""pdf_page"":640,""printed_page"":""613""}",9aec3561e1c51f08cb363ef76b1c4c6939d1d4f4c4d5bb992b5ec1882f577a09
starts_on_page,ibc2018:chapter35-row:820ab19430dde1d6334f0483,ibc2018:external-family:bf621c53de78937f3616da56,[],714,714—15,15,Voluntary Specification for Liquid Applied Flashing Used to Create a Water-resistive Seal around Exterior Wall Openings,AAMA,chapter35_referenced_standard_entry,"[""1404.4""]",provisional,"[60.0,428.267,571.843,439.397]","{""appendix"":null,""bbox"":[60.0,428.267,571.843,439.397],""chapter"":""35"",""line_id"":""poppler-line:25fbfdc0c2f3077d1f85"",""observed_text_sha256"":""5d3d6b1212c84f11fefed6ddc97a2d6cbb48eb00dade3eae8e6134f34a3bafaa"",""pdf_page"":640,""printed_page"":""613""}",3ec026c1a8a838c5e3ca3f863d574a0f4e39e838dee816d925de5d03ddc4ec98
starts_on_page,ibc2018:chapter35-row:d732bbbba8996516f0540e0f,ibc2018:external-family:e16484e6a2a4b4c9229cd617,[],1402,1402—09,09,"Standard Specifications for Aluminum Siding, Soffit and Fascia",AAMA,chapter35_referenced_standard_entry,"[""1403.5.1""]",provisional,"[60.0,465.117,345.238,476.247]","{""appendix"":null,""bbox"":[60.0,465.117,345.238,476.247],""chapter"":""35"",""line_id"":""poppler-line:ee814f922164c3603d6a"",""observed_text_sha256"":""38198889d17d7fab4b60ad2176ef4439644c32b3f089dbdb4422d1d9bc311cfd"",""pdf_page"":640,""printed_page"":""613""}",714fa412ca8cd3636a2b6bc43cdd90b6a7c0d92e41fca55499b1fce8352306a1
starts_on_page,ibc2018:chapter35-row:db2fb98597f57a97d59731d8,ibc2018:external-family:a6391e6db69848384c110e3a,[],AAMA/WDMA/CSA 101/I.S.2/A440,AAMA/WDMA/CSA 101/I.S.2/A440—17,17,"North American Fenestration Standard/Specifications for Windows, Doors and Skylights",AAMA,chapter35_referenced_standard_entry,"[""1709.5.1"",""2405.5""]",provisional,"[60.0,490.917,563.889,502.047]","{""appendix"":null,""bbox"":[60.0,490.917,563.889,502.047],""chapter"":""35"",""line_id"":""poppler-line:6196f8bb6554da0478a5"",""observed_text_sha256"":""f6c46f7142929e1906fbe61fbb8d8bef71ecfb0a547f1d060ca02c55b20fe381"",""pdf_page"":640,""printed_page"":""613""}",4c2c1f7d061cd5ce255604d446d84b5d8ddc9ac5afb8a232fafff25180e067d0
starts_on_page,ibc2018:chapter35-row:4f8c6d1e2ebb97eefe984fbc,ibc2018:external-family:a05a22a7b980b5a6c5888236,[],216.1,216.1—14,14,Code Requirements for Determining Fire Resistance of Concrete and Masonry Construction Assemblies,ACI,chapter35_referenced_standard_entry,"[""721.1(2)"",""722.1""]",provisional,"[60.05,571.317,502.412,582.447]","{""appendix"":null,""bbox"":[60.05,571.317,502.412,582.447],""chapter"":""35"",""line_id"":""poppler-line:9e68144c900e4fc59e00"",""observed_text_sha256"":""7716bcb07b71c90cf1c36f5848d8eb6bdceaa156a8b9962d3794b5a26feb3b14"",""pdf_page"":640,""printed_page"":""613""}",9fa2c5dc5a22ffaa19388517289d50027fd442cb5600330b445b15c8ff660a74
starts_on_page,ibc2018:chapter35-row:42f96b42ec4fd78f96c0b06a,ibc2018:external-family:edf096f30e7fb5aab29ce2c8,[],318,318—14,14,Building Code Requirements for Structural Concrete,ACI,chapter35_referenced_standard_entry,"[""1604.3.2"",""1616.2.1"",""1616.3.1"",""1704.5"",""1705.3"",""1705.3.2"",""1808.8.2"",""1808.8.5"",""1808.8.6"",""1810.1.3"",""1810.2.4.1"",""1810.3.10.1"",""1810.3.11.1"",""1810.3.12"",""1810.3.2.1.1"",""1810.3.2.1.2"",""1810.3.8.3.1"",""1810.3.8.3.3"",""1810.3.9.4.2.1"",""1810.3.9.4.2.2"",""1901.2"",""1901.3"",""1902.1"",""1903.1"",""1904.1"",""1904.2"",""1905.1"",""1905.1.1"",""1905.1.2"",""1905.1.3"",""1905.1.4"",""1905.1.5"",""1905.1.6"",""1905.1.7"",""1905.1.8"",""1906.1"",""2108.3"",""2206.1"",""722.2.4.3""]",provisional,"[60.05,597.117,301.165,608.247]","{""appendix"":null,""bbox"":[60.05,597.117,301.165,608.247],""chapter"":""35"",""line_id"":""poppler-line:26f31d7faf1194184ec2"",""observed_text_sha256"":""f3d238f46f933d82e230506483aed40ed88e58172e859d891cf69f18f69415b3"",""pdf_page"":640,""printed_page"":""613""}",76561b63bf80b3617b4691b08b8a5ec997a7b993dab35545236fefe792ec0512
starts_on_page,ibc2018:chapter35-row:ddbb32828d045e8bdddfdb07,ibc2018:external-family:45e81e56a56a4aeb16d3f59d,[],ANSI/AISC 341,ANSI/AISC 341—16,16,Seismic Provisions for Structural Steel Buildings,AISC,chapter35_referenced_standard_entry,"[""1705.12.1.1"",""1705.12.1.2"",""1705.13.1.1"",""1705.13.1.2"",""2205.2.1.1"",""2205.2.1.2"",""2205.2.2"",""2206.2.1""]",provisional,"[60.0,721.467,330.692,732.597]","{""appendix"":null,""bbox"":[60.0,721.467,330.692,732.597],""chapter"":""35"",""line_id"":""poppler-line:1ae00516390950d0890c"",""observed_text_sha256"":""ee9dce1d335824cd8a53249ac7b0075b4c5273aa43193c7dd89cf0712964db4e"",""pdf_page"":640,""printed_page"":""613""}",89cce2dde37b1df966bf9b2e57dd47835b8f03b4055c88bbd1ae0d37a5a4ff09
starts_on_page,ibc2018:chapter35-row:df751daf38bfb7fdd5270d9d,ibc2018:external-family:2966f3dad5220411743c5bef,[],ANSI/AISC 360,ANSI/AISC 360—16,16,Specification for Structural Steel Buildings,AISC,chapter35_referenced_standard_entry,"[""1604.3.3"",""1705.2.1"",""2202.1"",""2203.1"",""2205.1"",""2205.2.1.1"",""2206.1"",""722.5.2.2.1""]",provisional,"[40.1,87.117,289.042,98.247]","{""appendix"":null,""bbox"":[40.1,87.117,289.042,98.247],""chapter"":""35"",""line_id"":""poppler-line:f5444504424e2b1cf56d"",""observed_text_sha256"":""081cc3b77a6fb15313bd233185728f721c2347d88e19a282570b5fdda3de40c9"",""pdf_page"":641,""printed_page"":""614""}",c194101546689b875ccc7189a4488ad9271202c8c1d557507217731b5cad5e55
starts_on_page,ibc2018:chapter35-row:fd3df2a2315b2d024fb8e3e2,ibc2018:external-family:ae1d28ab90bef206fe0cfff1,[],AISI S100,AISI S100—16,16,"North American Specification for the Design of Cold-formed Steel Structural Members, 2016",AISI,chapter35_referenced_standard_entry,"[""1604.3.3"",""1905.1.8"",""2202.1"",""2203.1"",""2210.1"",""2210.2""]",provisional,"[40.1,167.017,458.698,178.147]","{""appendix"":null,""bbox"":[40.1,167.017,458.698,178.147],""chapter"":""35"",""line_id"":""poppler-line:99a4b901734eb90312de"",""observed_text_sha256"":""409e8da3728f7046e36f78c671a49f30151fc69b3ae6972252a9201015c6de5d"",""pdf_page"":641,""printed_page"":""614""}",26bfc3fbabbfd865fc16365dc23aa35fc7e920318abf58a274146173eb09f7a2
starts_on_page,ibc2018:chapter35-row:a1b46d965a7028e623aadaa5,ibc2018:external-family:f81d5735a7931661f2e88aee,[],AISI S202,AISI S202—15,15,"Code of Standard Practice for Cold-formed Steel Framing, 2015",AISI,chapter35_referenced_standard_entry,"[""2211.1.3.1""]",provisional,"[40.1,192.617,348.052,203.747]","{""appendix"":null,""bbox"":[40.1,192.617,348.052,203.747],""chapter"":""35"",""line_id"":""poppler-line:f181a76110c5427c154f"",""observed_text_sha256"":""e263d16f7f778b30e8e50744a08cc2bf5ab89621a3f5ab1daf9adbae0e86eb84"",""pdf_page"":641,""printed_page"":""614""}",e3495285ec2e9b2e3e8d65ca51b04c47ee327aa9b1c382f211d1f5df3ec49108
starts_on_page,ibc2018:chapter35-row:424207beca05d737694ffcc6,ibc2018:external-family:953e903f250610fb56708d2f,[],AISI S220,AISI S220—15,15,"North American Standard for Cold-formed Steel Framing—Nonstructural Members, 2015",AISI,chapter35_referenced_standard_entry,"[""2202.1"",""2203.1"",""2211.2"",""2506.2"",""2507.2""]",provisional,"[40.1,218.267,450.002,229.397]","{""appendix"":null,""bbox"":[40.1,218.267,450.002,229.397],""chapter"":""35"",""line_id"":""poppler-line:ccede393bbde05408e36"",""observed_text_sha256"":""5f0afff5b9392e126753709985285109c3d8d3b1eeaccc0aa2d42ee8d6d66517"",""pdf_page"":641,""printed_page"":""614""}",34e2ecd5e5636f45cda831aab3091515c5668dc480f511a19875d579e088dbfc
starts_on_page,ibc2018:chapter35-row:d64cceea4a705a8751781973,ibc2018:external-family:cb6646c33eba08d6aef6c7d4,[],AISI S230,AISI S230—15,15,"Standard for Cold-formed Steel Framing—Prescriptive Method for One- and Two-family Dwellings, 2015",AISI,chapter35_referenced_standard_entry,"[""1609.1.1"",""1609.1.1.1"",""2211.1.2""]",provisional,"[40.1,243.817,508.302,254.947]","{""appendix"":null,""bbox"":[40.1,243.817,508.302,254.947],""chapter"":""35"",""line_id"":""poppler-line:a12d417f9ea75a6d6b41"",""observed_text_sha256"":""3cbb40fdccf93bcaa9df4ae94f758c90412c1d9223893c185fff7795e5ac2b85"",""pdf_page"":641,""printed_page"":""614""}",56e57befc1251aede26bd25733b95dbcf33bf6a6653cc59070bec2fd90d25c79
starts_on_page,ibc2018:chapter35-row:933c7a8f2508e56fd523db4e,ibc2018:external-family:029a1c9d28bb6288b98eda51,[],AISI S240,AISI S240—15,15,"North American Standard for Cold-Formed Steel Structuring Framing, 2015",AISI,chapter35_referenced_standard_entry,"[""1705.2.2.2"",""2202.1"",""2203.1"",""2211.1"",""2211.1.1.1"",""2211.1.3.3"",""2306.12.2"",""2506.2"",""2507.2"",""2603.12.1""]",provisional,"[40.1,269.517,397.452,280.647]","{""appendix"":null,""bbox"":[40.1,269.517,397.452,280.647],""chapter"":""35"",""line_id"":""poppler-line:aa2e82fe2e8b05e08886"",""observed_text_sha256"":""7d879e009d10e6b4cdb92d253061e861800d9dea0f763a413505958ef15a4b4e"",""pdf_page"":641,""printed_page"":""614""}",c1d3a82cd82fbadab301418526fd915f8f895bb400be6fdb7c7e0615a215b376
starts_on_page,ibc2018:chapter35-row:25f6c88ab1cb5adc1aded98b,ibc2018:external-family:e213b3c7c36a2832f2c79f65,[],AISI S400,AISI S400—15/S1—16,15/S1—16,"North American Standard for Seismic Design of Cold-formed Steel Structural Systems, 2015, with",AISI,chapter35_referenced_standard_entry,"[""2210.2"",""2211.1.1.1"",""2211.1.1.2""]",provisional,"[40.1,306.117,551.759,317.247]","{""appendix"":null,""bbox"":[40.1,306.117,551.759,317.247],""chapter"":""35"",""line_id"":""poppler-line:0b1fd78cb20c905acb5a"",""observed_text_sha256"":""9c769ed9eb3c828f5a1d711dbb2fb6300537f48ee16c58f4633e9865529c17ef"",""pdf_page"":641,""printed_page"":""614""}",a322472b63b667386b2cea81a4661ac53221c4b7da701c0bf48260eaa698b186
starts_on_page,ibc2018:chapter35-row:deeb962ccde148daef9da0e2,ibc2018:external-family:7a3c8e7fb75dbc240db5485a,[],ALI ALCTV,ALI ALCTV—2016,2016,"Standard for Automotive Lifts—Safety Requirements for Construction, Testing and Validation (ANSI)",ALI,chapter35_referenced_standard_entry,"[""3001.3""]",provisional,"[40.1,396.967,516.355,408.097]","{""appendix"":null,""bbox"":[40.1,396.967,516.355,408.097],""chapter"":""35"",""line_id"":""poppler-line:e0e40c6aabf709207e7e"",""observed_text_sha256"":""6fca81a54117d14eac34a607fb1b9522935874e2f9b56a72aff50591d43d2faf"",""pdf_page"":641,""printed_page"":""614""}",e8765669b045eec2f4838435e4c910de30daea43725217b95715e9427377c90b
starts_on_page,ibc2018:chapter35-row:afa1dd3e04d7031fe43410c6,ibc2018:external-family:67b4aac17927187b6ba71d5e,[],540,540—13,13,Test Method for Louvers Impacted by Wind Borne Debris,AMCA,chapter35_referenced_standard_entry,"[""1609.2.1""]",provisional,"[40.1,476.867,300.206,487.997]","{""appendix"":null,""bbox"":[40.1,476.867,300.206,487.997],""chapter"":""35"",""line_id"":""poppler-line:efd558abf78d03458cd2"",""observed_text_sha256"":""c6e5b4600ff358929952ab96db124548d1b2d0277b45a7c955714fb09f73228e"",""pdf_page"":641,""printed_page"":""614""}",a0b9f88e3e347766801e173cfbf3c0aa1ed0f1d9db4e2c0d5130c164831a2372
starts_on_page,ibc2018:chapter35-row:24f90fc98fbdf60afb199064,ibc2018:external-family:815d59c125958b0359f9a0b0,[],A13.1,A13.1—2015,2015,Scheme for the Identification of Piping Systems,ANSI,chapter35_referenced_standard_entry,"[""415.11.6.5""]",provisional,"[40.1,556.817,275.975,567.947]","{""appendix"":null,""bbox"":[40.1,556.817,275.975,567.947],""chapter"":""35"",""line_id"":""poppler-line:c1b4028fb99bd142e07e"",""observed_text_sha256"":""fc87c268e150f1e5dfe9bf8c6d0f3859bd359e1766dd0b339194596f7a1c83e6"",""pdf_page"":641,""printed_page"":""614""}",a49f65346ce7054efa32e5a0daeb0a3b3f281d54614bc2de73baed1afa82a483
starts_on_page,ibc2018:chapter35-row:477b360b706aa5dfd85984a1,ibc2018:external-family:dee403fb3f472a6b8a591092,[],A108.1A,A108.1A—16,16,"Installation of Ceramic Tile in the Wet-set Method, with Portland Cement Mortar",ANSI,chapter35_referenced_standard_entry,"[""2103.2.3""]",provisional,"[40.1,582.367,410.967,593.497]","{""appendix"":null,""bbox"":[40.1,582.367,410.967,593.497],""chapter"":""35"",""line_id"":""poppler-line:3e08a63ab86ef6d5f42e"",""observed_text_sha256"":""2fd8e74c72f7e4faa43ae06cdc163c0fad77743ad6426b6e918f6ae6cc6c9372"",""pdf_page"":641,""printed_page"":""614""}",960a608cec3b67becd940382961e1a9c32d081b50ff211da6e6a1b93d240d573
starts_on_page,ibc2018:chapter35-row:0baecf060295c2972f52d0fa,ibc2018:external-family:9cc31099d1bd98159e3aa397,[],A108.1B,A108.1B—99,99,"Installation of Ceramic Tile, Quarry Tile on a Cured Portland Cement Mortar Setting Bed with Dry-set or Latex-",ANSI,chapter35_referenced_standard_entry,"[""2103.2.3""]",provisional,"[40.1,608.067,551.548,619.197]","{""appendix"":null,""bbox"":[40.1,608.067,551.548,619.197],""chapter"":""35"",""line_id"":""poppler-line:83f5e4324aeb2c7eff80"",""observed_text_sha256"":""0bc0168e637f0a97b1348a3da80629c87c7279f73cc4729a4dd428af7d5a3646"",""pdf_page"":641,""printed_page"":""614""}",e968d146e84c13b53bb1a0522d379eb4586646662b870e951bb2a862497bffb1
starts_on_page,ibc2018:chapter35-row:1771fb379a4239f66784ba4c,ibc2018:external-family:44ed7e4141f3004002a76f76,[],A108.4,A108.4—99,99,Installation of Ceramic Tile with Organic Adhesives or Water-cleanable Tile-setting Epoxy Adhesive,ANSI,chapter35_referenced_standard_entry,"[""2103.2.3.6""]",provisional,"[40.1,644.667,475.614,655.797]","{""appendix"":null,""bbox"":[40.1,644.667,475.614,655.797],""chapter"":""35"",""line_id"":""poppler-line:74a380775a9a0d7b1393"",""observed_text_sha256"":""79a5943f8bb68d93326c2ba76633acf1c0f709848c1930a02f0f37912b6bd3f3"",""pdf_page"":641,""printed_page"":""614""}",090ad4a5b782ce46d1947d11bd1a81ae513ace9d2525ee31a039463f2e7ba9de
starts_on_page,ibc2018:chapter35-row:6325c5318756f840c4d3c44c,ibc2018:external-family:c0bc09f6c2db07474948418e,[],A108.5,A108.5—99,99,Installation of Ceramic Tile with Dry-set Portland Cement Mortar or Latex-Portland Cement Mortar,ANSI,chapter35_referenced_standard_entry,"[""2103.2.3.1"",""2103.2.3.2""]",provisional,"[40.1,670.317,479.717,681.447]","{""appendix"":null,""bbox"":[40.1,670.317,479.717,681.447],""chapter"":""35"",""line_id"":""poppler-line:34fdbe9620214b653428"",""observed_text_sha256"":""5b6dc188605711410a71d3d52cfbb50e53a71cf7c5e6e7b7723ce33de5b44369"",""pdf_page"":641,""printed_page"":""614""}",4efd42099f15554ff45a25c3434e767f4490eef094f907fae29414402f5f8e9f
starts_on_page,ibc2018:chapter35-row:dc934a27818392db17364ce1,ibc2018:external-family:704870b2e6aa8baaa6df7d52,[],A108.6,A108.6—99,99,"Installation of Ceramic Tile with Chemical-resistant, Water Cleanable Tile-setting and -grouting Epoxy",ANSI,chapter35_referenced_standard_entry,"[""2103.2.3.3""]",provisional,"[40.1,695.867,486.807,706.997]","{""appendix"":null,""bbox"":[40.1,695.867,486.807,706.997],""chapter"":""35"",""line_id"":""poppler-line:dbe6f5fc68dd1a64a398"",""observed_text_sha256"":""1d5d18da2ac6ddc056187ea13449a6cc0b0dec3bb77c60396eed5db4ebe8e7de"",""pdf_page"":641,""printed_page"":""614""}",10ac02fed9dad93da95d766b5c61ed271784bb2c4a6a58ec3e4fff22d1faa555
starts_on_page,ibc2018:chapter35-row:c9bd2aa878c796d693d8465a,ibc2018:external-family:51f3e228e3cef3053bbd5ede,[],A108.8,A108.8—99,99,Installation of Ceramic Tile with Chemical-resistant Furan Resin Mortar and Grout,ANSI,chapter35_referenced_standard_entry,"[""2103.2.3.4""]",provisional,"[40.1,721.567,412.931,732.697]","{""appendix"":null,""bbox"":[40.1,721.567,412.931,732.697],""chapter"":""35"",""line_id"":""poppler-line:9b2f2647ef3bc1a94b13"",""observed_text_sha256"":""cd0a744053b0d878e44ae0e7afaf282da3d199b85392819756275ab863f324ce"",""pdf_page"":641,""printed_page"":""614""}",0acd5f9c2edf7513c3c2453d84fdca5d7d90cf5d85f6767816aef6ac7f3a9d6a
starts_on_page,ibc2018:chapter35-row:91c74c161fff534c8878bdc0,ibc2018:external-family:1dcdc283db797b7d6aa1c92f,[],A108.9,A108.9—99,99,Installation of Ceramic Tile with Modified Epoxy Emulsion Mortar/Grout,ANSI,chapter35_referenced_standard_entry,"[""2103.2.3.5""]",provisional,"[60.0,87.017,394.537,98.147]","{""appendix"":null,""bbox"":[60.0,87.017,394.537,98.147],""chapter"":""35"",""line_id"":""poppler-line:9096d275401cae1dc577"",""observed_text_sha256"":""bcdbf2d5ab4569b07ccce8c8890f26e9d2c5853e8dfdd1defbf6c03ab7cd7525"",""pdf_page"":642,""printed_page"":""615""}",9163f6a57fd24390c8378585cdb3c13c04138e94916dff79613ab7500d491cbd
starts_on_page,ibc2018:chapter35-row:31414653d05fa93b6d6ec671,ibc2018:external-family:2240216f1348599afc27c2f4,[],A108.10,A108.10—99,99,Installation of Grout in Tilework,ANSI,chapter35_referenced_standard_entry,"[""2103.2.3.7""]",provisional,"[60.0,112.467,240.65,123.597]","{""appendix"":null,""bbox"":[60.0,112.467,240.65,123.597],""chapter"":""35"",""line_id"":""poppler-line:bb9e4a26a44bd6587dd9"",""observed_text_sha256"":""d23eedcbe34fcbf9452a8d9189b9c5c3516498de0e2a50ce1897ff09cfc4e83b"",""pdf_page"":642,""printed_page"":""615""}",6239b6381dc28b3f0670b3b874b3a9ecb3db8b2352beefdbdb56eba0e575768c
starts_on_page,ibc2018:chapter35-row:b06f37101078e6312f406c7c,ibc2018:external-family:8dba63cde9175f6a202b652d,[],A118.1,A118.1—16,16,American National Standard Specifications for Dry-set Portland Cement Mortar,ANSI,chapter35_referenced_standard_entry,"[""2103.2.3.1""]",provisional,"[60.0,137.767,419.767,148.897]","{""appendix"":null,""bbox"":[60.0,137.767,419.767,148.897],""chapter"":""35"",""line_id"":""poppler-line:9e86e03ee0214ae57281"",""observed_text_sha256"":""88804d041f971d95f9a11e5e8be38f5496c3fec673ead5579f43b0bba3cc4f54"",""pdf_page"":642,""printed_page"":""615""}",7d397cb3696c73bfd2065095a473a96d479571336edc2ecc9eabef2b9efb042f
starts_on_page,ibc2018:chapter35-row:e3bfa7b533606a6a7201e10f,ibc2018:external-family:5eceb95d9eb8bd269e4beed0,[],A118.3,A118.3—13,13,"American National Standard Specifications for Chemical-resistant, Water-cleanable Tile-setting and -grouting Epoxy",ANSI,chapter35_referenced_standard_entry,"[""2103.2.3.3""]",provisional,"[60.0,163.217,571.757,174.347]","{""appendix"":null,""bbox"":[60.0,163.217,571.757,174.347],""chapter"":""35"",""line_id"":""poppler-line:ef5abc4c3210bd392d42"",""observed_text_sha256"":""96c86f097eaabb3367d5751be1857fb05c35bd89398fe800dcdcc5d8f074fc2a"",""pdf_page"":642,""printed_page"":""615""}",005f00b716346a5595f010bb18ff97a1d79daa84ff228f3b3e7e676cc116adde
starts_on_page,ibc2018:chapter35-row:a7f8407161be162f181df05d,ibc2018:external-family:d9e1ffe45bd99654a3d1f5cc,[],A118.4,A118.4—16,16,American National Standard Specifications for Modified Dry-set Cement Mortar,ANSI,chapter35_referenced_standard_entry,"[""2103.2.3.2"",""2103.2.4""]",provisional,"[60.0,199.567,420.967,210.697]","{""appendix"":null,""bbox"":[60.0,199.567,420.967,210.697],""chapter"":""35"",""line_id"":""poppler-line:4469391a497c23aea31e"",""observed_text_sha256"":""c922746499a778377e5efdfde25518bb6dda2b8e1c2794476c182ba13bc71b58"",""pdf_page"":642,""printed_page"":""615""}",63c22fd7abc00af0ea7886af563419947ed169f5bf329069baa708ac9daa3369
starts_on_page,ibc2018:chapter35-row:a32d82c8e9927f1c5abd23e2,ibc2018:external-family:18a446ef796449cf4cb6ee93,[],A118.5,A118.5—99,99,American National Standard Specifications for Chemical Resistant Furan Mortar and Grouts for Tile Installation,ANSI,chapter35_referenced_standard_entry,"[""2103.2.3.4""]",provisional,"[60.0,224.967,546.544,236.097]","{""appendix"":null,""bbox"":[60.0,224.967,546.544,236.097],""chapter"":""35"",""line_id"":""poppler-line:3ce7a868a976e984ae42"",""observed_text_sha256"":""1e3c8ac31f6a647dd21d9971287b6e2b31b709a0628946933bffc25aefcf1e57"",""pdf_page"":642,""printed_page"":""615""}",08721164b4b2f020aeeb48cce839fc7135d8957ffacf6a2b48c4d14b63367e31
starts_on_page,ibc2018:chapter35-row:3e1072afb38a6da84c86964d,ibc2018:external-family:a1cf76bd7b6895091cee81af,[],A118.6,A118.6—10,10,American National Standard Specifications for Cement Grouts for Tile Installation,ANSI,chapter35_referenced_standard_entry,"[""2103.2.3.7""]",provisional,"[60.0,250.317,428.694,261.447]","{""appendix"":null,""bbox"":[60.0,250.317,428.694,261.447],""chapter"":""35"",""line_id"":""poppler-line:99431d20b13097c085a8"",""observed_text_sha256"":""712f6329e7f86605bd15d3d1148571ed52b7ebd36a42b830a967ae567c86a946"",""pdf_page"":642,""printed_page"":""615""}",8aa62e42a10eb2ad07e908b8009df805b62f205ddee073862e0be86a6972f4b5
starts_on_page,ibc2018:chapter35-row:6b02fac16434bc759523a983,ibc2018:external-family:9e857144d420b4935b1c5322,[],A118.8,A118.8—99,99,American National Standard Specifications for Modified Epoxy Emulsion Mortar/Grout,ANSI,chapter35_referenced_standard_entry,"[""2103.2.3.5""]",provisional,"[60.0,275.717,449.537,286.847]","{""appendix"":null,""bbox"":[60.0,275.717,449.537,286.847],""chapter"":""35"",""line_id"":""poppler-line:194c2c94c3e79aad94d6"",""observed_text_sha256"":""398a6b43e0852681f08b40039b2dc1495cfeac186ad6cf2a3cd8acc144494a65"",""pdf_page"":642,""printed_page"":""615""}",4f11f9e14919a68afac924fec0ae4a094868d43efab5229911311d39da0bd378
starts_on_page,ibc2018:chapter35-row:d968c8a04feb87d17a46f116,ibc2018:external-family:17ae6c3a36e5930c1f21641a,[],A136.1,A136.1—08,08,American National Standard Specifications for the Installation of Ceramic Tile,ANSI,chapter35_referenced_standard_entry,"[""2103.2.3.6""]",provisional,"[60.0,301.167,412.547,312.297]","{""appendix"":null,""bbox"":[60.0,301.167,412.547,312.297],""chapter"":""35"",""line_id"":""poppler-line:4820b0b67e7d3ed517c4"",""observed_text_sha256"":""1bc8c12d6a8bb4bd415ec0c13e00166e2dbb378d3c5ca60e2cf31033a7a09b71"",""pdf_page"":642,""printed_page"":""615""}",b9e7286e38b49fa18b15e6e70fe49d10f253268021f4150fd2f693cd71c90ffb
starts_on_page,ibc2018:chapter35-row:a52545d18151e56948a677da,ibc2018:external-family:e67d0536c7a2cf4409fc5e50,[],A137.1,A137.1—17,17,American National Standard Specifications for Ceramic Tile,ANSI,chapter35_referenced_standard_entry,[],provisional,"[60.0,326.517,342.397,337.647]","{""appendix"":null,""bbox"":[60.0,326.517,342.397,337.647],""chapter"":""35"",""line_id"":""poppler-line:85b87708bd3d791b98f4"",""observed_text_sha256"":""a800ff05772f3d3b68160b376f84b87062fc5c9e5644b3d4615d19ecf07ff1e9"",""pdf_page"":642,""printed_page"":""615""}",7c397cb0f2a38c18e54c6e437853e95781f292c9f4825f4917b5ca71e96df322
starts_on_page,ibc2018:chapter35-row:37548755fed0ca6d99d69cd5,ibc2018:external-family:79b639516f6e55d7a2b90b49,[],Z 97.1,Z 97.1—14,14,Safety Glazing Materials Used in Buildings—Safety Performance Specifications and Methods of Test,ANSI,chapter35_referenced_standard_entry,"[""2406.1.2"",""2406.2"",""2406.2(2)"",""2406.3.1"",""2407.1"",""2407.1.4.1"",""2408.2.1"",""2408.3"",""2409.2"",""2409.3"",""2409.4.1""]",provisional,"[60.0,351.917,493.307,363.047]","{""appendix"":null,""bbox"":[60.0,351.917,493.307,363.047],""chapter"":""35"",""line_id"":""poppler-line:ee1dcc4937fc9ece9896"",""observed_text_sha256"":""5f17db00519ecc01223fb69fb925271fa8bec013a70d0272de360a723e9485aa"",""pdf_page"":642,""printed_page"":""615""}",91219b9ea07c8b22ee718df41e427db77d0a956e19e09b1a08384b9de0a0826d
starts_on_page,ibc2018:chapter35-row:aea8c43c022c818267d4966e,ibc2018:external-family:0956023930464a46c6ec51e9,[],ANSI 117,ANSI 117—15,15,Standard Specification for Structural Glued Laminated Timber of Softwood Species,APA,chapter35_referenced_standard_entry,"[""2306.1""]",provisional,"[60.0,442.317,442.964,453.447]","{""appendix"":null,""bbox"":[60.0,442.317,442.964,453.447],""chapter"":""35"",""line_id"":""poppler-line:9fa3b11b983b7a62cf91"",""observed_text_sha256"":""e85175db76b81a663fff188c76f0c3fea8fe10e1f003afb5b0212acd51d9cda7"",""pdf_page"":642,""printed_page"":""615""}",4b6f9ca65e178faff2e26bcfc0c5d1747cab508e8ba2b2624f26bd93327ef0c3
starts_on_page,ibc2018:chapter35-row:eab82d1b4bd42bdd36ef3a0f,ibc2018:external-family:6b1c9a9a95bb87085fa8607b,[],ANSI/APA A190.1,ANSI/APA A190.1—17,17,Structural Glued Laminated Timber,APA,chapter35_referenced_standard_entry,"[""2303.1.3"",""2306.1""]",provisional,"[60.0,467.617,295.567,478.747]","{""appendix"":null,""bbox"":[60.0,467.617,295.567,478.747],""chapter"":""35"",""line_id"":""poppler-line:18b786585fac3ab777aa"",""observed_text_sha256"":""2826eed87c8392339a29a2716d0824a0cc9287b20e7434333f3dc4b0c66a7559"",""pdf_page"":642,""printed_page"":""615""}",96d0b139243aaf8ed52ac7f0663b89d066a4808e21ee59915b2fbe850034d77f
starts_on_page,ibc2018:chapter35-row:db0d9c0600ffe17cb990c0df,ibc2018:external-family:7d4e38cffc19dcdb11bce2ce,[],ANSI/APA PRP 210,ANSI/APA PRP 210—14,14,Standard for Performance-Rated Engineered Wood Siding,APA,chapter35_referenced_standard_entry,"[""2303.1.5"",""2304.7"",""2306.3""]",provisional,"[60.0,493.067,386.842,504.197]","{""appendix"":null,""bbox"":[60.0,493.067,386.842,504.197],""chapter"":""35"",""line_id"":""poppler-line:891a2123fbdcae6aca9d"",""observed_text_sha256"":""2ea002f19f4612a599cc746e483e5cbd9ebb2dab0260e3c4f223850152b58fa8"",""pdf_page"":642,""printed_page"":""615""}",d1497f3e323b6272084a3d8cc0b4b9215e798be09b379e1ee7482e8861c81408
starts_on_page,ibc2018:chapter35-row:53536a4499aa15a91ca7823e,ibc2018:external-family:5e9ef160281169a4ee40f4a2,[],ANSI/APA PRR 410,ANSI/APA PRR 410—16,16,Standard for Performance-Rated Engineered Wood Rim Boards,APA,chapter35_referenced_standard_entry,"[""2303.1.1""]",provisional,"[60.0,518.517,409.663,529.647]","{""appendix"":null,""bbox"":[60.0,518.517,409.663,529.647],""chapter"":""35"",""line_id"":""poppler-line:00d4b34910c76de746a2"",""observed_text_sha256"":""b92574ab07de7482273db94b8bc5a5585367568b62261b93a691f7cb0843b29b"",""pdf_page"":642,""printed_page"":""615""}",6808f5e4b68536b212b66d360768ed0b070092885aae9daed933b64ef4761c11
starts_on_page,ibc2018:chapter35-row:16e0075d1ea645b4d5e599a1,ibc2018:external-family:568bdcaddddfa41046bd8bd9,[],APA PDS,APA PDS—12,12,Panel Design Specification,APA,chapter35_referenced_standard_entry,"[""2306.1""]",provisional,"[60.0,543.817,222.213,554.947]","{""appendix"":null,""bbox"":[60.0,543.817,222.213,554.947],""chapter"":""35"",""line_id"":""poppler-line:aee4f58c8696b66a7770"",""observed_text_sha256"":""be87848c05dc6194485614fb9879a575a224bcab81c79139c0249c6eb662b5f2"",""pdf_page"":642,""printed_page"":""615""}",d5a30b6d1b052558fdd958c6ebffc0eb253be0a203f34bd976384c1db3d0d046
starts_on_page,ibc2018:chapter35-row:da806d75d07a9186990564e5,ibc2018:external-family:4c4b59bc5cfada14bc06db36,[],APA PDS Supplement 1,APA PDS Supplement 1—12,12,Design and Fabrication of Plywood Curved Panels (revised 2013),APA,chapter35_referenced_standard_entry,"[""2306.1""]",provisional,"[60.0,569.267,424.582,580.397]","{""appendix"":null,""bbox"":[60.0,569.267,424.582,580.397],""chapter"":""35"",""line_id"":""poppler-line:f0e9f2d9d66c785fb9a4"",""observed_text_sha256"":""3202082a5277636ddfa262d07adc4c1c918c4d08da7624b68f43f37d04467e5c"",""pdf_page"":642,""printed_page"":""615""}",483e2f2bbbd88dd48a0e0fad4fe4cae3164d56120c175d4c71cbad7f19a0ab6f
starts_on_page,ibc2018:chapter35-row:320d94dedbcfeb656b7bc353,ibc2018:external-family:222b53be019fe1c1eb20a2c8,[],APA PDS Supplement 2,APA PDS Supplement 2—12,12,Design and Fabrication of Plywood-lumber Beams (revised 2013),APA,chapter35_referenced_standard_entry,"[""2306.1""]",provisional,"[60.0,594.617,424.782,605.747]","{""appendix"":null,""bbox"":[60.0,594.617,424.782,605.747],""chapter"":""35"",""line_id"":""poppler-line:4e4774d71c5ee00f12be"",""observed_text_sha256"":""5da08d2b4148953a2bb5b8650769e2c3fa7238f89d3383aa60aa5cf3fbebbaff"",""pdf_page"":642,""printed_page"":""615""}",fb800c8657f3037ff1ce0a2ea3268b24ee5008716793f9112f1933699bee5b87
starts_on_page,ibc2018:chapter35-row:e931c1965f57c7329d50c57c,ibc2018:external-family:f18ad13194ac8e9ed896c29a,[],APA PDS Supplement 3,APA PDS Supplement 3—12,12,Design and Fabrication of Plywood Stressed-skin Panels (revised 2013),APA,chapter35_referenced_standard_entry,"[""2306.1""]",provisional,"[60.0,620.017,446.482,631.147]","{""appendix"":null,""bbox"":[60.0,620.017,446.482,631.147],""chapter"":""35"",""line_id"":""poppler-line:7f5bfc4862fdc9ede3d2"",""observed_text_sha256"":""3519dabfa40940f233d1c96c49a12ed9c22ed3ad26037f8c8560b4e0cd20bcd4"",""pdf_page"":642,""printed_page"":""615""}",2b88cf86c162714c60b344edcf657643213376236db0724170fca4c5436013f9
starts_on_page,ibc2018:chapter35-row:19e8903e088aba2fe1397b52,ibc2018:external-family:ad8d453939a7057176a59017,[],APA PDS Supplement 4,APA PDS Supplement 4—12,12,Design and Fabrication of Plywood Sandwich Panels (revised 2013),APA,chapter35_referenced_standard_entry,"[""2306.1""]",provisional,"[60.0,645.467,433.082,656.597]","{""appendix"":null,""bbox"":[60.0,645.467,433.082,656.597],""chapter"":""35"",""line_id"":""poppler-line:08c7be2fc241057dd829"",""observed_text_sha256"":""7bd56643144de54fbc8f83c941a304caaa0b4932ea668a03472d230e6bd6e66a"",""pdf_page"":642,""printed_page"":""615""}",d46d49e17c8ab2cf552487474f1b32a0a88656bc4af6e121d8fe006feab784ee
starts_on_page,ibc2018:chapter35-row:c3a16232c8e8800946c50a91,ibc2018:external-family:f25e7cfceb6cb8a3b5fb7174,[],APA PDS Supplement 5,APA PDS Supplement 5—16,16,Design and Fabrication of All-plywood Beams (revised 2013),APA,chapter35_referenced_standard_entry,"[""2306.1""]",provisional,"[60.0,670.767,407.882,681.897]","{""appendix"":null,""bbox"":[60.0,670.767,407.882,681.897],""chapter"":""35"",""line_id"":""poppler-line:95f33cc31ba9626d264c"",""observed_text_sha256"":""9ff53546449783e65d4736b8710816919cd8a446abac1b79c2307cfd8e0695e0"",""pdf_page"":642,""printed_page"":""615""}",84550a49b7f19211d44431e1d25703dbd9e110ddfd4bce528a2f4d78b0272bf7
starts_on_page,ibc2018:chapter35-row:2a5e006f1d43fea023ed088a,ibc2018:external-family:d7ad8ae71db0d4fbc3e0f171,[],ANSI/APA PRG 320,ANSI/APA PRG 320—17,17,Standard for Performance-rated Cross-laminated Timber,APA,chapter35_referenced_standard_entry,"[""2303.1.4""]",provisional,"[60.0,696.217,384.717,707.347]","{""appendix"":null,""bbox"":[60.0,696.217,384.717,707.347],""chapter"":""35"",""line_id"":""poppler-line:f55dd125064fe52a72a4"",""observed_text_sha256"":""51ce50e5d139d78710268470c27263fcd5d8ab77691cab61016d83ab77eccbfb"",""pdf_page"":642,""printed_page"":""615""}",2d27a558effa3643d236c58f5379dd2674851348148750d5d75bab8b01233cd2
starts_on_page,ibc2018:chapter35-row:84b99957e119969ce92550bb,ibc2018:external-family:b26b040f35cb5136f78ae3ab,[],APA R540,APA R540—13,13,Builders Tips: Proper Storage and Handling of Glulam Beams,APA,chapter35_referenced_standard_entry,"[""2306.1""]",provisional,"[60.0,721.667,362.907,732.797]","{""appendix"":null,""bbox"":[60.0,721.667,362.907,732.797],""chapter"":""35"",""line_id"":""poppler-line:bcc74fa25bb3eabdf52f"",""observed_text_sha256"":""81d3a6762b3083a09a4fd0b852840e98b85c5f9c3b304bfea6d21914a0e54b6a"",""pdf_page"":642,""printed_page"":""615""}",2a50af8d7d1d17e94604bbfef947999e34e26065f33af6ec07a7aeb23fa344d8
starts_on_page,ibc2018:chapter35-row:3a244ba339a448c6e60b4818,ibc2018:external-family:00d275056ff1a6e17b99e50b,[],APA S475,APA S475—16,16,Glued Laminated Beam Design Tables,APA,chapter35_referenced_standard_entry,"[""2306.1""]",provisional,"[40.1,86.767,250.156,97.897]","{""appendix"":null,""bbox"":[40.1,86.767,250.156,97.897],""chapter"":""35"",""line_id"":""poppler-line:99116c8d6e2189a990f6"",""observed_text_sha256"":""45ec6e88d8fa1d9ff87dfe25ca03c7f4047cb9945b8d3931151fa92ed1238899"",""pdf_page"":643,""printed_page"":""616""}",4df892a7a821c34937449cd9f5ad0d2802616888f5f02050bc46696c73cb53f9
starts_on_page,ibc2018:chapter35-row:4817e883167e91f511835850,ibc2018:external-family:358178bde61f7eec5096a531,[],APA S560,APA S560—14,14,Field Notching and Drilling of Glued Laminated Timber Beams,APA,chapter35_referenced_standard_entry,"[""2306.1""]",provisional,"[40.1,111.817,346.457,122.947]","{""appendix"":null,""bbox"":[40.1,111.817,346.457,122.947],""chapter"":""35"",""line_id"":""poppler-line:1188ef877b936698b892"",""observed_text_sha256"":""fe88460f01014441985d63dc4459969f3be8cd529dd29ef17a2793668c9bdfa3"",""pdf_page"":643,""printed_page"":""616""}",1d77ceb89bccb7f43a47dcf1c1fccc970e66c118953f6ac68bdd435be1bbe2b1
starts_on_page,ibc2018:chapter35-row:f61873ccc8abdc3c61def5c0,ibc2018:external-family:81dc2124387c1bf4a1fefafa,[],APA T300,APA T300—16,16,Glulam Connection Details,APA,chapter35_referenced_standard_entry,"[""2306.1""]",provisional,"[40.1,136.817,207.11,147.947]","{""appendix"":null,""bbox"":[40.1,136.817,207.11,147.947],""chapter"":""35"",""line_id"":""poppler-line:95de40fa0107e8bb7ec1"",""observed_text_sha256"":""03216b818b904977682df286a034399ce6c64d1b02f0e1d0877a9034336b0a6d"",""pdf_page"":643,""printed_page"":""616""}",5830f8d79cf0acb3854bae5172ffd4f5899e81e77d3110462f640950b70c7720
starts_on_page,ibc2018:chapter35-row:44a9bd82081991d7673815bf,ibc2018:external-family:096921f87999718e8066b74d,[],APA X440,APA X440—17,17,Product Guide: Glulam,APA,chapter35_referenced_standard_entry,"[""2306.1""]",provisional,"[40.1,161.767,194.701,172.897]","{""appendix"":null,""bbox"":[40.1,161.767,194.701,172.897],""chapter"":""35"",""line_id"":""poppler-line:b90410ee121bd6c9c42e"",""observed_text_sha256"":""305489bddec8716656dba469845555e7c95ffa5bfc59e577131bddf2bac23fb6"",""pdf_page"":643,""printed_page"":""616""}",87f6269c1bcdfea3cd8e5e07b3fb9be3a4f3647d753b8e892f407b5f045a282e
starts_on_page,ibc2018:chapter35-row:729dbbe007dcb1b12e76694d,ibc2018:external-family:af27eb1912dc79b9fbe81ad8,[],APA X450,APA X450—01,01,Glulam in Residential Construction—Western Edition,APA,chapter35_referenced_standard_entry,"[""2306.1""]",provisional,"[40.1,186.867,312.592,197.997]","{""appendix"":null,""bbox"":[40.1,186.867,312.592,197.997],""chapter"":""35"",""line_id"":""poppler-line:4562bc7e5302adabd92a"",""observed_text_sha256"":""be8cf21f9954f08b4e02fd0ae961fc7363d5b3674eea8bb301bee55a179c6bf0"",""pdf_page"":643,""printed_page"":""616""}",f13adeb75334b95d63157d364e3666975cfb3015fada6a08a16e90509dd1367c
starts_on_page,ibc2018:chapter35-row:182329dd9e33d355e2bb4770,ibc2018:external-family:17170435b3e8a1a996ffc544,[],EP 484.3 MON2016,EP 484.3 MON2016,,"Diaphragm Design of Metal-clad, Wood-frame Rectangular Buildings",ASABE,chapter35_referenced_standard_entry,"[""2306.1""]",provisional,"[40.1,265.067,388.642,276.197]","{""appendix"":null,""bbox"":[40.1,265.067,388.642,276.197],""chapter"":""35"",""line_id"":""poppler-line:c6ac6e483fd36ce3f33e"",""observed_text_sha256"":""4ea1505f11140a159459908101cdfe25ba826c5d95ba841039d468abae305162"",""pdf_page"":643,""printed_page"":""616""}",36f82a9bcbab0c753e627d2eb6f0b637c7541b34c4f6d206ff08df5e7b9f6bf6
starts_on_page,ibc2018:chapter35-row:13c41b13ed42a496baf51582,ibc2018:external-family:992fa16a08c642e95b122bf8,[],EP 486.2 OCT 2012ED,EP 486.2 OCT 2012ED,,Shallow-post and Pier Foundation Design,ASABE,chapter35_referenced_standard_entry,"[""2306.1""]",provisional,"[40.1,290.167,292.883,301.297]","{""appendix"":null,""bbox"":[40.1,290.167,292.883,301.297],""chapter"":""35"",""line_id"":""poppler-line:52af97d53cc328dd1305"",""observed_text_sha256"":""4a00ab33d29334b2b5579be099bfcf962cad1d85368faa586f18ddef5445fb39"",""pdf_page"":643,""printed_page"":""616""}",1bb837063d4a5684fff769662a0dcbfc6a4ba59f3e36ab6950bd51abe5c7c630
starts_on_page,ibc2018:chapter35-row:e10cec995b437e54e2271f8e,ibc2018:external-family:6679b1e86774d84b0d5d60cd,[],EP 559.2 MON2016,EP 559.2 MON2016,,Design Requirements and Bending Properties for Mechanically Laminated Wood Assemblies,ASABE,chapter35_referenced_standard_entry,"[""2306.1""]",provisional,"[40.1,315.117,477.812,326.247]","{""appendix"":null,""bbox"":[40.1,315.117,477.812,326.247],""chapter"":""35"",""line_id"":""poppler-line:d3c7c336293d8eeab014"",""observed_text_sha256"":""18721609fbd609e2fc857d24b9154a14ada76b07c913a2c0623c7818c1d91f31"",""pdf_page"":643,""printed_page"":""616""}",d7539853564d960e8c2fad1ab9b198210c36aa1d3411b3b11ed9ce564cccbbd6
starts_on_page,ibc2018:chapter35-row:70492eea95daedc67ea62e04,ibc2018:external-family:20aefdd457978d6c5ccf1ff5,[],7,7—16,16,Minimum Design Loads and Associated Criteria for Buildings and Other Structures,ASCE/SEI,chapter35_referenced_standard_entry,"[""1504.1.1"",""1504.8"",""1602.1"",""1604.3"",""1604.5"",""1604.8.2"",""1604.9"",""1605.1"",""1605.2.1"",""1605.3.1"",""1605.3.1.2"",""1605.3.2"",""1605.3.2.1"",""1607.13.1"",""1607.13.3.1"",""1607.8.1"",""1607.8.1.1"",""1607.8.1.2"",""1607.9"",""1608.1"",""1608.2"",""1608.3"",""1609.1.1"",""1609.2"",""1609.3"",""1609.5.1"",""1609.5.3"",""1611.2"",""1612.2"",""1613.1"",""1613.2.2"",""1613.2.3"",""1613.2.3(1)"",""1613.2.3(2)"",""1613.2.5"",""1613.2.5.1"",""1613.2.5.2"",""1613.3"",""1614.1"",""1615.1"",""1705.12"",""1705.12.1.1"",""1705.12.1.2"",""1705.12.4"",""1705.13.1.1"",""1705.13.1.2"",""1705.13.2"",""1705.13.3"",""1705.13.4"",""1709.5"",""1803.5.12"",""1808.3.1"",""1809.13"",""1810.3.11.2"",""1810.3.12"",""1810.3.6.1"",""1810.3.8.3.2"",""1810.3.8.3.3"",""1810.3.9.4"",""1901.2"",""1905.1.1"",""1905.1.2"",""1905.1.7"",""1905.1.8"",""2205.2.1.1"",""2205.2.1.2"",""2205.2.2"",""2206.2.1"",""2209.1"",""2209.2"",""2210.2"",""2211.1.1.1"",""2304.6.1"",""2306.3(3)"",""2308.7.5"",""2404.1"",""2505.1"",""2505.2"",""2506.2.1""]",provisional,"[40.1,404.417,390.158,415.547]","{""appendix"":null,""bbox"":[40.1,404.417,390.158,415.547],""chapter"":""35"",""line_id"":""poppler-line:00e557992690474934a9"",""observed_text_sha256"":""cecb186206dd7a0e9b9ea3200b24761a62204a22617d343e1bc34de2c97ab381"",""pdf_page"":643,""printed_page"":""616""}",34377859a235cfbaf2c58ba942884bac38e6d05366279a9c9cc6d9b1c47a2935
starts_on_page,ibc2018:chapter35-row:f5b72f2f20874b7a2365c717,ibc2018:external-family:1743e1460991b5fce02f64d4,[],8,8—17,17,Standard Specification for the Design of Cold-formed Stainless Steel Structural Members,ASCE/SEI,chapter35_referenced_standard_entry,"[""1604.3.3"",""2210.1"",""2210.2""]",provisional,"[40.1,517.467,410.044,528.597]","{""appendix"":null,""bbox"":[40.1,517.467,410.044,528.597],""chapter"":""35"",""line_id"":""poppler-line:f6262c21cdf783047269"",""observed_text_sha256"":""389c56eac8bc66d09016c435d8ed1986e7b6ea6b90fd4a52fee936538413832e"",""pdf_page"":643,""printed_page"":""616""}",7f9dab9ce6553ca686c2361293988dd02a1f09ea91ecf40dc5075cae517f67ba
starts_on_page,ibc2018:chapter35-row:e76309d2ce4a00fabda55727,ibc2018:external-family:c76522f674cb50ecf616fecd,[],19,19—16,16,Structural Applications of Steel Cables for Buildings,ASCE/SEI,chapter35_referenced_standard_entry,"[""2208.1""]",provisional,"[40.1,542.567,273.842,553.697]","{""appendix"":null,""bbox"":[40.1,542.567,273.842,553.697],""chapter"":""35"",""line_id"":""poppler-line:97178f0b9e86f4954393"",""observed_text_sha256"":""3d6fac27f8d58c850174ca43451c37c7f4f1c6cc02267d8c791139a58884a7ee"",""pdf_page"":643,""printed_page"":""616""}",3755d03fc321dab193ab5c91e816dd16d2c742ba019314b1297f19bead7f0302
starts_on_page,ibc2018:chapter35-row:976922fd95c09e2901ca6a09,ibc2018:external-family:fc402c7c26af89e0c74ae26b,[],24,24—14,14,Flood Resistant Design and Construction,ASCE/SEI,chapter35_referenced_standard_entry,"[""1202.4.2"",""1202.4.4"",""1612.4"",""1612.5"",""2702.1.8"",""3001.3""]",provisional,"[40.1,567.517,229.516,578.647]","{""appendix"":null,""bbox"":[40.1,567.517,229.516,578.647],""chapter"":""35"",""line_id"":""poppler-line:e4dd27b16a4f7c3bdad7"",""observed_text_sha256"":""dc3881ee2fc4d1328b87a9e6ce867abe2952f07f66864f9b793bc2dc23315854"",""pdf_page"":643,""printed_page"":""616""}",0c1eb03f81ced56d928fa5e721ddc4781fc2d8361f9fd1a1cf7c22a3d238669d
starts_on_page,ibc2018:chapter35-row:b86af82c1e562535f964d559,ibc2018:external-family:4464626c5c1173b5fab78c42,[],29,29—17,17,Standard Calculation Methods for Structural Fire Protection,ASCE/SEI,chapter35_referenced_standard_entry,"[""722.1""]",provisional,"[40.1,592.467,306.832,603.597]","{""appendix"":null,""bbox"":[40.1,592.467,306.832,603.597],""chapter"":""35"",""line_id"":""poppler-line:5351d0ff4eee50dd3090"",""observed_text_sha256"":""2829b14302927d1b20c9a7af2836ffbe3610931c63e27d9df9b9483bbe290a42"",""pdf_page"":643,""printed_page"":""616""}",b4cf58a38062acda1fc3930e9c9fc714966d92ab3640ca8bcf0c92a117d1d1e9
starts_on_page,ibc2018:chapter35-row:b84cb05f24f6f2d2da3a0d2f,ibc2018:external-family:dd582400e195bec5fa4999ac,[],32,32—17,17,Design and Construction of Frost Protected Shallow Foundations,ASCE/SEI,chapter35_referenced_standard_entry,"[""1809.5""]",provisional,"[40.1,617.567,321.982,628.697]","{""appendix"":null,""bbox"":[40.1,617.567,321.982,628.697],""chapter"":""35"",""line_id"":""poppler-line:d992610206604a2fd545"",""observed_text_sha256"":""7704fe7d91a35d1445c1a3af073e8eefb692370ffa9650f9a62c5563e13ef082"",""pdf_page"":643,""printed_page"":""616""}",f599f840f9e5dd9fac826ffcbf654a5ea3a135aff82eb4661e0c3ef0b5290aca
starts_on_page,ibc2018:chapter35-row:77bede1eab90c7b37bb85eb9,ibc2018:external-family:e2fd3845b8e90f9c433ff8e5,[],49,49—07,07,Wind Tunnel Testing for Buildings and Other Structures,ASCE/SEI,chapter35_referenced_standard_entry,"[""1609.1.1""]",provisional,"[40.1,642.517,291.058,653.647]","{""appendix"":null,""bbox"":[40.1,642.517,291.058,653.647],""chapter"":""35"",""line_id"":""poppler-line:8b0b78331a2c1a45b9c1"",""observed_text_sha256"":""04add44ff23a960bdd69a7f81b3a2b1f5acdcff630cb47692c24eee0a1195133"",""pdf_page"":643,""printed_page"":""616""}",03e1cf308465a91837120cfeafe9f9c285deb29d4b3fe8513786ff726d9c0414
starts_on_page,ibc2018:chapter35-row:e48d6df8e5ee30c66fe23595,ibc2018:external-family:266cb9f1ab5f704507148121,[],55,55—16,16,Tensile Membrane Structures,ASCE/SEI,chapter35_referenced_standard_entry,"[""3102.2""]",provisional,"[40.1,667.467,186.858,678.597]","{""appendix"":null,""bbox"":[40.1,667.467,186.858,678.597],""chapter"":""35"",""line_id"":""poppler-line:cd58c894619fe70d8545"",""observed_text_sha256"":""13386e4dcd535372d4b8065184c4ad67e3fcf5a0b5651e80bc6f7302828995d4"",""pdf_page"":643,""printed_page"":""616""}",2ae850f4970557ce012fa00db31a30bd8b95cd304ef22b06f5d2e67e7faa85f3
starts_on_page,ibc2018:chapter35-row:811717a83b2c9c191ebca3c3,ibc2018:external-family:360ae64a617fb6894504796f,[],ASME/A17.1,ASME/A17.1—2016/CSA B44—16,2016/CSA B44—16,Safety Code for Elevators and Escalators,ASME,chapter35_referenced_standard_entry,"[""1009.4.1"",""1607.10.1"",""3001.2"",""3001.3"",""3001.4"",""3001.5"",""3002.5"",""3003.2"",""3007.1"",""3008.1.4"",""3008.7.1"",""907.3.3"",""911.1.6""]",provisional,"[60.0,124.667,355.906,135.797]","{""appendix"":null,""bbox"":[60.0,124.667,355.906,135.797],""chapter"":""35"",""line_id"":""poppler-line:11a2997c42cda53e3e18"",""observed_text_sha256"":""0e5dd91b25752a4e8acecccca9ed4a6bdbf370879a6b71d6d7c3200ea8ed9b84"",""pdf_page"":644,""printed_page"":""617""}",32e5c85ae3c04bce865f8686b5d5c768e8dc396b3cda3538a7e26c121913fdb7
starts_on_page,ibc2018:chapter35-row:8cd2002a83c17914a6a20479,ibc2018:external-family:b4e9ac0480a604fcdb2809a8,[],A17.7,A17.7—2007/CSA B44—07(R2012),2007/CSA B44—07(R2012),Performance-based Safety Code for Elevators and Escalators,ASME,chapter35_referenced_standard_entry,"[""3001.3"",""3001.5"",""3002.5""]",provisional,"[60.0,161.067,434.956,172.197]","{""appendix"":null,""bbox"":[60.0,161.067,434.956,172.197],""chapter"":""35"",""line_id"":""poppler-line:c11a8cf4c54b15daec69"",""observed_text_sha256"":""07ec121ee01efaf16382f4071fba14ed6ad133b6d8b3ce4681865203ab82f496"",""pdf_page"":644,""printed_page"":""617""}",67c95586a3ff93a14bbed0226371b637bb29a471b0f1ea0daf220f44a6e526f8
starts_on_page,ibc2018:chapter35-row:39333def3ac11e7ef4d18224,ibc2018:external-family:9d7f25c3c7e6ca9e3bfbafb6,[],A18.1,A18.1—2014,2014,Safety Standard for Platform Lifts and Stairway Chairlifts,ASME,chapter35_referenced_standard_entry,"[""1109.8"",""3001.3""]",provisional,"[60.0,186.367,339.797,197.497]","{""appendix"":null,""bbox"":[60.0,186.367,339.797,197.497],""chapter"":""35"",""line_id"":""poppler-line:a00c1cbc756a850da204"",""observed_text_sha256"":""6e9f92b01abb49db7533515c9f43ce267ce50978f78f27aba3713e9ee8f69102"",""pdf_page"":644,""printed_page"":""617""}",9fcff051bff0b51272e7426385e256e374dc946a28d34f36ecf45fc0d2a529e8
starts_on_page,ibc2018:chapter35-row:c4a840f6825768066155b90f,ibc2018:external-family:c45665b4ef704c724f3389de,[],A90.1,A90.1—2015,2015,Safety Standard for Belt Manlifts,ASME,chapter35_referenced_standard_entry,"[""3001.3""]",provisional,"[60.0,211.667,242.583,222.797]","{""appendix"":null,""bbox"":[60.0,211.667,242.583,222.797],""chapter"":""35"",""line_id"":""poppler-line:550b4084c17ac99da794"",""observed_text_sha256"":""191de94d3683cf933fc4799a90931ea4e67f974998b720e833dbd1fd3d9b73ba"",""pdf_page"":644,""printed_page"":""617""}",9c20ff55aa58e93f2168b7241c86ab351096c79c9ee37c877a56426f20697c71
starts_on_page,ibc2018:chapter35-row:aa880ead93aaaf871b2014a3,ibc2018:external-family:f37142b4f5fa680ca876611f,[],B16.18,B16.18—2012,2012,Cast Copper Alloy Solder Joint Pressure Fittings,ASME,chapter35_referenced_standard_entry,"[""909.13.1""]",provisional,"[60.0,237.017,306.07,248.147]","{""appendix"":null,""bbox"":[60.0,237.017,306.07,248.147],""chapter"":""35"",""line_id"":""poppler-line:f703990f796bbecf6f60"",""observed_text_sha256"":""45525f8e4bd915f0b5e111ee0a190f5585ffd7bef849de19b391675939bd1f8b"",""pdf_page"":644,""printed_page"":""617""}",ab4d3fa1f564106db1cc402cd160ecbddc00de51d3385c5fa93c0c77624efc04
starts_on_page,ibc2018:chapter35-row:58cc1e3bd3fa55dde634e075,ibc2018:external-family:15e1d59e11c76f24a4f3e830,[],B16.22,B16.22—2013,2013,Wrought Copper and Copper Alloy Solder Joint Pressure Fittings,ASME,chapter35_referenced_standard_entry,"[""909.13.1""]",provisional,"[60.0,262.417,371.52,273.547]","{""appendix"":null,""bbox"":[60.0,262.417,371.52,273.547],""chapter"":""35"",""line_id"":""poppler-line:1bdc03ebb7f8a56087c6"",""observed_text_sha256"":""645272dcd66401bf4a3f4d2d7cfd0c1fc8d905a9bcb9a3a3bcc77a30a5c1f352"",""pdf_page"":644,""printed_page"":""617""}",ebb3dd6afad81cb7bebf3355e287c1ae9803246feedbf8a539fbbdedbdbfdab8
starts_on_page,ibc2018:chapter35-row:54aff35811ff1aa432347df6,ibc2018:external-family:52bcbd7c2a72685ce3a5dff9,[],B20.1,B20.1—2015,2015,Safety Standard for Conveyors and Related Equipment,ASME,chapter35_referenced_standard_entry,"[""3001.3"",""3004.3""]",provisional,"[60.0,287.767,326.746,298.897]","{""appendix"":null,""bbox"":[60.0,287.767,326.746,298.897],""chapter"":""35"",""line_id"":""poppler-line:7f8f1ce57137371c26de"",""observed_text_sha256"":""c1a9c27d7a25636b5dcc78f2042241daec6d305be7e8b8789a9b1dd2cf34f06a"",""pdf_page"":644,""printed_page"":""617""}",9ec25e0efb65dbb528ae3f207cbc6f02c996f33e568f04a9424e980217bfbebb
starts_on_page,ibc2018:chapter35-row:d29b5c15e9b4dda9531b4de6,ibc2018:external-family:3896aeb91fbea4f71e552fb0,[],B31.3,B31.3—2016,2016,Process Piping,ASME,chapter35_referenced_standard_entry,"[""415.11.6""]",provisional,"[60.0,313.067,170.044,324.197]","{""appendix"":null,""bbox"":[60.0,313.067,170.044,324.197],""chapter"":""35"",""line_id"":""poppler-line:ef3029a2e4a651e95f4d"",""observed_text_sha256"":""f6b6b874bbf3804981b71ddb31df491e43a20ba003f23ee980c9bec622772e83"",""pdf_page"":644,""printed_page"":""617""}",7735e49d56ea5b3f9082a54a8dafaba72ed7c518eae7a5fbbc21a10d69533093
starts_on_page,ibc2018:chapter35-row:9c9df7543019523590e2859e,ibc2018:external-family:6b286d611e499e4c6a58d032,[],ANSI/ASSE Z359.1,ANSI/ASSE Z359.1—2016,2016,Requirements for the ANSI/ASSE Z359 Fall Protection Code,ASSE,chapter35_referenced_standard_entry,"[""1015.6"",""1015.7""]",provisional,"[60.0,392.267,400.814,403.397]","{""appendix"":null,""bbox"":[60.0,392.267,400.814,403.397],""chapter"":""35"",""line_id"":""poppler-line:98596f488eac109d6c67"",""observed_text_sha256"":""d4b6b6032b36b943d730de78ace844dabd852c09c0044c9aee78353fa4230d73"",""pdf_page"":644,""printed_page"":""617""}",9a94630d9635e21d5eb94d8b148dd58797d9822b6129b9782a535ea62371a49a
starts_on_page,ibc2018:chapter35-row:abcf53b5ff63af942311398c,ibc2018:external-family:55127fff2226f26d690ba987,[],A6/A6M,A6/A6M—14,14,"Standard Specification for General Requirements for Rolled Structural Steel Bars, Plates, Shapes and Sheet Piling",ASTM,chapter35_referenced_standard_entry,"[""1810.3.2.3"",""1810.3.5.3.1"",""1810.3.5.3.3""]",provisional,"[60.0,471.467,554.336,482.597]","{""appendix"":null,""bbox"":[60.0,471.467,554.336,482.597],""chapter"":""35"",""line_id"":""poppler-line:f2555b0e909c0fc005d7"",""observed_text_sha256"":""f9a60fa7f19abd287057be431815779125b6bcc5f4925dbb5956c96cabbbdac4"",""pdf_page"":644,""printed_page"":""617""}",7026a9cba25fdf8e42fc1630b48c097cc070b7f6b79d2c3f03ee63a11a51882a
starts_on_page,ibc2018:chapter35-row:af7d2ad3e9c399db23addca3,ibc2018:external-family:92c7e09d06bb9322d49843e2,[],A36/A36M,A36/A36M—14,14,Specification for Carbon Structural Steel,ASTM,chapter35_referenced_standard_entry,"[""1810.3.2.3""]",provisional,"[60.0,496.817,282.688,507.947]","{""appendix"":null,""bbox"":[60.0,496.817,282.688,507.947],""chapter"":""35"",""line_id"":""poppler-line:d2151878804ab1f8c944"",""observed_text_sha256"":""7299144df853da96984ebdf396303d97432329af2ff43771e2acda54a2a6d022"",""pdf_page"":644,""printed_page"":""617""}",3f11a0359ede0e279bcebda4b4b00cdfb8a5dd0234754f9da6695856565a9e55
starts_on_page,ibc2018:chapter35-row:7f4fe0dcd0db98b9bd0ddc80,ibc2018:external-family:b3f7d596bd9f5d187ad84a27,[],A153/A153M,A153/A153M—09,09,Specification for Zinc Coating (Hot-dip) on Iron and Steel Hardware,ASTM,chapter35_referenced_standard_entry,"[""2304.10.5""]",provisional,"[60.0,522.217,398.082,533.347]","{""appendix"":null,""bbox"":[60.0,522.217,398.082,533.347],""chapter"":""35"",""line_id"":""poppler-line:e5149c874c0d33f6a145"",""observed_text_sha256"":""3cee6568cdb988982ab66f7f6adf0174bb5e8988588319d5a467db82dfd6e139"",""pdf_page"":644,""printed_page"":""617""}",7fceb0ecd39a8f455ef1a530742b2ca28282b555b9436f9c6948bb091d265252
starts_on_page,ibc2018:chapter35-row:7821409714dc4ca66652d3b3,ibc2018:external-family:8b8354f2425b0ef4f28a7e61,[],A240/A240M,A240/A240M—15a,15a,"Standard Specification for Chromium and Chromium-nickel Stainless Steel Plate, Sheet and Strip for Pressure",ASTM,chapter35_referenced_standard_entry,"[""1507.4.3(1)""]",provisional,"[60.0,547.567,571.81,558.697]","{""appendix"":null,""bbox"":[60.0,547.567,571.81,558.697],""chapter"":""35"",""line_id"":""poppler-line:da0c58b04762c801245d"",""observed_text_sha256"":""2b8a95917e06c2ce0100fb56896092a59ea57ec7b9bba9f3ed3153bf3357eb16"",""pdf_page"":644,""printed_page"":""617""}",a9ebd02f65a821d45b94eda507fbbf70e64be1d38cb9c9a3bb927c562d1be780
starts_on_page,ibc2018:chapter35-row:061d57a3183cc6b2bfc09050,ibc2018:external-family:150838f4dc867a2b1d301752,[],A252,A252—10,10,Specification for Welded and Seamless Steel Pipe Piles,ASTM,chapter35_referenced_standard_entry,"[""1810.3.2.3""]",provisional,"[60.0,583.917,311.581,595.047]","{""appendix"":null,""bbox"":[60.0,583.917,311.581,595.047],""chapter"":""35"",""line_id"":""poppler-line:7fb390bbb93e18c276c5"",""observed_text_sha256"":""795880fa31f8c8d13def84699c82ca5c9e6407faedd37e6ed2617a5f531fa4e5"",""pdf_page"":644,""printed_page"":""617""}",29d74f384497cbd3273453a8f92550e9604f2c47864b8cb8f1101b6ca5fe8ccf
starts_on_page,ibc2018:chapter35-row:152fcb9f6773d82ba6e22097,ibc2018:external-family:3833db5677175abb1a01e769,[],A283/A283M,A283/A283M—13,13,Specification for Low and Intermediate Tensile Strength Carbon Steel Plates,ASTM,chapter35_referenced_standard_entry,"[""1810.3.2.3""]",provisional,"[60.0,609.217,428.349,620.347]","{""appendix"":null,""bbox"":[60.0,609.217,428.349,620.347],""chapter"":""35"",""line_id"":""poppler-line:4265892fa86e55fa07e0"",""observed_text_sha256"":""bf7b2483be49554665e54a7561325ca1c9538944799169a7e0c59413e59b8341"",""pdf_page"":644,""printed_page"":""617""}",c7fd233f4373f7c468013d5df165179105fe43c877e1ae1062f28557226581e0
starts_on_page,ibc2018:chapter35-row:eab1aae2e2cfda27f48f04b1,ibc2018:external-family:0aa6bc4672907cd8825e1eb7,[],A416/A416M,A416/A416M—15,15,"Specification for Steel Strand, Uncoated Seven-wire for Prestressed Concrete",ASTM,chapter35_referenced_standard_entry,"[""1810.3.2.2""]",provisional,"[60.0,634.567,429.465,645.697]","{""appendix"":null,""bbox"":[60.0,634.567,429.465,645.697],""chapter"":""35"",""line_id"":""poppler-line:46210896c9bdf73350e9"",""observed_text_sha256"":""2e97a744d1b3de8f2fdb6b25d767679dd8d58c69d94eb7bfb3f722256f7259fe"",""pdf_page"":644,""printed_page"":""617""}",743c080369f553d9fdc2e96978a1a97d19e30c0c884f5798d2d53861baf3b2a6
starts_on_page,ibc2018:chapter35-row:462687ebb7522f9b822b2c6f,ibc2018:external-family:5a67d6345ac6053d6cc85b67,[],A463/A463M,A463/A463M—15,15,"Standard Specification for Steel Sheet, Aluminum-coated, by the Hot-dip Process",ASTM,chapter35_referenced_standard_entry,"[""1507.4.3(2)""]",provisional,"[60.0,659.967,444.769,671.097]","{""appendix"":null,""bbox"":[60.0,659.967,444.769,671.097],""chapter"":""35"",""line_id"":""poppler-line:7bf51cd6ef3e3bebd4c3"",""observed_text_sha256"":""a7485038ffc6d7b0ad4109b0957138a6d131c6d1a877b7f73d4bc98746d2b0ef"",""pdf_page"":644,""printed_page"":""617""}",785363be2efbb1f783da68dbdc6a3ff48781a9a6d5d8779eda775ef68ae5800f
starts_on_page,ibc2018:chapter35-row:6509e9824e5f1471027464c5,ibc2018:external-family:bf1aef72a5140470cf5866fb,[],A572/A572M,A572/A572M—15,15,Specification for High-strength Low-alloy Columbium-Vanadium Structural Steel,ASTM,chapter35_referenced_standard_entry,"[""1810.3.2.3""]",provisional,"[60.0,685.317,448.638,696.447]","{""appendix"":null,""bbox"":[60.0,685.317,448.638,696.447],""chapter"":""35"",""line_id"":""poppler-line:87fb118a6b81278c958d"",""observed_text_sha256"":""28cfee550a1eafc09f572d543ece8b33fc37e6a120bd66fbbcb9c0c3990a81db"",""pdf_page"":644,""printed_page"":""617""}",87fb8e01524cfad601bbd7497c7ada01d98bd775c7143721824cacf6dedecccd
starts_on_page,ibc2018:chapter35-row:272c4d38ab53a2a70714058c,ibc2018:external-family:06553fe01328145bb7854bd9,[],A588/A588M,A588/A588M—15,15,Specification for High-strength Low-alloy Structural Steel with 50 ksi (345 MPa) Minimum Yield Point with,ASTM,chapter35_referenced_standard_entry,"[""1810.3.2.3""]",provisional,"[60.0,710.617,571.909,721.747]","{""appendix"":null,""bbox"":[60.0,710.617,571.909,721.747],""chapter"":""35"",""line_id"":""poppler-line:ba92359a9a8a1b57e693"",""observed_text_sha256"":""fe71da950c958ebc274906bd826d6d2a80ca3c1033e653ee0909538c39c16876"",""pdf_page"":644,""printed_page"":""617""}",2c64f1ca3c1867910a1420b129b895f6bc4c6858dc72739215a9ce08a69327d6
starts_on_page,ibc2018:chapter35-row:623ffaee4b5ad26769260535,ibc2018:external-family:01abe2f812e4c5808c6ccdda,[],A615/A615M,A615/A615M—15ae1,15ae1,Specification for Deformed and Plain Carbon-steel Bars for Concrete Reinforcement,ASTM,chapter35_referenced_standard_entry,"[""1810.3.10.2"",""704.5""]",provisional,"[40.1,86.767,452.046,97.897]","{""appendix"":null,""bbox"":[40.1,86.767,452.046,97.897],""chapter"":""35"",""line_id"":""poppler-line:11d02f4a53c7541f9dc5"",""observed_text_sha256"":""31e042f261556f7aae4846e6d73e8aa3cef7413282b15c58320faaf96335663c"",""pdf_page"":645,""printed_page"":""618""}",f2b93ba13f6b9c06d8e9ae78f45654036fe4e93df7d2046d58c3929465f68c1c
starts_on_page,ibc2018:chapter35-row:c4301ecb8e6490b4b211e966,ibc2018:external-family:a4904a8a737a76d2ccac9178,[],A653/A653M,A653/A653M—15,15,"Specification for Steel Sheet, Zinc-coated Galvanized or Zinc-iron Alloy-coated Galvannealed by the Hot-dip",ASTM,chapter35_referenced_standard_entry,"[""0.5.1"",""1507.4.3(1)"",""1507.4.3(2)"",""2304.1""]",provisional,"[40.1,111.817,551.67,122.947]","{""appendix"":null,""bbox"":[40.1,111.817,551.67,122.947],""chapter"":""35"",""line_id"":""poppler-line:d212209fa20cb78da8fa"",""observed_text_sha256"":""37f60d5076821ca7fa798dc8fbdeb1c9cda08c5615767edde4ef157fad2a3b28"",""pdf_page"":645,""printed_page"":""618""}",ad09254bcf5d08747f5486f3a62f7649e7649f63aaa521e3befbb62302ddd16c
starts_on_page,ibc2018:chapter35-row:2c8c5d7388e833fecf441e5e,ibc2018:external-family:0f5c3d151ec8ff2d5b41fc09,[],A690/A690M,A690/A690M—13a,13a,"Standard Specification for High-strength Low-alloy Nickel, Copper, Phosphorus Steel H-piles and Sheet Piling",ASTM,chapter35_referenced_standard_entry,"[""0.3.2.3""]",provisional,"[40.1,147.817,551.885,158.947]","{""appendix"":null,""bbox"":[40.1,147.817,551.885,158.947],""chapter"":""35"",""line_id"":""poppler-line:5b99f6a22056559c1f1f"",""observed_text_sha256"":""f22eb5458c9ff981af30f4d3e6fc96dd8e9ba6ed8dae10eb3f393de0ba7cc8b8"",""pdf_page"":645,""printed_page"":""618""}",68d7b7eb0534ade0a9373b0df152cf5ed4af1c4129401c18f41c409686f0fc1f
starts_on_page,ibc2018:chapter35-row:6ac6e7290b511dc025e18270,ibc2018:external-family:beba3a87c714e4e20ade957b,[],A706/A706M,A706/A706M—15,15,Specification for Low-alloy Steel Deformed and Plain Bars for Concrete Reinforcement,ASTM,chapter35_referenced_standard_entry,"[""08.3"",""2107.3"",""704.5"",""705.3""]",provisional,"[40.1,183.817,448.796,194.947]","{""appendix"":null,""bbox"":[40.1,183.817,448.796,194.947],""chapter"":""35"",""line_id"":""poppler-line:ba076cf3a8cb5657ff3d"",""observed_text_sha256"":""3090b863b39168fd485ee819fd5d043c8323c32c276bbc162045ee6de6546d92"",""pdf_page"":645,""printed_page"":""618""}",f1e849f8d93b3f57a6378ca8f495b942dbb608beb78e018e6fe7992a1b554544
starts_on_page,ibc2018:chapter35-row:00cdf36c68deaeedbf97f1c2,ibc2018:external-family:505c2eb521c37fbfa6362e73,[],A722/A722M,A722/A722M—15,15,Specification for High-strength Steel Bars for Prestressed Concrete,ASTM,chapter35_referenced_standard_entry,"[""0.2"",""0.3.1""]",provisional,"[40.1,208.817,371.415,219.947]","{""appendix"":null,""bbox"":[40.1,208.817,371.415,219.947],""chapter"":""35"",""line_id"":""poppler-line:283b4bcb05cfbb46081b"",""observed_text_sha256"":""90a6f75162adb7b8f46f252d71c2085efa6cfedc6ac0b92da0e5777035bc20d0"",""pdf_page"":645,""printed_page"":""618""}",6bc9a9f3ff0dda060a71b40ec53916d4cb98977fc5f53e553d5e3ecb375cca6e
starts_on_page,ibc2018:chapter35-row:8d62c0dd6d09558d82c3804e,ibc2018:external-family:a04f00bafced11b06f7ee2e2,[],A755/A755M,A755/A755M—15,15,"Specification for Steel Sheet, Metallic-coated by the Hot-dip Process and Prepainted by the Coil-coating Process",ASTM,chapter35_referenced_standard_entry,"[""1507.4.3(1)"",""1507.4.3(2)""]",provisional,"[40.1,233.767,551.768,244.897]","{""appendix"":null,""bbox"":[40.1,233.767,551.768,244.897],""chapter"":""35"",""line_id"":""poppler-line:941f2173d73994ba6957"",""observed_text_sha256"":""ddb3f6a2043319c15a921343b58cd0f3e227856eb2069817b348bb2673bf781d"",""pdf_page"":645,""printed_page"":""618""}",0a6b1808ab3baf12ea36efb7207de51e15d9c11ce6ec7f5e8b469c8ba06d9900
starts_on_page,ibc2018:chapter35-row:f509422cbc545339f6291a4e,ibc2018:external-family:141b99f52e490203e23c7282,[],A792/A792M,A792/A792M—10(2015),10(2015),"Specification for Steel Sheet, 55% Aluminum-zinc Alloy-coated by the Hot-dip Process",ASTM,chapter35_referenced_standard_entry,"[""1507.4.3(1)"",""1507.4.3(2)""]",provisional,"[40.1,269.767,469.668,280.897]","{""appendix"":null,""bbox"":[40.1,269.767,469.668,280.897],""chapter"":""35"",""line_id"":""poppler-line:0dba95437cc187d096e8"",""observed_text_sha256"":""b8a32dd6d42d42ecdb9c606104d22d7f75df886c1ce618205ca9e531ef098912"",""pdf_page"":645,""printed_page"":""618""}",8d44062c5ac55bb5b47127ab875f879a8336e2f926b438ce9bdab5b4530187e4
starts_on_page,ibc2018:chapter35-row:9889f4a9dddeeea25fe51ad2,ibc2018:external-family:c2c6b33cfdf72957c2aae152,[],A875/A875M,A875/A875M—13,13,"Standard Specification for Steel Sheet, Zinc-5%, Aluminum Alloy-coated by the Hot-dip Process",ASTM,chapter35_referenced_standard_entry,"[""1507.4.3(2)""]",provisional,"[40.1,294.867,483.818,305.997]","{""appendix"":null,""bbox"":[40.1,294.867,483.818,305.997],""chapter"":""35"",""line_id"":""poppler-line:4e1edede9b800018a992"",""observed_text_sha256"":""46541b081d019214a6fea88e0cb322b3db8efdc944cbceb36c141d13c1a88ffd"",""pdf_page"":645,""printed_page"":""618""}",70d101956d6a5524d6868e00cc5643a2bc82e3bddfce3f028bdbab2e909a6979
starts_on_page,ibc2018:chapter35-row:8e152b8b8ab75de5a4724f11,ibc2018:external-family:445550f6ca8c3b547bbf7f6a,[],A924/A924M,A924/A924M—14,14,"Standard Specification for General Requirements for Steel Sheet, Metallic-coated by the Hot-dip Process",ASTM,chapter35_referenced_standard_entry,"[""1507.4.3(1)""]",provisional,"[40.1,319.817,515.668,330.947]","{""appendix"":null,""bbox"":[40.1,319.817,515.668,330.947],""chapter"":""35"",""line_id"":""poppler-line:b328d9073585f595e215"",""observed_text_sha256"":""38a7d4990619349a86d1f008e0769bfd4f5c734d6bb702e26b13189e5c9829e2"",""pdf_page"":645,""printed_page"":""618""}",6dd11fb3b9cfdc48b13155bdb44c2a25a95e23fa59d164dad58f5117a79d4a33
starts_on_page,ibc2018:chapter35-row:578a24869d1c3cce9fd04816,ibc2018:external-family:12dbc4e342fff7f8af71d08d,[],B42,B42—2015A,2015A,"Specification for Seamless Copper Pipe, Standard Sizes",ASTM,chapter35_referenced_standard_entry,"[""3.1"",""909.1""]",provisional,"[40.1,344.767,305.433,355.897]","{""appendix"":null,""bbox"":[40.1,344.767,305.433,355.897],""chapter"":""35"",""line_id"":""poppler-line:6cb73481c63629080aba"",""observed_text_sha256"":""0551a12f74d4172b5014b29696d4755e7ca63049975db62638307b700b58bd89"",""pdf_page"":645,""printed_page"":""618""}",b12800beacfc7e8b6a17f5833a825e74cb22db58643c75d5a3ffbdca72023b49
starts_on_page,ibc2018:chapter35-row:1458a7aed79222923b4f2733,ibc2018:external-family:13dc1f1d22125fa49f41b444,[],B43,B43—15,15,"Specification for Seamless Red Brass Pipe, Standard Sizes",ASTM,chapter35_referenced_standard_entry,"[""3.1"",""909.1""]",provisional,"[40.1,369.867,300.183,380.997]","{""appendix"":null,""bbox"":[40.1,369.867,300.183,380.997],""chapter"":""35"",""line_id"":""poppler-line:9c35a49d94f883345214"",""observed_text_sha256"":""b0c818579abbbe353a6b2a5f8900c4b68879a6d927046f1545b5b442f5f995f1"",""pdf_page"":645,""printed_page"":""618""}",4f1cb57569a4a62b206fe677026c61b838d35c7a303fc90e60ed11cae7e12c2a
starts_on_page,ibc2018:chapter35-row:fb2af040fe78bbb72f6ce2ec,ibc2018:external-family:142dfba62c60f435d6aaa025,[],B68/B68M,B68/B68M—11,11,"Specification for Seamless Copper Tube, Bright Annealed (Metric)",ASTM,chapter35_referenced_standard_entry,"[""3.1"",""909.1""]",provisional,"[40.1,394.817,359.421,405.947]","{""appendix"":null,""bbox"":[40.1,394.817,359.421,405.947],""chapter"":""35"",""line_id"":""poppler-line:ebe43f7195f489c8e139"",""observed_text_sha256"":""bf0565e5cc4fc81c4cf267f4862d1b706b65284216af8dc7849629899d45d9ea"",""pdf_page"":645,""printed_page"":""618""}",3ea7a61f550b9f28d5f98a911c5b5818830298e9558fd0f7aa2f9bf32c08c757
starts_on_page,ibc2018:chapter35-row:005de5e337569d10cf03d531,ibc2018:external-family:c1d72f8aaf6e42e643c27fbd,[],B88,B88—14,14,Specification for Seamless Copper Water Tube,ASTM,chapter35_referenced_standard_entry,"[""3.1"",""909.1""]",provisional,"[40.1,419.767,258.064,430.897]","{""appendix"":null,""bbox"":[40.1,419.767,258.064,430.897],""chapter"":""35"",""line_id"":""poppler-line:6d278ec47bf7f9a6763b"",""observed_text_sha256"":""43278537dd67bf76fba428387a804db1c07b5ecc0e954e10b45257e6d1c98147"",""pdf_page"":645,""printed_page"":""618""}",612e911fa9c1ae12a4ecfba2fd4a8f154222aedc0646c0d8acc513b7461a638e
starts_on_page,ibc2018:chapter35-row:a84e22be1031f375e2907e9b,ibc2018:external-family:9b4a9238410fd5e69c95d692,[],B101,B101—12,12,Specification for Lead-coated Copper Sheet and Strip for Building Construction,ASTM,chapter35_referenced_standard_entry,"[""403.5.3"",""507.2.8.2"",""507.4.3""]",provisional,"[40.1,444.867,390.016,455.997]","{""appendix"":null,""bbox"":[40.1,444.867,390.016,455.997],""chapter"":""35"",""line_id"":""poppler-line:5244415f8bbbe35a4b01"",""observed_text_sha256"":""78f8a2e06015a4339fa419caced1b99e5b9e719bd359e01fad22d1b7eb745420"",""pdf_page"":645,""printed_page"":""618""}",688fbb6e961d4fdfc02d2a76edcd566d7dc63cb4251f4aea65b24c745cca9f0a
starts_on_page,ibc2018:chapter35-row:6e7f89cfae884aa5329db002,ibc2018:external-family:a913d11cabb60ed12b49cfbd,[],B209,B209—14,14,Specification for Aluminum and Aluminum Alloy Steel and Plate,ASTM,chapter35_referenced_standard_entry,"[""1507.4.3(1)""]",provisional,"[40.1,469.817,331.713,480.947]","{""appendix"":null,""bbox"":[40.1,469.817,331.713,480.947],""chapter"":""35"",""line_id"":""poppler-line:fece4809d9e788c6c12d"",""observed_text_sha256"":""afd61718e682ba404b9804de1f9b719d1711d968ae65ee30b2fed196c12f1b1c"",""pdf_page"":645,""printed_page"":""618""}",35b75e2f8321185eb8ef8034dbe5400da449a09c4095c82623dd6e458c7c5322
starts_on_page,ibc2018:chapter35-row:c3acde45deef81bdfdba8aed,ibc2018:external-family:2301567ea7d60a9e9972b263,[],B251,B251—10,10,Specification for General Requirements for Wrought Seamless Copper and Copper-alloy Tube,ASTM,chapter35_referenced_standard_entry,"[""3.1"",""909.1""]",provisional,"[40.1,494.767,445.564,505.897]","{""appendix"":null,""bbox"":[40.1,494.767,445.564,505.897],""chapter"":""35"",""line_id"":""poppler-line:1eda057cb283b059dc0d"",""observed_text_sha256"":""60739e5218d0ca525ff1f5fb2daf795939e20a3f0aaa1f65e04d12f43639c5ed"",""pdf_page"":645,""printed_page"":""618""}",d9759c319b410fd8c9ecba4876cb907a92a1c3434a647d2fb9b454b7af69bf24
starts_on_page,ibc2018:chapter35-row:c3eda1e0d09e5cb4517ec56b,ibc2018:external-family:a54e3911b9d4f080f0b2f960,[],B280,B280—13,13,Specification for Seamless Copper Tube for Air Conditioning and Refrigeration Field Service,ASTM,chapter35_referenced_standard_entry,"[""3.1"",""909.1""]",provisional,"[40.1,519.867,440.341,530.997]","{""appendix"":null,""bbox"":[40.1,519.867,440.341,530.997],""chapter"":""35"",""line_id"":""poppler-line:434b71bce5a35ff159fd"",""observed_text_sha256"":""e00ff6d0057a2698eafebe652e9ee3428591e39023ee4eac6caa30bb1a986289"",""pdf_page"":645,""printed_page"":""618""}",59244012cb9b0bb2941a01b69f92b70ef54e48b301d2b8c3896efc4cd38c259b
starts_on_page,ibc2018:chapter35-row:eb76bc97e41bc8b0dc62cb34,ibc2018:external-family:328b261e62d8f87f26f2bd3e,[],B370,B370—12,12,Specification for Copper Sheet and Strip for Building Construction,ASTM,chapter35_referenced_standard_entry,"[""403.5.2"",""507.2.8.2"",""507.4.3""]",provisional,"[40.1,544.817,340.366,555.947]","{""appendix"":null,""bbox"":[40.1,544.817,340.366,555.947],""chapter"":""35"",""line_id"":""poppler-line:27e1262a62ee0ef1d778"",""observed_text_sha256"":""101b224f8536c7ae605fbe2ce85348704818316aaca544898b32c2f7734f5dda"",""pdf_page"":645,""printed_page"":""618""}",877d6532dbdbbbe70a3c6d0511ac7d6c739b8eb44a85732fd7cb0fc327cff028
starts_on_page,ibc2018:chapter35-row:95ee79fc7869b3e2f5f569c8,ibc2018:external-family:5902baff1418ce0853aa48ff,[],B695,B695—04(2009),04(2009),Standard Specification for Coatings of Zinc Mechanically Deposited on Iron and Steel Strip for Building,ASTM,chapter35_referenced_standard_entry,"[""0.5.3"",""2304.1"",""2304.10.5.1""]",provisional,"[40.1,569.917,551.92,581.047]","{""appendix"":null,""bbox"":[40.1,569.917,551.92,581.047],""chapter"":""35"",""line_id"":""poppler-line:a3807efb4a5d8f9e030a"",""observed_text_sha256"":""7133c478a38b8df40b5e005454b64dabe00bce2b9176de9448c40016a33b5e59"",""pdf_page"":645,""printed_page"":""618""}",2d71250a3003e0a9c61f57bc6da6b8ef890c29c100dc068476e2f34250a32539
starts_on_page,ibc2018:chapter35-row:e28453f6343f1f42b5a382ab,ibc2018:external-family:c66c9156224311d773c792ab,[],C5,C5—10,10,Specification for Quicklime for Structural Purposes,ASTM,chapter35_referenced_standard_entry,"[""2507.2""]",provisional,"[40.1,605.917,272.488,617.047]","{""appendix"":null,""bbox"":[40.1,605.917,272.488,617.047],""chapter"":""35"",""line_id"":""poppler-line:4d25c37525e9be6dacf7"",""observed_text_sha256"":""47c0fa7f94fc22772ca33f1f5fcf00b41bb8d0caaa4acdda69aceaedf79013b5"",""pdf_page"":645,""printed_page"":""618""}",886e176962d6172423d2f1258f6a1cf964ac7aab3280015484e4a536ac554a9a
starts_on_page,ibc2018:chapter35-row:eb37acc97ea1cd902132368f,ibc2018:external-family:76dbc9c4aac21dbf8a169783,[],C22/C22M,C22/C22M—00(2015),00(2015),Specification for Gypsum,ASTM,chapter35_referenced_standard_entry,"[""2506.2""]",provisional,"[40.1,630.867,226.862,641.997]","{""appendix"":null,""bbox"":[40.1,630.867,226.862,641.997],""chapter"":""35"",""line_id"":""poppler-line:90e193bc7bb588084acd"",""observed_text_sha256"":""7399f4eb9317d1a43f1851a9946b2dbb5705d24d93dbbbaad45fe7eec6e5a9cd"",""pdf_page"":645,""printed_page"":""618""}",ee80107738eae37d8f9e97bd667b47b29584d04e35517be0c299ea74b72284ac
starts_on_page,ibc2018:chapter35-row:29b037bb4cf22cd27cfd22a0,ibc2018:external-family:086ac7fd0d46d0e76ab64b06,[],C27,C27—98(2013),98(2013),Specification for Classification of Fireclay and High-alumina Refractory Brick,ASTM,chapter35_referenced_standard_entry,"[""1.6""]",provisional,"[40.1,655.867,403.804,666.997]","{""appendix"":null,""bbox"":[40.1,655.867,403.804,666.997],""chapter"":""35"",""line_id"":""poppler-line:a08ccea93a31365f7aae"",""observed_text_sha256"":""850c25d1bcaf5d6e3e559c1ee535985ad5db06df8119e8a693975aa871936284"",""pdf_page"":645,""printed_page"":""618""}",51817ac10411f43412d1790bc5dec179cce0464f5675cd1e79e935a57710cdf6
starts_on_page,ibc2018:chapter35-row:eff932e27f10ecfb6f4369cf,ibc2018:external-family:826860ddd95646f24d6b64cd,[],C28/C28M,C28/C28M—10(2015),10(2015),Specification for Gypsum Plasters,ASTM,chapter35_referenced_standard_entry,"[""2507.2""]",provisional,"[40.1,680.917,259.524,692.047]","{""appendix"":null,""bbox"":[40.1,680.917,259.524,692.047],""chapter"":""35"",""line_id"":""poppler-line:ed5b9317654ac584e900"",""observed_text_sha256"":""11dcff4bb47534fa4c24e707d3bf3d55d47186b52b48d4ac5c5c1fcbf40582b0"",""pdf_page"":645,""printed_page"":""618""}",5f27e674c95810d99daa3f0ac17c662cca5225a377e583099e36d82541da8a88
starts_on_page,ibc2018:chapter35-row:b4fc2408beabae627f79d3f6,ibc2018:external-family:7f4797eb4be17e102b0f15ac,[],C31/C31M,C31/C31M—15,15,Practice for Making and Curing Concrete Test Specimens in the Field,ASTM,chapter35_referenced_standard_entry,"[""1705.3""]",provisional,"[40.1,705.867,373.075,716.997]","{""appendix"":null,""bbox"":[40.1,705.867,373.075,716.997],""chapter"":""35"",""line_id"":""poppler-line:a84fb1755257ebf55206"",""observed_text_sha256"":""2913fa31aff558fd37c859b625114cf57873ea26314a72167b7f51d076707623"",""pdf_page"":645,""printed_page"":""618""}",ad21c74745945d3aac7561b1c2fdae8a436bcc12fc24d0eed15f97dce2f6a159
starts_on_page,ibc2018:chapter35-row:25658e5b1be38f39a2eeecae,ibc2018:external-family:90ba902c5415b83d6890134b,[],C33/C33M,C33/C33M—13,13,Specification for Concrete Aggregates,ASTM,chapter35_referenced_standard_entry,"[""722.3.1.4"",""722.4.1.1.3""]",provisional,"[60.0,87.017,270.516,98.147]","{""appendix"":null,""bbox"":[60.0,87.017,270.516,98.147],""chapter"":""35"",""line_id"":""poppler-line:f0d2aade2e40720c25e5"",""observed_text_sha256"":""a72b1e673d7f2456d31adab68e1b7f7dc3a54cbc28cff45becc800886e0e4ae9"",""pdf_page"":646,""printed_page"":""619""}",29a771a1b9606d133dd55d35f0198747efe0ec105f5b715e74931089630750dc
starts_on_page,ibc2018:chapter35-row:944a38d5332aac426880a84d,ibc2018:external-family:132447ad11ac080244c86aea,[],C35/C35,C35/C35—01(2014),01(2014),Specification for Inorganic Aggregates for Use in Gypsum Plaster,ASTM,chapter35_referenced_standard_entry,"[""2507.2""]",provisional,"[60.0,112.467,392.311,123.597]","{""appendix"":null,""bbox"":[60.0,112.467,392.311,123.597],""chapter"":""35"",""line_id"":""poppler-line:b6a8278d68a2e0f5cd19"",""observed_text_sha256"":""de73da2cff5383eb26df5f2e5a81b93704240e14c19e60677940c4e5d76f1999"",""pdf_page"":646,""printed_page"":""619""}",89c87a16e489576cf89137e6287075ba93d449b787b8f99b4c054b5d69a46d9f
starts_on_page,ibc2018:chapter35-row:fdee0ecdc1cc52fdbb1b38e1,ibc2018:external-family:aa3740efc5394b43365b4e1c,[],C55,C55—2014a,2014a,Specification for Concrete Building Brick,ASTM,chapter35_referenced_standard_entry,"[""722.3.2""]",provisional,"[60.0,137.767,271.504,148.897]","{""appendix"":null,""bbox"":[60.0,137.767,271.504,148.897],""chapter"":""35"",""line_id"":""poppler-line:2547c269861c85157cf0"",""observed_text_sha256"":""e6af1ed764e3da8d25cecdc67fbe91745d5da281219c0bd33b76b4066540ca0a"",""pdf_page"":646,""printed_page"":""619""}",b5a4a2f0078354dc628cc54519f014d3d92319baa92aa6d3f8e943ec8e7f76fe
starts_on_page,ibc2018:chapter35-row:528d01e37f7ebdf812700dc2,ibc2018:external-family:2232ac8ac38c029faace464f,[],C59/C59M,C59/C59M—00(2015),00(2015),Specification for Gypsum Casting Plaster and Molding Plaster,ASTM,chapter35_referenced_standard_entry,"[""2507.2""]",provisional,"[60.0,163.217,388.361,174.347]","{""appendix"":null,""bbox"":[60.0,163.217,388.361,174.347],""chapter"":""35"",""line_id"":""poppler-line:cd845d31c619bace63a7"",""observed_text_sha256"":""ebbebd8fed8b233025b4c51b4ad30dbbcf008f69a2c8f2fa14b9ece8558d42fd"",""pdf_page"":646,""printed_page"":""619""}",5cc70235e33af43c8c2f28b7f96b449ae5ee862315fc2166c702e7db5e90c7de
starts_on_page,ibc2018:chapter35-row:6b8b467fda0848b856295b99,ibc2018:external-family:931cc520326118a9e781c2e9,[],C61/C61M,C61/C61M—00(2015),00(2015),Specification for Gypsum Keene’s Cement,ASTM,chapter35_referenced_standard_entry,"[""2507.2""]",provisional,"[60.0,188.517,311.853,199.647]","{""appendix"":null,""bbox"":[60.0,188.517,311.853,199.647],""chapter"":""35"",""line_id"":""poppler-line:3183e422c9816834994c"",""observed_text_sha256"":""119d2759516c983993eb151702f2b5825e495351657f64caa7fdb0605b0d1c2f"",""pdf_page"":646,""printed_page"":""619""}",e51aaeba2a1952e3404d7a5b82740ee31042e9be7b0c28d418fbac7b380f78c4
starts_on_page,ibc2018:chapter35-row:a3a2fc31d753418f848237ea,ibc2018:external-family:b0e99114072e76b18d973d80,[],C62,C62—13a,13a,Standard Specification for Building Brick (Solid Masonry Units Made from Clay or Shale),ASTM,chapter35_referenced_standard_entry,"[""1807.1.6.3""]",provisional,"[60.0,213.967,449.993,225.097]","{""appendix"":null,""bbox"":[60.0,213.967,449.993,225.097],""chapter"":""35"",""line_id"":""poppler-line:4cf0eaaeff18eff07e5b"",""observed_text_sha256"":""a815880d7f21026ce6439924717bad56a48bada12db46182613b508535ade512"",""pdf_page"":646,""printed_page"":""619""}",f065d478608ef204620a0ead29c9bb0358ee8ee41bfc5d1bd734274b287895f6
starts_on_page,ibc2018:chapter35-row:b6d3f18801d2e2fdc6795e1c,ibc2018:external-family:1c553df06f8f41b63a9e368d,[],C67,C67—14,14,Test Methods of Sampling and Testing Brick and Structural Clay Tile,ASTM,chapter35_referenced_standard_entry,"[""2109.2.1.1"",""722.4.1.1.1""]",provisional,"[60.0,239.267,366.547,250.397]","{""appendix"":null,""bbox"":[60.0,239.267,366.547,250.397],""chapter"":""35"",""line_id"":""poppler-line:3834f9f23aebde39df5a"",""observed_text_sha256"":""56c5abb8df83ef905da1eba7902fa9e013a1bd32c9bb732e848a7888e8158eb3"",""pdf_page"":646,""printed_page"":""619""}",20518b2a4d6dde55fe35778a11e68734f6d5befecdc466b0e1d52fb6c81e2c40
starts_on_page,ibc2018:chapter35-row:9b9d6ebe2e579e84d3389c13,ibc2018:external-family:cf1717ead9c288bc2d4b2bd9,[],C73,C73—14,14,Specification for Calcium Silicate Brick (Sand-lime Brick),ASTM,chapter35_referenced_standard_entry,"[""722.3.2""]",provisional,"[60.0,264.717,320.995,275.847]","{""appendix"":null,""bbox"":[60.0,264.717,320.995,275.847],""chapter"":""35"",""line_id"":""poppler-line:cab575e1d0ed8a9334ab"",""observed_text_sha256"":""9e79bd6711f70246b1de75f38cc5dbb8ba573bbf7042aac2e21f41bd04cfd1ff"",""pdf_page"":646,""printed_page"":""619""}",667caad76e2993af5e3a2a6537f617316a435231b0393478fc1437178872e2b3
starts_on_page,ibc2018:chapter35-row:cb30cfb13fd4a1f4bf0e8535,ibc2018:external-family:ca6feef4906a7f9c2531df45,[],C90,C90—14,14,Specification for Loadbearing Concrete Masonry Units,ASTM,chapter35_referenced_standard_entry,"[""14.3"",""1807.1.6.3"",""722.3.2""]",provisional,"[60.0,290.017,309.89,301.147]","{""appendix"":null,""bbox"":[60.0,290.017,309.89,301.147],""chapter"":""35"",""line_id"":""poppler-line:5208cdd47cda382e7fff"",""observed_text_sha256"":""8aa9f3f569823a48d0fd33e79c80125cfd276277a4452c4c12a070597b197604"",""pdf_page"":646,""printed_page"":""619""}",66bc045deb50f4cfffd4c10cf470594552de40130205c5ad54ec10203258acfa
starts_on_page,ibc2018:chapter35-row:88c4ac590bd52775721421fd,ibc2018:external-family:45d4f4e99dec9b0df5ae3077,[],C91/C91M,C91/C91M—12,12,Specification for Masonry Cement,ASTM,chapter35_referenced_standard_entry,"[""2507.2""]",provisional,"[60.0,315.467,257.203,326.597]","{""appendix"":null,""bbox"":[60.0,315.467,257.203,326.597],""chapter"":""35"",""line_id"":""poppler-line:a0cf20fe1ae89d4083bc"",""observed_text_sha256"":""9c7324a6c98574cc82ac7ae0562b032da353d96091324af718d4b25a009fa4b4"",""pdf_page"":646,""printed_page"":""619""}",2e036e6ba04ebdefac8552b24cbdeece5d1dc3526392a2c83c2425186fb130d9
starts_on_page,ibc2018:chapter35-row:e8a6f3206289fc33fa2ccd40,ibc2018:external-family:72c7cd6ad4c8c18c81326090,[],C94/C94M,C94/C94M—15a,15a,Specification for Ready-mixed Concrete,ASTM,chapter35_referenced_standard_entry,"[""110.3.1""]",provisional,"[60.0,340.767,283.015,351.897]","{""appendix"":null,""bbox"":[60.0,340.767,283.015,351.897],""chapter"":""35"",""line_id"":""poppler-line:089da195fb7cecfe293c"",""observed_text_sha256"":""ef800e112105a19e94468537ba73668f6b28bce70326a6e240b1dd6257220754"",""pdf_page"":646,""printed_page"":""619""}",1a6803991b0478be26ed6aa4921b23a96bd6ebfb9c94a3bfcb6f66680be62c41
starts_on_page,ibc2018:chapter35-row:012068dc1a1285f6904ae2ca,ibc2018:external-family:44b27567923a042d87baff46,[],C140/C140M,C140/C140M—15,15,Test Method Sampling and Testing Concrete Masonry Units and Related Units,ASTM,chapter35_referenced_standard_entry,"[""722.3.1.2""]",provisional,"[60.0,366.217,436.64,377.347]","{""appendix"":null,""bbox"":[60.0,366.217,436.64,377.347],""chapter"":""35"",""line_id"":""poppler-line:a7db360f9f7ed45bba31"",""observed_text_sha256"":""3104bcf5a3f913745c77f0dc9c45709b2db71f87705c110723f4a3e6b94d3ef9"",""pdf_page"":646,""printed_page"":""619""}",a4b927194a4bbc6758b61d88cb889c1b11555309b08a1e25fc0f86622ad3bc33
starts_on_page,ibc2018:chapter35-row:2d7fd7069ceba11abe9f6ff9,ibc2018:external-family:8f7ea0c284bd58501c1816fb,[],C150/C150M,C150/C150M—15,15,Specification for Portland Cement,ASTM,chapter35_referenced_standard_entry,"[""1903.1"",""2507.2""]",provisional,"[60.0,391.667,265.853,402.797]","{""appendix"":null,""bbox"":[60.0,391.667,265.853,402.797],""chapter"":""35"",""line_id"":""poppler-line:fd8bdf3ec089b03af215"",""observed_text_sha256"":""765df4ab34c947925c64faeb3fa037d32796d25b3a5c8e7682a538a0c5fecf81"",""pdf_page"":646,""printed_page"":""619""}",3fdb6e899697c7579889ae41f8995f840e86342f136848ce8b80d4d38044bf2b
starts_on_page,ibc2018:chapter35-row:f3ddcf457f2f3cbeec9103f8,ibc2018:external-family:cb89008e35c35f60ffe35111,[],C172/C172M,C172/C172M—14a,14a,Practice for Sampling Freshly Mixed Concrete,ASTM,chapter35_referenced_standard_entry,"[""1705.3""]",provisional,"[60.0,416.967,317.465,428.097]","{""appendix"":null,""bbox"":[60.0,416.967,317.465,428.097],""chapter"":""35"",""line_id"":""poppler-line:1be149cdfab1ec872667"",""observed_text_sha256"":""2d45b016ca9262fa286cda50c53d85410921bd8da7f239735c348219cffa2879"",""pdf_page"":646,""printed_page"":""619""}",41fe754c6354f3267e0391a6437ac06e8ab134f57cb422509276ecd6b6e032c7
starts_on_page,ibc2018:chapter35-row:6c6811cdeaa84f07525f5d63,ibc2018:external-family:f06a3ece26ad8a4bcad017f1,[],C199,C199—84(2011),84(2011),Test Method for Pier Test for Refractory Mortars,ASTM,chapter35_referenced_standard_entry,"[""1.6"",""11.9"",""3.12""]",provisional,"[60.0,442.417,318.43,453.547]","{""appendix"":null,""bbox"":[60.0,442.417,318.43,453.547],""chapter"":""35"",""line_id"":""poppler-line:f0d9837baf4f83fb8e1f"",""observed_text_sha256"":""1992b15b733c90167d6e04246dffc1b83a7cc430fe97c6c8df9195d3b16eedea"",""pdf_page"":646,""printed_page"":""619""}",387484e1a8c6694acc7143b0ce18fd0b7bc815ff8a7ccc56623b2356c7108d0d
starts_on_page,ibc2018:chapter35-row:7011eab8fcad2cbf9d8da497,ibc2018:external-family:9051cdcd9ef167d869a190e6,[],C206,C206—14,14,Specification for Finishing Hydrated Lime,ASTM,chapter35_referenced_standard_entry,"[""2507.2""]",provisional,"[60.0,467.717,265.965,478.847]","{""appendix"":null,""bbox"":[60.0,467.717,265.965,478.847],""chapter"":""35"",""line_id"":""poppler-line:eea18ff163142a666ea4"",""observed_text_sha256"":""c732e8588faa12560fc0687f14fbbf4066f9bdee01399d95e00790fb6b72cddb"",""pdf_page"":646,""printed_page"":""619""}",445cf31d146822c7e5381608779fe4de0b263bf5dd81a919121a31bbefc63f22
starts_on_page,ibc2018:chapter35-row:b8d06b77a69460ad7e751342,ibc2018:external-family:bd81d2cfe12585338c0257f6,[],C208,C208—12,12,Specification for Cellulosic Fiber Insulating Board,ASTM,chapter35_referenced_standard_entry,"[""1508.2"",""2303.1.6""]",provisional,"[60.0,493.167,296.591,504.297]","{""appendix"":null,""bbox"":[60.0,493.167,296.591,504.297],""chapter"":""35"",""line_id"":""poppler-line:37de10d5e400b8d22722"",""observed_text_sha256"":""1be1e48b84c15963436fe2693c57a43755d1c8db04ff4985bd95ece75f05fc24"",""pdf_page"":646,""printed_page"":""619""}",8e840c74d55b3eb4591fd8aebe0b6a7e38d80b1c3c21fc2a3456b0f3707a4bd3
starts_on_page,ibc2018:chapter35-row:c0469aca4924e426df815e66,ibc2018:external-family:4ebd773b5faf949822339142,[],C216,C216—15,15,Specification for Facing Brick (Solid Masonry Units Made from Clay or Shale),ASTM,chapter35_referenced_standard_entry,"[""721.1(2)"",""807.1.6.3""]",provisional,"[60.0,518.517,404.743,529.647]","{""appendix"":null,""bbox"":[60.0,518.517,404.743,529.647],""chapter"":""35"",""line_id"":""poppler-line:29009ad5c11f911bafa9"",""observed_text_sha256"":""fc9dc78bedc3b929d7504ecb0b4cf1053f4203338455745628bb8d81b1411ee1"",""pdf_page"":646,""printed_page"":""619""}",cd183b467519a3a16720fba5ea4c6340e3e8ea0f80ad78ba79f6215561a79b7f
starts_on_page,ibc2018:chapter35-row:54fea0223173232037691d2d,ibc2018:external-family:b68225b2c5b72ae9d3a7c7c9,[],C270,C270—14a,14a,Specification for Mortar for Unit Masonry,ASTM,chapter35_referenced_standard_entry,"[""2103.2.4""]",provisional,"[60.0,543.917,271.041,555.047]","{""appendix"":null,""bbox"":[60.0,543.917,271.041,555.047],""chapter"":""35"",""line_id"":""poppler-line:87b8e99ac1ffa31d6416"",""observed_text_sha256"":""471f1fde837b3dc6972a2ab83708238fee2ca4e28ddf2d57de21c7dabe38cfbd"",""pdf_page"":646,""printed_page"":""619""}",6e041ccfa565e645ede2dff620cec9f0e6d1f93a9e8e28216993277da014297d
starts_on_page,ibc2018:chapter35-row:814dc7ceb8540febde461c81,ibc2018:external-family:11222813c748ec62e1a18a62,[],C315,C315—07(2011),07(2011),Specification for Clay Flue Liners and Chimney Pots,ASTM,chapter35_referenced_standard_entry,"[""1.9"",""13.11.1"",""3.16(1)""]",provisional,"[60.0,569.267,329.227,580.397]","{""appendix"":null,""bbox"":[60.0,569.267,329.227,580.397],""chapter"":""35"",""line_id"":""poppler-line:b868f8acee35e08d84af"",""observed_text_sha256"":""d4d2c40f9e91f3622659d23e1c5b716addbd14e4ebb79836d1217dcab69cfe97"",""pdf_page"":646,""printed_page"":""619""}",17ba6bde39b0337a7ae95c8c3f2868f48504ff20892cd25e3276fccd0684cd2c
starts_on_page,ibc2018:chapter35-row:208ad90ee750abe6e66e51e7,ibc2018:external-family:2c502c9799bebf1e61645559,[],C317/C317M,C317/C317M—00(2015),00(2015),Specification for Gypsum Concrete,ASTM,chapter35_referenced_standard_entry,"[""4.1""]",provisional,"[60.0,594.667,292.915,605.797]","{""appendix"":null,""bbox"":[60.0,594.667,292.915,605.797],""chapter"":""35"",""line_id"":""poppler-line:d46b48853964cd15af35"",""observed_text_sha256"":""34c7bb6f513b0be93f18c2b8a8b441aa0ef26c056ce38a8f98e5cc00349526ca"",""pdf_page"":646,""printed_page"":""619""}",3e6f1830e193bc327cbdae08df69ba1051bb4d52f4f07e10c3e4d2cb1f44e209
starts_on_page,ibc2018:chapter35-row:0c82c1b268334b9fe0249c3d,ibc2018:external-family:78f036369ce489b60b0f29cf,[],C330/C330M,C330/C330M—14,14,Specification for Lightweight Aggregates for Structural Concrete,ASTM,chapter35_referenced_standard_entry,[],provisional,"[60.0,620.017,384.165,631.147]","{""appendix"":null,""bbox"":[60.0,620.017,384.165,631.147],""chapter"":""35"",""line_id"":""poppler-line:50bd32196a761d504500"",""observed_text_sha256"":""1f53ba3ba7b6327ca269f20e4951fccbe03b93f591c9dd1ae6551a8df17b51df"",""pdf_page"":646,""printed_page"":""619""}",b6f844ebe9bfd996c5bb1bb82a2c299d4a739ee10b0b7f7a658f02c298aa98b5
starts_on_page,ibc2018:chapter35-row:b759bdfc3dd420824146098e,ibc2018:external-family:a6bffbad63b210e9dd04caf2,[],C331/C331M,C331/C331M—14,14,Specification for Lightweight Aggregates for Concrete Masonry Units,ASTM,chapter35_referenced_standard_entry,"[""722.3.1.4"",""722.4.1.1.3""]",provisional,"[60.0,645.417,401.34,656.547]","{""appendix"":null,""bbox"":[60.0,645.417,401.34,656.547],""chapter"":""35"",""line_id"":""poppler-line:28ece343693cf91c171c"",""observed_text_sha256"":""4cf79f88503b3dd3a4185918a335771ecb491bdfd0e020c7cb5e379a19012276"",""pdf_page"":646,""printed_page"":""619""}",f8d0c9de053fbd13223b424e664c44479fecb8b93bb5d43a43eb03fdda0a9a36
starts_on_page,ibc2018:chapter35-row:750dd9c03f72e1f01e0876ac,ibc2018:external-family:c82cbaaadc76f2647226fee6,[],C406/C406M,C406/C406M—15,15,Specification for Roofing Slate,ASTM,chapter35_referenced_standard_entry,"[""1507.7.5""]",provisional,"[60.0,670.867,251.161,681.997]","{""appendix"":null,""bbox"":[60.0,670.867,251.161,681.997],""chapter"":""35"",""line_id"":""poppler-line:17bb569f6cbfdde39ef4"",""observed_text_sha256"":""51b78d94bc0a10c51c5af057c271483390cb713646fb80a5ac9988ccb2264415"",""pdf_page"":646,""printed_page"":""619""}",565b24ebe95cae722b135c3f57d316acb3ae20d7e78fbf6e2a18f0a256bbd5ed
starts_on_page,ibc2018:chapter35-row:0921939dbd67c8cf936afb5e,ibc2018:external-family:de1c8a1590f9fd5301739504,[],C472,C472—99(2014),99(2014),"Standard Test Methods for Physical Testing of Gypsum, Gypsum Plasters and Gypsum Concrete",ASTM,chapter35_referenced_standard_entry,"[""2506.2""]",provisional,"[60.0,696.217,498.815,707.347]","{""appendix"":null,""bbox"":[60.0,696.217,498.815,707.347],""chapter"":""35"",""line_id"":""poppler-line:bd944aa2a73f5703eb94"",""observed_text_sha256"":""fa37ccd00d5381a53d06c864ffb53b8c71a12822a7d8a36603a060b53813be70"",""pdf_page"":646,""printed_page"":""619""}",b1fb73b6ebd99dce8cddedac0d9a2265c738dc97c47911036128da524c62e5d4
starts_on_page,ibc2018:chapter35-row:2b6ffe3e734be40cf8c0e257,ibc2018:external-family:c5f8a7e8bca805f4cfdafa32,[],C473,C473—15,15,Test Methods for Physical Testing of Gypsum Panel Products,ASTM,chapter35_referenced_standard_entry,"[""2506.2""]",provisional,"[60.0,721.617,338.588,732.747]","{""appendix"":null,""bbox"":[60.0,721.617,338.588,732.747],""chapter"":""35"",""line_id"":""poppler-line:1e5258e4a438ef87ec82"",""observed_text_sha256"":""916d23e7d7e43e9bed9ddf2ae16480e3d862a31d73afa017e056887c362a4a7a"",""pdf_page"":646,""printed_page"":""619""}",49209c5508f52db92479afb73dd8c16e5005c2ce38a4cbe67b9ae9857e59b605
starts_on_page,ibc2018:chapter35-row:d2e29155870659f5b3b31f2f,ibc2018:external-family:52b93a8c8196947c79275252,[],C474,C474—15,15,Test Methods for Joint Treatment Materials for Gypsum Board Construction,ASTM,chapter35_referenced_standard_entry,"[""2506.2""]",provisional,"[40.1,87.117,380.416,98.247]","{""appendix"":null,""bbox"":[40.1,87.117,380.416,98.247],""chapter"":""35"",""line_id"":""poppler-line:b52a5a42f65d2e3a31e1"",""observed_text_sha256"":""f4e099f487358dee3effdad36f88180d6653b64162c8d5bef175a1072988aaf8"",""pdf_page"":647,""printed_page"":""620""}",827bf7b084430e0ad2d08ca947375e358d5466177e3da4f8c7e3515b85a828cc
starts_on_page,ibc2018:chapter35-row:3910bedea6d69e6ffb7b0e3f,ibc2018:external-family:7a03b13e7e6a8a87d283baef,[],C475/C475M,C475/C475M—15,15,Specification for Joint Compound and Joint Tape for Finishing Gypsum Board,ASTM,chapter35_referenced_standard_entry,"[""2506.2""]",provisional,"[40.1,112.567,417.141,123.697]","{""appendix"":null,""bbox"":[40.1,112.567,417.141,123.697],""chapter"":""35"",""line_id"":""poppler-line:65cf8c6501968124f0b4"",""observed_text_sha256"":""2ce5e1aee119eac33ae890a0ac0210090bec5b9d055a61a1ddc65603bb8e9a9c"",""pdf_page"":647,""printed_page"":""620""}",b9a97eade4b83970f320bfd74daf0d4d577e35eef89b5a3d8ad27400ac121c1d
starts_on_page,ibc2018:chapter35-row:ec0ce18012d90ace326a3a46,ibc2018:external-family:afbd4f3c87b45fd6901fe3a4,[],C514,C514—04(2014),04(2014),Specification for Nails for the Application of Gypsum Board,ASTM,chapter35_referenced_standard_entry,"[""2506.2"",""721.1"",""721.1(2)""]",provisional,"[40.1,138.117,337.691,149.247]","{""appendix"":null,""bbox"":[40.1,138.117,337.691,149.247],""chapter"":""35"",""line_id"":""poppler-line:79b4510b1da074c400c4"",""observed_text_sha256"":""cdad2b503d0050e43c795769e6de5f14fc797233523a4344813a45461010688a"",""pdf_page"":647,""printed_page"":""620""}",59b0f9ad2fe3a253d0bcda141b37ee9f3583beb7ae3f1c4cf871bc24a139a2f9
starts_on_page,ibc2018:chapter35-row:93abc0759dc34a27b257e1f0,ibc2018:external-family:a650d1e9386b5b144672674a,[],C516,C516—08(2014)e1,08(2014)e1,Specifications for Vermiculite Loose Fill Thermal Insulation,ASTM,chapter35_referenced_standard_entry,"[""722.3.1.4"",""722.4.1.1.3""]",provisional,"[40.1,163.667,346.827,174.797]","{""appendix"":null,""bbox"":[40.1,163.667,346.827,174.797],""chapter"":""35"",""line_id"":""poppler-line:ca719f9110be1d27f6c5"",""observed_text_sha256"":""4de6c8473f98cbf91485fc22f2c32827a76d171567f3ef37cbaa773bc235e6f1"",""pdf_page"":647,""printed_page"":""620""}",ac25a6b44fa5f526b98b6d62159cca8582b5dd7e146dcae235c6673a20ab7b26
starts_on_page,ibc2018:chapter35-row:c7cfc150c927a17f76325dfb,ibc2018:external-family:22f20f86ed1d08bb6ee89636,[],C547,C547—15,15,Specification for Mineral Fiber Pipe Insulation,ASTM,chapter35_referenced_standard_entry,"[""721.1"",""721.1(2)""]",provisional,"[40.1,189.117,263.127,200.247]","{""appendix"":null,""bbox"":[40.1,189.117,263.127,200.247],""chapter"":""35"",""line_id"":""poppler-line:4cb54181e0b03352d581"",""observed_text_sha256"":""a7ea445f34d927699d90ac20a0048139601cdaa31e672e9aa36321529e2afb24"",""pdf_page"":647,""printed_page"":""620""}",602dfe7505d5c1fdcfb1d0e80c61ce6bfdbb3e2514047fd1c2705ca0fe081442
starts_on_page,ibc2018:chapter35-row:5f23a91907e38a8de8f3d021,ibc2018:external-family:444319f595f6bb29c1389f4a,[],C549,C549—06(2012),06(2012),Specification for Perlite Loose Fill Insulation,ASTM,chapter35_referenced_standard_entry,"[""722.3.1.4"",""722.4.1.1.3""]",provisional,"[40.1,214.667,279.077,225.797]","{""appendix"":null,""bbox"":[40.1,214.667,279.077,225.797],""chapter"":""35"",""line_id"":""poppler-line:e141428e7f2b517cfdbe"",""observed_text_sha256"":""d1f13e55d554aac3c261b7034b8cf5852ad57538c4d1f10d31e619f34f8e6ddf"",""pdf_page"":647,""printed_page"":""620""}",cd5db507d1f762eea3fe231ac0c3c17339968c138ab585e01c52176c82300682
starts_on_page,ibc2018:chapter35-row:82feed8aed97ff7a5dbe54cf,ibc2018:external-family:2c2b30124a844ccc42552ae9,[],C552,C552—15,15,Standard Specification for Cellular Glass Thermal Insulation,ASTM,chapter35_referenced_standard_entry,"[""1508.2""]",provisional,"[40.1,240.267,318.377,251.397]","{""appendix"":null,""bbox"":[40.1,240.267,318.377,251.397],""chapter"":""35"",""line_id"":""poppler-line:38de27489df79d7f0c83"",""observed_text_sha256"":""2e20ea61a48d4694ccb3bb6f75f64d6e3c7f50a45e34feb75a4b5b21fde92faf"",""pdf_page"":647,""printed_page"":""620""}",359c59fa3f119297cb659d1a25b52c7c62ad17e2257efb6582a45fb7431a0775
starts_on_page,ibc2018:chapter35-row:7fbb0348593d59352e021eed,ibc2018:external-family:03bdceb34086cb2cee72193e,[],C557,C557—03(2009)e01,03(2009)e01,Specification for Adhesives for Fastening Gypsum Wallboard to Wood Framing,ASTM,chapter35_referenced_standard_entry,"[""2506.2"",""2508.4""]",provisional,"[40.1,265.667,426.324,276.797]","{""appendix"":null,""bbox"":[40.1,265.667,426.324,276.797],""chapter"":""35"",""line_id"":""poppler-line:221901bc480748b2dbab"",""observed_text_sha256"":""99e20037daae952219413f5e752bb6bd5543d20129f1a02097db8081463b7c03"",""pdf_page"":647,""printed_page"":""620""}",86e56ad6ac00605c4a2192ac95dcc437b5f97e264061a56e6d57ad2dd71fa8e1
starts_on_page,ibc2018:chapter35-row:10c8d53f19d8b741dcf652d8,ibc2018:external-family:30bd7350b8a03624a4750698,[],C578,C578—15,15,"Standard Specification for Rigid, Cellular Polystyrene Thermal Insulation",ASTM,chapter35_referenced_standard_entry,"[""1508.2"",""2603.1"",""2603.10"",""2603.12.1"",""2603.12.2"",""2603.13.2"",""3.1""]",provisional,"[40.1,291.267,367.677,302.397]","{""appendix"":null,""bbox"":[40.1,291.267,367.677,302.397],""chapter"":""35"",""line_id"":""poppler-line:0f7c95369aa6a3d3ae02"",""observed_text_sha256"":""35d4b69ea8228f712717e02b8a460d2fa4ee2b1492c396c92e00d13455330c06"",""pdf_page"":647,""printed_page"":""620""}",9a90c7521415c5cfaf81dc7b2b3f141e4d077ffcf00106746b0c6e14ff8f0571
starts_on_page,ibc2018:chapter35-row:c0d1b21451cf1e8a3d481e2c,ibc2018:external-family:1ecfdbabc7bd6d0425949c22,[],C587,C587—04(2014),04(2014),Specification for Gypsum Veneer Plaster,ASTM,chapter35_referenced_standard_entry,"[""2507.2""]",provisional,"[40.1,316.817,263.861,327.947]","{""appendix"":null,""bbox"":[40.1,316.817,263.861,327.947],""chapter"":""35"",""line_id"":""poppler-line:30b739a344fc3f5755a1"",""observed_text_sha256"":""512fb71b4b140c0cedbd63ece6aa1d9de6830cb3510ac79d0c9675dc119051c7"",""pdf_page"":647,""printed_page"":""620""}",90c05d1781edac9007c41749770c56002670fc6c07d97ae05cb5b23f84aaf5e8
starts_on_page,ibc2018:chapter35-row:bfcc3ce5442738756cc65e86,ibc2018:external-family:211265dfaacf5b27ce5d76c4,[],C595/C595M,C595/C595M—14e1,14e1,Specification for Blended Hydraulic Cements,ASTM,chapter35_referenced_standard_entry,"[""2507.2"",""903.1""]",provisional,"[40.1,342.267,296.234,353.397]","{""appendix"":null,""bbox"":[40.1,342.267,296.234,353.397],""chapter"":""35"",""line_id"":""poppler-line:c67aeea6c3f0d5a3f997"",""observed_text_sha256"":""437f7c4aac982cb7f9d5572f15e889a035a2322ad9f446103e2ed2aadbed049f"",""pdf_page"":647,""printed_page"":""620""}",51785931fab041cf4225fe5f8bc46cb3ae67ea91d5a1de64dbef4a18943ddaa0
starts_on_page,ibc2018:chapter35-row:f49c65dfd77976e166600d79,ibc2018:external-family:8b1a9016c2106388f85beeef,[],C631,C631—09(2014),09(2014),Specification for Bonding Compounds for Interior Gypsum Plastering,ASTM,chapter35_referenced_standard_entry,"[""2507.2""]",provisional,"[40.1,367.817,375.942,378.947]","{""appendix"":null,""bbox"":[40.1,367.817,375.942,378.947],""chapter"":""35"",""line_id"":""poppler-line:cdd1b0e6ed00a4e0dfb8"",""observed_text_sha256"":""8b6163671254631a5d0155cab5007c8a0bbbb8a1f421ddde9ce7635b79f3ec66"",""pdf_page"":647,""printed_page"":""620""}",3498a162f0d15adc2377502b9d0da091b9dbc5e9f4641f5a833a8ac5588fbaba
starts_on_page,ibc2018:chapter35-row:0d48c0cbc0923190e2db629c,ibc2018:external-family:ef964b412633790fe60bf758,[],C635/C635M,C635/C635M—13a,13a,"Specification for the Manufacture, Performance and Testing of Metal Suspension Systems for Acoustical Tile and",ASTM,chapter35_referenced_standard_entry,"[""2506.2.1"",""801.1.1.1""]",provisional,"[40.1,393.367,551.61,404.497]","{""appendix"":null,""bbox"":[40.1,393.367,551.61,404.497],""chapter"":""35"",""line_id"":""poppler-line:b6ecbd2948dd432e35db"",""observed_text_sha256"":""590adb567755e5f217a15e62f7a74904d1f96d33039ebf17f612cd5f0160f6f0"",""pdf_page"":647,""printed_page"":""620""}",9b120aedd3dd8b289e44d11fdf1c54cdd4ba23856e8f998f45a87f6e788517c9
starts_on_page,ibc2018:chapter35-row:a01a2e412e42926077d317c2,ibc2018:external-family:212481b341afe3e87d8e42ed,[],C636/C636M,C636/C636M—13,13,Practice for Installation of Metal Ceiling Suspension Systems for Acoustical Tile and Lay-in Panels,ASTM,chapter35_referenced_standard_entry,"[""808.1.1.1""]",provisional,"[40.1,429.867,492.706,440.997]","{""appendix"":null,""bbox"":[40.1,429.867,492.706,440.997],""chapter"":""35"",""line_id"":""poppler-line:211f56ac88ce7c3c00b6"",""observed_text_sha256"":""0dee43893855dadcf40f57d4f5dd10717c2a626098ea222e6a31dbe7a5092691"",""pdf_page"":647,""printed_page"":""620""}",9c347a53ef70aee524301f3e8420717fe27364776e860941a3df0d5053bcc3df
starts_on_page,ibc2018:chapter35-row:b5c470bc1c292dfc02775c12,ibc2018:external-family:bb0a93ef424f467aea697a5d,[],C652,C652—15,15,Specification for Hollow Brick (Hollow Masonry Units Made from Clay or Shale),ASTM,chapter35_referenced_standard_entry,"[""807.1.6.3""]",provisional,"[40.1,455.417,394.144,466.547]","{""appendix"":null,""bbox"":[40.1,455.417,394.144,466.547],""chapter"":""35"",""line_id"":""poppler-line:f1d0ca985c07cabeb3d0"",""observed_text_sha256"":""f34f56c35fcce9bef0ed82d3aee54ee398d12d54287f50501cbddca6fd8e801d"",""pdf_page"":647,""printed_page"":""620""}",9ebc850b3169779c2508e138aea66eca380e46ffd23077cf71090c055b842770
starts_on_page,ibc2018:chapter35-row:6bbd3812c6e696ba51f5c4f2,ibc2018:external-family:a1f6a9f59d3c707e6413326d,[],C726,C726—12,12,Standard Specification for Mineral Wool Roof Insulation Board,ASTM,chapter35_referenced_standard_entry,"[""1508.2""]",provisional,"[40.1,480.867,328.491,491.997]","{""appendix"":null,""bbox"":[40.1,480.867,328.491,491.997],""chapter"":""35"",""line_id"":""poppler-line:bce7bd1ab47616fb7566"",""observed_text_sha256"":""0483731bc0de40203f3c8e46f35240be055329d03e4093090f497b136e189bd5"",""pdf_page"":647,""printed_page"":""620""}",c41eb9b09d806f0ee24ff8bf172a5ad63d689f34942cac33af279d639effa2f9
starts_on_page,ibc2018:chapter35-row:52cc4d11fac17b8698a54c6c,ibc2018:external-family:5a5cbe3249eac2a791bebc7d,[],C728,C728—15,15,Standard Specification for Perlite Thermal Insulation Board,ASTM,chapter35_referenced_standard_entry,"[""1508.2""]",provisional,"[40.1,506.417,315.291,517.547]","{""appendix"":null,""bbox"":[40.1,506.417,315.291,517.547],""chapter"":""35"",""line_id"":""poppler-line:be2ea7a37793ded6caec"",""observed_text_sha256"":""35489515902a08abe63f208e08a3a986437481dcca2bd066322511dc2a0b9b2b"",""pdf_page"":647,""printed_page"":""620""}",c0b82d0120d1959d6064a0febf15873c929c7cbb591da33688d80f237eb62c4a
starts_on_page,ibc2018:chapter35-row:20dfd6af0a38c909c4805b69,ibc2018:external-family:cca876523bc90c7a5db1f855,[],C744,C744—14,14,Specification for Prefaced Concrete and Calcium Silicate Masonry Units,ASTM,chapter35_referenced_standard_entry,"[""722.3.2""]",provisional,"[40.1,531.967,360.541,543.097]","{""appendix"":null,""bbox"":[40.1,531.967,360.541,543.097],""chapter"":""35"",""line_id"":""poppler-line:efae2c2adc75da099d7a"",""observed_text_sha256"":""d18240a16d496c8d7464db337898044a7dc7d0a1154548f984eb7b379a6942fa"",""pdf_page"":647,""printed_page"":""620""}",c9ba4059155562f37517a0e552be505ea10dc802e2b34015575cbfce5311da48
starts_on_page,ibc2018:chapter35-row:5d681143eef32fd912ae843a,ibc2018:external-family:4f42710eb684688231f110cb,[],C754,C754—15,15,Specification for Installation of Steel Framing Members to Receive Screw-attached Gypsum Panel Products,ASTM,chapter35_referenced_standard_entry,"[""2508.1"",""2511.1.1""]",provisional,"[40.1,557.417,495.438,568.547]","{""appendix"":null,""bbox"":[40.1,557.417,495.438,568.547],""chapter"":""35"",""line_id"":""poppler-line:fdc195d9aada53aed01f"",""observed_text_sha256"":""d97e19a43c9b27ea3b200f42fc4905ad6372cde20893cc8781db491070f96c85"",""pdf_page"":647,""printed_page"":""620""}",633de48ff1c09f84e4646e72b0d92d32bb76c43dd916e169f98e254c253cf2dc
starts_on_page,ibc2018:chapter35-row:7a0434a616a32bbab469e6a6,ibc2018:external-family:f4ee648002f4f60ddd2d72f1,[],C836/C836M,C836/C836M—15,15,"Specification for High-solids Content, Cold Liquid-applied Elastomeric Waterproofing Membrane for Use with",ASTM,chapter35_referenced_standard_entry,"[""507.15.2""]",provisional,"[40.1,582.967,551.71,594.097]","{""appendix"":null,""bbox"":[40.1,582.967,551.71,594.097],""chapter"":""35"",""line_id"":""poppler-line:27701d12c07093b35088"",""observed_text_sha256"":""526d21467dbbbcedd9c64514e99ede07bfe8b804ee4ddd6fc9ce9ee7839b4b2b"",""pdf_page"":647,""printed_page"":""620""}",7d45ae7ba060efa41e682370a4a6c96aa95c6d0edd9c07c4fcecc4bc66c4b485
starts_on_page,ibc2018:chapter35-row:64035145fb5f2025a2f9c898,ibc2018:external-family:7f62b4282aa17b9180e907d5,[],C840,C840—13,13,Specification for Application and Finishing of Gypsum Board,ASTM,chapter35_referenced_standard_entry,"[""2508.1"",""2509.2""]",provisional,"[40.1,619.467,318.991,630.597]","{""appendix"":null,""bbox"":[40.1,619.467,318.991,630.597],""chapter"":""35"",""line_id"":""poppler-line:1f67125e298248eae88d"",""observed_text_sha256"":""7c07f2ec189d511dde9c5a02264c97cf0f95e19e96277b424f25a172bd0f139a"",""pdf_page"":647,""printed_page"":""620""}",e8247b5df3de2e4f783a68c85f7ab237d999c018f6317053ca7b0b8f8e923e11
starts_on_page,ibc2018:chapter35-row:5dbe1a13a10d80271ca74285,ibc2018:external-family:c52cb7ac54a939fcb38b888e,[],C841,C841—03(2013),03(2013),Specification for Installation of Interior Lathing and Furring,ASTM,chapter35_referenced_standard_entry,"[""2508.1"",""2511.1.1""]",provisional,"[40.1,645.017,340.963,656.147]","{""appendix"":null,""bbox"":[40.1,645.017,340.963,656.147],""chapter"":""35"",""line_id"":""poppler-line:0c553280cccada38946b"",""observed_text_sha256"":""8d26103770a752fcc10265b20274f52c18b9d8feaade4b4af0611acfc98acef7"",""pdf_page"":647,""printed_page"":""620""}",57d4e3a6a4b29b89e9b24d9c9f758835eb2af296e2a41b9a4b84189f2649b88a
starts_on_page,ibc2018:chapter35-row:42e81f93ecf239b04bd96a74,ibc2018:external-family:764534237dd3107e2f0d7b90,[],C842,C842—05(2015),05(2015),Specification for Application of Interior Gypsum Plaster,ASTM,chapter35_referenced_standard_entry,"[""2511.1.1"",""2511.3"",""2511.4""]",provisional,"[40.1,670.567,323.711,681.697]","{""appendix"":null,""bbox"":[40.1,670.567,323.711,681.697],""chapter"":""35"",""line_id"":""poppler-line:fdb91c7bf1e6f80af798"",""observed_text_sha256"":""6f90065c8ca0e25ab1cb8e41856b57a1e1e64ed7a8b9da664c20f82f889cab44"",""pdf_page"":647,""printed_page"":""620""}",166ec843856bccac9ff6f7c863f105102befcb2cc47dbf855d8df84e7064556d
starts_on_page,ibc2018:chapter35-row:04c9220fe127c004908204e7,ibc2018:external-family:8c5b3a987ecff1a68396e301,[],C843,C843—99(2012),99(2012),Specification for Application of Gypsum Veneer Plaster,ASTM,chapter35_referenced_standard_entry,"[""2511.1.1""]",provisional,"[40.1,696.017,320.711,707.147]","{""appendix"":null,""bbox"":[40.1,696.017,320.711,707.147],""chapter"":""35"",""line_id"":""poppler-line:36dc461c7a794f5c72bc"",""observed_text_sha256"":""cd65dc9047fbe35341b45cc2952deac18099f768bdb5c413cdf3f8506db5bd2e"",""pdf_page"":647,""printed_page"":""620""}",b78bcc8772024c94d34a27f18ce74843e4bf296c6ec2c0e8d604327ddfaff783
starts_on_page,ibc2018:chapter35-row:5d49958c8e6f01dcbed2a07f,ibc2018:external-family:0986c9b5cb12a21af9de08f0,[],C844,C844—2015,2015,Specification for Application of Gypsum Base to Receive Gypsum Veneer Plaster,ASTM,chapter35_referenced_standard_entry,"[""2508.1""]",provisional,"[40.1,721.567,402.261,732.697]","{""appendix"":null,""bbox"":[40.1,721.567,402.261,732.697],""chapter"":""35"",""line_id"":""poppler-line:84291350fa47234253d5"",""observed_text_sha256"":""0f83cc727a8bb611189cb66c4665243923dafb1e68028c1289b8c075f20347b1"",""pdf_page"":647,""printed_page"":""620""}",5d3b1f15ee12e539601b0246b40543031a248a36a739863225e1e56dfe981d2f
starts_on_page,ibc2018:chapter35-row:99cb972ae00a9f7286ac2ace,ibc2018:external-family:a3657dca728f8bdc8fcefd52,[],C847,C847—14a,14a,Specification for Metal Lath,ASTM,chapter35_referenced_standard_entry,"[""2507.2""]",provisional,"[60.0,86.767,216.015,97.897]","{""appendix"":null,""bbox"":[60.0,86.767,216.015,97.897],""chapter"":""35"",""line_id"":""poppler-line:7a31f47fe34661f91d4f"",""observed_text_sha256"":""36adf538b8ec48778c84b5bee7cb6390c0bad72238d54e016c3d17aa143eb85f"",""pdf_page"":648,""printed_page"":""621""}",145be5987ed93007de8929bd8919af78798d8a27b1ba995a0ff400efdac03c3a
starts_on_page,ibc2018:chapter35-row:e738bbf200c9f37418351d1e,ibc2018:external-family:a7b8a2d520f87968be364893,[],C887,C887—13,13,"Specification for Packaged, Dry Combined Materials for Surface Bonding Mortar",ASTM,chapter35_referenced_standard_entry,"[""1805.2.2"",""2103.2.2""]",provisional,"[60.0,111.817,417.167,122.947]","{""appendix"":null,""bbox"":[60.0,111.817,417.167,122.947],""chapter"":""35"",""line_id"":""poppler-line:2231fbf6776809d08348"",""observed_text_sha256"":""3c177d263e1d6b68b60273eec2cc62e890538f584ad137925b36478ca41f557f"",""pdf_page"":648,""printed_page"":""621""}",b0b4e0c4871d35017b00cc468c024d75b3002bcb85453f9960acac955a3b3f25
starts_on_page,ibc2018:chapter35-row:873582616d310ac034bc019a,ibc2018:external-family:8f78d7b3c526aa5bcbb220c7,[],C897,C897—15,15,Specification for Aggregate for Job-mixed Portland Cement-based Plaster,ASTM,chapter35_referenced_standard_entry,"[""2507.2""]",provisional,"[60.0,136.817,386.961,147.947]","{""appendix"":null,""bbox"":[60.0,136.817,386.961,147.947],""chapter"":""35"",""line_id"":""poppler-line:37f76b9a267ba14ca37c"",""observed_text_sha256"":""421535aa2f24037e44f8d7d4a06420a4f28bd7e93fb515edae373ae062607598"",""pdf_page"":648,""printed_page"":""621""}",f3761b56b7900dceec8d9e17aba2db4e77d59d25d6e8e3c9464dd5fe30f779f6
starts_on_page,ibc2018:chapter35-row:50806c652853fdc3e2d4b6a9,ibc2018:external-family:0e60e93ef8d4276d8943c84d,[],C920,C920—14a,14a,Standard for Specification for Elastomeric Joint Sealants,ASTM,chapter35_referenced_standard_entry,"[""2506.2""]",provisional,"[60.0,161.767,326.629,172.897]","{""appendix"":null,""bbox"":[60.0,161.767,326.629,172.897],""chapter"":""35"",""line_id"":""poppler-line:743c28d286f97d782753"",""observed_text_sha256"":""d10e7d7c2478474ed7a21a1aebe19a7659fcba1e0eb6b3217830b552a9d837b0"",""pdf_page"":648,""printed_page"":""621""}",fc4b8635854f3ef8d00d23d647c75fe71d1702001b11664fc2b5a0fd2487c3b7
starts_on_page,ibc2018:chapter35-row:49a9271b59d61135c97d7db5,ibc2018:external-family:60577e9e2fec4e6f15ca9fe0,[],C926,C926—15b,15b,Specification for Application of Portland Cement-based Plaster,ASTM,chapter35_referenced_standard_entry,"[""0.3"",""1.1.1"",""2.8.2"",""2.9"",""2109.2.4.8"",""2511.3"",""2511.4"",""2512.1"",""2512.1.2"",""2512.2"",""2512.6"",""2513.7""]",provisional,"[60.0,186.867,350.711,197.997]","{""appendix"":null,""bbox"":[60.0,186.867,350.711,197.997],""chapter"":""35"",""line_id"":""poppler-line:d627f966d1befa073d81"",""observed_text_sha256"":""1720ab7d7a1bd7b33be969a924bea26d467815b48cd4f53246118d3f79d5ff26"",""pdf_page"":648,""printed_page"":""621""}",8c9aaef5c59a0de83de53b3016de7d72128c500c6348e1ccff2076cb23e185d0
starts_on_page,ibc2018:chapter35-row:c545dddc7e57847ea74c053d,ibc2018:external-family:72f73c9678c1cbfece41bcc6,[],C932,C932—06(2013),06(2013),Specification for Surface-applied Bonding Compounds for Exterior Plastering,ASTM,chapter35_referenced_standard_entry,"[""2507.2""]",provisional,"[60.0,222.867,426.292,233.997]","{""appendix"":null,""bbox"":[60.0,222.867,426.292,233.997],""chapter"":""35"",""line_id"":""poppler-line:85df787fcbf815c3ec2c"",""observed_text_sha256"":""6474591faf505818124eac347f16d38664af58304603ac0ae000ee3e669caa4d"",""pdf_page"":648,""printed_page"":""621""}",b7794d533b997f1c3f9b2d76311ea12c100a7a20173712c090fb5b53e558a612
starts_on_page,ibc2018:chapter35-row:b2913955f1062e76d6bbda22,ibc2018:external-family:05dbf21dfd8bce4b4317f0c5,[],C933,C933—14,14,Specification for Welded Wire Lath,ASTM,chapter35_referenced_standard_entry,"[""2507.2""]",provisional,"[60.0,247.817,240.415,258.947]","{""appendix"":null,""bbox"":[60.0,247.817,240.415,258.947],""chapter"":""35"",""line_id"":""poppler-line:627560e230c5a52bc88f"",""observed_text_sha256"":""787a24351413bd1a04467b256027fa9f993b3fe5db4ef9af901d99f7aa39e5bc"",""pdf_page"":648,""printed_page"":""621""}",d5fc909ec38e6b7d5b5bfe792b3a56d12beabd8d3cba5795321086600dc7a33c
starts_on_page,ibc2018:chapter35-row:ec24ca8f42e5207bf3a99926,ibc2018:external-family:696b57ff1921a65a0d45879c,[],C946,C946—10,10,"Specification for Construction of Dry-stacked, Surface-bonded Walls",ASTM,chapter35_referenced_standard_entry,"[""2103.2.2"",""4.5""]",provisional,"[60.0,272.767,367.345,283.897]","{""appendix"":null,""bbox"":[60.0,272.767,367.345,283.897],""chapter"":""35"",""line_id"":""poppler-line:13559864bcba03d4c694"",""observed_text_sha256"":""17a83687d845eed85d168f152cc96da0fb5b9e8e165f9910c2824ee3a6d70576"",""pdf_page"":648,""printed_page"":""621""}",c030c060051cedb4bde86605dd3c5703a593ec906337daf1246c12ffd7b0c093
starts_on_page,ibc2018:chapter35-row:3cb71628833a57657fee363b,ibc2018:external-family:47e21f50de9831ffe9d9c97f,[],C954,C954—15,15,Specification for Steel Drill Screws for the Application of Gypsum Panel Products or Metal Plaster Bases to Steel Studs,ASTM,chapter35_referenced_standard_entry,"[""2506.2"",""2507.2""]",provisional,"[60.0,297.867,571.793,308.997]","{""appendix"":null,""bbox"":[60.0,297.867,571.793,308.997],""chapter"":""35"",""line_id"":""poppler-line:2c23a5f790d059d4dcfb"",""observed_text_sha256"":""2127c98b3696cc2462ad32389d43ec4557f1c5f649497b70374d342db7f5ab95"",""pdf_page"":648,""printed_page"":""621""}",2e07b93f39a97bf45772b75395d4b0ffd13977e5bf47679972c82619730f89e2
starts_on_page,ibc2018:chapter35-row:de1ca100f7c843f3f6973d52,ibc2018:external-family:04bcba309f9a09c6c0bfbd52,[],C956,C956—04(2015),04(2015),Specification for Installation of Cast-in-place Reinforced Gypsum Concrete,ASTM,chapter35_referenced_standard_entry,"[""4.1""]",provisional,"[60.0,333.867,415.916,344.997]","{""appendix"":null,""bbox"":[60.0,333.867,415.916,344.997],""chapter"":""35"",""line_id"":""poppler-line:1f52c57d9e6dbd2e14bb"",""observed_text_sha256"":""de3828de47830ebe454090a7f4b27a0a2b735ae93078ac7b12abf1fa16ee9546"",""pdf_page"":648,""printed_page"":""621""}",b084b3c42e42a09f353780186738d900628ad48bf4a3025c5bddf8b600683506
starts_on_page,ibc2018:chapter35-row:b1aef168af3f9e4986350eca,ibc2018:external-family:73123147874fb1a114e36c54,[],C957/C957M,C957/C957M—15,15,"Specification for High-solids Content, Cold Liquid-applied Elastomeric Waterproofing Membrane with Integral",ASTM,chapter35_referenced_standard_entry,"[""1507.1"",""5.2""]",provisional,"[60.0,358.817,572.032,369.947]","{""appendix"":null,""bbox"":[60.0,358.817,572.032,369.947],""chapter"":""35"",""line_id"":""poppler-line:a51dcf10f5f593d55673"",""observed_text_sha256"":""26ca418b49d730447fb6b9ecadbeccee6ef074163206feb45facc06727f057d3"",""pdf_page"":648,""printed_page"":""621""}",498e07d7edd72a24c3e1af2716416984f9fbc6005780b1ca437b17338aeec4c0
starts_on_page,ibc2018:chapter35-row:a6b22029661b52b8c8f703d6,ibc2018:external-family:35e9cf3b4c839fae3f93c589,[],C1002,C1002—14,14,Specification for Steel Self-piercing Tapping Screws for the Application of Gypsum Panel Products or Metal Plaster Bases,ASTM,chapter35_referenced_standard_entry,"[""2506.2"",""2507.2""]",provisional,"[60.0,394.817,571.693,405.947]","{""appendix"":null,""bbox"":[60.0,394.817,571.693,405.947],""chapter"":""35"",""line_id"":""poppler-line:95f22a40fcb3f8dd6b89"",""observed_text_sha256"":""036407cec04a05ee7e0857b2bb14ac4a974923fd2b2546dd14299f352c50fdf6"",""pdf_page"":648,""printed_page"":""621""}",1e269d519508c5dcdaadae97680d6b9015adf04fb06fc3763cddf06d26efe8b5
starts_on_page,ibc2018:chapter35-row:9c3a83889e02f6de648e5903,ibc2018:external-family:3dc54a434ecb84c1b957b272,[],C1007,C1007—11a(2015),11a(2015),Specification for Installation of Load Bearing (Transverse and Axial) Steel Studs and Related Accessories,ASTM,chapter35_referenced_standard_entry,"[""1.1.1"",""2508.1""]",provisional,"[60.0,430.817,539.468,441.947]","{""appendix"":null,""bbox"":[60.0,430.817,539.468,441.947],""chapter"":""35"",""line_id"":""poppler-line:2d4105005bd9a4de6b71"",""observed_text_sha256"":""7d3fd33e6c76b0157cc6f5c20930c9297f7fbb5111190f25bb4bcd262cc55ee5"",""pdf_page"":648,""printed_page"":""621""}",054a086ea73750db2ee352f180216a62a508b35624f09d8b51ed7bea18882596
starts_on_page,ibc2018:chapter35-row:d5f054ecf6afda3ba46b661e,ibc2018:external-family:2ca86d39337e2b100341a34d,[],C1029,C1029—15,15,Specification for Spray-applied Rigid Cellular Polyurethane Thermal Insulation,ASTM,chapter35_referenced_standard_entry,"[""1507.1"",""4.2""]",provisional,"[60.0,455.767,414.977,466.897]","{""appendix"":null,""bbox"":[60.0,455.767,414.977,466.897],""chapter"":""35"",""line_id"":""poppler-line:8e0afab52395cf309279"",""observed_text_sha256"":""0a29b433bd2f49c3d8edcda5582b397fab88f4e3295c96399a324d368f424d2d"",""pdf_page"":648,""printed_page"":""621""}",2a325d86fa941e0421359070359f110aaafa641fdb02479dc5f49e509445550c
starts_on_page,ibc2018:chapter35-row:7d79d9bdaac4d809cfcc27b3,ibc2018:external-family:651d2e062df19a48e489b2fe,[],C1032,C1032—14,14,Specification for Woven Wire Plaster Base,ASTM,chapter35_referenced_standard_entry,"[""2507.2""]",provisional,"[60.0,480.867,271.058,491.997]","{""appendix"":null,""bbox"":[60.0,480.867,271.058,491.997],""chapter"":""35"",""line_id"":""poppler-line:cdfb854aa0878161b08d"",""observed_text_sha256"":""7827ec837d2dac41a0f4a61fae9317b554451615a5eb81451a257cbe9c11110a"",""pdf_page"":648,""printed_page"":""621""}",2e8fe6cba7c9a9fd6ee6368d42af546cf76ae130ed5ddde071458f98c8a1a37c
starts_on_page,ibc2018:chapter35-row:45fc6ae55c5500b04fe0abd0,ibc2018:external-family:2f9d2ab22d79aacf4364fc64,[],C1047,C1047—14a,14a,Specification for Accessories for Gypsum Wallboard and Gypsum Veneer Base,ASTM,chapter35_referenced_standard_entry,"[""2506.2"",""2507.2""]",provisional,"[60.0,505.817,414.958,516.947]","{""appendix"":null,""bbox"":[60.0,505.817,414.958,516.947],""chapter"":""35"",""line_id"":""poppler-line:7fdd19257d4782d0544d"",""observed_text_sha256"":""2149a595740b8a2606ef9bcd74dd3da679c36202687ae801c5a4c4d78fdbb242"",""pdf_page"":648,""printed_page"":""621""}",7026ede7afcbb4b0155474ffcd3cea20cef742252be59b38aa9fe48c73f1f78f
starts_on_page,ibc2018:chapter35-row:b5cd9f749ffb4c8c5d1fca08,ibc2018:external-family:201bfb75d2738d2f7bde3aa6,[],C1063,C1063—15a,15a,Specification for Installation of Lathing and Furring to Receive Interior and Exterior Portland Cement-based Plaster,ASTM,chapter35_referenced_standard_entry,"[""0.3"",""2109.2.4.8"",""2511.1.1"",""2512.1.1""]",provisional,"[60.0,530.917,561.511,542.047]","{""appendix"":null,""bbox"":[60.0,530.917,561.511,542.047],""chapter"":""35"",""line_id"":""poppler-line:dc188a9e0b616d86cc18"",""observed_text_sha256"":""e7e6947d92be2084fe7a5889974871d60dd16771d74e336cc15864d82aaca6b3"",""pdf_page"":648,""printed_page"":""621""}",90260d43a4cbb100940dd04167e199c99fa7edb44a546a06256bf14dee3a5026
starts_on_page,ibc2018:chapter35-row:b0b748f9f44c22b703e5ba34,ibc2018:external-family:3d8ad4364a38ba1d3498b860,[],C1088,C1088—14,14,Specification for Thin Veneer Brick Units Made from Clay or Shale,ASTM,chapter35_referenced_standard_entry,"[""721.1(2)""]",provisional,"[60.0,555.867,367.068,566.997]","{""appendix"":null,""bbox"":[60.0,555.867,367.068,566.997],""chapter"":""35"",""line_id"":""poppler-line:1fa529e8fad0aad150ad"",""observed_text_sha256"":""c234aa88a069b41eb260d326dfba5f10a4928ed9eaede8c5e77fbd10eb2b984f"",""pdf_page"":648,""printed_page"":""621""}",fa253b7b0eabdaee7f27c678f7ffc24a8929e7b54457651e37cdf9d61ab2f96a
starts_on_page,ibc2018:chapter35-row:afc58e7872a2f2c4bac15cd0,ibc2018:external-family:504abb6f0eecb79446a919c3,[],C1157/C1157M,C1157/C1157M—11,11,Standard Performance Specification for Hydraulic Cement,ASTM,chapter35_referenced_standard_entry,"[""1903.1"",""2507.2""]",provisional,"[60.0,580.817,369.903,591.947]","{""appendix"":null,""bbox"":[60.0,580.817,369.903,591.947],""chapter"":""35"",""line_id"":""poppler-line:338d929cb31fe91bd614"",""observed_text_sha256"":""e63ec4c94df645af9cf75956b13481de301f2887a11c55bb55183d00b9fe897a"",""pdf_page"":648,""printed_page"":""621""}",f7caf2e1fe5278829fd188dc63a84bc9f21acc5da9ccab4188a94a282e5daf24
starts_on_page,ibc2018:chapter35-row:1102331331560554f49ac5a9,ibc2018:external-family:35607c3bf362785560951db1,[],C1167,C1167—11,11,Specification for Clay Roof Tiles,ASTM,chapter35_referenced_standard_entry,"[""1507.3.4""]",provisional,"[60.0,605.917,232.233,617.047]","{""appendix"":null,""bbox"":[60.0,605.917,232.233,617.047],""chapter"":""35"",""line_id"":""poppler-line:1b8ba57f8aa37215c2d5"",""observed_text_sha256"":""8839dab17a2c41841d0c0bd93bfd6859991773393ebf6041899d7a6e5df1016e"",""pdf_page"":648,""printed_page"":""621""}",9cf3406e38ad4134814b1405488cff8f6a6031b861be99675d5da19e416ef7c3
starts_on_page,ibc2018:chapter35-row:b9ece8c11ad8051b82c5cb74,ibc2018:external-family:b33185fe8ba51977d905ec5f,[],C1177/C1177M,C1177/C1177M—13,13,Specification for Glass Mat Gypsum Substrate for Use as Sheathing,ASTM,chapter35_referenced_standard_entry,"[""1508.2"",""2506.2""]",provisional,"[60.0,630.867,402.34,641.997]","{""appendix"":null,""bbox"":[60.0,630.867,402.34,641.997],""chapter"":""35"",""line_id"":""poppler-line:b46ddc4ac9d549c05e38"",""observed_text_sha256"":""fb6d9a776bcb41ca16278822df39d7a936dd0d047de9539c8c1d81b24897f746"",""pdf_page"":648,""printed_page"":""621""}",8ab578cb0260cfdfef14067a0939e67924f7c84fdaf817bfdb2a60a3dd4224e2
starts_on_page,ibc2018:chapter35-row:a2859df2d217b050d542c308,ibc2018:external-family:c5c17c640e6bab74efb673bd,[],C1178/C1178M,C1178/C1178M—13,13,Specification for Coated Mat Water-resistant Gypsum Backing Panel,ASTM,chapter35_referenced_standard_entry,"[""2506.2"",""2509.2""]",provisional,"[60.0,655.817,408.7,666.947]","{""appendix"":null,""bbox"":[60.0,655.817,408.7,666.947],""chapter"":""35"",""line_id"":""poppler-line:fab56f7373d689a9db50"",""observed_text_sha256"":""7021b0bc654f2708b3e8d4fbb5b375ef83dfd8a100490454ca07abdedd007ad0"",""pdf_page"":648,""printed_page"":""621""}",7b683f995a1f60c74206e6236eb6a22c7508a0b1233e11e77eed70d3c5dfcfd0
starts_on_page,ibc2018:chapter35-row:698be2ddee5c17066e3b94ac,ibc2018:external-family:b7d385d1a7705be452e854a1,[],C1186,C1186—08(2012),08(2012),Specification for Flat Fiber Cement Sheets,ASTM,chapter35_referenced_standard_entry,"[""1403.1"",""1404.16.2"",""404.16.1""]",provisional,"[60.0,680.917,294.403,692.047]","{""appendix"":null,""bbox"":[60.0,680.917,294.403,692.047],""chapter"":""35"",""line_id"":""poppler-line:d70f68ff93ccb29d5b79"",""observed_text_sha256"":""9558c8f1d022744e5f303d2a616c0dc7046af41c03ad291695b09e0813339ddc"",""pdf_page"":648,""printed_page"":""621""}",e7fdb33544705ed663094564328999232433518ec642f9fbe6a557d559c59889
starts_on_page,ibc2018:chapter35-row:07cde43f86b8024dfc765eef,ibc2018:external-family:336b925defd48f9c34c08c35,[],C1261,C1261—13,13,Specification for Firebox Brick for Residential Fireplaces,ASTM,chapter35_referenced_standard_entry,"[""1.6"",""11.9""]",provisional,"[60.0,705.867,327.103,716.997]","{""appendix"":null,""bbox"":[60.0,705.867,327.103,716.997],""chapter"":""35"",""line_id"":""poppler-line:1535b99fbe4437edad7f"",""observed_text_sha256"":""45cc86a03454884c7cc46d6d1b71fb952ed6aab7341af4b4f47cd2584484dec0"",""pdf_page"":648,""printed_page"":""621""}",683b1e55134fd200f8f99b1dd89391e35756bbd4e60cb340023593f1ddac9d9c
starts_on_page,ibc2018:chapter35-row:2de9e0d6622f8c7668599640,ibc2018:external-family:09dfd2dc9e832fb29afbc46f,[],C1278/C1278M,C1278/C1278M—07a(2011),07a(2011),Specification for Fiber-reinforced Gypsum Panel,ASTM,chapter35_referenced_standard_entry,"[""1508.2"",""2506.2""]",provisional,"[40.1,81.717,339.2,92.847]","{""appendix"":null,""bbox"":[40.1,81.717,339.2,92.847],""chapter"":""35"",""line_id"":""poppler-line:2595342697bc66eca840"",""observed_text_sha256"":""951fbdadbcb1fd7c515dc85a4c8ebebfd3c73f11fcaf27295639ea0179c27131"",""pdf_page"":649,""printed_page"":""622""}",1073baf3eed8398f90965a2f7772628dbd05f5027c4a32ecddbfce0b8b9b58d4
starts_on_page,ibc2018:chapter35-row:d125b4d52227ef21d7837552,ibc2018:external-family:89b0d6c10f407fdd6dbf3444,[],C1280,C1280—13a,13a,Specification for Application of Exterior Gypsum Panel Products for Use as Sheathing,ASTM,chapter35_referenced_standard_entry,"[""2508.1"",""2508.2""]",provisional,"[40.1,107.017,422.84,118.147]","{""appendix"":null,""bbox"":[40.1,107.017,422.84,118.147],""chapter"":""35"",""line_id"":""poppler-line:cca98cb151caf9fcc99b"",""observed_text_sha256"":""8611739e2d5baeb720dfb072bb70e22ee39419bbe51a0ce2740d81379c1b1b92"",""pdf_page"":649,""printed_page"":""622""}",6602b7713d5baabac5ce421a1284ba536fe58e2be08764c0224ba455467d48c6
starts_on_page,ibc2018:chapter35-row:4634e8101a0638796f42252e,ibc2018:external-family:4bdb6c6837672c9b6c428fe2,[],C1283,C1283—11,11,Practice for Installing Clay Flue Lining,ASTM,chapter35_referenced_standard_entry,"[""13.12"",""3.9.1""]",provisional,"[40.1,132.217,238.796,143.347]","{""appendix"":null,""bbox"":[40.1,132.217,238.796,143.347],""chapter"":""35"",""line_id"":""poppler-line:9d358a8a9e76acf76df6"",""observed_text_sha256"":""fc80be1a3c8592577f3008b52d1a658e8640b7cee030b6e064ac0378eaffcc18"",""pdf_page"":649,""printed_page"":""622""}",b59ccf2cbfeeec2579fdeac5a043c01283ee7c12626e47c4f46c3b0119b406bb
starts_on_page,ibc2018:chapter35-row:63699c7803bbf00f5cd8b01d,ibc2018:external-family:d37dac8d3499fd8d354d76c8,[],C1288,C1288—14,14,Standard Specification for Discrete Nonasbestos Fiber-cement Interior Substrate Sheets,ASTM,chapter35_referenced_standard_entry,"[""2509.2""]",provisional,"[40.1,157.567,424.603,168.697]","{""appendix"":null,""bbox"":[40.1,157.567,424.603,168.697],""chapter"":""35"",""line_id"":""poppler-line:59f639ee6c4e5e55182e"",""observed_text_sha256"":""1219977333f3d79f56e6c09be38dc84d34246b0c3b60b86daf1e72d664273dec"",""pdf_page"":649,""printed_page"":""622""}",818df2eb7499769277abadff582d0165861c800e46db479df77067e4dab5a156
starts_on_page,ibc2018:chapter35-row:2e1cd79506c9cc16a58572e7,ibc2018:external-family:3fb26583d4a4e7835e0245c6,[],C1289,C1289—15,15,Standard Specification for Faced Rigid Cellular Polyisocyanurate Thermal Insulation Board,ASTM,chapter35_referenced_standard_entry,"[""1508.2"",""2603.10"",""2603.12.1"",""2603.12.2""]",provisional,"[40.1,182.867,442.441,193.997]","{""appendix"":null,""bbox"":[40.1,182.867,442.441,193.997],""chapter"":""35"",""line_id"":""poppler-line:4755bd7f2f15e38f5c3c"",""observed_text_sha256"":""4dcaeee625482d87cfe3857ea6650d258033f54f994fd65719213a0669315c71"",""pdf_page"":649,""printed_page"":""622""}",7d00b342b1af1da4956e5f6cd51e8662ac893354dcecc9f6b99256c412dc3d21
starts_on_page,ibc2018:chapter35-row:a2ce16d92ff79408bd8ac7a4,ibc2018:external-family:6af805f736290d6bd7082f64,[],C1313/C1313M,C1313/C1313M—13,13,Standard Specification for Sheet Radiant Barriers for Building Construction Applications,ASTM,chapter35_referenced_standard_entry,"[""509.4""]",provisional,"[40.1,208.167,467.733,219.297]","{""appendix"":null,""bbox"":[40.1,208.167,467.733,219.297],""chapter"":""35"",""line_id"":""poppler-line:b2ac0a00b5847db69ee7"",""observed_text_sha256"":""d8e8a45e72966eff7a4d66130ba3eeee9bdbba765af38ffc3bb404456b33dcc7"",""pdf_page"":649,""printed_page"":""622""}",f8aa363676d5d2e2a73104cd6ad5b77af13f3f9c9436a6d17d7fa8ba244233c2
starts_on_page,ibc2018:chapter35-row:a83844504479ce5e4dcc84d8,ibc2018:external-family:fe865de39d1986fccca97adf,[],C1325,C1325—14,14,Standard Specification for Nonasbestos Fiber-mat Reinforced Cement Backer Units,ASTM,chapter35_referenced_standard_entry,"[""2509.2""]",provisional,"[40.1,233.367,408.991,244.497]","{""appendix"":null,""bbox"":[40.1,233.367,408.991,244.497],""chapter"":""35"",""line_id"":""poppler-line:1fd1360bec5ef4f0ea29"",""observed_text_sha256"":""a3e42f0400e9df01946cff62cbb01d347fd1cdbfca7edb94cc52ddca7fad2829"",""pdf_page"":649,""printed_page"":""622""}",305ab8916460a28d86df2340252d8cd55c4e716848ecee9e78452aba3b8592e2
starts_on_page,ibc2018:chapter35-row:87bda708797860f7c908bdf0,ibc2018:external-family:eadf0620685ba5483473c300,[],C1328/C1328M,C1328/C1328M—12,12,Specification for Plastic (Stucco Cement),ASTM,chapter35_referenced_standard_entry,"[""2507.2""]",provisional,"[40.1,258.717,279.425,269.847]","{""appendix"":null,""bbox"":[40.1,258.717,279.425,269.847],""chapter"":""35"",""line_id"":""poppler-line:5c4aa6b617ffbfe1a0f5"",""observed_text_sha256"":""f0a1bae5addedd21663f8f00a7f2a5afdfaeb7070ef3c3c1cd6d9df72d38568e"",""pdf_page"":649,""printed_page"":""622""}",e09894e5fe8382448830be1035710adf902919839e10bf4f4c73e1ca46160b4b
starts_on_page,ibc2018:chapter35-row:29c3891e7e09548410a912c5,ibc2018:external-family:e8fb8f158b15d8e5eb3a344c,[],C1364,C1364—10B,10B,Standard Specification for Architectural Cast Stone,ASTM,chapter35_referenced_standard_entry,"[""2103.1""]",provisional,"[40.1,284.017,292.52,295.147]","{""appendix"":null,""bbox"":[40.1,284.017,292.52,295.147],""chapter"":""35"",""line_id"":""poppler-line:e777c711e31530938bb6"",""observed_text_sha256"":""b890bb6672ad23b89d40e5ec154c216f9f10131a3aece0e1dc38ef265cf98b61"",""pdf_page"":649,""printed_page"":""622""}",cf5971cdf6e810f1a46806951efd1c31b460f61b673b824e2ef463229554cbb3
starts_on_page,ibc2018:chapter35-row:996def3815078249ba8e0372,ibc2018:external-family:7b857a0a99f7842fc9487645,[],C1396/C1396M,C1396/C1396M—14a,14a,Specification for Gypsum Board,ASTM,chapter35_referenced_standard_entry,"[""2506.2"",""722.5.1(2)"",""722.5.1(3)""]",provisional,"[40.1,309.317,251.591,320.447]","{""appendix"":null,""bbox"":[40.1,309.317,251.591,320.447],""chapter"":""35"",""line_id"":""poppler-line:ac6367dff3276f01cae6"",""observed_text_sha256"":""ec15d6cdd65fc06ab37ffc1d2c66be0cfc4330ea25369a43497a415fe3d1286c"",""pdf_page"":649,""printed_page"":""622""}",594b4087a7581e335e918b4fda5b7080428d03f71944d5ac794ac60d552ffafc
starts_on_page,ibc2018:chapter35-row:25380272aaac36fd0733410d,ibc2018:external-family:6ed4c426234b5d5d470f906b,[],C1492,C1492—03(2009),03(2009),Standard Specification for Concrete Roof Tile,ASTM,chapter35_referenced_standard_entry,"[""507.3.5""]",provisional,"[40.1,334.517,288.098,345.647]","{""appendix"":null,""bbox"":[40.1,334.517,288.098,345.647],""chapter"":""35"",""line_id"":""poppler-line:e77743c048896305a854"",""observed_text_sha256"":""1d4ed8155f0814ac28fbc5e5203745bc9f51b52fb4e8da554a0863a0b0b92627"",""pdf_page"":649,""printed_page"":""622""}",ffaf68d90cb268f6e24ff09da67e45fbec6d3982165f75dd0e9d11ac61ac69bf
starts_on_page,ibc2018:chapter35-row:a47fc710b65297324401d3bc,ibc2018:external-family:ad716d86dc1d7b08849e8e5a,[],C1568,C1568—08(2013),08(2013),Standard Test Method for Wind Resistance of Concrete and Clay Roof Tiles (Mechanical Uplift,ASTM,chapter35_referenced_standard_entry,"[""504.2.1.1""]",provisional,"[40.1,359.867,478.629,370.997]","{""appendix"":null,""bbox"":[40.1,359.867,478.629,370.997],""chapter"":""35"",""line_id"":""poppler-line:b97596fb28a259f46255"",""observed_text_sha256"":""f93b9f1351369dce4f935751a19a2b33539cf4e6c8093330541b4a7d5d78d5e7"",""pdf_page"":649,""printed_page"":""622""}",b81835b9f087eabd503b9522484482be83376bb633f78ad6d9faf9f49c84fd31
starts_on_page,ibc2018:chapter35-row:11f1721a0351853132f9eff3,ibc2018:external-family:7198749426c20af34ad35c0c,[],C1600/C1600M,C1600/C1600M—11,11,Standard Specification for Rapid Hardening Hydraulic Cement,ASTM,chapter35_referenced_standard_entry,"[""2507.2""]",provisional,"[40.1,396.217,367.303,407.347]","{""appendix"":null,""bbox"":[40.1,396.217,367.303,407.347],""chapter"":""35"",""line_id"":""poppler-line:0111d35d28da32c15192"",""observed_text_sha256"":""547b9adce013db07be41ed2f4a3f5dffec2d404b1682f3fd07e83a7aa942fc0a"",""pdf_page"":649,""printed_page"":""622""}",023cf0bae9827431af00b5da4b146081f4d2938e8e1e5ecc4fa4d85765914d13
starts_on_page,ibc2018:chapter35-row:e004ee6a989a2d5cf6fae29a,ibc2018:external-family:c2ccfdfd3c41de8102ad4658,[],C1629/C1629M,C1629/C1629M—15,15,Standard Classification for Abuse-resistant Nondecorated Interior Gypsum Panel Products and,ASTM,chapter35_referenced_standard_entry,"[""403.2.3.1"",""403.2.3.2"",""403.2.3.4""]",provisional,"[40.1,421.417,489.61,432.547]","{""appendix"":null,""bbox"":[40.1,421.417,489.61,432.547],""chapter"":""35"",""line_id"":""poppler-line:aa077ef255cbca2cfb3e"",""observed_text_sha256"":""91e6c2ddde97fcc6cd2fc33b1fcafb7f362024ceaf56dabb70c78e69685747ac"",""pdf_page"":649,""printed_page"":""622""}",d0d08ff8be16848428d0b007d2a5233fb3ded4499c18bf4216125ee447dab2f9
starts_on_page,ibc2018:chapter35-row:a196b2d52571f6ab966ccc17,ibc2018:external-family:321f8256a98bf1837ddcb84e,[],C1658/C1658M,C1658/C1658M—13,13,Standard Specification for Glass Mat Gypsum Panels,ASTM,chapter35_referenced_standard_entry,"[""2506.2""]",provisional,"[40.1,457.767,327.606,468.897]","{""appendix"":null,""bbox"":[40.1,457.767,327.606,468.897],""chapter"":""35"",""line_id"":""poppler-line:c29f5ef5487e6e0345c9"",""observed_text_sha256"":""fabacc7830d8d34afeb0f4659f573dec2f9178e9b21d0009f460f24774bb9bdf"",""pdf_page"":649,""printed_page"":""622""}",b89021672e00a6fea70428ba950103b28523e49e6636701e54d33fc8741c0669
starts_on_page,ibc2018:chapter35-row:c9f1b3a378b8a39090099dd9,ibc2018:external-family:64e61fd94777a62b0034131e,[],C1670,C1670—16,16,Standard Specification for Adhered Manufactured Stone Masonry Veneer Units,ASTM,chapter35_referenced_standard_entry,"[""2103.1""]",provisional,"[40.1,483.117,395.091,494.247]","{""appendix"":null,""bbox"":[40.1,483.117,395.091,494.247],""chapter"":""35"",""line_id"":""poppler-line:1479ae2731800199e22f"",""observed_text_sha256"":""a0b32478d321dc195473180800ac450dee4015fc5f2efce9f7f8ae038134f046"",""pdf_page"":649,""printed_page"":""622""}",ed46d19fc2d1922a4b120055ebb774232ef5ac46b2b59de782a33e57ca311b8d
starts_on_page,ibc2018:chapter35-row:cb96cdc82fa3cbc3d92a4261,ibc2018:external-family:7397c6e1ee410ecbd6b2bae3,[],C1766,C1766—13,13,Standard Specification for Factory-laminated Gypsum Panel Products,ASTM,chapter35_referenced_standard_entry,"[""2506.2""]",provisional,"[40.1,508.317,357.688,519.447]","{""appendix"":null,""bbox"":[40.1,508.317,357.688,519.447],""chapter"":""35"",""line_id"":""poppler-line:8aa5a5b32e9bf6cda975"",""observed_text_sha256"":""fcc4b05f22fe5939502cb9c9da99c81edfd7370422bc71abb45beda6da7ffcb1"",""pdf_page"":649,""printed_page"":""622""}",fe869bfb7e571cd086c1641cd1913258c0c4ed98117ea77609276fb58be77b19
starts_on_page,ibc2018:chapter35-row:c1b49a28b7e1742bb0ac1746,ibc2018:external-family:8b22f28e67e91c0b45a7bade,[],D25,D25—12,12,Specification for Round Timber Piles,ASTM,chapter35_referenced_standard_entry,"[""0.3.2.4"",""2303.1.12""]",provisional,"[40.1,533.617,221.382,544.747]","{""appendix"":null,""bbox"":[40.1,533.617,221.382,544.747],""chapter"":""35"",""line_id"":""poppler-line:0f9e17242ea1452fef61"",""observed_text_sha256"":""73955f402eb72e7365bf9cde623b9ae6bf0aa1810a052a51599ae72f32be5c6c"",""pdf_page"":649,""printed_page"":""622""}",40533838d7fc7cf484a6c27150c73a41da20de4791e5c1974c371ed540de8ea3
starts_on_page,ibc2018:chapter35-row:47aeea6538f4de9e57214cfe,ibc2018:external-family:b43eb1e050b13598de3b0013,[],D41/D41M,D41/D41M—11,11,"Specification for Asphalt Primer Used in Roofing, Dampproofing and Waterproofing",ASTM,chapter35_referenced_standard_entry,"[""0.2"",""1507.1""]",provisional,"[40.1,558.917,431.157,570.047]","{""appendix"":null,""bbox"":[40.1,558.917,431.157,570.047],""chapter"":""35"",""line_id"":""poppler-line:729795815fd0841cc73c"",""observed_text_sha256"":""51516341eb5bf36ce28b61ebb50dff33dd5ee93a75ee04948c9324f2d8b256a0"",""pdf_page"":649,""printed_page"":""622""}",f2092c25eab60f08087dd663705a508c75f59842d2989d891b056b390a0082ee
starts_on_page,ibc2018:chapter35-row:676440c957ff2c1513c87ff6,ibc2018:external-family:1fea005c6a590751501da182,[],D43/D43M,D43/D43M—00(2012)e1,00(2012)e1,"Specification for Coal Tar Primer Used in Roofing, Dampproofing and Waterproofing",ASTM,chapter35_referenced_standard_entry,"[""0.2"",""1507.1""]",provisional,"[40.1,584.267,468.307,595.397]","{""appendix"":null,""bbox"":[40.1,584.267,468.307,595.397],""chapter"":""35"",""line_id"":""poppler-line:2d4d155912162437a1d2"",""observed_text_sha256"":""86b0ee423099f9e49bd13f5aeec3036ad55dd6dd5f722f750cb41f437fac60b9"",""pdf_page"":649,""printed_page"":""622""}",8e4d6d7c454275a6f9671af3ef181b3015fe124c4669fbd17d0d727e1c54f9ea
starts_on_page,ibc2018:chapter35-row:e0dffdf923110d3c6a0af175,ibc2018:external-family:7410ab6be456e4fb960f60ce,[],D56,D56—05(2010),05(2010),Test Method for Flash Point by Tag Closed Cup Tester,ASTM,chapter35_referenced_standard_entry,[],provisional,"[40.1,609.467,313.502,620.597]","{""appendix"":null,""bbox"":[40.1,609.467,313.502,620.597],""chapter"":""35"",""line_id"":""poppler-line:0a663221fe9ced03a4b8"",""observed_text_sha256"":""42721d27d231246630cae2ff8e76aa2724a00553e5d6a0e3fe36170f3903817c"",""pdf_page"":649,""printed_page"":""622""}",df03df0fbca42165f55f3297b3a11538faf023503f9c94c52fdb2f1f593cf99c
starts_on_page,ibc2018:chapter35-row:c40d8120c183ed2786de4ef5,ibc2018:external-family:f9505209b3179192ca879585,[],D86,D86—15,15,Test Method for Distillation of Petroleum Products and Liquid Fuels at Atmospheric Pressure,ASTM,chapter35_referenced_standard_entry,[],provisional,"[40.1,634.767,439.11,645.897]","{""appendix"":null,""bbox"":[40.1,634.767,439.11,645.897],""chapter"":""35"",""line_id"":""poppler-line:68d42b41866042a5291e"",""observed_text_sha256"":""629a62fa10ac78404025a16badb691a982fdff9b70a543db1a9d9c2bc413f8f6"",""pdf_page"":649,""printed_page"":""622""}",86aaa3650f98c8bef87b417e5408c1014599d0e28c2704a6b4cf000f22933573
starts_on_page,ibc2018:chapter35-row:2ffd4c907d0c96c21d2bf144,ibc2018:external-family:9eef0987ad5f76be3c178299,[],D93,D93—15,15,Test Methods for Flash Point by Pensky-Martens Closed Cup Tester,ASTM,chapter35_referenced_standard_entry,[],provisional,"[40.1,660.067,341.002,671.197]","{""appendix"":null,""bbox"":[40.1,660.067,341.002,671.197],""chapter"":""35"",""line_id"":""poppler-line:d5cadee45468d56517a4"",""observed_text_sha256"":""bee01d8268b136cf450faacefdba3fdb2cf0200fe0f8a4f14d4e95472416e1c9"",""pdf_page"":649,""printed_page"":""622""}",9e79ba409818f89fa21a6e80e57c592cad50623fd25ca2fea279727ac8c9c823
starts_on_page,ibc2018:chapter35-row:f536e0d6b336b7fa69ef07e7,ibc2018:external-family:cf84268510aa8bc038886ef0,[],D226/D226M,D226/D226M—09,09,Specification for Asphalt-saturated Organic Felt Used in Roofing and Waterproofing,ASTM,chapter35_referenced_standard_entry,"[""0.2"",""1507.1"",""1507.1.1(1)"",""1507.9.5"",""403.2"",""505.2"",""507.1.1"",""507.18.3"",""507.18.4.1"",""507.3.3"",""507.8""]",provisional,"[40.1,685.417,439.857,696.547]","{""appendix"":null,""bbox"":[40.1,685.417,439.857,696.547],""chapter"":""35"",""line_id"":""poppler-line:081521cd54e1cb0bda02"",""observed_text_sha256"":""ba0d78a8f0b236ad6953607966b582859ed56b272ebd121a1d7400346f313665"",""pdf_page"":649,""printed_page"":""622""}",2af77391e9b3607a98f763d65930b6a709797d33c6dd61dc53b1a358c1597f79
starts_on_page,ibc2018:chapter35-row:4904060f63beb53a497a52ec,ibc2018:external-family:90bfc423afba7c87f9a28f01,[],D227/D227M,D227/D227M—03(2011)e1,03(2011)e1,Specification for Coal-tar-saturated Organic Felt Used in Roofing and Waterproofing,ASTM,chapter35_referenced_standard_entry,"[""0.2"",""1507.1""]",provisional,"[40.1,721.617,474.857,732.747]","{""appendix"":null,""bbox"":[40.1,721.617,474.857,732.747],""chapter"":""35"",""line_id"":""poppler-line:bceaf3ed44e621a1fbed"",""observed_text_sha256"":""979bbe57144e9ae880f716e8a573df0297f795dac1dcfbe61df3ed7e924520c9"",""pdf_page"":649,""printed_page"":""622""}",e48180d09aaf2998f5bfa1be71b0db484414155792a87ec3e409097028b20059
starts_on_page,ibc2018:chapter35-row:3a7fd4b318c218904c457bad,ibc2018:external-family:e887eca84b7704138e8c15fb,[],D312/D312M,D312/D312M—15,15,Specification for Asphalt Used in Roofing,ASTM,chapter35_referenced_standard_entry,"[""0.2"",""1507.1""]",provisional,"[60.0,86.867,293.165,97.997]","{""appendix"":null,""bbox"":[60.0,86.867,293.165,97.997],""chapter"":""35"",""line_id"":""poppler-line:38e51434f56ac0ab0393"",""observed_text_sha256"":""efdfed0185455d340189dda119b07f69d06cc9d866cbf6a7b6144d64abeaa54d"",""pdf_page"":650,""printed_page"":""623""}",4696ad4c489a63fb771e7d46c0a98cf2771d889d748dd9608f6fca6e00fd3104
starts_on_page,ibc2018:chapter35-row:7b46de49424ce05ae73aef2f,ibc2018:external-family:584f5d6f6e2beb0ddef77ff7,[],D422,D422—63(2007)e2,63(2007)e2,Test Method for Particle-size Analysis of Soils,ASTM,chapter35_referenced_standard_entry,"[""1803.5.3""]",provisional,"[60.0,111.967,311.58,123.097]","{""appendix"":null,""bbox"":[60.0,111.967,311.58,123.097],""chapter"":""35"",""line_id"":""poppler-line:430e30166301d42cdeca"",""observed_text_sha256"":""10cf24b0d730e2cd22002c1a9f4599a096bcf75472e36ca33ad7ab1810d5ecd6"",""pdf_page"":650,""printed_page"":""623""}",5c83d56db447476863ff7303ff19a2def0036908c258e84baf7b59c69b5dbc76
starts_on_page,ibc2018:chapter35-row:a29f076a80ad2811699ba562,ibc2018:external-family:9a3d62d8d4eedac7b05a5f83,[],D448,D448—2012,2012,Standard Classification for Sizes of Aggregate for Road and Bridge Construction,ASTM,chapter35_referenced_standard_entry,"[""1507.1"",""2.3"",""3.3""]",provisional,"[60.0,137.067,422.766,148.197]","{""appendix"":null,""bbox"":[60.0,137.067,422.766,148.197],""chapter"":""35"",""line_id"":""poppler-line:fb23116c51c713399257"",""observed_text_sha256"":""d483db39046dd1b0005be7dd4bdc229d8ac07eb3497db4f40dec55fe7396b23b"",""pdf_page"":650,""printed_page"":""623""}",3ca0485a7f44082d80b36e99af3ee5f7c57346c8a3f69b8f221981c197fe7344
starts_on_page,ibc2018:chapter35-row:e4133f124611f6b811b59b66,ibc2018:external-family:1bdede2807935e166cb9f190,[],D450/D450M,D450/D450M—07(2013)e1,07(2013)e1,"Specification for Coal-tar Pitch Used in Roofing, Dampproofing and Waterproofing",ASTM,chapter35_referenced_standard_entry,"[""0.2"",""1507.1""]",provisional,"[60.0,162.117,487.507,173.247]","{""appendix"":null,""bbox"":[60.0,162.117,487.507,173.247],""chapter"":""35"",""line_id"":""poppler-line:eb447b097a799db05c4a"",""observed_text_sha256"":""451ae97e966846ab78c09ed81d285aaf0f1283a60d5232c4d8e8ef9e3bbee369"",""pdf_page"":650,""printed_page"":""623""}",9bcbf38082441aca8da0b155cda85b56764d9df627cc17fa667b18242fb1d2bc
starts_on_page,ibc2018:chapter35-row:855be02539ffdba504ed3a00,ibc2018:external-family:b72c0d2f77651f4ccff77364,[],D635,D635—14,14,Test Method for Rate of Burning and/or Extent and Time of Burning of Plastics in a Horizontal Position,ASTM,chapter35_referenced_standard_entry,"[""2606.4""]",provisional,"[60.0,187.217,502.35,198.347]","{""appendix"":null,""bbox"":[60.0,187.217,502.35,198.347],""chapter"":""35"",""line_id"":""poppler-line:5adebfe08b03d4935dfe"",""observed_text_sha256"":""30c9240689fcb6bb13ad2516c5cf6bc33f66418b88d34dec332a438bd34c1c60"",""pdf_page"":650,""printed_page"":""623""}",235d75fe5da0331b8b0d0345591b28dbc75781cdf41ba57f7a8adc983b67cc6d
starts_on_page,ibc2018:chapter35-row:1a15a8c7df6be403d4d4fdef,ibc2018:external-family:d47998b5979003cfc164d204,[],D1143/D1143M,D1143/D1143M—07(2013),07(2013),Test Methods for Deep Foundations Under Static Axial Compressive Load,ASTM,chapter35_referenced_standard_entry,"[""0.3.3.1.2""]",provisional,"[60.0,212.317,452.178,223.447]","{""appendix"":null,""bbox"":[60.0,212.317,452.178,223.447],""chapter"":""35"",""line_id"":""poppler-line:0500acefc4e3ef7474d2"",""observed_text_sha256"":""f700ece402ceeb1702b8c030b2a6dccaa82dcb84d436cfa33cd3a1f8b20f5b1d"",""pdf_page"":650,""printed_page"":""623""}",a669a6871e79104de92c1fdece1f79a0e64cca56b8c608f4dfe5a8ae5498d5ab
starts_on_page,ibc2018:chapter35-row:f9296f431b49827a4b72deed,ibc2018:external-family:6eb547d6428d8ee9e7c06759,[],D1227,D1227—13,13,Specification for Emulsified Asphalt Used as a Protective Coating for Roofing,ASTM,chapter35_referenced_standard_entry,"[""0.2"",""1507.1"",""5.2""]",provisional,"[60.0,237.367,405.115,248.497]","{""appendix"":null,""bbox"":[60.0,237.367,405.115,248.497],""chapter"":""35"",""line_id"":""poppler-line:c0cda55cb35c13e5134f"",""observed_text_sha256"":""b59fb5451e00f780e0fd1a0c070be4c45d7c3c1da1e2a73dca31167a90dba2c0"",""pdf_page"":650,""printed_page"":""623""}",e2b5cd9bab5c99d9f558305d138df5a90b5a3615c7f3eea8b097ba62cea00ca1
starts_on_page,ibc2018:chapter35-row:0d4f825f8b3c7d2ef2fec2da,ibc2018:external-family:1e92d6738726fa12e7166c91,[],D1557,D1557—12e1,12e1,"Test Methods for Laboratory Compaction Characteristics of Soil Using Modified Effort [56,000 ft-lb/ft3 (2,700 kN m/m3)]",ASTM,chapter35_referenced_standard_entry,"[""1705.6"",""1804.6""]",provisional,"[60.0,262.07,563.143,273.597]","{""appendix"":null,""bbox"":[60.0,262.07,563.143,273.597],""chapter"":""35"",""line_id"":""poppler-line:f909c9ffd41e83e6f142"",""observed_text_sha256"":""8ea99b33f0e7157c4f31ca937e32bf3971c5f7cada688628bea8ae5803d48f79"",""pdf_page"":650,""printed_page"":""623""}",fa590389db443a3beb2471350aa707675b77afb1625a1e8219bfbbecfa60f69b
starts_on_page,ibc2018:chapter35-row:896bd163eb1bf0544aaa7f02,ibc2018:external-family:1d43fe305b9a713d9b257008,[],D1863/D1863M,D1863/D1863M—05(2011)e1,05(2011)e1,Specification for Mineral Aggregate Used on Built-up Roofs,ASTM,chapter35_referenced_standard_entry,"[""0.2"",""1507.1""]",provisional,"[60.0,287.517,404.598,298.647]","{""appendix"":null,""bbox"":[60.0,287.517,404.598,298.647],""chapter"":""35"",""line_id"":""poppler-line:3040261a597885809486"",""observed_text_sha256"":""de8d0969c83c8fee1451c8934df440fa122227eaeeeebf990c2f132613b369bf"",""pdf_page"":650,""printed_page"":""623""}",7e16dafff3b87c392ebad98849acfccc15ed51128041a1133911ba7d93f6f64c
starts_on_page,ibc2018:chapter35-row:9d5766620b4fd9bc8ea3a34b,ibc2018:external-family:a30026d31c34d07e69e24c88,[],D1929,D1929—16,16,Standard Test Method for Determining Ignition Temperature of Plastics,ASTM,chapter35_referenced_standard_entry,"[""1.2.1"",""1408.1"",""2606.4"",""402.6.4.4"",""406.11.2.1"",""406.11.3.3"",""406.11.4.2"",""406.7.2""]",provisional,"[60.0,312.617,385.619,323.747]","{""appendix"":null,""bbox"":[60.0,312.617,385.619,323.747],""chapter"":""35"",""line_id"":""poppler-line:29b4860e1915c002858a"",""observed_text_sha256"":""5ab885a9d9d517b76dc3c75ec4e3b5cc3ceaaa5f169b21ca3088bd319d6fb32d"",""pdf_page"":650,""printed_page"":""623""}",8c7511b6241f74d78fb2dd233cb0462d71df8684c0af73dd2d52758a0d4d06e7
starts_on_page,ibc2018:chapter35-row:1ea590dd80035102d79e31be,ibc2018:external-family:f9780d15f1d1fd9dda9eaf5f,[],D1970/D1970M,D1970/D1970M—15a,15a,Specification for Self-adhering Polymer Modified Bituminous Sheet Materials Used as Steep Roof,ASTM,chapter35_referenced_standard_entry,"[""1507.1"",""1507.1.1"",""1507.3.9"",""1507.5.7"",""1507.9.9"",""502.2.8.2"",""507.11.2.1"",""507.8.8"",""8.4.1""]",provisional,"[60.0,337.667,521.821,348.797]","{""appendix"":null,""bbox"":[60.0,337.667,521.821,348.797],""chapter"":""35"",""line_id"":""poppler-line:f13720eaaff34e00063b"",""observed_text_sha256"":""a90ab6a13330fe53ee7feac6c50de7e45e130230695bbbbbb7174805801e8b6e"",""pdf_page"":650,""printed_page"":""623""}",1c1e6fe8efc6fbd30788c568c6f9685e4148f0480d836475723726e84064d290
starts_on_page,ibc2018:chapter35-row:0e606e58c7586fc6da8ce0d9,ibc2018:external-family:8a293788aaf5f4f426634add,[],D2178/D2178M,D2178/D2178M—15,15,Specification for Asphalt Glass Felt Used in Roofing and Waterproofing,ASTM,chapter35_referenced_standard_entry,"[""0.2"",""1507.1""]",provisional,"[60.0,373.667,419.007,384.797]","{""appendix"":null,""bbox"":[60.0,373.667,419.007,384.797],""chapter"":""35"",""line_id"":""poppler-line:70c338e137811f5ba30c"",""observed_text_sha256"":""ddb3a0f5de45b87129eb91cbccd0eff8fced82e517117a12c540bca7a5a47572"",""pdf_page"":650,""printed_page"":""623""}",6e6f9fbc5648708380f2f03705edccbb35c94b4594b3fe241b1e5977b1c94b5b
starts_on_page,ibc2018:chapter35-row:90a6475703d6a366af6c4572,ibc2018:external-family:975cd033d1739c2fc2f4c360,[],D2487,D2487—11,11,Practice for Classification of Soils for Engineering Purposes (Unified Soil Classification System),ASTM,chapter35_referenced_standard_entry,"[""1610.1"",""803.5.1""]",provisional,"[60.0,398.767,474.066,409.897]","{""appendix"":null,""bbox"":[60.0,398.767,474.066,409.897],""chapter"":""35"",""line_id"":""poppler-line:83a208f79d06f5431394"",""observed_text_sha256"":""029a0c986f7b336cb94c2cb1f4387d1d964a89ec46f728bcb5ac7738706c0822"",""pdf_page"":650,""printed_page"":""623""}",24141da0eaced1bd6d7c088b3904020c492b86226dea82ee55f1ed67136b47ad
starts_on_page,ibc2018:chapter35-row:4323d302a937f56f797224f9,ibc2018:external-family:3bb9c476e855594fac6a40b5,[],D2626/D2626M,D2626/D2626M—04(2012)e1,04(2012)e1,Specification for Asphalt Saturated and Coated Organic Felt Base Sheet Used in Roofing,ASTM,chapter35_referenced_standard_entry,"[""0.2"",""1507.1"",""1507.1.1(1)"",""507.3.3""]",provisional,"[60.0,423.867,515.365,434.997]","{""appendix"":null,""bbox"":[60.0,423.867,515.365,434.997],""chapter"":""35"",""line_id"":""poppler-line:fef34667004bf2ce3aa0"",""observed_text_sha256"":""c563306e754d8cd65039616cab4965da14ee989c3b3d24cf1ba87f289488bbd0"",""pdf_page"":650,""printed_page"":""623""}",11549425c4dddba9fdc7880989c6ec03be7076d0b4059fed3bec47cde62f4937
starts_on_page,ibc2018:chapter35-row:4057fed4142d25f026ca23ec,ibc2018:external-family:e68aac5dd14ade8c056ceb1d,[],D2822/D2822M,D2822/D2822M—05(2011)e1,05(2011)e1,"Specification for Asphalt Roof Cement, Asbestos Containing",ASTM,chapter35_referenced_standard_entry,"[""0.2"",""1507.1""]",provisional,"[60.0,448.917,406.855,460.047]","{""appendix"":null,""bbox"":[60.0,448.917,406.855,460.047],""chapter"":""35"",""line_id"":""poppler-line:efd3795e860233c11f6a"",""observed_text_sha256"":""205597c1e9a09ca073393e47642d32a97b7402b7b0394743ca682153286a1ac6"",""pdf_page"":650,""printed_page"":""623""}",2fe7482d3461b8890f0e3733e6152efbfa61343d5371c3b85b8305c3ce42579a
starts_on_page,ibc2018:chapter35-row:147a67f4df15a4f92995b224,ibc2018:external-family:fb53ad2aaf28ee2642cf82e4,[],D2823/D2823M,D2823/D2823M—05(2011)e1,05(2011)e1,"Specification for Asphalt Roof Coatings, Asbestos Containing",ASTM,chapter35_referenced_standard_entry,"[""0.2"",""1507.1""]",provisional,"[60.0,474.017,410.805,485.147]","{""appendix"":null,""bbox"":[60.0,474.017,410.805,485.147],""chapter"":""35"",""line_id"":""poppler-line:77b8616ec4b75d63c95d"",""observed_text_sha256"":""4b9baaf715cced394e3f130f6c4edfb29f62381668efdb0b54a6219f606ef54e"",""pdf_page"":650,""printed_page"":""623""}",4ce2794aea21e927cbb5c51fae27e4fa2ddc780a623f54e36e7f2bc81ec55652
starts_on_page,ibc2018:chapter35-row:659d4578fe2d05eda79c6ed9,ibc2018:external-family:8a1e0f060061bb5c5bdcdb0f,[],D2824/D2824M,D2824/D2824M—13,13,"Standard Specification for Aluminum-pigmented Asphalt Roof Coatings, Nonfibered and Fibered without",ASTM,chapter35_referenced_standard_entry,"[""0.2"",""1507.1""]",provisional,"[60.0,499.117,572.052,510.247]","{""appendix"":null,""bbox"":[60.0,499.117,572.052,510.247],""chapter"":""35"",""line_id"":""poppler-line:b258b27727899b05d619"",""observed_text_sha256"":""b711df7f590bd2af2bad195ff5a765bf9bb3a59cfaf778317e37b8a748b201e5"",""pdf_page"":650,""printed_page"":""623""}",62034f23f870ad440cf79e28539453612464cae21c82b168b2d0ab962bce22c7
starts_on_page,ibc2018:chapter35-row:10a146b911b281675e351bc8,ibc2018:external-family:07f6c5363af40ae3d697dc54,[],D2843,D2843—16,16,Standard Test Method for Density of Smoke from the Burning or Decomposition of Plastics,ASTM,chapter35_referenced_standard_entry,"[""2606.4""]",provisional,"[60.0,535.217,457.669,546.347]","{""appendix"":null,""bbox"":[60.0,535.217,457.669,546.347],""chapter"":""35"",""line_id"":""poppler-line:8799f0f24252f67f7e8e"",""observed_text_sha256"":""16c80a73120202f1b59d483dc24a45336d685abfede738ae0d6e65a586a48ddf"",""pdf_page"":650,""printed_page"":""623""}",cdcea82fa52a7e6014384af0fbbacfca44a0bb490d0c885100fb3c056b9b98f6
starts_on_page,ibc2018:chapter35-row:4d2927baddcc9c716a510ade,ibc2018:external-family:ad43b948ad7c87d8fb1f5c2e,[],D2859,D2859—16,16,Standard Test Method for Ignition Characteristics of Finished Textile Floor Covering Materials,ASTM,chapter35_referenced_standard_entry,"[""804.4.1"",""804.4.2""]",provisional,"[60.0,560.317,475.196,571.447]","{""appendix"":null,""bbox"":[60.0,560.317,475.196,571.447],""chapter"":""35"",""line_id"":""poppler-line:b953a83c4c40a781b97c"",""observed_text_sha256"":""fde05807f94207c8dd21ac56b522e220df1b1e2d88278802e86256bd787cf612"",""pdf_page"":650,""printed_page"":""623""}",7da03f56cf43cf308bebad04e2a0ef5b45ee42bfade74369f9b572f5869d32c4
starts_on_page,ibc2018:chapter35-row:561e963da12eb543d56fbcaf,ibc2018:external-family:58f9d703459b25e0c891b833,[],D2898,D2898—10,10,Test Methods for Accelerated Weathering of Fire-retardant-treated Wood for Fire Testing,ASTM,chapter35_referenced_standard_entry,"[""1505.1"",""2303.2.4"",""2303.2.6""]",provisional,"[60.0,585.417,455.006,596.547]","{""appendix"":null,""bbox"":[60.0,585.417,455.006,596.547],""chapter"":""35"",""line_id"":""poppler-line:58da9bf9f16d3f5ae2e9"",""observed_text_sha256"":""aa0bf1c85879dd31fa5b1e59769e8d82439202ecad0c2dea20bd0c8608046ff2"",""pdf_page"":650,""printed_page"":""623""}",9cf5086d70799ee08c68091c729772b9c13b14810d700d8958940fcbbf616a26
starts_on_page,ibc2018:chapter35-row:6b48f7c498840a841841bc01,ibc2018:external-family:7332013e76a45c047cb48e72,[],D3019,D3019—08,08,"Specification for Lap Cement Used with Asphalt Roll Roofing, Nonfibered, Asbestos Fibered and Nonasbestos Fibered",ASTM,chapter35_referenced_standard_entry,"[""0.2"",""1507.1""]",provisional,"[60.0,610.467,560.861,621.597]","{""appendix"":null,""bbox"":[60.0,610.467,560.861,621.597],""chapter"":""35"",""line_id"":""poppler-line:36db473a02085f451008"",""observed_text_sha256"":""b1f812c6ecfabfe1c526b998d7a40856713d5463d634d53592ab907283901212"",""pdf_page"":650,""printed_page"":""623""}",f4af22e115b336ecb7180daa611c3d0f7b14e7533ef1575aebf9d75db6c82ff7
starts_on_page,ibc2018:chapter35-row:f5d76fa1e11843d4b28951a2,ibc2018:external-family:f5f96e4e6366f393ef2c87ce,[],D3161/D3161M,D3161/D3161M—15,15,Test Method for Wind Resistance of Steep Slope Roofing Products (Fan Induced Method),ASTM,chapter35_referenced_standard_entry,"[""1504.1.1"",""1504.3.3"",""1507.1"",""504.1.1"",""7.8""]",provisional,"[60.0,635.567,486.125,646.697]","{""appendix"":null,""bbox"":[60.0,635.567,486.125,646.697],""chapter"":""35"",""line_id"":""poppler-line:cbd4c3090dc02c6b3d49"",""observed_text_sha256"":""f9577a77060437b7bc2dd97dc2271f9e6bf91d5e7c117622f5f4729511812632"",""pdf_page"":650,""printed_page"":""623""}",64e16c7a9f4e497411356646a6b0b28aaedee0b123ffa5bdcaefe4501795eedb
starts_on_page,ibc2018:chapter35-row:0e19bcd9cab1312a1953790c,ibc2018:external-family:3b5c7281eaadaeefb34457ed,[],D3200,D3200—74(2012),74(2012),Standard Specification and Test Method for Establishing Recommended Design Stresses for Round Timber,ASTM,chapter35_referenced_standard_entry,"[""2303.1.1""]",provisional,"[60.0,660.667,571.917,671.797]","{""appendix"":null,""bbox"":[60.0,660.667,571.917,671.797],""chapter"":""35"",""line_id"":""poppler-line:d6b91e83e08afc3d7869"",""observed_text_sha256"":""58c8c49c802b8bc0ad485000f82fff29808341203a3968e426d632918bc741c3"",""pdf_page"":650,""printed_page"":""623""}",3b10cc49f148b75b702b3b31c5a6ae491bf70728fc70fc7b105cffd624e778eb
starts_on_page,ibc2018:chapter35-row:f21754996351d10e9e22ba0b,ibc2018:external-family:7b87f8008f7c3a5ef65664ef,[],D3201/D3201M,D3201/D3201M—13,13,Test Method for Hygroscopic Properties of Fire-retardant-treated Wood and Wood-based Products,ASTM,chapter35_referenced_standard_entry,"[""2303.2.7""]",provisional,"[60.0,696.767,524.838,707.897]","{""appendix"":null,""bbox"":[60.0,696.767,524.838,707.897],""chapter"":""35"",""line_id"":""poppler-line:3d77d9d04e07e282cb41"",""observed_text_sha256"":""b6223bb305536c010a9c98ad05621913055922a3dca31722598a0f625f4f21f8"",""pdf_page"":650,""printed_page"":""623""}",b4c3e4950431ede665cc3a19a3e704c8b69ca3d4c873993882e92f442e57e3ee
starts_on_page,ibc2018:chapter35-row:55a4280149bb560338a87368,ibc2018:external-family:e1747c1271aa227cf900133e,[],D3278,D3278—96(2011),96(2011),Test Methods for Flash Point of Liquids by Small Scale Closed-cup Apparatus,ASTM,chapter35_referenced_standard_entry,[],provisional,"[60.0,721.867,431.359,732.997]","{""appendix"":null,""bbox"":[60.0,721.867,431.359,732.997],""chapter"":""35"",""line_id"":""poppler-line:17a79c88d2171de1642d"",""observed_text_sha256"":""fe99d7cd6d024476e082d43c5b4a6fbb5b484cb5f6716382bf6fd2472c39dc18"",""pdf_page"":650,""printed_page"":""623""}",188f3f6792f9bb1f22583db23745a63994ce8d5634d97d0c8680d76a90d796b1
starts_on_page,ibc2018:chapter35-row:ff3599484f2e0efb3b559c02,ibc2018:external-family:179bb39f2c8531738b0f8151,[],D3462/D3462M,D3462/D3462M—10a,10a,Specification for Asphalt Shingles Made from Glass Felt and Surfaced with Mineral Granules,ASTM,chapter35_referenced_standard_entry,"[""507.2.4""]",provisional,"[40.1,87.267,486.391,98.397]","{""appendix"":null,""bbox"":[40.1,87.267,486.391,98.397],""chapter"":""35"",""line_id"":""poppler-line:86095305dd51da55aad5"",""observed_text_sha256"":""0e5883b807b90ff83c5ef9f98ac1ca66dbe3fc8b46210e2dcd9b77af46f2376a"",""pdf_page"":651,""printed_page"":""624""}",27fff93945bdeb055943cc924b10df9dc133bf074cc8f9ac8bdb8a61800e63d8
starts_on_page,ibc2018:chapter35-row:d62d99fbe8bbd3d93d2c4441,ibc2018:external-family:cee6a06c50be8ec39800145e,[],D3468/D3468M,D3468/D3468M—99(2013)e1,99(2013)e1,Specification for Liquid-applied Neoprene and Chlorosulfonated Polyethylene Used in Roofing and,ASTM,chapter35_referenced_standard_entry,"[""507.15.2""]",provisional,"[40.1,113.267,551.91,124.397]","{""appendix"":null,""bbox"":[40.1,113.267,551.91,124.397],""chapter"":""35"",""line_id"":""poppler-line:120ca65c0e56319c4736"",""observed_text_sha256"":""065bd0766c984f1616688d4042e604509dddbdda24a3caa4530e148583e04e84"",""pdf_page"":651,""printed_page"":""624""}",76f2449c314cfd20a52a20f8f2279ff60a8838c3215f41abadc57cfb1000b6e0
starts_on_page,ibc2018:chapter35-row:daca6dca47d7231af6270d25,ibc2018:external-family:0bff6eb89f3133682968e912,[],D3679,D3679—13,13,Specification for Rigid Poly (Vinyl Chloride) (PVC) Siding,ASTM,chapter35_referenced_standard_entry,"[""1404.1"",""403.9""]",provisional,"[40.1,150.217,312.092,161.347]","{""appendix"":null,""bbox"":[40.1,150.217,312.092,161.347],""chapter"":""35"",""line_id"":""poppler-line:6b8688bdb48f0d4c6835"",""observed_text_sha256"":""36572539bde911f4e86d834ea25f13fcdf9125569e9c706a5f5af165f48d9bbc"",""pdf_page"":651,""printed_page"":""624""}",60af1c024f43b76c1233edb1b8847b9951768ad57e24462603f18c77bd226a25
starts_on_page,ibc2018:chapter35-row:f4ef42f0fb5d2dc773c08fb2,ibc2018:external-family:ed00c478e524654874f1547a,[],D3689/D3698M,D3689/D3698M—07(2013)e1,07(2013)e1,Test Methods for Deep Foundations under Static Axial Tensile Load,ASTM,chapter35_referenced_standard_entry,"[""0.3.3.1.5""]",provisional,"[40.1,176.167,417.228,187.297]","{""appendix"":null,""bbox"":[40.1,176.167,417.228,187.297],""chapter"":""35"",""line_id"":""poppler-line:ed674aac5a13fc1f5ed5"",""observed_text_sha256"":""8bb350c529d641a570bb77af4825a273d3178b0e8ba70df17864c57d249924f8"",""pdf_page"":651,""printed_page"":""624""}",8906f64d4e202a811d4175c80120dd273e5d52727f812f6ab29dfd81a2f3fb7d
starts_on_page,ibc2018:chapter35-row:26cf6878dcbdb8a3b70e50b9,ibc2018:external-family:a56d3bd6f9723ede229f4958,[],D3737,D3737—12,12,Practice for Establishing Allowable Properties for Structural Glued Laminated Timber (Glulam),ASTM,chapter35_referenced_standard_entry,"[""2303.1.3""]",provisional,"[40.1,202.067,459.331,213.197]","{""appendix"":null,""bbox"":[40.1,202.067,459.331,213.197],""chapter"":""35"",""line_id"":""poppler-line:10a1e3030d165772491d"",""observed_text_sha256"":""87e63628479c273546ffbc9590649b023b0dc64211a1f3f67b33711c639daed3"",""pdf_page"":651,""printed_page"":""624""}",cb15338f2540d676b55222834068160356888b21d5054b28b698007d17a62ed8
starts_on_page,ibc2018:chapter35-row:e20d24278655d8aac7944dd9,ibc2018:external-family:fbb3da77c615594e21474b45,[],D3746,D3746—85(2008),85(2008),Test Method for Impact Resistance of Bituminous Roofing Systems,ASTM,chapter35_referenced_standard_entry,"[""504.7""]",provisional,"[40.1,228.117,368.775,239.247]","{""appendix"":null,""bbox"":[40.1,228.117,368.775,239.247],""chapter"":""35"",""line_id"":""poppler-line:5af1851024e36929e37a"",""observed_text_sha256"":""724a415607810a2900585519f614364fa09d9229e2a33134251560eb0854e212"",""pdf_page"":651,""printed_page"":""624""}",1f6f53ebb8823c5d35162d82dcefa647d635405a57965e8a69e3438d34354c8a
starts_on_page,ibc2018:chapter35-row:9aa1a281fc5374b7b51e35cf,ibc2018:external-family:d6ed0be83d5af19c283e9187,[],D3747,D3747—79(2007),79(2007),Specification for Emulsified Asphalt Adhesive for Adhering Roof Insulation,ASTM,chapter35_referenced_standard_entry,"[""0.2"",""1507.1""]",provisional,"[40.1,254.017,402.377,265.147]","{""appendix"":null,""bbox"":[40.1,254.017,402.377,265.147],""chapter"":""35"",""line_id"":""poppler-line:dbb7bf36f4c6b25b27cd"",""observed_text_sha256"":""137a8c45bd0b955e8d2f8f70c63fd284f3b3cc32a4ceab3995dd0de6f00a8e42"",""pdf_page"":651,""printed_page"":""624""}",b11e55c1b3cee51ddb3788ac64716928de0a5bd4b762edc81902d303b125a62d
starts_on_page,ibc2018:chapter35-row:fa6a0bbec33e7fbf81beb550,ibc2018:external-family:3798668d3dd99734e4892e3e,[],D3909/D3909M,D3909/D3909M—14,14,Specification for Asphalt Roll Roofing (Glass Felt) Surfaced with Mineral Granules,ASTM,chapter35_referenced_standard_entry,"[""1507.10.2"",""1507.6.5"",""507.2.8.2""]",provisional,"[40.1,279.967,442.491,291.097]","{""appendix"":null,""bbox"":[40.1,279.967,442.491,291.097],""chapter"":""35"",""line_id"":""poppler-line:d3037e29623a93316ee0"",""observed_text_sha256"":""4c3a1e109e74fd891f6ac41f1ef71e768d8d2d18507a01a90b360a6eeef842d5"",""pdf_page"":651,""printed_page"":""624""}",f02b097b0e5e217b2af63eeba80590dddf63b8d5af8c1711b2bed135d6e3b4ae
starts_on_page,ibc2018:chapter35-row:4ada035ba59fa1c6d45d1ae6,ibc2018:external-family:7cf69ef2f89b155385621dcc,[],D3957,D3957—09,09,Standard Practices for Establishing Stress Grades for Structural Members Used in Log Buildings,ASTM,chapter35_referenced_standard_entry,"[""2303.1.1""]",provisional,"[40.1,305.967,461.043,317.097]","{""appendix"":null,""bbox"":[40.1,305.967,461.043,317.097],""chapter"":""35"",""line_id"":""poppler-line:6c2b11271ef43890f83a"",""observed_text_sha256"":""d66e7aa152a558d438eada2dbdadd50dcca2f228540dad89a77e06e7f33354a2"",""pdf_page"":651,""printed_page"":""624""}",c81712da0b35c915ea6b5c0663f6ef59e548604863125160d43a3307fea1334f
starts_on_page,ibc2018:chapter35-row:50c91afbfb7618e46aad0517,ibc2018:external-family:8fd7f8975610044bbe170537,[],D4022/D4022M,D4022/D4022M—07(2012)e1,07(2012)e1,"Specification for Coal Tar Roof Cement, Asbestos Containing",ASTM,chapter35_referenced_standard_entry,"[""0.2"",""1507.1""]",provisional,"[40.1,331.917,391.755,343.047]","{""appendix"":null,""bbox"":[40.1,331.917,391.755,343.047],""chapter"":""35"",""line_id"":""poppler-line:8cd38a94a5c2de88724f"",""observed_text_sha256"":""f30e4932988f1a67bd8edd95005484677a37facc2c4276e24e7509f633c4cc29"",""pdf_page"":651,""printed_page"":""624""}",da9179d9f9f8067979aaebf7c637422214e04d80dd24086a0742d54688ce59eb
starts_on_page,ibc2018:chapter35-row:64df7a82236aeb18b2224c87,ibc2018:external-family:18f82dc170cef1141c133b64,[],D4272,D4272—15,15,Test Method for Total Energy Impact of Plastic Films by Dart Drop,ASTM,chapter35_referenced_standard_entry,"[""504.7""]",provisional,"[40.1,357.817,347.938,368.947]","{""appendix"":null,""bbox"":[40.1,357.817,347.938,368.947],""chapter"":""35"",""line_id"":""poppler-line:57f08ee409c93c08df05"",""observed_text_sha256"":""28186777e20f5e0db8bd6939d217bfa5dc76b0efa406fa1f993c54fc5c7003fa"",""pdf_page"":651,""printed_page"":""624""}",4181432d631da97cbc0dfb2be9c3be20ababcb17e0fe355b0ce7b904c7d0e35b
starts_on_page,ibc2018:chapter35-row:bd6ca0e99e3a7e7c1c6937c2,ibc2018:external-family:986121e50b62ccd74684837d,[],D4318,D4318—10e1,10e1,"Test Methods for Liquid Limit, Plastic Limit and Plasticity Index of Soils",ASTM,chapter35_referenced_standard_entry,"[""803.5.3""]",provisional,"[40.1,383.867,376.23,394.997]","{""appendix"":null,""bbox"":[40.1,383.867,376.23,394.997],""chapter"":""35"",""line_id"":""poppler-line:e0fd8ebd6181fa18062b"",""observed_text_sha256"":""f43ed4a615e131eac0773ebd6d7c14914b03c50c8e53f740fc19d7a0ff4c5470"",""pdf_page"":651,""printed_page"":""624""}",586639bb802f230b6f76fc6bb3ee71e992cd0b1e4682b325108e6d8fab3a17e2
starts_on_page,ibc2018:chapter35-row:416d0db5fb2f84ecf17037d2,ibc2018:external-family:df76dc92551c09c6bd787a61,[],D4434/D4434M,D4434/D4434M—12,12,Specification for Poly (Vinyl Chloride) Sheet Roofing,ASTM,chapter35_referenced_standard_entry,"[""507.13.2""]",provisional,"[40.1,409.767,326.666,420.897]","{""appendix"":null,""bbox"":[40.1,409.767,326.666,420.897],""chapter"":""35"",""line_id"":""poppler-line:dd7e8e11410fcd00c406"",""observed_text_sha256"":""1a3b2dcf53c0087d47e8c15b197965bb639a31e81bfbb0887c593e980e2d08d1"",""pdf_page"":651,""printed_page"":""624""}",fde8e082e6a4efd40a0162ed85f5ebbac7a0d49821e6173db4090282f2dd2c3b
starts_on_page,ibc2018:chapter35-row:6be25fbcb237049c39965119,ibc2018:external-family:4fbb4a34882afbc8afa4a780,[],D4479/D4479M,D4479/D4479M—07(2012)e1,07(2012)e1,Specification for Asphalt Roof Coatings—Asbestos-free,ASTM,chapter35_referenced_standard_entry,"[""0.2"",""1507.1""]",provisional,"[40.1,435.717,368.465,446.847]","{""appendix"":null,""bbox"":[40.1,435.717,368.465,446.847],""chapter"":""35"",""line_id"":""poppler-line:c4c0c72973397a01edc4"",""observed_text_sha256"":""7126a6ea3d3ce72b3dd70796f348744b6b1166e7cc002d63e9fbf7a8561e18a5"",""pdf_page"":651,""printed_page"":""624""}",73770cdde5946b73a9f4a5dad99310de27cc8f8580ea40317ecb783fd89c1300
starts_on_page,ibc2018:chapter35-row:f708612920b3146f3b80a1d9,ibc2018:external-family:2a2a4371f756291863f1795a,[],D4586/D4586M,D4586/D4586M—07(2012)e1,07(2012)e1,Specification for Asphalt Roof Cement—Asbestos-free,ASTM,chapter35_referenced_standard_entry,"[""0.2"",""1507.1""]",provisional,"[40.1,461.767,364.353,472.897]","{""appendix"":null,""bbox"":[40.1,461.767,364.353,472.897],""chapter"":""35"",""line_id"":""poppler-line:103fcbbd3f877013f1b5"",""observed_text_sha256"":""180ef29f11f33d7b93161fee69606872bb696af021d765262c9ce31739e4b5cb"",""pdf_page"":651,""printed_page"":""624""}",df8b18e23f493f34a45d94203be7010d5c314a25135a55d6c318c87aaf0c87ec
starts_on_page,ibc2018:chapter35-row:f825b7d28be15f3858fb6ef7,ibc2018:external-family:b693dc53176e89a2fe6a5a32,[],D4601/D4601M,D4601/D4601M—04(2012)e1,04(2012)e1,Specification for Asphalt-coated Glass Fiber Base Sheet Used in Roofing,ASTM,chapter35_referenced_standard_entry,"[""0.2"",""1.2.1"",""1507.1""]",provisional,"[40.1,487.667,432.416,498.797]","{""appendix"":null,""bbox"":[40.1,487.667,432.416,498.797],""chapter"":""35"",""line_id"":""poppler-line:4950704155fa1b484a67"",""observed_text_sha256"":""aa411c2c40ac17121559a1c8376e2e65d7dfc110e434e177659115d2ec43696f"",""pdf_page"":651,""printed_page"":""624""}",73623fe5db200d77fffdc0734092a022b0d652a3a11e0856ee2201f1887b63a8
starts_on_page,ibc2018:chapter35-row:6fd7423d00adee2fe2bf7186,ibc2018:external-family:f52bdce26813aba3a1766936,[],D4637/D4637M,D4637/D4637M—14e1,14e1,Specification for EPDM Sheet Used in Single-ply Roof Membrane,ASTM,chapter35_referenced_standard_entry,"[""507.12.2""]",provisional,"[40.1,513.567,383.641,524.697]","{""appendix"":null,""bbox"":[40.1,513.567,383.641,524.697],""chapter"":""35"",""line_id"":""poppler-line:dd058124954e28ce6111"",""observed_text_sha256"":""9dac682a9cfdf208422a0a67550bc8fc91ba832c0000770ad708c93b6771ba8a"",""pdf_page"":651,""printed_page"":""624""}",eb27e506ec840153ee0acbf496f080cb8e926932e1ca462e219d2041d00a4693
starts_on_page,ibc2018:chapter35-row:50a56f56dbb56a89dfc0a755,ibc2018:external-family:43861d2db439a1d36d3345bc,[],D4829,D4829—11,11,Test Method for Expansion Index of Soils,ASTM,chapter35_referenced_standard_entry,"[""803.5.3""]",provisional,"[40.1,539.617,246.78,550.747]","{""appendix"":null,""bbox"":[40.1,539.617,246.78,550.747],""chapter"":""35"",""line_id"":""poppler-line:77f160dee7c8ed493af6"",""observed_text_sha256"":""6dd75d247265519a87bf4c7be298173bc1adee8c3feeb3779c7dbea77a049fbd"",""pdf_page"":651,""printed_page"":""624""}",35103a649f73d6372247ad6cc473257411d177998dfab0dfac172708228bdf24
starts_on_page,ibc2018:chapter35-row:f9910083cbb5f4e65e226da2,ibc2018:external-family:45738f69b0808dc492e18198,[],D4869/D4869M,D4869/D4869M—15,15,Specification for Asphalt-saturated (Organic Felt) Underlayment Used in Steep Slope Roofing,ASTM,chapter35_referenced_standard_entry,"[""507.1.1"",""507.18.3"",""507.18.4.1""]",provisional,"[40.1,565.517,482.416,576.647]","{""appendix"":null,""bbox"":[40.1,565.517,482.416,576.647],""chapter"":""35"",""line_id"":""poppler-line:801f08b8c1ff82d65315"",""observed_text_sha256"":""815b0bedadc0fa77be98b3a2eda68befd8abe7d879af26e2786d0b7e16a884b3"",""pdf_page"":651,""printed_page"":""624""}",163b643f60c48b7f9eeee9e9ab96ba89ccde3a813b54b1e83cf472d930a09e4b
starts_on_page,ibc2018:chapter35-row:e1a21a1f4a04247534a8c274,ibc2018:external-family:2021506cd63e460748d85904,[],D4897/D4897M,D4897/D4897M—01(2009),01(2009),Specification for Asphalt-coated Glass Fiber Venting Base Sheet Used in Roofing,ASTM,chapter35_referenced_standard_entry,"[""0.2"",""1507.1""]",provisional,"[40.1,591.567,456.516,602.697]","{""appendix"":null,""bbox"":[40.1,591.567,456.516,602.697],""chapter"":""35"",""line_id"":""poppler-line:60f2e20b6601db927bed"",""observed_text_sha256"":""d62cf15ab916a82a6ce3ba1c75e213b853aa7ca5884203aede9c21e66d32e516"",""pdf_page"":651,""printed_page"":""624""}",caf6858b108dcf5480b627e95da537e5eae5a45e61be3a9bc1926b423ac385a3
starts_on_page,ibc2018:chapter35-row:3283bb2efd63c0de6913a084,ibc2018:external-family:edf99303f315fdc1fbba57f3,[],D4945,D4945—12,12,Test Method for High-strain Dynamic Testing of Deep Foundations,ASTM,chapter35_referenced_standard_entry,"[""0.3.3.1.2""]",provisional,"[40.1,617.517,345.933,628.647]","{""appendix"":null,""bbox"":[40.1,617.517,345.933,628.647],""chapter"":""35"",""line_id"":""poppler-line:17f8025a0aef4bda0238"",""observed_text_sha256"":""81de0397d7b3e75c854a46323e3fadd8c67e4a687656efcb7d7b2bd521fe9478"",""pdf_page"":651,""printed_page"":""624""}",1cb244de0d4dd82078d7edba40f04a381030497a9a4c73598c79c39926eafbfb
starts_on_page,ibc2018:chapter35-row:faa65c90a1b5fdbd05ea7a6e,ibc2018:external-family:ff62784efe76b0f38a698eb1,[],D4990,D4990—97a(2013),97a(2013),Specification for Coal Tar Glass Felt Used in Roofing and Waterproofing,ASTM,chapter35_referenced_standard_entry,"[""0.2"",""1507.1""]",provisional,"[40.1,643.417,396.757,654.547]","{""appendix"":null,""bbox"":[40.1,643.417,396.757,654.547],""chapter"":""35"",""line_id"":""poppler-line:b188b85e2f6d924cf84b"",""observed_text_sha256"":""e1bb5cc313b6e1330b8d0afc542dca73a9b6a236bfe8d946a2bc34ee416242a1"",""pdf_page"":651,""printed_page"":""624""}",bfa7149c53757cef92ab6c4533cac404b06bef1d05d5d9dd11ac52353a61a27d
starts_on_page,ibc2018:chapter35-row:a3ad5ad25f856609f5f071b3,ibc2018:external-family:0af34e96f87e73f5a72b30df,[],D5019,D5019—07a,07a,Specification for Reinforced Nonvulcanized Polymeric Sheet Used in Roofing Membrane,ASTM,chapter35_referenced_standard_entry,"[""507.12.2""]",provisional,"[40.1,669.467,431.841,680.597]","{""appendix"":null,""bbox"":[40.1,669.467,431.841,680.597],""chapter"":""35"",""line_id"":""poppler-line:f99da34bc27994dc71ff"",""observed_text_sha256"":""cbfca93fe1b01e46fc11f100c7e29c101d8be1e5e6a5e3ad167e1d6b12ce0d03"",""pdf_page"":651,""printed_page"":""624""}",dd6520af5821d447b35ba35c00b722823e35b298d779e94d178313024fb0e82b
starts_on_page,ibc2018:chapter35-row:2016e9fa82ee73d905c37b1f,ibc2018:external-family:fdb649cade68864d0e0c6990,[],D5055,D5055—13e1,13e1,Specification for Establishing and Monitoring Structural Capacities of Prefabricated Wood I-joists,ASTM,chapter35_referenced_standard_entry,"[""2303.1.2""]",provisional,"[40.1,695.367,475.007,706.497]","{""appendix"":null,""bbox"":[40.1,695.367,475.007,706.497],""chapter"":""35"",""line_id"":""poppler-line:e10775673ec79d0045de"",""observed_text_sha256"":""c3037ac53599ae9314b58efa6d24ef0404088828c8e586fa5f06c9b423c95ee0"",""pdf_page"":651,""printed_page"":""624""}",22b97be80f4171da5eedb07358cd1d8f7a3700b7b020221a80f1e781bff589d2
starts_on_page,ibc2018:chapter35-row:0dd925e1e4950a20262b4773,ibc2018:external-family:0bfb328dd918cc15c4b8bb57,[],D5456,D5456—14b,14b,Specification for Evaluation of Structural Composite Lumber Products,ASTM,chapter35_referenced_standard_entry,"[""2303.1.1""]",provisional,"[40.1,721.317,365.288,732.447]","{""appendix"":null,""bbox"":[40.1,721.317,365.288,732.447],""chapter"":""35"",""line_id"":""poppler-line:7f91100dce75a9bc27d6"",""observed_text_sha256"":""0e69e3db80660b4d7cb499764b9455f9006936360346786f173bf4101e94cc1d"",""pdf_page"":651,""printed_page"":""624""}",249128fc802b32eee2145428b381db69c288ddaccda83c7249e71df97d495b8f
starts_on_page,ibc2018:chapter35-row:637519066a453b653fa5bbe3,ibc2018:external-family:ee9c3cb580cc5f7f334612f5,[],D5516,D5516—09,09,Test Method of Evaluating the Flexural Properties of Fire-retardant Treated Softwood Plywood Exposed to Elevated,ASTM,chapter35_referenced_standard_entry,"[""2303.2.5.1""]",provisional,"[60.0,87.117,571.873,98.247]","{""appendix"":null,""bbox"":[60.0,87.117,571.873,98.247],""chapter"":""35"",""line_id"":""poppler-line:c20729959b977d9521e8"",""observed_text_sha256"":""96b61c20a13aa7bae322ccd2af83b2effdac4c8540097623bca483cf1dfca5f4"",""pdf_page"":652,""printed_page"":""625""}",44b9ffe172b21f1d87f54255a4953bd7db9935db9b1b9e1739602560afd83f09
starts_on_page,ibc2018:chapter35-row:020d5a19e00a3844045c6289,ibc2018:external-family:8ae066d56cef60784fc757d2,[],D5643/D5643M,D5643/D5643M—06(2012)e1,06(2012)e1,"Specification for Coal Tar Roof Cement, Asbestos-free",ASTM,chapter35_referenced_standard_entry,"[""0.2"",""1507.1""]",provisional,"[60.0,123.817,384.22,134.947]","{""appendix"":null,""bbox"":[60.0,123.817,384.22,134.947],""chapter"":""35"",""line_id"":""poppler-line:1204da3eac3916ccc33c"",""observed_text_sha256"":""01b14016ef177bf336e775b9354a47f6100bdb313a4b12ba1aeea658959e3d41"",""pdf_page"":652,""printed_page"":""625""}",1086ba7c8e7d0c132f7f5367e6c6cbb340e6db98a7574eedb0960c7950889e13
starts_on_page,ibc2018:chapter35-row:22e8d4c38e02bb9fe3c24df4,ibc2018:external-family:ee927b5f7e03036879087def,[],D5664,D5664—10,10,Standard Test Method for Evaluating the Effects of Fire-retardant Treatment and Elevated Temperatures on Strength,ASTM,chapter35_referenced_standard_entry,"[""2303.2.5.2""]",provisional,"[60.0,149.517,571.815,160.647]","{""appendix"":null,""bbox"":[60.0,149.517,571.815,160.647],""chapter"":""35"",""line_id"":""poppler-line:329a29c2b142f5caaf92"",""observed_text_sha256"":""49bade18964758da62e75010a2107c0df66c647656e31645bf801a1323b0132f"",""pdf_page"":652,""printed_page"":""625""}",b776f566919674c6026bb433131194ebaa7648a84e6521cd93f4627332f83360
starts_on_page,ibc2018:chapter35-row:b886cfc06d542eaa0ceeee00,ibc2018:external-family:e13c3c517f05e93655d683eb,[],D5665/D5665M,D5665/D5665M—99a(2014)e1,99a(2014)e1,Specification for Thermoplastic Fabrics Used in Cold-applied Roofing and Waterproofing,ASTM,chapter35_referenced_standard_entry,"[""0.2"",""1507.1""]",provisional,"[60.0,186.117,524.807,197.247]","{""appendix"":null,""bbox"":[60.0,186.117,524.807,197.247],""chapter"":""35"",""line_id"":""poppler-line:51c5a54ea2c8c7d67376"",""observed_text_sha256"":""64231b207a25da0cb88dc90b2433213b8c3b50138b23bedaf771b636aa9de87c"",""pdf_page"":652,""printed_page"":""625""}",ee1f8da0923dca5b18025381f595e95ea44767bbcde0f1170f67a677834296df
starts_on_page,ibc2018:chapter35-row:dabfb089e39e85dfd62fafc4,ibc2018:external-family:89b18063da5951781eba02b2,[],D5726,D5726—98(2013),98(2013),Specification for Thermoplastic Fabrics Used in Hot-applied Roofing and Waterproofing,ASTM,chapter35_referenced_standard_entry,"[""0.2"",""1507.1""]",provisional,"[60.0,211.817,472.257,222.947]","{""appendix"":null,""bbox"":[60.0,211.817,472.257,222.947],""chapter"":""35"",""line_id"":""poppler-line:4c32c068a98e974bb21f"",""observed_text_sha256"":""2bf63d49cd5f4f51c53e2b31637cb8e9b1cd02428142e8a0f5703d89eac33954"",""pdf_page"":652,""printed_page"":""625""}",8247ac7a64182f434fa8bf450d9270bcfe4b4ea280955591db74dbf7b12c5dab
starts_on_page,ibc2018:chapter35-row:6743d7b5dd7e3ecb00556186,ibc2018:external-family:75e6d536e4c3a29be0a55e2b,[],D6083,D6083—05e01,05e01,Specification for Liquid Applied Acrylic Coating Used in Roofing,ASTM,chapter35_referenced_standard_entry,"[""0.2"",""1507.1"",""507.14.3"",""507.15.2""]",provisional,"[60.0,237.467,371.215,248.597]","{""appendix"":null,""bbox"":[60.0,237.467,371.215,248.597],""chapter"":""35"",""line_id"":""poppler-line:e58ac654d74bee6a7f66"",""observed_text_sha256"":""d1dc15fcfd350cd19376d1e3f2ecb3946a9573fd4e5ae71c417699d9f17e06a6"",""pdf_page"":652,""printed_page"":""625""}",cbff053f1f74f184653cebb47e09dfa48a46a9874fc03e1145b42a9db09e038b
starts_on_page,ibc2018:chapter35-row:4562c55f392400faaec5aea8,ibc2018:external-family:04884db05df377a56587a09d,[],D6162/D6162M,D6162/D6162M—00a(2015)e1,00a(2015)e1,Specification for Styrene-butadiene-styrene (SBS) Modified Bituminous Sheet Materials Using a,ASTM,chapter35_referenced_standard_entry,"[""1.2"",""1507.1""]",provisional,"[60.0,263.167,548.071,274.297]","{""appendix"":null,""bbox"":[60.0,263.167,548.071,274.297],""chapter"":""35"",""line_id"":""poppler-line:35ecd49ef99b3d24ebb6"",""observed_text_sha256"":""5b8f4583d59fc1fa800099a770faf502d4828adaca7bb54570520ec37b466eeb"",""pdf_page"":652,""printed_page"":""625""}",951f702889aab2cbf372ba03e99f2718baff69f05d6fbaadf94e24576624e38c
starts_on_page,ibc2018:chapter35-row:953c21da17a627c8d35abcbe,ibc2018:external-family:8ffa9041f140b9af38dcf430,[],D6163/D6163M,D6163/D6163M—00(2015)e1,00(2015)e1,Specification for Styrene-butadiene-styrene (SBS) Modified Bituminous Sheet Materials Using Glass,ASTM,chapter35_referenced_standard_entry,"[""1.2"",""1507.1""]",provisional,"[60.0,299.767,560.092,310.897]","{""appendix"":null,""bbox"":[60.0,299.767,560.092,310.897],""chapter"":""35"",""line_id"":""poppler-line:36602e50a0610bb7246a"",""observed_text_sha256"":""9da19f5a02e2c1cb39d4429035a8a4913c0bd2cb52eceee85a43b8779183c811"",""pdf_page"":652,""printed_page"":""625""}",b41a4a109a699636e2681f5a7a03c92395ffb620d0439c822f94ad56ef1c8030
starts_on_page,ibc2018:chapter35-row:c2306bc4394b48beb626ab3a,ibc2018:external-family:0aaa8200650f0803dc1cccc8,[],D6164/D6164M,D6164/D6164M—11,11,Specification for Styrene-butadiene-styrene (SBS) Modified Bituminous Sheet Metal Materials Using Polyester,ASTM,chapter35_referenced_standard_entry,"[""1.2"",""1507.1""]",provisional,"[60.0,336.517,566.939,347.647]","{""appendix"":null,""bbox"":[60.0,336.517,566.939,347.647],""chapter"":""35"",""line_id"":""poppler-line:9184b1eb1393ae995e2c"",""observed_text_sha256"":""ea46273ca269536ae9f3f9256593d24c8497eec3e79af5a997f4628b9ab9e522"",""pdf_page"":652,""printed_page"":""625""}",ccd98c069fd87faf9c0675a959244ae734681c089c3095b1f449b4e8187bb535
starts_on_page,ibc2018:chapter35-row:c9b26fde69f0c4b0fb3e9319,ibc2018:external-family:d85dba272eaf7c127b000443,[],D6222/D6222M,D6222/D6222M—11,11,Specification for Atactic Polypropylene (APP) Modified Bituminous Sheet Materials Using Polyester,ASTM,chapter35_referenced_standard_entry,"[""1.2"",""1507.1""]",provisional,"[60.0,373.217,527.539,384.347]","{""appendix"":null,""bbox"":[60.0,373.217,527.539,384.347],""chapter"":""35"",""line_id"":""poppler-line:6071616927b4cbc8ad43"",""observed_text_sha256"":""268ad2b15b10a5decec2ff77ecfab926cb1ebfde8f0bc9b39b9c1de23228fd20"",""pdf_page"":652,""printed_page"":""625""}",b82311d566e0e9c2ee5e929e3b951ba0d26a7ad25d7bc0221b6513f6964f5957
starts_on_page,ibc2018:chapter35-row:e074557403892d23224e8eae,ibc2018:external-family:2e61a7fb28e6deb5649feb97,[],D6223/D6223M,D6223/D6223M—02(2009)e1,02(2009)e1,Specification for Atactic Polypropylene (APP) Modified Bituminous Sheet Materials Using a,ASTM,chapter35_referenced_standard_entry,"[""1.2"",""1507.1""]",provisional,"[60.0,409.817,528.921,420.947]","{""appendix"":null,""bbox"":[60.0,409.817,528.921,420.947],""chapter"":""35"",""line_id"":""poppler-line:98b84bee960251a40d33"",""observed_text_sha256"":""757934db22fc8c39d37fd8640d164555eb2249b12a60f6ca6d14d2c6ae519852"",""pdf_page"":652,""printed_page"":""625""}",a6348b09389f118553251a8f93598dcbb5515d4afc7ca7b85dd8b462dd5deded
starts_on_page,ibc2018:chapter35-row:dd6bf88ab7a892077681a96d,ibc2018:external-family:930d78562a7dfad9328d4ae5,[],D6298,D6298—13,13,Specification for Fiberglass Reinforced Styrene-butadiene-styrene (SBS) Modified Bituminous Sheets with a Factory,ASTM,chapter35_referenced_standard_entry,"[""1.2"",""1507.1""]",provisional,"[60.0,446.567,553.626,457.697]","{""appendix"":null,""bbox"":[60.0,446.567,553.626,457.697],""chapter"":""35"",""line_id"":""poppler-line:23e6a28433c1d1b543f4"",""observed_text_sha256"":""26a93e732bf95a25e94f5f0bb8dfef4c3823699ffc17713c7ae83d3ea4a0c453"",""pdf_page"":652,""printed_page"":""625""}",c8bcd117244926a8df7a05a68794e880567ba086fa6bd656bb58b6b896a65f53
starts_on_page,ibc2018:chapter35-row:abbc7e61fb8c7937edc70c16,ibc2018:external-family:eb0b96bbe18c3d766afdd023,[],D6305,D6305—08(2015)e1,08(2015)e1,Practice for Calculating Bending Strength Design Adjustment Factors for Fire-retardant-treated Plywood Roof,ASTM,chapter35_referenced_standard_entry,"[""2303.2.5.1""]",provisional,"[60.0,483.167,572.371,494.297]","{""appendix"":null,""bbox"":[60.0,483.167,572.371,494.297],""chapter"":""35"",""line_id"":""poppler-line:977bc6335b6184869a2e"",""observed_text_sha256"":""74240c6ed54497ecad2c46803c2c3c424db90e0618cec22fc9e8cc5ad6cc612c"",""pdf_page"":652,""printed_page"":""625""}",5050c9fd86768fdc4988e8ea897948e66431a19210e41c2fc639bdd8d4d4d7a4
starts_on_page,ibc2018:chapter35-row:5ffa960d6818675e2d4f41e9,ibc2018:external-family:1d765c3ae335565d8af84a08,[],D6380/D6380M,D6380/D6380M—03(2013)e1,03(2013)e1,Standard Specification for Asphalt Roll Roofing (Organic) Felt,ASTM,chapter35_referenced_standard_entry,"[""1507.1.1(1)"",""1507.2.8.2"",""1507.3.3"",""507.6.5""]",provisional,"[60.0,519.867,416.952,530.997]","{""appendix"":null,""bbox"":[60.0,519.867,416.952,530.997],""chapter"":""35"",""line_id"":""poppler-line:7310e9975f45babc2057"",""observed_text_sha256"":""85afa8c2a91cede154b7f5c01ca2e1bc6845f12c202f88894d016b39d819f19d"",""pdf_page"":652,""printed_page"":""625""}",cba62e61d18475f73977135f1a9be721d396bea5bd8174ba81e316923178bc9f
starts_on_page,ibc2018:chapter35-row:0cbdf66dd349965beb9c4ec8,ibc2018:external-family:e92fb5e1fec9244874ba435b,[],D6464,D6464—03a(2009)e1,03a(2009)e1,Standard Specification for Expandable Foam Adhesives for Fastening Gypsum Wallboard to Wood Framing,ASTM,chapter35_referenced_standard_entry,"[""2506.2"",""2508.4""]",provisional,"[60.0,545.567,561.374,556.697]","{""appendix"":null,""bbox"":[60.0,545.567,561.374,556.697],""chapter"":""35"",""line_id"":""poppler-line:de5b24c7b32af3dd42f0"",""observed_text_sha256"":""ef6b85470b689230f15516234f24d37b81157d3eaaded976d068156f914f47cc"",""pdf_page"":652,""printed_page"":""625""}",c87f6fcad389541b907fb951c4c17b4a89bd653f74e77f8bab9f6744666ddf61
starts_on_page,ibc2018:chapter35-row:adba3fbe17e6fda8ef9f35e3,ibc2018:external-family:d4d2d5656d856523d9d92f9e,[],D6509/D6509M,D6509/D6509M—09(2015),09(2015),Standard Specification for Atactic Polypropylene (APP) Modified Bituminous Base Sheet Materials Using,ASTM,chapter35_referenced_standard_entry,"[""1.2"",""1507.1""]",provisional,"[60.0,571.217,571.684,582.347]","{""appendix"":null,""bbox"":[60.0,571.217,571.684,582.347],""chapter"":""35"",""line_id"":""poppler-line:5800ccb5b2ddeb0fb2e9"",""observed_text_sha256"":""02fb32e297c2f72bdb46d50cebf98c5bc716ede1d6d9b0338d114bc49afb961a"",""pdf_page"":652,""printed_page"":""625""}",7ed70155200c6093d714d9c7278c3ecf68e1719ead0f585beba7d5b8336b892b
starts_on_page,ibc2018:chapter35-row:a912b37d946395676fbec383,ibc2018:external-family:c7fde7323a24036c85bc386b,[],D6694/D6694M,D6694/D6694M—08(2013)e1,08(2013)e1,Standard Specification for Liquid-applied Silicone Coating Used in Spray Polyurethane Foam Roofing,ASTM,chapter35_referenced_standard_entry,"[""1507.1"",""4.3"",""5.2""]",provisional,"[60.0,607.817,571.865,618.947]","{""appendix"":null,""bbox"":[60.0,607.817,571.865,618.947],""chapter"":""35"",""line_id"":""poppler-line:b6b53bdae37fc2be7c2b"",""observed_text_sha256"":""a0d39c233aefde0ce8d93aab066cf057cbcb6cd6559e6b2e996077cbbe4810f3"",""pdf_page"":652,""printed_page"":""625""}",6ef0c5b916c0bb4411955f4cf6137c319f7b6b52bb9e24f101a790db6770dbb8
starts_on_page,ibc2018:chapter35-row:6f89b422da33d8856762f4d7,ibc2018:external-family:cf4f94a0e55e17d9e44b1aa9,[],D6754/D6754M,D6754/D6754M—10,10,Standard Specification for Ketone Ethylene Ester Based Sheet Roofing,ASTM,chapter35_referenced_standard_entry,"[""1507.1"",""3.2""]",provisional,"[60.0,644.567,414.065,655.697]","{""appendix"":null,""bbox"":[60.0,644.567,414.065,655.697],""chapter"":""35"",""line_id"":""poppler-line:74fcf85ae058a10151e0"",""observed_text_sha256"":""789e998f4fc61d28de9635dc0b03948f00060460d7e98d155eae4a9f5c57c615"",""pdf_page"":652,""printed_page"":""625""}",ee33c3f4ea097e914808252d1272a876194029461f0195fd86570a91a5880c6b
starts_on_page,ibc2018:chapter35-row:21bed076307fa7b39689a593,ibc2018:external-family:b620506df0120906770ff0be,[],D6757,D6757—2013,2013,Specification for Underlayment Felt Containing Inorganic Fibers Used in Steep Slope Roofing,ASTM,chapter35_referenced_standard_entry,"[""1507.1.1"",""507.1.1"",""507.18.3"",""507.18.4.1""]",provisional,"[60.0,670.217,476.265,681.347]","{""appendix"":null,""bbox"":[60.0,670.217,476.265,681.347],""chapter"":""35"",""line_id"":""poppler-line:a5fc223b25c11074da4f"",""observed_text_sha256"":""b3ae09b6cba54f339467663eef9d83c4923c627842671088168b3f977f638523"",""pdf_page"":652,""printed_page"":""625""}",cbc6f9e52f5f39de15281d3b8e96847e2b6a8e06528c16955e7ec5b4f83282d1
starts_on_page,ibc2018:chapter35-row:3586105435d9e60a30ef56b5,ibc2018:external-family:5c972274937b48a5c8287fcb,[],D6841,D6841—08,08,Standard Practice for Calculating Design Value Treatment Adjustment Factors for Fire-retardant Treated Lumber,ASTM,chapter35_referenced_standard_entry,"[""2303.2.5.2""]",provisional,"[60.0,695.917,551.076,707.047]","{""appendix"":null,""bbox"":[60.0,695.917,551.076,707.047],""chapter"":""35"",""line_id"":""poppler-line:3e9dd1f32091bae109e8"",""observed_text_sha256"":""9ed9b49bcab83a7a16255fc9bf9cb8f734454a6fadcef8045b9b7fe428735d65"",""pdf_page"":652,""printed_page"":""625""}",1fb8515f7b6d690b96334802e74e88a0365e7c5a7a4b936c4f7eb67a4ea58ec3
starts_on_page,ibc2018:chapter35-row:9b24ef71899d2a276c225546,ibc2018:external-family:17ffb1379c25f2689b1c0ed2,[],D6878/D6878M,D6878/D6878M—13,13,Standard Specification for Thermoplastic Polyolefin Based Sheet Roofing,ASTM,chapter35_referenced_standard_entry,"[""1507.1"",""3.2""]",provisional,"[60.0,721.467,424.315,732.597]","{""appendix"":null,""bbox"":[60.0,721.467,424.315,732.597],""chapter"":""35"",""line_id"":""poppler-line:c32c80be5e42919afcc8"",""observed_text_sha256"":""7bf8223399e1b4b8bf06f5df6d9015a3776833af205bd349f7c1611bfacddb75"",""pdf_page"":652,""printed_page"":""625""}",6f62c5bdec9e39deed04ae24ceff41d01970205bbb80ac8064eef449678dab6d
starts_on_page,ibc2018:chapter35-row:e75d26fa60334c13b821b132,ibc2018:external-family:55b22d4b93a8e8e2925581fe,[],D6947/D6947M,D6947/D6947M—07(2013)e1,07(2013)e1,Standard Specification for Liquid Applied Moisture Cured Polyurethane Coating Used in Spray,ASTM,chapter35_referenced_standard_entry,"[""1507.1"",""4.3"",""5.2""]",provisional,"[40.1,87.117,552.052,98.247]","{""appendix"":null,""bbox"":[40.1,87.117,552.052,98.247],""chapter"":""35"",""line_id"":""poppler-line:e115cac7d70ecf6419b9"",""observed_text_sha256"":""b5b08b4f8cf257502cb6f4ecaa5b319af53c997c1b5bd24c92caa0aec2bfa5a6"",""pdf_page"":653,""printed_page"":""626""}",9e782f66061812e1250187025d39f4d514ea3bcb68a870c5520bf4d59fc958d7
starts_on_page,ibc2018:chapter35-row:a4af2fc2c403013f650da8b9,ibc2018:external-family:dc73029983dee1798628af3c,[],D7032,D7032—14,14,"Standard Specification for Establishing Performance Ratings for Wood, Plastic Composite Deck Boards and Guardrail",ASTM,chapter35_referenced_standard_entry,"[""2.5.1"",""2612.2"",""2612.4"",""705.2.3.1""]",provisional,"[40.1,123.817,551.908,134.947]","{""appendix"":null,""bbox"":[40.1,123.817,551.908,134.947],""chapter"":""35"",""line_id"":""poppler-line:32dfd73274d805278e69"",""observed_text_sha256"":""5cdc5263ebc94ee5cc9e998cb3c95287e1a3ffa66bb9e2aec75a9196bf12c3ac"",""pdf_page"":653,""printed_page"":""626""}",e5d7cb7feebf23bf08b8405de2676cd2ab96eb9cf7e72d8d2ddfb2d4b337c539
starts_on_page,ibc2018:chapter35-row:45907cd183245ff0c42d7c82,ibc2018:external-family:c31219a488ada16408fa52af,[],D7147,D7147—11,11,Specification for Testing and Establishing Allowable Loads of Joist Hangers,ASTM,chapter35_referenced_standard_entry,"[""0.3"",""2303.5"",""2304.1""]",provisional,"[40.1,160.417,378.882,171.547]","{""appendix"":null,""bbox"":[40.1,160.417,378.882,171.547],""chapter"":""35"",""line_id"":""poppler-line:b0bb58b6d3527be65ea8"",""observed_text_sha256"":""636d84d7aea723faa24f9714d07d3d25346491ee6f70a1fa33a8d6373c12e1ad"",""pdf_page"":653,""printed_page"":""626""}",1b337ee15ced6081a60140ebfdd8bd7b2a3089bfe748c9de41021b014dabf276
starts_on_page,ibc2018:chapter35-row:1179c27ed3051f8309e82c3c,ibc2018:external-family:022950be283094a0657b0275,[],D7158/D7158M,D7158/D7158M—16,16,Standard Test Method for Wind Resistance of Asphalt Shingles (Uplift Force/Uplift Resistance Method),ASTM,chapter35_referenced_standard_entry,"[""504.1.1""]",provisional,"[40.1,186.117,520.575,197.247]","{""appendix"":null,""bbox"":[40.1,186.117,520.575,197.247],""chapter"":""35"",""line_id"":""poppler-line:776c1ca38b84a6d7af23"",""observed_text_sha256"":""900a0f3ddede174cfafcd79a13d7d065deeb52abb10e46dea8960d7e079de850"",""pdf_page"":653,""printed_page"":""626""}",e69daf150a1ad0e17b771c2d11c8e83b90443ef054a9e6d8bd0d3a3e110f7684
starts_on_page,ibc2018:chapter35-row:da61671741501a26b3cfdaad,ibc2018:external-family:07523de58336f728ac6e9a17,[],D7254,D7254—15,15,Standard Specification for Polypropylene (PP) Siding,ASTM,chapter35_referenced_standard_entry,"[""403.12""]",provisional,"[40.1,211.817,292.492,222.947]","{""appendix"":null,""bbox"":[40.1,211.817,292.492,222.947],""chapter"":""35"",""line_id"":""poppler-line:ea337ea5f64a7808834d"",""observed_text_sha256"":""5c52352cc1072987ad5458a2986c7f95d2511dcc8b6c27cb55d76e9c590ceea4"",""pdf_page"":653,""printed_page"":""626""}",14050cc2882438edcc5eb71be007d4b3e9a475b218811629baddac0958c161cd
starts_on_page,ibc2018:chapter35-row:b4b556a23cdf8975dc88f7d8,ibc2018:external-family:356aa8f51f05ddc5b5d2bcdf,[],D7425/D7425M,D7425/D7425M—13,13,Standard Specification for Spray Polyurethane Foam Used for Roofing Applications,ASTM,chapter35_referenced_standard_entry,"[""507.14.2""]",provisional,"[40.1,237.517,445.783,248.647]","{""appendix"":null,""bbox"":[40.1,237.517,445.783,248.647],""chapter"":""35"",""line_id"":""poppler-line:753db613dbcae11fd3fe"",""observed_text_sha256"":""e513bec807ce40bb6a0c5913d17aba616ca25af2a858f9b0048bfb377e9407fa"",""pdf_page"":653,""printed_page"":""626""}",87e6c63fa2a34e93042db1dfa0a05790398997e7945b6272bdd1b3b81e6a8608
starts_on_page,ibc2018:chapter35-row:9bbc6271308492aefdfaed08,ibc2018:external-family:7b54bec9b5103f6427ee9244,[],D7655/D7655M,D7655/D7655M—12,12,Standard Classification for Size of Aggregate Used as Ballast for Roof Membrane Systems,ASTM,chapter35_referenced_standard_entry,"[""507.12.3"",""507.13.3""]",provisional,"[40.1,263.167,468.375,274.297]","{""appendix"":null,""bbox"":[40.1,263.167,468.375,274.297],""chapter"":""35"",""line_id"":""poppler-line:300fbbddc00c019ba476"",""observed_text_sha256"":""836ea6db031e681e276e5c42e194e67465b45c7fbd73a045fa2a5de7b47eefb3"",""pdf_page"":653,""printed_page"":""626""}",1ee26669f66d8a38da60c3ffb2df44291082995a64f3cff6ec50ef8722ba2fbf
starts_on_page,ibc2018:chapter35-row:094933fb54f5f7caa3ca3e30,ibc2018:external-family:edd78e6babcd8265fe425acf,[],D7672,D7672—14,14,Standard Specification for Evaluating Structural Capacities of Rim Board Products and Assemblies,ASTM,chapter35_referenced_standard_entry,"[""2303.1.1""]",provisional,"[40.1,288.867,470.312,299.997]","{""appendix"":null,""bbox"":[40.1,288.867,470.312,299.997],""chapter"":""35"",""line_id"":""poppler-line:47f5b141f97becf7c5e4"",""observed_text_sha256"":""7304c32780145a9b31dabb838deddadb8dcab468188a11a4129f85a288a96cd7"",""pdf_page"":653,""printed_page"":""626""}",b78e538528858495533d0ba9b7f235d1d773e220dcb8ecae92044e1ad3e09576
starts_on_page,ibc2018:chapter35-row:ac7a20a72d71ec04bdf6c450,ibc2018:external-family:98a40d1a1663b1039cb4952e,[],E84,E84—16,16,Standard Test Methods for Surface Burning Characteristics of Building Materials,ASTM,chapter35_referenced_standard_entry,"[""0.1"",""0.6.2"",""1402.5"",""1408.1"",""1510.6.3"",""2.3"",""2303.2"",""2603.3"",""2603.4.1.1"",""2603.5.4"",""2603.5.5"",""2603.7"",""2604.2.4"",""2606.4"",""2614.3"",""3105.3"",""402.6.4.4"",""403.12.1"",""406.10.1"",""406.7.2"",""406.9"",""408.9"",""703.5.2"",""720.1"",""720.4"",""803.1"",""803.1.2"",""803.5.2"",""806.7"",""D102.2.8""]",provisional,"[40.1,314.517,392.846,325.647]","{""appendix"":null,""bbox"":[40.1,314.517,392.846,325.647],""chapter"":""35"",""line_id"":""poppler-line:9f5a4d4ce1f2fb0b48d5"",""observed_text_sha256"":""584f790e0950add70eb54e10dd2d2f69d12b4e31f5c3c23a9578de17bbd039af"",""pdf_page"":653,""printed_page"":""626""}",4b5eb8aec912d48fe858c6c7f0a502933516a4abae14ccfe84d4d4bf57aa13c6
starts_on_page,ibc2018:chapter35-row:2512814f87e753f94fe4e112,ibc2018:external-family:424885d78214d613bd6c9b42,[],E90,E90—09,09,Test Method for Laboratory Measurement of Airborne Sound Transmission Loss of Building Partitions and Elements,ASTM,chapter35_referenced_standard_entry,"[""1206.2.1"",""206.2""]",provisional,"[40.1,362.167,529.891,373.297]","{""appendix"":null,""bbox"":[40.1,362.167,529.891,373.297],""chapter"":""35"",""line_id"":""poppler-line:d0789fc4cd6dc2af6f7c"",""observed_text_sha256"":""f29755f79b6dff95d29866463757d1c4e054b38c4dbd01eccc934585d424d128"",""pdf_page"":653,""printed_page"":""626""}",a951d5f6d324188d47c3d817de06b931d7532bcb6cafed7daa8320fd8a935fd9
starts_on_page,ibc2018:chapter35-row:afe17c85125a4015c085f093,ibc2018:external-family:bb0a6cb3841b65af7ac46385,[],E96/E96M,E96/E96M—15,15,Standard Test Methods for Water Vapor Transmission of Materials,ASTM,chapter35_referenced_standard_entry,[],provisional,"[40.1,387.867,364.546,398.997]","{""appendix"":null,""bbox"":[40.1,387.867,364.546,398.997],""chapter"":""35"",""line_id"":""poppler-line:7e7ba100dfe153bf3d87"",""observed_text_sha256"":""622845b48ae4cabbcd781b24ae937b32b1bd86dc4ac50ddfa5f0b8d31f0f58a9"",""pdf_page"":653,""printed_page"":""626""}",e764e8f54df36e53e0cd7b8c600f9231564ca015db0b812e576de780e7e593e4
starts_on_page,ibc2018:chapter35-row:13623b45becd729854f6128f,ibc2018:external-family:2e0866ae6995fa12a018421b,[],E108,E108—16,16,Standard Test Methods for Fire Tests of Roof Coverings,ASTM,chapter35_referenced_standard_entry,"[""0.2"",""2603.6"",""2610.3"",""505.1""]",provisional,"[40.1,413.517,298.752,424.647]","{""appendix"":null,""bbox"":[40.1,413.517,298.752,424.647],""chapter"":""35"",""line_id"":""poppler-line:021ce9aa7a26d5bdf368"",""observed_text_sha256"":""2f1f213ac1e90d6961df6dba211266ab4834b607eed4649c434fa7951ffb20b3"",""pdf_page"":653,""printed_page"":""626""}",d899cc78cb3ccbea94120106e156a1ae92c5887d3a3cbb243e41a667afaf0e4a
starts_on_page,ibc2018:chapter35-row:8891c2a550b63c18b81d638e,ibc2018:external-family:3b9cee9b189ffe67a2d13800,[],E119,E119—16,16,Standard Test Methods for Fire Tests of Building Construction and Materials,ASTM,chapter35_referenced_standard_entry,"[""2103.1"",""2603.5.1"",""3.2"",""5.4"",""6.1"",""6.3.2.1.1"",""7.6.1"",""7.6.2"",""703.2"",""703.2.1"",""703.2.3"",""703.2.5"",""703.3"",""703.4"",""703.6"",""704.1"",""705.7"",""705.8.5"",""707.6"",""712.1.1"",""714.4.1"",""714.5.1"",""715.1"",""716.1"",""716.1.2.3"",""716.2.5.1.1"",""716.2.5.4"",""717.3.1"",""717.5.2"",""717.5.3"",""721.1""]",provisional,"[40.1,439.217,380.646,450.347]","{""appendix"":null,""bbox"":[40.1,439.217,380.646,450.347],""chapter"":""35"",""line_id"":""poppler-line:87781ed926946ee457b1"",""observed_text_sha256"":""3e67a4fc09f4f45aed4c0888f10ea1419580317c48058765a9e2fb5deea3f320"",""pdf_page"":653,""printed_page"":""626""}",fe67058ff2eb3e3fee410d38f9911d06888d2f360d9c2bb9c7f4af1315d033a9
starts_on_page,ibc2018:chapter35-row:cf6099c0a86b543862f21aff,ibc2018:external-family:b1c67856e6c8616b907eb083,[],E136,E136—16,16,Standard Test Method for Behavior of Materials in a Vertical Tube Furnace at 750°C,ASTM,chapter35_referenced_standard_entry,"[""703.5.1""]",provisional,"[40.1,486.817,410.797,497.947]","{""appendix"":null,""bbox"":[40.1,486.817,410.797,497.947],""chapter"":""35"",""line_id"":""poppler-line:92dcdad2e0ce3bf7a651"",""observed_text_sha256"":""85981a3a4dba38022bdd21a9bc0e2335736b3d496eb7323660605e861ec7954d"",""pdf_page"":653,""printed_page"":""626""}",4e2753a8a62dcd5ba169fdf96967e9f4e90a5194c518a80ca102549e7b3f50d9
starts_on_page,ibc2018:chapter35-row:9895d81837260c3306797031,ibc2018:external-family:b62e1f58659aed8a38eba6a4,[],E283,E283—04(2012),04(2012),"Standard Test Method for Determining Rate of Air Leakage through Exterior Windows, Curtain Walls and Doors",ASTM,chapter35_referenced_standard_entry,[],provisional,"[40.1,512.517,551.799,523.647]","{""appendix"":null,""bbox"":[40.1,512.517,551.799,523.647],""chapter"":""35"",""line_id"":""poppler-line:ae9c1bae316997a5fa2e"",""observed_text_sha256"":""ce82263bfb3c25d0facf2973cd3792568f16f1a81fb69a43f19d63c0df558902"",""pdf_page"":653,""printed_page"":""626""}",f638073f894ff670c6fe5ee6df06411b5460e3c979f69a86056abd59589c25ec
starts_on_page,ibc2018:chapter35-row:3cc7dafec770aaff309a93b4,ibc2018:external-family:7eb4759de3ae7c0fc3401b96,[],E330/E330M,E330/E330M—14,14,"Standard Test Method for Structural Performance of Exterior Windows, Doors, Skylights and Curtain Walls by",ASTM,chapter35_referenced_standard_entry,"[""709.5.2""]",provisional,"[40.1,549.117,551.857,560.247]","{""appendix"":null,""bbox"":[40.1,549.117,551.857,560.247],""chapter"":""35"",""line_id"":""poppler-line:a0cd48719e7ba686cdac"",""observed_text_sha256"":""a0c097380dff1f22e2d31f9c12ff2b75a75c003f6289e8c7c5afd74aeaf77033"",""pdf_page"":653,""printed_page"":""626""}",11465932d6bce5993adcda269199c7dba56ca98183a502d1aaf546c25e239501
starts_on_page,ibc2018:chapter35-row:ae86070c2b9683ed96e1f397,ibc2018:external-family:1e86f82c2f760abdcb4ae6c0,[],E331,E331—00(2009),00(2009),"Standard Test Method for Water Penetration of Exterior Windows, Skylights, Doors and Curtain Walls by Uniform",ASTM,chapter35_referenced_standard_entry,"[""402.2""]",provisional,"[40.1,585.817,551.967,596.947]","{""appendix"":null,""bbox"":[40.1,585.817,551.967,596.947],""chapter"":""35"",""line_id"":""poppler-line:c92f285886e5b06fedaa"",""observed_text_sha256"":""b31a043e14deb0d70b85303e3ebfb48b40012b8324cd8ef7861165719c88f02f"",""pdf_page"":653,""printed_page"":""626""}",4f09b895ecc078f05af399d67b65da494b0c7f19c266b165a8df968a53046dc7
starts_on_page,ibc2018:chapter35-row:8d47ee743549ac96d0c79d15,ibc2018:external-family:86fa5c5a21014d595687e4dc,[],E492,E492—09,09,Test Method for Laboratory Measurement of Impact Sound Transmission Through Floor-ceiling Assemblies Using the,ASTM,chapter35_referenced_standard_entry,"[""206.3""]",provisional,"[40.1,622.417,551.739,633.547]","{""appendix"":null,""bbox"":[40.1,622.417,551.739,633.547],""chapter"":""35"",""line_id"":""poppler-line:1603ad53a06cfb8eefb0"",""observed_text_sha256"":""eb748c12f96aa3e314dce2192237d693e81e9fd41ddbea91f5bc70357e22d6ed"",""pdf_page"":653,""printed_page"":""626""}",dfe8c77f502498de78e1f3721d9c6e77da36cc7a21b2515d9c5ea8ba97f7dce8
starts_on_page,ibc2018:chapter35-row:21888311fdd4b77dcb3175bb,ibc2018:external-family:b2c06f415dcc4d97a1524fac,[],E605/E605M,E605/E605M—93(2015)e1,93(2015)e1,Test Method for Thickness and Density of Sprayed Fire-resistive Material (SFRM) Applied to Structural,ASTM,chapter35_referenced_standard_entry,"[""1705.1"",""1705.14.5"",""4.4.2"",""4.4.5"",""705.14.4.1""]",provisional,"[40.1,659.167,551.862,670.297]","{""appendix"":null,""bbox"":[40.1,659.167,551.862,670.297],""chapter"":""35"",""line_id"":""poppler-line:580437544e663bcfc723"",""observed_text_sha256"":""c278268467cf88c074a333011067dff3bfdaefa01accf6af3047dc14288031d3"",""pdf_page"":653,""printed_page"":""626""}",96457b8f95d938b7eba7ec5a1f0a33496a6d3bb1162da4008337f33d90b3706e
starts_on_page,ibc2018:chapter35-row:cfeb0dd0fa02359240079aff,ibc2018:external-family:d20612b3f80a84afec43b7cc,[],E648,E648—15e1,15e1,Standard Test Method for Critical Radiant Flux of Floor-covering Systems Using a Radiant Heat Energy Source,ASTM,chapter35_referenced_standard_entry,"[""406.2.4"",""424.2"",""804.2"",""804.3""]",provisional,"[40.1,695.867,521.937,706.997]","{""appendix"":null,""bbox"":[40.1,695.867,521.937,706.997],""chapter"":""35"",""line_id"":""poppler-line:bc1f88d48e85093b37ff"",""observed_text_sha256"":""79ce846f47e8c66489fbf0138b36202e16ca33b91f724a7434f4d85f111e4ab1"",""pdf_page"":653,""printed_page"":""626""}",e57492701a37a2f25e3eed083d0084d739c70680bc8045c8d8340de74156147c
starts_on_page,ibc2018:chapter35-row:a4c2dd35cd733d80cc8ec553,ibc2018:external-family:f2b8dd17cc47f168f223aa87,[],E681,E681—09(2015),09(2015),Test Methods for Concentration Limits of Flammability of Chemical Vapors and Gases,ASTM,chapter35_referenced_standard_entry,[],provisional,"[40.1,721.467,441.247,732.597]","{""appendix"":null,""bbox"":[40.1,721.467,441.247,732.597],""chapter"":""35"",""line_id"":""poppler-line:8a2914b700f860d6eb57"",""observed_text_sha256"":""a26393297283b41e7b2a57adf6e5c1c3d573f8dbd38076329b4b9e232782126b"",""pdf_page"":653,""printed_page"":""626""}",72caf4dfb093538b26623ca80e84579fa402f438da85b2cbd12cd277806f771f
starts_on_page,ibc2018:chapter35-row:bb88aa6c1de5b14faa52a92b,ibc2018:external-family:c58daebee62e81742c7e3f75,[],E736/E736M,E736/E736M—00(2015)e1,00(2015)e1,Test Method for Cohesion/Adhesion of Sprayed Fire-resistive Materials Applied to Structural Members,ASTM,chapter35_referenced_standard_entry,"[""1705.14.6"",""704.13.3.2""]",provisional,"[60.0,86.767,562.944,97.897]","{""appendix"":null,""bbox"":[60.0,86.767,562.944,97.897],""chapter"":""35"",""line_id"":""poppler-line:ce51b43beb1bfd882077"",""observed_text_sha256"":""b974553e51d360f16e0765cad3a3176e69ea11fb1c849561846f353f277d47c4"",""pdf_page"":654,""printed_page"":""627""}",355ff91d5d12631b5dfeda419dbfbdd6d84b6dd8385c105e6b182c4b589f56c3
starts_on_page,ibc2018:chapter35-row:5f9d08913e8110a19e65ec35,ibc2018:external-family:b41cd7b23812e4d3359d0b10,[],E814,E814—2013A,2013A,Test Method for Fire Tests of Penetration Firestop Systems,ASTM,chapter35_referenced_standard_entry,"[""714.4.1.2"",""714.4.2"",""714.5.1.2""]",provisional,"[60.0,111.817,345.125,122.947]","{""appendix"":null,""bbox"":[60.0,111.817,345.125,122.947],""chapter"":""35"",""line_id"":""poppler-line:987a56775416e6c4f742"",""observed_text_sha256"":""7ad442ee1f3795e5003cd2c91a8bf7b19147c59cd4decad5ca61cf340d30a5ef"",""pdf_page"":654,""printed_page"":""627""}",9e54a39d12b35b2437c02f395408cd08c92fa2da08254c082932022629b0f685
starts_on_page,ibc2018:chapter35-row:6d1e0d8946f55a656cbb5a28,ibc2018:external-family:c6f24d84c97c8c850aa4b85b,[],E970,E970—14,14,Standard Test Method for Critical Radiant Flux of Exposed Attic Floor Insulation Using a Radiant Heat Energy Source,ASTM,chapter35_referenced_standard_entry,"[""720.3.1""]",provisional,"[60.0,136.817,561.436,147.947]","{""appendix"":null,""bbox"":[60.0,136.817,561.436,147.947],""chapter"":""35"",""line_id"":""poppler-line:e1e61f092bf46b40353e"",""observed_text_sha256"":""caa833d2a80995da8809f60bc84ce8551b8f3595ac6f3e6daaa9821b089e55c1"",""pdf_page"":654,""printed_page"":""627""}",1469f15b04a0f8219d5669d6c2baeffd5b7b58fa97f3e34edfea0191136c14a0
starts_on_page,ibc2018:chapter35-row:1e194effd173f4b3ba950945,ibc2018:external-family:3cef9dc9c3b19059ef2a3ba1,[],E1300,E1300—12ae1,12ae1,Practice for Determining Load Resistance of Glass in Buildings,ASTM,chapter35_referenced_standard_entry,"[""2404.1"",""2404.2"",""2404.3.1"",""2404.3.2"",""2404.3.3"",""2404.3.4"",""2404.3.5""]",provisional,"[60.0,161.767,361.992,172.897]","{""appendix"":null,""bbox"":[60.0,161.767,361.992,172.897],""chapter"":""35"",""line_id"":""poppler-line:434084e882de8035d9b0"",""observed_text_sha256"":""ccb3b1a294fc48d848ca1bba193c0e6b9951acf7eb71f906b2bd3780bc7a59a9"",""pdf_page"":654,""printed_page"":""627""}",0dd1e844584f6805ed3dcca1575a723b9e92ca128f36099533a32530c5d57602
starts_on_page,ibc2018:chapter35-row:570397beae119cfe62ff34af,ibc2018:external-family:de67e76055eeb3540a2ab35d,[],E1354,E1354—16,16,Standard Test Method for Heat and Visible Smoke Release Rates for Materials and Products Using an Oxygen,ASTM,chapter35_referenced_standard_entry,"[""424.2""]",provisional,"[60.0,186.867,571.896,197.997]","{""appendix"":null,""bbox"":[60.0,186.867,571.896,197.997],""chapter"":""35"",""line_id"":""poppler-line:c6225676b10668589610"",""observed_text_sha256"":""22808268884dda7e02b20556677d9e29278a3b8e61513b141f9935b06b8f4624"",""pdf_page"":654,""printed_page"":""627""}",6e25366a8a29a662ed92a4dac33c8a2528a377654179e141aba9363e203b98af
starts_on_page,ibc2018:chapter35-row:6bf9724170cde4df59a64c07,ibc2018:external-family:604fa730c764edf9313fe75d,[],E1592,E1592—05(2012),05(2012),Test Method for Structural Performance of Sheet Metal Roof and Siding Systems by Uniform Static Air Pressure,ASTM,chapter35_referenced_standard_entry,"[""1504.3.2""]",provisional,"[60.0,222.867,571.96,233.997]","{""appendix"":null,""bbox"":[60.0,222.867,571.96,233.997],""chapter"":""35"",""line_id"":""poppler-line:b414389c3a097281ab4a"",""observed_text_sha256"":""1b128e8606451bd092d0bf5ce7dd3279dc4e788659ed385f073d7974a56e7f5d"",""pdf_page"":654,""printed_page"":""627""}",e0b7651006528acfd01b7159ef51ba21f0fc0a5b83fe3bf80fbafaed583994ef
starts_on_page,ibc2018:chapter35-row:13e65b553c0af5d331d390b7,ibc2018:external-family:412d7a767ed3acf2adcc2676,[],E1602,E1602—03(2010)e1,03(2010)e1,Guide for Construction of Solid Fuel-burning Masonry Heaters,ASTM,chapter35_referenced_standard_entry,"[""2112.2""]",provisional,"[60.0,258.867,382.823,269.997]","{""appendix"":null,""bbox"":[60.0,258.867,382.823,269.997],""chapter"":""35"",""line_id"":""poppler-line:bd4b1d54bf22fed86ae2"",""observed_text_sha256"":""39da5f45d60111983f8f2fad99040db1bf4f468c84bfddbdf63195c14a9b98be"",""pdf_page"":654,""printed_page"":""627""}",b9465da03edc7800ee1f5efe555a57682f7c4d545eda8c25d7e98a432e265faa
starts_on_page,ibc2018:chapter35-row:1b164b87f53a2ee5930ecb60,ibc2018:external-family:df28707b338c6dc14db00e53,[],E1886,E1886—13A,13A,"Standard Test Method for Performance of Exterior Windows, Curtain Walls, Doors and Impact Protective Systems",ASTM,chapter35_referenced_standard_entry,"[""1609.2""]",provisional,"[60.0,283.817,571.725,294.947]","{""appendix"":null,""bbox"":[60.0,283.817,571.725,294.947],""chapter"":""35"",""line_id"":""poppler-line:16421ea5a5648815abb1"",""observed_text_sha256"":""7bdfb153bc6cc974605a94007b271f7d3401b4787736b6eeb24125942e58b2ca"",""pdf_page"":654,""printed_page"":""627""}",4ebd08a3fd205142e21b1688aca4d6f4a6c1ee92d533b4b0ca49d821a4d4113a
starts_on_page,ibc2018:chapter35-row:5e48ebdbd0d6f133549bb5f8,ibc2018:external-family:992f30f684cb3c96e57e50bb,[],E1966,E1966—15,15,Standard Test Method for Fire-resistive Joint Systems,ASTM,chapter35_referenced_standard_entry,"[""715.3""]",provisional,"[60.0,319.817,315.175,330.947]","{""appendix"":null,""bbox"":[60.0,319.817,315.175,330.947],""chapter"":""35"",""line_id"":""poppler-line:7fd994eaab3669c6597d"",""observed_text_sha256"":""0ff8690743dc78b21e4abf1ad2b143a44e2825337acd67a8e3668deb1fb05969"",""pdf_page"":654,""printed_page"":""627""}",1c91269b58a7800ccf913de96d579609ddaaf810091a1552a6199ffb721ec413
starts_on_page,ibc2018:chapter35-row:aaf8607e1d27dccdc2efed1d,ibc2018:external-family:55f1f2b7f967f902d5541d4d,[],E1996,E1996—14a,14a,"Specification for Performance of Exterior Windows, Curtain Walls, Doors and Impact Protective Systems Impacted by",ASTM,chapter35_referenced_standard_entry,"[""1609.2"",""1609.2.2""]",provisional,"[60.0,344.767,571.707,355.897]","{""appendix"":null,""bbox"":[60.0,344.767,571.707,355.897],""chapter"":""35"",""line_id"":""poppler-line:2f621c1fecfbb273ca33"",""observed_text_sha256"":""ecdd8691295ff1477fb9963437874c36518cc406fd93f4354194f558bd2924e6"",""pdf_page"":654,""printed_page"":""627""}",64d6e598177d637724c01f8eb6364e8be70d1ef17ad6e1ff6c0eb891e6d61553
starts_on_page,ibc2018:chapter35-row:94361ce4397c6133289e8d46,ibc2018:external-family:5ae44297aae44a4d9fe4fad4,[],E2072,E2072—14,14,Standard Specification for Photoluminescent (Phosphorescent) Safety Markings,ASTM,chapter35_referenced_standard_entry,"[""1025.4""]",provisional,"[60.0,380.767,413.598,391.897]","{""appendix"":null,""bbox"":[60.0,380.767,413.598,391.897],""chapter"":""35"",""line_id"":""poppler-line:ed6372d67f2289703873"",""observed_text_sha256"":""1a887ed5d9fda145c3f99cb766b94a896e3d2f2fdce567ec1c24d28af0ab3fc3"",""pdf_page"":654,""printed_page"":""627""}",43dea734ad601d2b2a53fffa7002362d5b26e61139203aec8bf1692a56edefdc
starts_on_page,ibc2018:chapter35-row:30124bc36cc520ceac49bc7e,ibc2018:external-family:ebd9847d86a868e5d330c7dc,[],E2174,E2174—14b,14b,Standard Practice for On-site Inspection of Installed Fire Stops,ASTM,chapter35_referenced_standard_entry,"[""1705.17.1""]",provisional,"[60.0,405.867,354.491,416.997]","{""appendix"":null,""bbox"":[60.0,405.867,354.491,416.997],""chapter"":""35"",""line_id"":""poppler-line:fc7a5f3467eba30b2e1b"",""observed_text_sha256"":""aa12efe2c969010f36b995314548b9361f98e70a8a0fd349338e2d9f607b7a2e"",""pdf_page"":654,""printed_page"":""627""}",e927fdbd1ef747c487f9326183231e9e3b59b8ba652a8907be25e85a1d4c1fcf
starts_on_page,ibc2018:chapter35-row:79a160987e27eaa374f4566d,ibc2018:external-family:b453e4034d2a140726847717,[],E2178,E2178—13,13,Standard Test Method for Air Permeance of Building Materials,ASTM,chapter35_referenced_standard_entry,[],provisional,"[60.0,430.817,351.546,441.947]","{""appendix"":null,""bbox"":[60.0,430.817,351.546,441.947],""chapter"":""35"",""line_id"":""poppler-line:3955be30e8a89e76133e"",""observed_text_sha256"":""85f87c4615450d9ed3f8047876471b193db2eb120210181086f80d8815b003b5"",""pdf_page"":654,""printed_page"":""627""}",c3c0c7614c7a9063bea6c68bc6e3cb0dc3725862b08f41363b2df0349ed7b393
starts_on_page,ibc2018:chapter35-row:99a0d8930c2e0a2b067982d7,ibc2018:external-family:3d3f27ddcd48aad71559138c,[],E2273,E2273—03(2011),03(2011),Standard Test Method for Determining the Drainage Efficiency of Exterior Insulation and Finish Systems (EIFS),ASTM,chapter35_referenced_standard_entry,"[""1407.4.1""]",provisional,"[60.0,455.767,571.7,466.897]","{""appendix"":null,""bbox"":[60.0,455.767,571.7,466.897],""chapter"":""35"",""line_id"":""poppler-line:450cc63c0fccd43d34fc"",""observed_text_sha256"":""88fed62478c7c8232d598acd8a60535cb9c19e4dfab0982f32cf0713347f3e47"",""pdf_page"":654,""printed_page"":""627""}",ead8137df42f3220ba76ff156163a1b3b3aadefe77c0df3e43b24367e100ccd1
starts_on_page,ibc2018:chapter35-row:8632c3b1943a319589fb8e8a,ibc2018:external-family:ab3292ad9ef257a788bfab67,[],E2307,E2307—15b,15b,"Standard Test Method for Determining Fire Resistance of Perimeter Fire Barriers Using the Intermediate-scale,",ASTM,chapter35_referenced_standard_entry,"[""715.4""]",provisional,"[60.0,491.817,571.935,502.947]","{""appendix"":null,""bbox"":[60.0,491.817,571.935,502.947],""chapter"":""35"",""line_id"":""poppler-line:f1dbc3e880497d38d387"",""observed_text_sha256"":""3086831998e4ce2398afbbf52e902c28272de5ccdb8bebb80607d5d08adcb301"",""pdf_page"":654,""printed_page"":""627""}",100c911c8177f9c95398b1da8bbd71b0917198235879c9c3c847429b46cb6321
starts_on_page,ibc2018:chapter35-row:d50df8db272f5e6bf55a7d39,ibc2018:external-family:3b3725a55d64ee9a36582a93,[],E2353,E2353—14,14,"Standard Test Methods for Performance of Glazing in Permanent Railing Systems, Guards and Balustrades",ASTM,chapter35_referenced_standard_entry,"[""2407.1.2""]",provisional,"[60.0,527.917,520.924,539.047]","{""appendix"":null,""bbox"":[60.0,527.917,520.924,539.047],""chapter"":""35"",""line_id"":""poppler-line:15afc46ed02744babd5c"",""observed_text_sha256"":""1dd2106584d211a0981c3ea954310290855612d9189781bd15f9412a62198876"",""pdf_page"":654,""printed_page"":""627""}",8b5844d3a54dd2e3ad7ff804d68f40cab675e290e9ea50119ba644357a4db3d8
starts_on_page,ibc2018:chapter35-row:c014cd05c73ea4ae6dbe54e5,ibc2018:external-family:68063a3da5b56f63e4b08d89,[],E2393,E2393—10a(2015),10a(2015),Standard Practice for On-site Inspection of Installed Fire Resistive Joint Systems and Perimeter Fire Barriers,ASTM,chapter35_referenced_standard_entry,"[""1705.17.2""]",provisional,"[60.0,552.867,556.23,563.997]","{""appendix"":null,""bbox"":[60.0,552.867,556.23,563.997],""chapter"":""35"",""line_id"":""poppler-line:fcc6d243e35fc6f77678"",""observed_text_sha256"":""993827da0a4888075a754e51cb5e79f9b810a406bd967d11daf46e39fd570eba"",""pdf_page"":654,""printed_page"":""627""}",75b24e53fac290c0729c5f7e041e8d4380b467f0984e724795c76f7e44b2cf1f
starts_on_page,ibc2018:chapter35-row:3b75c525ebff836b10a326f4,ibc2018:external-family:8d5bf0920a7c98676b36bdd3,[],E2404,E2404—15a,15a,"Practice for Specimen Preparation and Mounting of Textile, Paper or Polymeric (Including Vinyl) and Wood Wall or",ASTM,chapter35_referenced_standard_entry,"[""803.12"",""803.5.2""]",provisional,"[60.0,577.867,571.849,588.997]","{""appendix"":null,""bbox"":[60.0,577.867,571.849,588.997],""chapter"":""35"",""line_id"":""poppler-line:6e0abe05aa26367035a6"",""observed_text_sha256"":""16582ea21bf9cb8f5d0629efd63b69d2bcbfc94f9aece5d435a616470b60917f"",""pdf_page"":654,""printed_page"":""627""}",14094a41198a72cfb9ea0c0ea8ce59e3ffefd4f7fdf21c044c1f472e6e12b1fb
starts_on_page,ibc2018:chapter35-row:6754459e43cd815a4e71faf6,ibc2018:external-family:64e7dd6afcf9d5b5e4a7daa8,[],E2556/E2556M,E2556/E2556M—10,10,Standard Specification for Vapor Permeable Flexible Sheet Water-resistive Barriers Intended for Mechanical,ASTM,chapter35_referenced_standard_entry,"[""2510.6""]",provisional,"[60.0,613.867,572.027,624.997]","{""appendix"":null,""bbox"":[60.0,613.867,572.027,624.997],""chapter"":""35"",""line_id"":""poppler-line:0a1a406f67d5a2e45e2e"",""observed_text_sha256"":""165f056cb5b7038882d300060ae8e21a5e7d9358ee22a3059b247d8d17aed1bc"",""pdf_page"":654,""printed_page"":""627""}",c732c45137282eb0f24a10ab14ee6002e263620b6ccd53b17f107001a8996a12
starts_on_page,ibc2018:chapter35-row:b2f5835bb45e165122e591d8,ibc2018:external-family:c30abbc2fd25e9b1eecc7812,[],E2568,E2568—09e1,09e1,Standard Specification for PB Exterior Insulation and Finish Systems,ASTM,chapter35_referenced_standard_entry,"[""1407.2""]",provisional,"[60.0,649.867,382.825,660.997]","{""appendix"":null,""bbox"":[60.0,649.867,382.825,660.997],""chapter"":""35"",""line_id"":""poppler-line:9e62bbef4f471753e7a2"",""observed_text_sha256"":""7e267bcff886b2b0f861a6f1d85198b4120e5e7d6219399b5684d95682ed19ab"",""pdf_page"":654,""printed_page"":""627""}",0a9dde2e7888cc4636df9a2fc9a60c94692ca784c2f14c17c283c4995791a51a
starts_on_page,ibc2018:chapter35-row:93dad66d802d7cbbf2fdc012,ibc2018:external-family:22194600a1ea774022d5a510,[],E2570/E2570M,E2570/E2570M—07(2014)e1,07(2014)e1,Standard Test Method for Evaluating Water-resistive Barrier (WRB) Coatings Used under Exterior,ASTM,chapter35_referenced_standard_entry,"[""1407.4.1.1"",""1705.16.1""]",provisional,"[60.0,674.967,571.929,686.097]","{""appendix"":null,""bbox"":[60.0,674.967,571.929,686.097],""chapter"":""35"",""line_id"":""poppler-line:ab7193770daa5fcc42dd"",""observed_text_sha256"":""2139812ee8d8e655aa94acb43c67017922b6fe6d85f6b6ad233dfa4ff796b757"",""pdf_page"":654,""printed_page"":""627""}",5e085e896f654fee152b376f9b629d5aa366d83f5754eb4c0884f045afb28bcc
starts_on_page,ibc2018:chapter35-row:c87b13ff7c1d5618d98dc147,ibc2018:external-family:a8b9218f571f45d088f3cf72,[],E2573,E2573—12,12,Standard Practice for Specimen Preparation and Mounting of Site-fabricated Stretch Systems to Assess Surface Burning,ASTM,chapter35_referenced_standard_entry,"[""803.10""]",provisional,"[60.0,710.967,571.868,722.097]","{""appendix"":null,""bbox"":[60.0,710.967,571.868,722.097],""chapter"":""35"",""line_id"":""poppler-line:20ce907132dd5d1ceeac"",""observed_text_sha256"":""fe6a50e5ebe107b5e375287e93f883968069c8b2767af591d7b57f5933129559"",""pdf_page"":654,""printed_page"":""627""}",d240ab9c6c2e89273a7362f23831f6b54fab8b329a791342f89c77c789535cfb
starts_on_page,ibc2018:chapter35-row:82c9b97503639f46b3444fa4,ibc2018:external-family:80636b51863098eff741cfdc,[],E2579,E2579—13,13,Standard Practice for Specimen Preparation and Mounting of Wood Products to Assess Surface Burning Characteristics,ASTM,chapter35_referenced_standard_entry,"[""803.11""]",provisional,"[40.1,87.117,549.818,98.247]","{""appendix"":null,""bbox"":[40.1,87.117,549.818,98.247],""chapter"":""35"",""line_id"":""poppler-line:76745fed589e3b5942bc"",""observed_text_sha256"":""e587fe9d8eea9e4a912e50c6543a4256516873416bced79087b46d0ec1e99b96"",""pdf_page"":655,""printed_page"":""628""}",be4e4a6ca15e9acda107cd534dcdb046d592f75996ce88684763b819db490a36
starts_on_page,ibc2018:chapter35-row:582fced34a0cf68b77dbc516,ibc2018:external-family:37240e6b59a5d73d74955369,[],E2599,E2599—15,15,"Standard Practice for Specimen Preparation and Mounting of Reflective Insulation, Radiant Barrier and Vinyl Stretch",ASTM,chapter35_referenced_standard_entry,"[""2614.3""]",provisional,"[40.1,112.667,551.846,123.797]","{""appendix"":null,""bbox"":[40.1,112.667,551.846,123.797],""chapter"":""35"",""line_id"":""poppler-line:4800ade0fe68eb8f86d7"",""observed_text_sha256"":""2439ed8d9ed6b51f72a0269f0ea35b19c9190b09d56b5c4429e07f6678b00eaa"",""pdf_page"":655,""printed_page"":""628""}",55e0a42c5374c210e84b6c092a21cf78f4e0df18e1be71d535a9c7e361121679
starts_on_page,ibc2018:chapter35-row:0eb45cb1dd316ecd3918da44,ibc2018:external-family:a4e313b51ceef33911d377fa,[],E2634,E2634—11(2015),11(2015),Standard Specification for Flat Wall Insulating Concrete Form (ICF) Systems,ASTM,chapter35_referenced_standard_entry,"[""1903.4""]",provisional,"[40.1,149.167,409.825,160.297]","{""appendix"":null,""bbox"":[40.1,149.167,409.825,160.297],""chapter"":""35"",""line_id"":""poppler-line:55597c1f3357a37090b9"",""observed_text_sha256"":""b113754ad1b45cfffbdea20658a9f1bcada44d446316de798b2e32adff90d68a"",""pdf_page"":655,""printed_page"":""628""}",33f2ce0a3d57ba7369932e593a3c8472c46746fb90c6c366fe6473b94ed21f21
starts_on_page,ibc2018:chapter35-row:11093607797689c82ccac4ca,ibc2018:external-family:2f42a65366076b049f005e99,[],E2751/E2751M,E2751/E2751M—13,13,Practice for Design and Performance of Supported Laminated Glass Walkways,ASTM,chapter35_referenced_standard_entry,"[""2409.1""]",provisional,"[40.1,174.717,426.357,185.847]","{""appendix"":null,""bbox"":[40.1,174.717,426.357,185.847],""chapter"":""35"",""line_id"":""poppler-line:4197ece0043c0c462b8c"",""observed_text_sha256"":""b2a3b19ab608c8e379081cb02d549513f87af7fe2f42684875d4b84719d4cfcb"",""pdf_page"":655,""printed_page"":""628""}",9fa58fc07f13e42adc2961d5af03f4de0ab92f1ffaca892ffebcb05220d8f833
starts_on_page,ibc2018:chapter35-row:1415b21e02fc7409eef8b762,ibc2018:external-family:5f385f8a9f09bfd6ef3a96ac,[],F547,F547—06(2012),06(2012),Terminology of Nails for Use with Wood and Wood-base Materials,ASTM,chapter35_referenced_standard_entry,"[""2506.2""]",provisional,"[40.1,200.267,362.246,211.397]","{""appendix"":null,""bbox"":[40.1,200.267,362.246,211.397],""chapter"":""35"",""line_id"":""poppler-line:a8b2d5116320b2c42e8a"",""observed_text_sha256"":""cae527a3654c8c865c9fd3947780d517a5182ae9214b516502bf0079a49cabcc"",""pdf_page"":655,""printed_page"":""628""}",c50e8ff9170172704d13be44d3b53d0d7900823ac6199cc7fc5b7cdb75af2ef1
starts_on_page,ibc2018:chapter35-row:7118ddadf1dd82c38fbf91d4,ibc2018:external-family:7227aa4da6d47221304f2df9,[],F1667,F1667—15,15,"Specification for Driven Fasteners: Nails, Spikes and Staples",ASTM,chapter35_referenced_standard_entry,"[""1507.17.5"",""1507.2.5"",""2303.6"",""2304.10.1"",""2304.10.5"",""2506.2"",""2603.13.1"",""2603.13.2"",""721.1(2)"",""721.1(3)""]",provisional,"[40.1,225.817,318.313,236.947]","{""appendix"":null,""bbox"":[40.1,225.817,318.313,236.947],""chapter"":""35"",""line_id"":""poppler-line:fb4e41e9de34dc8a2543"",""observed_text_sha256"":""d415bacfc9c486156266214c2dc96653274574355a06626e23931f7e510f7364"",""pdf_page"":655,""printed_page"":""628""}",6d9bd030eb9c8172e3a0004e246cd9cd2673bf711573b2e749a6c0c7abfe3078
starts_on_page,ibc2018:chapter35-row:f5702cfeac68a5d33ff57e1f,ibc2018:external-family:ee524de8911f5e90dab092b1,[],F2006,F2006—17,17,Standard/Safety Specification for Window Fall Prevention Devices for Nonemergency Escape (Egress) and Rescue,ASTM,chapter35_referenced_standard_entry,"[""1015.8""]",provisional,"[40.1,262.417,551.989,273.547]","{""appendix"":null,""bbox"":[40.1,262.417,551.989,273.547],""chapter"":""35"",""line_id"":""poppler-line:dc4189ca93009f41d3be"",""observed_text_sha256"":""792527895611d9ab7363715c7f9c0ba13d149887830d759a899b6ecad81c6681"",""pdf_page"":655,""printed_page"":""628""}",efd82f86b467e292cb3778a5739440603ed17be3d7d6095491d9719e9b921728
starts_on_page,ibc2018:chapter35-row:9dfedd2d0f9655f6f6de4c5f,ibc2018:external-family:b033eefb1576043944e44c3a,[],F2090,F2090—17,17,Specification for Window Fall Prevention Devices with Emergency Escape (Egress) Release Mechanisms,ASTM,chapter35_referenced_standard_entry,"[""1015.8"",""1015.8.1""]",provisional,"[40.1,299.017,486.383,310.147]","{""appendix"":null,""bbox"":[40.1,299.017,486.383,310.147],""chapter"":""35"",""line_id"":""poppler-line:3a56fbaf8004140bb3d5"",""observed_text_sha256"":""45896761311d9d5ed0c5f4e0d453e3e4446d142ee26c5005d2d392e6cb8d1341"",""pdf_page"":655,""printed_page"":""628""}",4dc08c28801b139093d90c91cbe369f04467a76d4ab511f1254c0c5a05fc93b2
starts_on_page,ibc2018:chapter35-row:fcfb9c47d30e560a0ec3de75,ibc2018:external-family:368502530f894d9901039fe5,[],F2200,F2200—14,14,Standard Specification for Automated Vehicular Gate Construction,ASTM,chapter35_referenced_standard_entry,"[""3110.2""]",provisional,"[40.1,324.617,346.966,335.747]","{""appendix"":null,""bbox"":[40.1,324.617,346.966,335.747],""chapter"":""35"",""line_id"":""poppler-line:f06be123886b1621ba4d"",""observed_text_sha256"":""2bbb8ee6e6c0dbe48a54dd8afb2e21cedce87978a223a08663cf28fe0e41d23a"",""pdf_page"":655,""printed_page"":""628""}",42dbbaba3a67e4c83de2e191505b186cbe356b16e5e190e9a55cb3086b3bd151
starts_on_page,ibc2018:chapter35-row:1aab874db66e600e75d0dcb1,ibc2018:external-family:41c9d30ada9b86d757278277,[],G152,G152—13,13,Practice for Operating Open Flame Carbon Arc Light Apparatus for Exposure of Nonmetallic Materials,ASTM,chapter35_referenced_standard_entry,"[""1504.6""]",provisional,"[40.1,350.167,484.796,361.297]","{""appendix"":null,""bbox"":[40.1,350.167,484.796,361.297],""chapter"":""35"",""line_id"":""poppler-line:3147839c971ca4689278"",""observed_text_sha256"":""c2e6ea442e1c44f1b30ee160219c4febd5d9fe7e90a05f7edf12dc9f4b87dc0f"",""pdf_page"":655,""printed_page"":""628""}",ba686ae8876fd12a9e05020fa79e82fa78c4fed4ac95b14133e9b5395a676a81
starts_on_page,ibc2018:chapter35-row:08af203c61734cddec5ac574,ibc2018:external-family:330ea963091619d4e02ba924,[],G154,G154—12a,12a,Practice for Operating Fluorescent Light Apparatus for UV Exposure of Nonmetallic Materials,ASTM,chapter35_referenced_standard_entry,"[""1504.6""]",provisional,"[40.1,375.717,453.696,386.847]","{""appendix"":null,""bbox"":[40.1,375.717,453.696,386.847],""chapter"":""35"",""line_id"":""poppler-line:a92458919d58a9715945"",""observed_text_sha256"":""fe907fbb8580c26acc6fd66733e8d5700f3adea877f5c6a861cb37531f2b836b"",""pdf_page"":655,""printed_page"":""628""}",99ac715bf8b41bc820fe6a8da7f8d02786e73db5607d2a48c818fd662fe47935
starts_on_page,ibc2018:chapter35-row:4f067e379bc592feb870015d,ibc2018:external-family:81c88e10e233ef2d16891b90,[],G155,G155—13,13,Practice for Operating Xenon Arc Light Apparatus for Exposure of Nonmetallic Materials,ASTM,chapter35_referenced_standard_entry,"[""1504.6""]",provisional,"[40.1,401.267,430.896,412.397]","{""appendix"":null,""bbox"":[40.1,401.267,430.896,412.397],""chapter"":""35"",""line_id"":""poppler-line:0b2e4373fc7480a57585"",""observed_text_sha256"":""dd132983f36acd968b40c74cbdabbd4c21f451a454e7a8d334f6b79357d568d5"",""pdf_page"":655,""printed_page"":""628""}",ccde6df2d7b56bc52ebb89fc9f3430be15ff07ca329f6755bb30bd53cb1f1c1c
starts_on_page,ibc2018:chapter35-row:fc586b1b1d10294817463c07,ibc2018:external-family:fdb66d7e736d731f10aa1e6a,[],AWC WCD No. 4,AWC WCD No. 4—2003,2003,Wood Construction Data—Plank and Beam Framing for Residential Buildings,AWC,chapter35_referenced_standard_entry,"[""2306.1.2""]",provisional,"[40.1,480.967,442.592,492.097]","{""appendix"":null,""bbox"":[40.1,480.967,442.592,492.097],""chapter"":""35"",""line_id"":""poppler-line:36bfce84f4ce79ae3e95"",""observed_text_sha256"":""166766717238e4a2f98efb31d4cb571799f16f9e406fea4deb741a8afe8f37ba"",""pdf_page"":655,""printed_page"":""628""}",2f0108c6c4edf6bca009165e73e804a3dfbf6753aaa17bb05872ebf967a70b92
starts_on_page,ibc2018:chapter35-row:9afdbc4e30246f951f7942d2,ibc2018:external-family:3317c38f038fccb3388f40c0,[],ANSI/AWC WFCM,ANSI/AWC WFCM—2018,2018,Wood Frame Construction Manual for One- and Two-Family Dwellings,AWC,chapter35_referenced_standard_entry,"[""1609.1.1"",""1609.1.1.1"",""2302.1"",""2308.2.4"",""2308.6.7.2"",""2309.1""]",provisional,"[40.1,506.517,425.796,517.647]","{""appendix"":null,""bbox"":[40.1,506.517,425.796,517.647],""chapter"":""35"",""line_id"":""poppler-line:cebb5f40aeaca456dfa6"",""observed_text_sha256"":""662db46fe62dce2b15351fff1e0c670b1e2a552c62e3807b9aa7b139af9a9142"",""pdf_page"":655,""printed_page"":""628""}",fd76ec2d18db70c9583c0bbdf3801a01ee2ee493844733d79b5d8079e212e199
starts_on_page,ibc2018:chapter35-row:7b2805bf3ff712a174a366c9,ibc2018:external-family:a1032366670c8e1816626a67,[],ANSI/AWC NDS,ANSI/AWC NDS—2018,2018,National Design Specification (NDS) for Wood Construction—with 2018 NDS Supplement,AWC,chapter35_referenced_standard_entry,"[""1604.3"",""1809.12"",""1810.3.2.4"",""1810.3.2.6"",""1905.1.8"",""2304.13"",""2306.1"",""2306.2(1)"",""2306.2(2)"",""2306.3(1)"",""2306.3(2)"",""2307.1"",""2603.1.3.1"",""2603.13.2"",""722.1""]",provisional,"[40.1,532.067,483.605,543.197]","{""appendix"":null,""bbox"":[40.1,532.067,483.605,543.197],""chapter"":""35"",""line_id"":""poppler-line:69dbef45900794a443c8"",""observed_text_sha256"":""f5a9c64057bcc7256f81a2c713979134d90aec4137ca84ec4ba990ff6a5a121f"",""pdf_page"":655,""printed_page"":""628""}",42fce7ee5f53b48d62d70b709ec2a9b1564a62f7320ba52192233a72e5e8a486
starts_on_page,ibc2018:chapter35-row:46fb68a71dd18e158c2f1a8b,ibc2018:external-family:8e203da6465cb4d3fe408f1e,[],AWC STJR,AWC STJR—2015,2015,Span Tables for Joists and Rafters,AWC,chapter35_referenced_standard_entry,"[""2306.1.1"",""2308.4.2.1"",""2308.7.1"",""2308.7.2""]",provisional,"[40.1,579.717,250.27,590.847]","{""appendix"":null,""bbox"":[40.1,579.717,250.27,590.847],""chapter"":""35"",""line_id"":""poppler-line:734de00989f6ccc183c8"",""observed_text_sha256"":""4e301b7182831af750cec3c00bfc68edc1c102ab1d1aed8b711d9d430f84c282"",""pdf_page"":655,""printed_page"":""628""}",ced5babfa7f2e0acd3c251f27e4ec4396bb5147571e6a46ff9754e005bb95403
starts_on_page,ibc2018:chapter35-row:ad06180eadfe634b758c351a,ibc2018:external-family:83359b5ba44c8d2f6028f122,[],ANSI/AWC PWF,ANSI/AWC PWF—2015,2015,Permanent Wood Foundation Design Specification,AWC,chapter35_referenced_standard_entry,"[""1805.2"",""1807.1.4"",""2304.10.5.2""]",provisional,"[40.1,605.267,334.613,616.397]","{""appendix"":null,""bbox"":[40.1,605.267,334.613,616.397],""chapter"":""35"",""line_id"":""poppler-line:fa773ee25b10f49a1215"",""observed_text_sha256"":""cb485546827e9521179b282dda3b940dfedb817ac74fac7b4f465ebbd646deee"",""pdf_page"":655,""printed_page"":""628""}",1b874de56da1d11d066128ff8581833bbb653c2651c436c0175c3c99f78f0643
starts_on_page,ibc2018:chapter35-row:7aa3bcae02e7526a9fca2a22,ibc2018:external-family:6a5ad99b1088286a593d60b3,[],ANSI/AWC SDPWS,ANSI/AWC SDPWS—2015,2015,Special Design Provisions for Wind and Seismic,AWC,chapter35_referenced_standard_entry,"[""2305.1"",""2305.2"",""2305.3"",""2306.1"",""2306.2"",""2306.3"",""2306.3(1)"",""2306.3(3)"",""2307.1""]",provisional,"[40.1,630.867,334.53,641.997]","{""appendix"":null,""bbox"":[40.1,630.867,334.53,641.997],""chapter"":""35"",""line_id"":""poppler-line:9145d5509d7d4e34a01a"",""observed_text_sha256"":""fb8ce1856a4691a85a84998d566baad8b667f7db57e607670ab9f3f6307547ac"",""pdf_page"":655,""printed_page"":""628""}",acf6eced1e1de028fc5d267b16a0e97d816c6dde696f8cdfecc4d86e92a6d20d
starts_on_page,ibc2018:chapter35-row:54fbc3ae695fb3aa3d2dddf9,ibc2018:external-family:fcdb1fc02977f0c404e0fc7e,[],12-B,12-B—14,14,"Technical Manual 12B, Third Edition; Standard Practice for the Testing and Inspection of Field Applied Thin Film",AWCI,chapter35_referenced_standard_entry,[],provisional,"[40.1,710.517,551.863,721.647]","{""appendix"":null,""bbox"":[40.1,710.517,551.863,721.647],""chapter"":""35"",""line_id"":""poppler-line:cfdfee91a24dd81743e9"",""observed_text_sha256"":""8ac665e96a52f42a3cb0eae49104582b1c5d9332b2135025391d9f76fd1db246"",""pdf_page"":655,""printed_page"":""628""}",147b050279702f39f4ab015e414c511df4b1a0681c38b74a0a079117e253b9b0
starts_on_page,ibc2018:chapter35-row:05968f0a602b3e0d8a999007,ibc2018:external-family:2c6c89cb15d3fd791aa85135,[],Intumescent Fire-resistive Materials; an Annotated Guide,Intumescent Fire-resistive Materials; an Annotated Guide,,,AWCI,chapter35_referenced_standard_entry,"[""1705.15""]",provisional,"[50.9,721.567,275.587,732.697]","{""appendix"":null,""bbox"":[50.9,721.567,275.587,732.697],""chapter"":""35"",""line_id"":""poppler-line:e0236f0b41c219f680af"",""observed_text_sha256"":""d195113cea7355124e91e01cbf34c93da377721d4236cab6de3a6dbc17beb728"",""pdf_page"":655,""printed_page"":""628""}",e3b0c44298fc1c149afbf4c8996fb92427ae41e4649b934ca495991b7852b855
starts_on_page,ibc2018:chapter35-row:40120e90cc06e6e60200d6fd,ibc2018:external-family:76d05a139a39d70a0132db6a,[],C1,C1—03,03,All Timber Products—Preservative Treatment by Pressure Processes,AWPA,chapter35_referenced_standard_entry,"[""1505.6""]",provisional,"[60.05,103.917,359.693,115.047]","{""appendix"":null,""bbox"":[60.05,103.917,359.693,115.047],""chapter"":""35"",""line_id"":""poppler-line:e5c9382fd528a2ff37e9"",""observed_text_sha256"":""e21a827b40a56c3c0c227a72a1b03bec36d3298d67abfb5c72fa8b3f19a9e932"",""pdf_page"":656,""printed_page"":""629""}",a3c3b5905cb5cc388e94c8aa2dd8fa1baf82bc555076c2b477e15f1c72672560
starts_on_page,ibc2018:chapter35-row:f791d94dade398758fc263ce,ibc2018:external-family:1e3429a6f5c373481c411b67,[],M4,M4—16,16,Standard for the Care of Preservative-treated Wood Products,AWPA,chapter35_referenced_standard_entry,"[""1810.3.2.4.1"",""2303.1.9""]",provisional,"[60.05,128.867,333.388,139.997]","{""appendix"":null,""bbox"":[60.05,128.867,333.388,139.997],""chapter"":""35"",""line_id"":""poppler-line:396c12c2ea7dec0fa217"",""observed_text_sha256"":""4c5942cdb78cc26136d4cc6ba78b3c77707d071d01cb39db6364431c9b88dc38"",""pdf_page"":656,""printed_page"":""629""}",9cca05ba04840806e03c1cba422dac84e337fe9a33b2d0f0a171395a5b7855dc
starts_on_page,ibc2018:chapter35-row:677d8c1723fb487263c5370e,ibc2018:external-family:4c1b6bbf87770132c1e67dcd,[],U1,U1—16,16,USE CATEGORY SYSTEM: User Specification for Treated Wood Except Commodity Specification H,AWPA,chapter35_referenced_standard_entry,"[""1507.9.6"",""1807.1.4"",""1807.3.1"",""1809.12"",""1810.3.2.4.1"",""2303.1.9"",""2304.12.1"",""2304.12.2"",""2304.12.3"",""2304.12.4"",""2304.12.5""]",provisional,"[60.05,153.817,488.591,164.947]","{""appendix"":null,""bbox"":[60.05,153.817,488.591,164.947],""chapter"":""35"",""line_id"":""poppler-line:b1df627258ff8e5ef952"",""observed_text_sha256"":""e851fec486abf4661fee8232ca60d1a0cfcc8286f718fa17f96ca91e66c75795"",""pdf_page"":656,""printed_page"":""629""}",e77dcb6da62c3bf96a5e52bdf2e53cb1c75b0024ed938a6764b4e4bb377d3680
starts_on_page,ibc2018:chapter35-row:ce7b04c8fcd7e7527d7c5140,ibc2018:external-family:b622b5b7aa0d48dc2842e769,[],D1.4/D1.4M,D1.4/D1.4M—2017,2017,Structural Welding Code—Reinforcing Steel Including Metal Inserts and Connections In Reinforced Concrete,AWS,chapter35_referenced_standard_entry,"[""1704.5"",""1705.3"",""1705.3.1"",""2107.3""]",provisional,"[60.05,243.217,571.815,254.347]","{""appendix"":null,""bbox"":[60.05,243.217,571.815,254.347],""chapter"":""35"",""line_id"":""poppler-line:694e2ec8238e24283756"",""observed_text_sha256"":""ed46738a0a8f12eb07256f40bdd8e464954a2397411b4ba0ead22e09312c4ee2"",""pdf_page"":656,""printed_page"":""629""}",87e9d922c52492dc25e8d475ec0b9d8a6a331021214545ac4061d10302d6ed26
starts_on_page,ibc2018:chapter35-row:c67e3e3cab15f4d5d52f99f3,ibc2018:external-family:909f54a77ab2d6e4f9aec2ed,[],A 156.10,A 156.10—2011,2011,Power Operated Pedestrian Doors,BHMA,chapter35_referenced_standard_entry,"[""1010.1.4.2""]",provisional,"[60.0,332.517,256.948,343.647]","{""appendix"":null,""bbox"":[60.0,332.517,256.948,343.647],""chapter"":""35"",""line_id"":""poppler-line:5fda376cc009c9928cbb"",""observed_text_sha256"":""40026f49131ff4daff68f5e0d0b1228af9dc73c34e0e10f575d2f76f30ecbc67"",""pdf_page"":656,""printed_page"":""629""}",9d1e61b4e97b7966dc991a4c67cdece37636e1b58824eb27cccd24313b879e3a
starts_on_page,ibc2018:chapter35-row:1c797fb717bdba68fc1c1c89,ibc2018:external-family:3096672f9a473be70b49dacc,[],A 156.19,A 156.19—2013,2013,Standard for Power Assist and Low Energy Power Operated Doors,BHMA,chapter35_referenced_standard_entry,"[""1010.1.4.2""]",provisional,"[60.0,357.517,383.348,368.647]","{""appendix"":null,""bbox"":[60.0,357.517,383.348,368.647],""chapter"":""35"",""line_id"":""poppler-line:0494560ee97cb6fe36e6"",""observed_text_sha256"":""027e7decdd0066ac08a03e753f45124f5ff1e3d20a84d1fbb58b5dae5b1eee1d"",""pdf_page"":656,""printed_page"":""629""}",5c68218cd3a08ef4db212e8509aaf1e02297c101776cfc7055ce100feaee51fd
starts_on_page,ibc2018:chapter35-row:3d997169394eef107f3d975f,ibc2018:external-family:bef309f3cb363811e65b6349,[],A 156.27,A 156.27—2011,2011,Power and Manual Operated Revolving Pedestrian Doors,BHMA,chapter35_referenced_standard_entry,"[""1010.1.4.1.1""]",provisional,"[60.0,382.567,346.548,393.697]","{""appendix"":null,""bbox"":[60.0,382.567,346.548,393.697],""chapter"":""35"",""line_id"":""poppler-line:abf9f99e3a90cddf75e2"",""observed_text_sha256"":""96d2163c2ed2cdceab05947618fe1d352a6da8999b30d4c16eb53c42d8f18a30"",""pdf_page"":656,""printed_page"":""629""}",57d7f7524ebaa7cdf35d596468a58722a8742a2d0e027cf3fb663879cdec09bc
starts_on_page,ibc2018:chapter35-row:195682b8682fad20b9b7ae3f,ibc2018:external-family:06ff219019436f495975470f,[],A 156.38,A 156.38—2014,2014,Low Energy Power Operated Sliding and Folding Doors,BHMA,chapter35_referenced_standard_entry,"[""1010.1.4.2""]",provisional,"[60.0,407.517,340.898,418.647]","{""appendix"":null,""bbox"":[60.0,407.517,340.898,418.647],""chapter"":""35"",""line_id"":""poppler-line:2aa65e3cadba9c371b86"",""observed_text_sha256"":""efe4c148acf998cc1bd97fc732ad2962709a681118c1dd95d8fc31d1f935cc4a"",""pdf_page"":656,""printed_page"":""629""}",c37685db2dce39e6cffaf74db34284bf65700359d9c0cae15929cc15a2878bf5
starts_on_page,ibc2018:chapter35-row:890d11a1e795f87c3df9886f,ibc2018:external-family:d6686aae4f4f13919ee926c8,[],EN 1081,EN 1081—98,98,Resilient Floor Coverings—Determination of the Electrical Resistance,CEN,chapter35_referenced_standard_entry,"[""406.7.1""]",provisional,"[60.0,496.817,384.534,507.947]","{""appendix"":null,""bbox"":[60.0,496.817,384.534,507.947],""chapter"":""35"",""line_id"":""poppler-line:bc5678bc3049d2a8422b"",""observed_text_sha256"":""3da29b7d4aa3da1da20a671cd67e3b566adcdbff10a6e3404d2c79404933ce46"",""pdf_page"":656,""printed_page"":""629""}",92b91e880a0fb267501efd99d7bbec1f3dfd01c9ec1172510b1344f23f311c00
starts_on_page,ibc2018:chapter35-row:9073256c9db85db7e6170f2a,ibc2018:external-family:b0166c78211c6944ea31b9c8,[],BS EN 15250,BS EN 15250—2007,2007,Slow Heat Release Appliances Fired by Solid Fuel Requirements and Test Methods,CEN,chapter35_referenced_standard_entry,"[""2112.2"",""2112.5""]",provisional,"[60.0,521.867,460.584,532.997]","{""appendix"":null,""bbox"":[60.0,521.867,460.584,532.997],""chapter"":""35"",""line_id"":""poppler-line:50c6065cee384114b50c"",""observed_text_sha256"":""da1fef290f50bcc67055e149efcfa5da75320f2df9e6cb5e28e7c5288438ed12"",""pdf_page"":656,""printed_page"":""629""}",e640cd952672d6623d9c57e3e74f9691f2ef583f0ae34e42824f6a1d7f9893d8
starts_on_page,ibc2018:chapter35-row:cd7375195ae07524c5eec849,ibc2018:external-family:84a27d00917b6638f4bea409,[],ANSI A135.4,ANSI A135.4—2012,2012,Basic Hardboard,CPA,chapter35_referenced_standard_entry,"[""1403.3.1"",""2303.1.7""]",provisional,"[60.0,600.217,208.707,611.347]","{""appendix"":null,""bbox"":[60.0,600.217,208.707,611.347],""chapter"":""35"",""line_id"":""poppler-line:530ac40dfb563256472a"",""observed_text_sha256"":""515d17dbda8b5c5cff1a594f9b1645b91c585ea00318bc5ebe19f4066e73044a"",""pdf_page"":656,""printed_page"":""629""}",695ee523b1d3a7794d284a21d62801641b54bc5c399f41d63f57a14a15be09cf
starts_on_page,ibc2018:chapter35-row:73f5cf6e5fff3d5f20479343,ibc2018:external-family:4a2ce0fed345ae49da12aeb8,[],ANSI A135.5,ANSI A135.5—2012,2012,Prefinished Hardboard Paneling,CPA,chapter35_referenced_standard_entry,"[""2303.1.7"",""2304.7""]",provisional,"[60.0,625.217,267.823,636.347]","{""appendix"":null,""bbox"":[60.0,625.217,267.823,636.347],""chapter"":""35"",""line_id"":""poppler-line:c7a7cfa878682776bf74"",""observed_text_sha256"":""d917dc5c298b5bee5a37b32e5d6f3ebea82728cdc9e62e47e1e2eb4f00409710"",""pdf_page"":656,""printed_page"":""629""}",a17121c46510b6adda69be396133d55bf4b2d7fa72b2c8ea75d995336f5c9fb6
starts_on_page,ibc2018:chapter35-row:48de2142b7471c5372432b93,ibc2018:external-family:5e84b01f21ef57ffb35a4d44,[],ANSI A135.6,ANSI A135.6—2012,2012,Engineered Wood Siding,CPA,chapter35_referenced_standard_entry,"[""1403.3.2"",""2303.1.7""]",provisional,"[60.0,650.167,238.392,661.297]","{""appendix"":null,""bbox"":[60.0,650.167,238.392,661.297],""chapter"":""35"",""line_id"":""poppler-line:5eef54a90107f7b43c31"",""observed_text_sha256"":""c8ee03b4385ad1e4d09824c82004117d47a97f7f7c1f9d309ee6d1d29d627f26"",""pdf_page"":656,""printed_page"":""629""}",89a5e4c722cfb493cace3a51e0cabdf33a424db5e2af68efee98a35d0acb2c57
starts_on_page,ibc2018:chapter35-row:85b6d068abce523fe047e77e,ibc2018:external-family:6bcc8f01502f9d4fb70a1644,[],A208.1,A208.1—2016,2016,Particleboard,CPA,chapter35_referenced_standard_entry,"[""2303.1.8"",""2303.1.8.1""]",provisional,"[60.0,675.267,171.739,686.397]","{""appendix"":null,""bbox"":[60.0,675.267,171.739,686.397],""chapter"":""35"",""line_id"":""poppler-line:a8d19c4e3964044fcab8"",""observed_text_sha256"":""667275bf1dcc0e847a7b86cf65b8b1af7155d28c755d9837a8ea2bad171bed51"",""pdf_page"":656,""printed_page"":""629""}",e1d71c173706da1868139418c2e3449bf7933a10ac9ca0028065bee11526c7fd
starts_on_page,ibc2018:chapter35-row:85195df53bed9a954aa67547,ibc2018:external-family:065abc44aa90fa31adb53379,[],16 CFR Part 1201 (2002),16 CFR Part 1201 (2002),,Safety Standard for Architectural Glazing Material,CPSC,chapter35_referenced_standard_entry,"[""2406.2"",""2406.2(1)"",""2406.3.1"",""2407.1"",""2407.1.4.1"",""2408.2.1"",""2408.3"",""2409.2"",""2409.3.1"",""2409.4.1""]",provisional,"[40.1,103.917,338.34,115.047]","{""appendix"":null,""bbox"":[40.1,103.917,338.34,115.047],""chapter"":""35"",""line_id"":""poppler-line:04082fa7dbb71aaead5c"",""observed_text_sha256"":""9417f672be85ddfacdb04bb63c147864d4ba495875f0436bda378475671f78dc"",""pdf_page"":657,""printed_page"":""630""}",f98621bfaf2e81a2bf02b6dc0e108d9dff54083630f58753001a0e8b051f1b59
starts_on_page,ibc2018:chapter35-row:03d1fc30330b0d249f867c06,ibc2018:external-family:72298297fd99ed98117ff8e8,[],16 CFR Part 1209 (2002),16 CFR Part 1209 (2002),,Interim Safety Standard for Cellulose Insulation,CPSC,chapter35_referenced_standard_entry,"[""720.6""]",provisional,"[40.1,128.867,326.527,139.997]","{""appendix"":null,""bbox"":[40.1,128.867,326.527,139.997],""chapter"":""35"",""line_id"":""poppler-line:def8b5492aad3f3b8af6"",""observed_text_sha256"":""f8020b2c67d8eef7c53c71714359b8322082d47566adc69f1a6dbdb3c87dc782"",""pdf_page"":657,""printed_page"":""630""}",a9da4729beada1f76df5bd0ce95737fb4809f088b1df314af0b720c2d2e6c595
starts_on_page,ibc2018:chapter35-row:28f2b5a0c8bf46cfdbccfa35,ibc2018:external-family:2b866b0f1dfbe5ce7da11a17,[],16 CFR Part 1404 (2002),16 CFR Part 1404 (2002),,Cellulose Insulation,CPSC,chapter35_referenced_standard_entry,"[""720.6""]",provisional,"[40.1,153.817,216.677,164.947]","{""appendix"":null,""bbox"":[40.1,153.817,216.677,164.947],""chapter"":""35"",""line_id"":""poppler-line:2bca217c8a19e8ad538e"",""observed_text_sha256"":""09b24c784b5d2714574d5cb433be391e2cd635cf1f0de6d52d448e3f75a18b8f"",""pdf_page"":657,""printed_page"":""630""}",faa5cafe91d19f77c1ebe2d00003fe0b901b3cd1c834907827db6684be3549ca
starts_on_page,ibc2018:chapter35-row:143cd89b02f2e0e290f4e168,ibc2018:external-family:fff2b37fd64a18cf975208e7,[],16 CFR Part 1500 (2009),16 CFR Part 1500 (2009),,Hazardous Substances and Articles; Administration and Enforcement Regulations,CPSC,chapter35_referenced_standard_entry,[],provisional,"[40.1,178.917,456.924,190.047]","{""appendix"":null,""bbox"":[40.1,178.917,456.924,190.047],""chapter"":""35"",""line_id"":""poppler-line:3164c3c24f676378ebe9"",""observed_text_sha256"":""87a8f08bde68ead2e90a2f20ee5941d369df7060a72f73781f21a7250e30ae5a"",""pdf_page"":657,""printed_page"":""630""}",35f583c5a70e60d2ee194494436437ef0cb15ea0011b4d9ce6de4f02f3bfec5a
starts_on_page,ibc2018:chapter35-row:dd588d7a4f95d3cdfb9d0db2,ibc2018:external-family:de28f0a7322e7c8446059619,[],16 CFR Part 1500.44 (2009),16 CFR Part 1500.44 (2009),,Method for Determining Extremely Flammable and Flammable Solids,CPSC,chapter35_referenced_standard_entry,[],provisional,"[40.1,203.867,421.497,214.997]","{""appendix"":null,""bbox"":[40.1,203.867,421.497,214.997],""chapter"":""35"",""line_id"":""poppler-line:269943a24d06cb18aaec"",""observed_text_sha256"":""99cb493b9d1eeb7660e3af419bd0ef615a0ddcb48cdbbf9272abdf83ea0fbfd0"",""pdf_page"":657,""printed_page"":""630""}",0efdb3bb7e69c525bf79cd8b00e4a5a8190df9afbb683f74024c43ba9faab9d4
starts_on_page,ibc2018:chapter35-row:4a24dfb31f66438f85f2631d,ibc2018:external-family:14b3d9ce1cfda7d4e97e94ea,[],16 CFR Part 1507 (2002),16 CFR Part 1507 (2002),,Fireworks Devices,CPSC,chapter35_referenced_standard_entry,[],provisional,"[40.1,228.867,211.068,239.997]","{""appendix"":null,""bbox"":[40.1,228.867,211.068,239.997],""chapter"":""35"",""line_id"":""poppler-line:7e8b0b177ac33ad24b38"",""observed_text_sha256"":""f9a0fd9b971f68ee5a4272f2760a8255823b77aad1ca4b81d553e96763473980"",""pdf_page"":657,""printed_page"":""630""}",7a9eaefb5c6be07a0417d240404a00727dfe0e16d1c3a4cbda3ac92d840a4696
starts_on_page,ibc2018:chapter35-row:38b9778b2110d3ed4860d720,ibc2018:external-family:c1b9c18253b10544f0c2dc01,[],16 CFR Part 1630 (2007),16 CFR Part 1630 (2007),,Standard for the Surface Flammability of Carpets and Rugs,CPSC,chapter35_referenced_standard_entry,"[""804.4.1""]",provisional,"[40.1,253.917,371.087,265.047]","{""appendix"":null,""bbox"":[40.1,253.917,371.087,265.047],""chapter"":""35"",""line_id"":""poppler-line:005eafd99224e058dc8d"",""observed_text_sha256"":""ec99a46471d22320b4cb06c084624406dfedb8e79564696421e2070987e3f00a"",""pdf_page"":657,""printed_page"":""630""}",6882ea802f7fcf62c681b76d405fbdb72554311e19bcc51361741400b14073e4
starts_on_page,ibc2018:chapter35-row:6f956b958319cfceae4bf702,ibc2018:external-family:39e0bc5807e9b23dac5b089d,[],AAMA/WDMA/CSA 101/I.S.2/A440,AAMA/WDMA/CSA 101/I.S.2/A440—17,17,"North American Fenestration Standard/Specifications for Windows, Doors and Unit",CSA,chapter35_referenced_standard_entry,"[""1709.5.1"",""2405.5""]",provisional,"[40.1,332.167,552.009,343.297]","{""appendix"":null,""bbox"":[40.1,332.167,552.009,343.297],""chapter"":""35"",""line_id"":""poppler-line:6a147a13df11593b4341"",""observed_text_sha256"":""1498829b7069468e791ae8ee613e9f98d745143efb4cc19ada7aa8d7b6c8ce29"",""pdf_page"":657,""printed_page"":""630""}",705a0b5ec219210076b45af92ab5e4deaf5a380b63e297c11391a20847cd8ddb
starts_on_page,ibc2018:chapter35-row:b271e4efe011aa4f1b81e472,ibc2018:external-family:fd6d738f2b3769fb35e32f1f,[],ASME A17.1,ASME A17.1—2016/CSA B44-—16,2016/CSA B44-—16,Safety Code for Elevators and Escalators,CSA,chapter35_referenced_standard_entry,"[""1009.4.1"",""1607.10.1"",""3001.2"",""3001.3"",""3001.5"",""3002.5"",""3003.2"",""3007.1"",""3008.1.4"",""3008.7.1"",""907.3.3"",""911.1.6""]",provisional,"[40.1,368.167,338.606,379.297]","{""appendix"":null,""bbox"":[40.1,368.167,338.606,379.297],""chapter"":""35"",""line_id"":""poppler-line:53fcb3690ce21bdc39db"",""observed_text_sha256"":""f5f88c191a1ba3ccd83a51c44eae206a2a806a1c7a827f5ec6d8f01269ce6b21"",""pdf_page"":657,""printed_page"":""630""}",32e5c85ae3c04bce865f8686b5d5c768e8dc396b3cda3538a7e26c121913fdb7
starts_on_page,ibc2018:chapter35-row:53415e370e30921e5415d196,ibc2018:external-family:b8abead1f43c23a2e6d44de5,[],ASME A17.7,ASME A17.7—2007/CSA B44.7—07,2007/CSA B44.7—07,Performance-based Safety Code for Elevators and Escalators,CSA,chapter35_referenced_standard_entry,"[""3001.3"",""3001.5"",""3002.5""]",provisional,"[40.1,404.167,419.606,415.297]","{""appendix"":null,""bbox"":[40.1,404.167,419.606,415.297],""chapter"":""35"",""line_id"":""poppler-line:b141b757df9b1fe13dc2"",""observed_text_sha256"":""bce355639d69ffdddb2233c9ed22a928819c8822a06bd927cd1aa7c5f615d629"",""pdf_page"":657,""printed_page"":""630""}",67c95586a3ff93a14bbed0226371b637bb29a471b0f1ea0daf220f44a6e526f8
starts_on_page,ibc2018:chapter35-row:797c8f93fa6addbca1af58c9,ibc2018:external-family:bc5a6ebf01bdae375be52ca9,[],CSSB,CSSB—97,97,Grading and Packing Rules for Western Red Cedar Shakes and Western Red Shingles of the Cedar Shake and Shingle,CSSB,chapter35_referenced_standard_entry,"[""1507.8.5"",""1507.9.6""]",provisional,"[40.1,482.517,551.942,493.647]","{""appendix"":null,""bbox"":[40.1,482.517,551.942,493.647],""chapter"":""35"",""line_id"":""poppler-line:1c961146e5efc211e20c"",""observed_text_sha256"":""ee2686bcaf2bae30a86d9afb88187719205a64df4afd8494059aaff73752aa40"",""pdf_page"":657,""printed_page"":""630""}",0ee79116b17e8b39cb512f1c212bb379e589de45ee7b0b17e477aa90a715ed6c
starts_on_page,ibc2018:chapter35-row:cb8cd88884ddf340c8dc7520,ibc2018:external-family:6de2b9e14115a0f0e3df2718,[],ANSI/DASMA 107,ANSI/DASMA 107—2017,2017,Room Fire Test Standard for Garage Doors Using Foam Plastic Insulation,DASMA,chapter35_referenced_standard_entry,"[""2603.4.1.9""]",provisional,"[40.1,571.817,429.727,582.947]","{""appendix"":null,""bbox"":[40.1,571.817,429.727,582.947],""chapter"":""35"",""line_id"":""poppler-line:c27a12616ea0474fbf66"",""observed_text_sha256"":""4a999dfef09264bc82c831ce870a4d1108bde790371b226346254045e871c94a"",""pdf_page"":657,""printed_page"":""630""}",2a7d2fda249db6ee6ad9a406c2ffaa72496b8d3f578ee09df4ed56b0603321a0
starts_on_page,ibc2018:chapter35-row:bd338cf27de3b8ac78804b04,ibc2018:external-family:eb9a41dd93148c2533d10f5e,[],ANSI/DASMA 108,ANSI/DASMA 108—2017,2017,"Standard Method for Testing Sectional Garage Doors, Rolling Doors and Flexible Doors: Determination of",DASMA,chapter35_referenced_standard_entry,"[""1709.5.2""]",provisional,"[40.1,596.867,552.433,607.997]","{""appendix"":null,""bbox"":[40.1,596.867,552.433,607.997],""chapter"":""35"",""line_id"":""poppler-line:a035cc3f808c526e1d6f"",""observed_text_sha256"":""f2235b4e567ac2ad465559e24eaeeef54d3a0a4e8b50f75fde18e52ddfc6a62a"",""pdf_page"":657,""printed_page"":""630""}",6212f25e8b56ead17f44a4f90c6239ed538a91f4af899335b2ffa1a1facb37eb
starts_on_page,ibc2018:chapter35-row:83ca7efe194504e599f684ac,ibc2018:external-family:79eb6cdf45cd0a4d04364b40,[],ANSI/DASMA 115,ANSI/DASMA 115—2016,2016,"Standard Method for Testing Sectional Garage Doors, Rolling Doors and Flexible Doors: Determination of",DASMA,chapter35_referenced_standard_entry,"[""1609.2.3""]",provisional,"[40.1,632.867,552.383,643.997]","{""appendix"":null,""bbox"":[40.1,632.867,552.383,643.997],""chapter"":""35"",""line_id"":""poppler-line:938d212336b09db5ab91"",""observed_text_sha256"":""061b57b2e5d3537871a4f14fec6a59aaf62b82bc8c513ef79588a012a1f043bb"",""pdf_page"":657,""printed_page"":""630""}",6212f25e8b56ead17f44a4f90c6239ed538a91f4af899335b2ffa1a1facb37eb
starts_on_page,ibc2018:chapter35-row:746ec3a66bb9203ec53c4224,ibc2018:external-family:7daf5e15eceade8e58788aa7,[],PS 1,PS 1—09,09,Structural Plywood,DOC,chapter35_referenced_standard_entry,"[""2303.1.5"",""2304.7"",""2304.8(4)"",""2304.8(5)"",""2306.2(1)"",""2306.2(2)""]",provisional,"[60.0,135.117,175.371,146.247]","{""appendix"":null,""bbox"":[60.0,135.117,175.371,146.247],""chapter"":""35"",""line_id"":""poppler-line:4ca5ee3801e2c4de4555"",""observed_text_sha256"":""251505539225ba3c3068ba99799cd227110963b19869b3b1c893b995df67de9f"",""pdf_page"":658,""printed_page"":""631""}",ff04d354f5bf1065a17f013c97a5c31066777e3b306ddf44d47b975b4da6b7d0
starts_on_page,ibc2018:chapter35-row:2750319e037569dc41063ff7,ibc2018:external-family:ec1deb15fbcdbbb93c723105,[],PS 2,PS 2—10,10,Performance Standard for Wood-based Structural-use Panels,DOC,chapter35_referenced_standard_entry,"[""2303.1.5"",""2304.7"",""2304.8(5)"",""2306.2(1)"",""2306.2(2)""]",provisional,"[60.0,160.067,337.205,171.197]","{""appendix"":null,""bbox"":[60.0,160.067,337.205,171.197],""chapter"":""35"",""line_id"":""poppler-line:7490976e74be104cfc14"",""observed_text_sha256"":""00a1cf27accdf7d240d06ad9e1c1f72bfca03797f8e6d2f3ddba14fd82e4343f"",""pdf_page"":658,""printed_page"":""631""}",1f7a051c57e2ffa3ac818c2dc290f99ece185c3f075f7982d36c3096f8a36e21
starts_on_page,ibc2018:chapter35-row:6bbbae79d5d9551f4dc957ae,ibc2018:external-family:6a2703e158b07eb6d5207c30,[],PS 20,PS 20—05,05,American Softwood Lumber Standard,DOC,chapter35_referenced_standard_entry,"[""1810.3.2.4"",""2303.1.1""]",provisional,"[60.0,185.167,252.782,196.297]","{""appendix"":null,""bbox"":[60.0,185.167,252.782,196.297],""chapter"":""35"",""line_id"":""poppler-line:b26f539f7de9f5c42440"",""observed_text_sha256"":""0f61bbd9f4d9c86087db5c83838ece50edd437fc737ef2a28e198db936df78a8"",""pdf_page"":658,""printed_page"":""631""}",32567e70477ba17944db1046a7a8292768c10005263bc004c67e0324b61eb16b
starts_on_page,ibc2018:chapter35-row:900ed8c7984e0078624b6180,ibc2018:external-family:b06001b07f8941f70c382417,[],29 CFR Part 1910.1000 (2015),29 CFR Part 1910.1000 (2015),,Air Contaminants,DOL,chapter35_referenced_standard_entry,[],provisional,"[60.05,285.467,252.555,296.597]","{""appendix"":null,""bbox"":[60.05,285.467,252.555,296.597],""chapter"":""35"",""line_id"":""poppler-line:be99f2657468e3b218f5"",""observed_text_sha256"":""084ce777f789b9aacd1b2d7f7e703797a8374bb3dc23df5b6ad7c7d987949e70"",""pdf_page"":658,""printed_page"":""631""}",fb56ab8553c371418667ec632da2ababac8ad783b53475d4669f07d542d60ac8
starts_on_page,ibc2018:chapter35-row:6a0e107f0d8813d7a0264968,ibc2018:external-family:1082edcc10abc6290dae1358,[],49 CFR Parts 100–185,49 CFR Parts 100–185—2015,2015,Hazardous Materials Regulations,DOL,chapter35_referenced_standard_entry,[],provisional,"[60.0,385.817,307.024,396.947]","{""appendix"":null,""bbox"":[60.0,385.817,307.024,396.947],""chapter"":""35"",""line_id"":""poppler-line:c454c8d97cbba8fdd678"",""observed_text_sha256"":""f53ec148e7e2968b31f5a10050ea2c1f36549bc349bf7aca5c79ff704efee078"",""pdf_page"":658,""printed_page"":""631""}",9a04ca032509fcdf598449a81a358f7942ad2c5c63262ec849cfadc2df06b44d
starts_on_page,ibc2018:chapter35-row:301521eb15433960cc6f8942,ibc2018:external-family:42aaf8a4c82f8780886bceb3,[],49 CFR Parts 173.137—(2009),49 CFR Parts 173.137—(2009),,Shippers—General Requirements for Shipments and Packaging—Class 8—Assignment of Packing,DOL,chapter35_referenced_standard_entry,[],provisional,"[60.0,410.767,560.415,421.897]","{""appendix"":null,""bbox"":[60.0,410.767,560.415,421.897],""chapter"":""35"",""line_id"":""poppler-line:ab65d7ba5beec15ff0a0"",""observed_text_sha256"":""37807b28cfba751683f8d7e6008dbaa8f5a7b56850a3659a43ec92521ef04aad"",""pdf_page"":658,""printed_page"":""631""}",3a9a61b28e4f477edcbaa9520ecc5f39e2fdeacf2cc621a646f121bec8b835d6
starts_on_page,ibc2018:chapter35-row:16e301f41f9b3fc060f0ef5a,ibc2018:external-family:8cc89eb578cb47a93bc6d960,[],49 CFR Parts 173–178,49 CFR Parts 173–178—2015,2015,"Specification of Transportation of Explosive and Other Dangerous Articles, UN 0335,",DOL,chapter35_referenced_standard_entry,[],provisional,"[60.0,446.767,504.955,457.897]","{""appendix"":null,""bbox"":[60.0,446.767,504.955,457.897],""chapter"":""35"",""line_id"":""poppler-line:fde322945c74b4db76ad"",""observed_text_sha256"":""2d5aee9a4bf408721ddbeb6bf74adfb66d8253342a61e6041bb649a165639567"",""pdf_page"":658,""printed_page"":""631""}",268ba2615bc391a9cd3c15714faecc136c377b27b98cb696f30da748de9421c2
starts_on_page,ibc2018:chapter35-row:54d83e3413c4932d57b79ecd,ibc2018:external-family:aaf9b03a5fad6f08947596d2,[],FEMA-TB-11,FEMA-TB-11—01,01,Crawlspace Construction for Buildings Located in Special Flood Hazard Areas,FEMA,chapter35_referenced_standard_entry,"[""1805.1.2.1""]",provisional,"[60.0,547.067,439.197,558.197]","{""appendix"":null,""bbox"":[60.0,547.067,439.197,558.197],""chapter"":""35"",""line_id"":""poppler-line:4ca518c68c52830ead52"",""observed_text_sha256"":""0196bbbfb9380a9468d77d7807855eab81c1f1250d22af4601a4aacfa1b16527"",""pdf_page"":658,""printed_page"":""631""}",eb3b51fd730c6732d76ee2d8793c15c08122588bf688d3a3950d92cdbf62afa3
starts_on_page,ibc2018:chapter35-row:d29c48db42557b86483f839f,ibc2018:external-family:5b08eb4d4e15d4d2bed9151a,[],4430,4430—2012,2012,Approval Standard for Heat and Smoke Vents,FM,chapter35_referenced_standard_entry,"[""910.3.1""]",provisional,"[60.0,647.417,288.196,658.547]","{""appendix"":null,""bbox"":[60.0,647.417,288.196,658.547],""chapter"":""35"",""line_id"":""poppler-line:1de09ee63d97d6901284"",""observed_text_sha256"":""5facdcf16d5140bb6952cb1df42e5ab2ee1fbd002ca842bb4b3201d8d4a2551c"",""pdf_page"":658,""printed_page"":""631""}",e86ac2e9ebbdf338a1304e38944166ea4738c67888a40da328ca6ba948c64256
starts_on_page,ibc2018:chapter35-row:8f7d022b0fa2e3c2c5bf26ac,ibc2018:external-family:bf4a947f14a4ebb78c2a9b98,[],4450—(1989),4450—(1989),,Approval Standard for Class 1 Insulated Steel Deck Roofs—with Supplements through July 1992,FM,chapter35_referenced_standard_entry,"[""1509.2""]",provisional,"[60.0,672.467,488.374,683.597]","{""appendix"":null,""bbox"":[60.0,672.467,488.374,683.597],""chapter"":""35"",""line_id"":""poppler-line:c9e4ec5aa6bf259fe225"",""observed_text_sha256"":""a2b44901ebaae8b5af2c81327cd4cc5e02c950cdfa24e0a00ec607dafa1554e7"",""pdf_page"":658,""printed_page"":""631""}",3f1c32ea8f714cac866052b270c0c32ad5cb9ad8a8f64799fce5683524666f97
starts_on_page,ibc2018:chapter35-row:b45ccb3efe28993933e0f792,ibc2018:external-family:b9105300e6f81485522f2dba,[],4470,4470—2016,2016,"Approval Standard for Single-ply Polymer-modified Bitumen Sheet, Built-up Roof (BUR) and Liquid Applied Roof",FM,chapter35_referenced_standard_entry,"[""1504.7""]",provisional,"[60.0,697.467,572.47,708.597]","{""appendix"":null,""bbox"":[60.0,697.467,572.47,708.597],""chapter"":""35"",""line_id"":""poppler-line:e98be4676629415e9554"",""observed_text_sha256"":""c8055a66fae0cf1506ca5111944ebe77c590ee4cbcbcb01eb7ac18a639606c79"",""pdf_page"":658,""printed_page"":""631""}",db355b64815bd2fce9e660f3be38896013241c48a94ec498f529d160a6b0d898
starts_on_page,ibc2018:chapter35-row:85c931d079b532674e16644a,ibc2018:external-family:95a335c5b1a0d317ddeb7593,[],4474,4474—2011,2011,American National Standard for Evaluating the Simulated Wind Uplift Resistance of Roof Assemblies Using Static,FM,chapter35_referenced_standard_entry,"[""1504.3.1"",""1504.3.2"",""1504.3.3""]",provisional,"[40.1,86.767,551.858,97.897]","{""appendix"":null,""bbox"":[40.1,86.767,551.858,97.897],""chapter"":""35"",""line_id"":""poppler-line:3c4bbfe876be706e9929"",""observed_text_sha256"":""21df17b921df99cfdd36df36391b65e6fec5f8810ba977db579e9037cd81106b"",""pdf_page"":659,""printed_page"":""632""}",981623c2d21764a25d1b9b1b4fe90247c8a2094b2753e52f2faf5274dc6c5721
starts_on_page,ibc2018:chapter35-row:2970c511d900f94f79e287cc,ibc2018:external-family:fd3ff9c6193da4aad19931a5,[],4880,4880—2015,2015,Approval Standard for Class 1 Fire Rating of Building Panels or Interior Finish Materials,FM,chapter35_referenced_standard_entry,"[""2603.4"",""2603.9""]",provisional,"[40.1,122.767,435.346,133.897]","{""appendix"":null,""bbox"":[40.1,122.767,435.346,133.897],""chapter"":""35"",""line_id"":""poppler-line:b665731b621b59bc9be0"",""observed_text_sha256"":""6d661eb3a74740d6fa86d5e7f07f15d5459ce7b10f00242023f0bb4235b65efb"",""pdf_page"":659,""printed_page"":""632""}",62a81c2527c62e256b6af3bcf4ab745cec19a2dc53ce3084f220736d72127770
starts_on_page,ibc2018:chapter35-row:607ed9cc9b821b421a08dc09,ibc2018:external-family:0768322d1930ea82dbf67441,[],GA 216,GA 216—2016,2016,Application and Finishing of Gypsum Panel Products,GA,chapter35_referenced_standard_entry,"[""2508.1"",""2509.2""]",provisional,"[40.1,201.117,305.988,212.247]","{""appendix"":null,""bbox"":[40.1,201.117,305.988,212.247],""chapter"":""35"",""line_id"":""poppler-line:231058eebdc16daa2b3d"",""observed_text_sha256"":""00d96d698fc2347f33fe80076e6edf733740e802b36c1ece4d76cfe8adbc6b50"",""pdf_page"":659,""printed_page"":""632""}",c97bfad023d209c370a0989a3bc71c613083b4d7f65f7be6d43f170d61b3c14e
starts_on_page,ibc2018:chapter35-row:07a4fedd135b49c8246114a6,ibc2018:external-family:39a3f6077ab1d93ca8342bd6,[],GA 600,GA 600—2015,2015,"Fire-resistance Design Manual, 21st Edition",GA,chapter35_referenced_standard_entry,"[""721.1(1)"",""721.1(2)"",""721.1(3)""]",provisional,"[40.1,226.117,269.342,237.247]","{""appendix"":null,""bbox"":[40.1,226.117,269.342,237.247],""chapter"":""35"",""line_id"":""poppler-line:bed97f8a630eb7b61776"",""observed_text_sha256"":""c4877c707cef49659381facac8d57cf3acfaa23b38faac581e6a850161252d3d"",""pdf_page"":659,""printed_page"":""632""}",72f9dbf2bc74c6b56abb02ba2ab9da721729f206ba74c487b79c6eab13d9427a
starts_on_page,ibc2018:chapter35-row:88d199e7314216e37897d791,ibc2018:external-family:6effe32ffbc5201faaf5a7f3,[],ANSI/HPVA HP-1,ANSI/HPVA HP-1—2016,2016,American National Standard for Hardwood and Decorative Plywood,HPVA,chapter35_referenced_standard_entry,"[""2303.3"",""2304.7""]",provisional,"[40.1,304.467,407.571,315.597]","{""appendix"":null,""bbox"":[40.1,304.467,407.571,315.597],""chapter"":""35"",""line_id"":""poppler-line:762b1d5954bbbb1df780"",""observed_text_sha256"":""e671d176cb875d9d1a404cd58ec8e2b238e761622e04a2d6d3d6b908b2a9c5aa"",""pdf_page"":659,""printed_page"":""632""}",29cd63096c26ba62ed758212a1a28aecd15f7fc928ac90870c8a524ce789b496
starts_on_page,ibc2018:chapter35-row:bdd8f5915e28999ee86bb4f1,ibc2018:external-family:39dc1cb2fb52452f400658cb,[],ICC A117.1,ICC A117.1—09,09,Accessible and Usable Buildings and Facilities,ICC,chapter35_referenced_standard_entry,"[""1009.11"",""1009.8.2"",""1009.9"",""1010.1.9.8.1"",""1012.1"",""1012.10"",""1012.6.5"",""1013.4"",""1023.9"",""1102.1"",""1107.2"",""1109.1"",""1109.2"",""1109.5.1"",""1109.5.2"",""1111.2"",""1111.3"",""1111.4"",""1111.4.2"",""907.5.2.3.3""]",provisional,"[40.1,393.817,285.186,404.947]","{""appendix"":null,""bbox"":[40.1,393.817,285.186,404.947],""chapter"":""35"",""line_id"":""poppler-line:1c214f6fd954f91d87c0"",""observed_text_sha256"":""31afa104fe8249e77b6172ab7bde2c0c150528338a81b35abb9e3b5550084efe"",""pdf_page"":659,""printed_page"":""632""}",c96405327f2c809c494035237ec218c7ec24285ae32b478253f4eb4206aeef85
starts_on_page,ibc2018:chapter35-row:f721f71d8a50c4953d6ec0e9,ibc2018:external-family:12c281ca3a0e38ae3a14954b,[],ICC 300,ICC 300—17,17,"ICC Standard on Bleachers, Folding and Telescopic Seating and Grandstands",ICC,chapter35_referenced_standard_entry,"[""1029.1.1"",""1029.7"",""1607.1""]",provisional,"[40.1,429.817,394.04,440.947]","{""appendix"":null,""bbox"":[40.1,429.817,394.04,440.947],""chapter"":""35"",""line_id"":""poppler-line:cd5190046d47f8c286ae"",""observed_text_sha256"":""143ea26acd6c9c88b18af00b1ab57f0cb8298de435dbb51fa852931b237ada3f"",""pdf_page"":659,""printed_page"":""632""}",ff69d6a385d223f6dd962a4b1b5d7635dac09b25758c84be0f2b1b02d5196cf8
starts_on_page,ibc2018:chapter35-row:9e7b31c3d9e24ca5672699d5,ibc2018:external-family:b4acdc3b7c6adff15e8b74f7,[],ICC 400,ICC 400—17,17,Standard on Design and Construction of Log Structures,ICC,chapter35_referenced_standard_entry,"[""2302.2""]",provisional,"[40.1,454.817,310.208,465.947]","{""appendix"":null,""bbox"":[40.1,454.817,310.208,465.947],""chapter"":""35"",""line_id"":""poppler-line:54bcd8b69516d51e3c98"",""observed_text_sha256"":""3c750101ec08bac706ffbca708fa03e2220ff59aa6e5da7f7b2bfbec4240c4cd"",""pdf_page"":659,""printed_page"":""632""}",ef054caba58e1234b5ee734fd40a73af443b788ccff1e65794067fc43b511945
starts_on_page,ibc2018:chapter35-row:3f9684980edc9703f5cb1751,ibc2018:external-family:e5f30977f71e227999f1c17a,[],ICC 500,ICC 500—14,14,ICC/NSSA Standard on the Design and Construction of Storm Shelters,ICC,chapter35_referenced_standard_entry,"[""1604.10"",""1604.5.1"",""423.1"",""423.2"",""423.3"",""423.4""]",provisional,"[40.1,479.767,368.175,490.897]","{""appendix"":null,""bbox"":[40.1,479.767,368.175,490.897],""chapter"":""35"",""line_id"":""poppler-line:c167c452c120d6d3d481"",""observed_text_sha256"":""6a0e11eb5ade667e9176a8a8489593f452fb1f1e53d1194b88de9c09c9e6627e"",""pdf_page"":659,""printed_page"":""632""}",f3c2b74a44d0098bdb4c056775520892f79b161408d2a81830629e89e82c30ca
starts_on_page,ibc2018:chapter35-row:5de540ca1901b8c533dd77ad,ibc2018:external-family:4c51ab4be7aeb7ecdee37f79,[],ICC 600,ICC 600—14,14,Standard for Residential Construction in High-wind Regions,ICC,chapter35_referenced_standard_entry,"[""1609.1.1"",""1609.1.1.1"",""2308.2.4""]",provisional,"[40.1,504.867,328.424,515.997]","{""appendix"":null,""bbox"":[40.1,504.867,328.424,515.997],""chapter"":""35"",""line_id"":""poppler-line:736b992dfc89d45e6432"",""observed_text_sha256"":""1680922efe313f2b9d02968e5a31c81f4b466e639f6607935c2b7f88c176571e"",""pdf_page"":659,""printed_page"":""632""}",5e400fd3ccdd6b42899860fcc883f0d45977dda193e9836f361846d852db440a
starts_on_page,ibc2018:chapter35-row:3414233b3a3aa55867721257,ibc2018:external-family:8e8a59c2c5eeaa872891ade6,[],ICC 900/SRCC 300,ICC 900/SRCC 300—2015,2015,Solar Thermal System Standard,ICC,chapter35_referenced_standard_entry,"[""3111.2.1""]",provisional,"[40.1,529.817,271.082,540.947]","{""appendix"":null,""bbox"":[40.1,529.817,271.082,540.947],""chapter"":""35"",""line_id"":""poppler-line:fe9a588e7f3a08aec91b"",""observed_text_sha256"":""bf1f8a1b52abed3dc18cb95a9c2d2f10621c59d8a4ba22bf099c0d86fa170d77"",""pdf_page"":659,""printed_page"":""632""}",6a6ebd2c0d53b210fc969ac07316da57427e3ca41a60f82af113fe34b2663a51
starts_on_page,ibc2018:chapter35-row:0fd84a72b70e26165d1b6dc6,ibc2018:external-family:59a798d048b357cc2a1abbd8,[],ICC 901/SRCC 100,ICC 901/SRCC 100—2015,2015,Solar Thermal Collector Standard,ICC,chapter35_referenced_standard_entry,"[""3111.2.1""]",provisional,"[40.1,554.767,279.132,565.897]","{""appendix"":null,""bbox"":[40.1,554.767,279.132,565.897],""chapter"":""35"",""line_id"":""poppler-line:143b35aab47e07082d86"",""observed_text_sha256"":""5c2cbbb1e33b73dd3c67cd5a2df71ef2d609e5dbf53ca097bc68eb3e9acfba15"",""pdf_page"":659,""printed_page"":""632""}",e02e7d2d4495777661f283646bfe3c1ca21e6c14485f174f06300c49ce9d9a02
starts_on_page,ibc2018:chapter35-row:abc503f215d69c2c2b20c306,ibc2018:external-family:c16228205e8b0feef00d5f7b,[],IEBC,IEBC—18,18,International Existing Building Code®,ICC,chapter35_referenced_standard_entry,"[""101.4.7"",""102.6"",""116.5"",""201.3"",""2701.1"",""2801.1"",""3113.1.1"",""504.3"",""504.4"",""504.6""]",provisional,"[40.1,579.47,231.119,590.997]","{""appendix"":null,""bbox"":[40.1,579.47,231.119,590.997],""chapter"":""35"",""line_id"":""poppler-line:9268c39e47ed0e6ccf1c"",""observed_text_sha256"":""4612a427ad9bfb69bfb3d4c0b1e4a453c0b675bb12bb5d54f0edca94ce3e9a6e"",""pdf_page"":659,""printed_page"":""632""}",c7e75379a04377e3b2b7ec9068961dad8763d1befac7068cdf83ed63218e3faf
starts_on_page,ibc2018:chapter35-row:20244e38cea90957c995a079,ibc2018:external-family:7366a33aeb48285589509648,[],IECC,IECC—18,18,International Energy Conservation Code®,ICC,chapter35_referenced_standard_entry,"[""101.4.6"",""1202.1"",""1202.4.3.2"",""1301.1.1"",""1405.3"",""201.3""]",provisional,"[40.1,604.47,246.619,615.947]","{""appendix"":null,""bbox"":[40.1,604.47,246.619,615.947],""chapter"":""35"",""line_id"":""poppler-line:7e8c3cb36349ebf16566"",""observed_text_sha256"":""1b9ac1e87d1f1c74e7e7fae238bd40053d1ab71972d04634a0e779eaa7c95cc4"",""pdf_page"":659,""printed_page"":""632""}",e8efbfa71470daaceae75c603a08b62a3ccdbf451b0ee6fbe07f4f2afb5ba5c7
starts_on_page,ibc2018:chapter35-row:7ba6956b8fbb5e9318415a1d,ibc2018:external-family:a1ee59076a889865d6021c7e,[],IFC,IFC—18,18,International Fire Code®,ICC,chapter35_referenced_standard_entry,"[""101.4.5"",""102.6"",""102.6.2"",""201.3"",""307.1"",""307.1(1)"",""307.1(2)"",""307.1.1"",""307.1.2"",""403.4.5"",""404.2"",""406.2.9"",""406.7"",""406.8"",""407.4"",""410.2.6"",""411.1"",""412.1"",""412.5.1"",""413.1"",""414.1.1"",""414.1.2"",""414.1.2.1"",""414.2"",""414.2.5(1)"",""414.2.5(2)"",""414.2.5.1"",""414.2.5.2"",""414.2.5.3"",""414.3"",""414.5"",""414.5.1"",""414.5.2"",""414.5.3"",""414.6"",""415.10"",""415.11"",""415.11.1.7"",""415.11.10.1"",""415.11.4"",""415.11.7.2"",""415.11.9.3"",""415.2"",""415.6"",""415.6.1"",""415.6.1.1"",""415.6.1.4"",""415.6.2"",""415.7.3"",""415.8.2"",""415.9"",""415.9.1"",""415.9.1.3"",""415.9.1.4"",""415.9.1.6"",""415.9.1.7"",""415.9.1.8"",""415.9.2"",""415.9.3"",""416.1"",""416.2.3"",""416.4"",""422.3.1"",""426.1"",""426.1.4"",""427.1"",""427.2.3"",""428.1"",""428.2"",""428.3"",""504.3"",""504.4"",""506.2"",""507.4"",""507.8.1.1.1"",""507.8.1.1.2"",""507.8.1.1.3"",""705.8.1"",""707.1"",""806.3"",""901.2"",""901.3"",""901.5"",""901.6.3"",""901.6.4"",""903.2.11.6"",""903.2.12"",""903.2.7.1"",""903.5"",""904.11.3"",""904.2.2"",""905.1"",""905.3.6"",""905.3.7""]",provisional,"[60.05,86.523,193.919,97.833]","{""appendix"":null,""bbox"":[60.05,86.523,193.919,97.833],""chapter"":""35"",""line_id"":""poppler-line:b761bfbf5e5fb2eef0c9"",""observed_text_sha256"":""b12ddee83aece1f31d7ced6c7169fdc657c5095e35311596c9a05d4431ff66b0"",""pdf_page"":660,""printed_page"":""633""}",aad19eeed3a08f66e4e88cf9bf0fb56cf7c836735ce70741085868cc740581ea
starts_on_page,ibc2018:chapter35-row:7a47bdf4db3db61d944c543c,ibc2018:external-family:2ec9521c33016d944cf1f934,[],IFGC,IFGC—18,18,International Fuel Gas Code®,ICC,chapter35_referenced_standard_entry,"[""101.4.1"",""201.3"",""2113.11.1.2"",""2113.15"",""2702.2.6"",""2801.1"",""307.1(1)"",""415.9.2""]",provisional,"[60.0,265.573,219.119,276.883]","{""appendix"":null,""bbox"":[60.0,265.573,219.119,276.883],""chapter"":""35"",""line_id"":""poppler-line:71ae35a91799af7b14c9"",""observed_text_sha256"":""eabb46704f8490e2f0839b2f986e82be1e02b38109b0c8cec61f54e2e23f3883"",""pdf_page"":660,""printed_page"":""633""}",cf923c246ad190d1642a6a06ab7c27fb80a5c32b3289aad2ac221b5bb122104d
starts_on_page,ibc2018:chapter35-row:396c039b58af1adc9f183efe,ibc2018:external-family:d420c4c28869bf0bd3f5c867,[],IMC,IMC—18,18,International Mechanical Code®,ICC,chapter35_referenced_standard_entry,"[""1006.2.2.3"",""101.4.2"",""1011.16"",""1020.5.1"",""1202.1"",""1202.2.2"",""1202.4.3.2"",""1202.5.2.1"",""1202.6"",""1208.3"",""201.3"",""2702.2.5"",""2801.1"",""307.1(1)"",""3111.2"",""406.2.9"",""406.6.2"",""406.8.1"",""406.8.4"",""407.2.6"",""409.3"",""412.5.6"",""414.1.2"",""414.3"",""415.11.11"",""415.9.1"",""415.9.2"",""415.9.3"",""416.2.3"",""420.10.1"",""420.8"",""420.9"",""421.4"",""426.1.4"",""427.2.2"",""427.2.3"",""428.4.7"",""603.1"",""603.1.1"",""603.1.2"",""712.1.6"",""715.4"",""715.5"",""717.2.2"",""717.5.3"",""717.6.1"",""717.6.2"",""717.6.3"",""718.5"",""720.1"",""720.7"",""903.2.11.4"",""904.12"",""904.2.2"",""907.3.1"",""909.1"",""909.10.2"",""909.13.1"",""910.4.7""]",provisional,"[60.0,290.523,225.369,301.833]","{""appendix"":null,""bbox"":[60.0,290.523,225.369,301.833],""chapter"":""35"",""line_id"":""poppler-line:b2c8c65999d90dceeb7a"",""observed_text_sha256"":""5af41562fad134506850695ddc815cbe91e0eda47a43214846965738659c9ce6"",""pdf_page"":660,""printed_page"":""633""}",f871b2aca6d6f67bca27303f5f3ed58ea28e0ee2228775f21f7d16dce4b4679d
starts_on_page,ibc2018:chapter35-row:b59933ee8f4fb11ce2cab7c9,ibc2018:external-family:474971956b37aacdc34bd279,[],IPC,IPC—18,18,International Plumbing Code®,ICC,chapter35_referenced_standard_entry,"[""101.4.3"",""1205.3.3"",""1503.4"",""1503.4.1"",""1805.4.3"",""201.3"",""2901.1"",""2902.1"",""3111.2"",""3305.1"",""415.9.3"",""603.1.2"",""718.5"",""903.3.5""]",provisional,"[60.0,370.573,215.419,381.883]","{""appendix"":null,""bbox"":[60.0,370.573,215.419,381.883],""chapter"":""35"",""line_id"":""poppler-line:e04a63b1584d37d9ab32"",""observed_text_sha256"":""9ac914256f87a23da9ea499e43a3762572c0425959e9475cb97be815f0152641"",""pdf_page"":660,""printed_page"":""633""}",c8e0cdb9e1035cf07ea17bec9992e9cd52d7a86babfdf9b2c81d2af0ddbbf3e6
starts_on_page,ibc2018:chapter35-row:66a6ac587d4c7fe3783b0629,ibc2018:external-family:0d2fda96966c573fe974b995,[],IPMC,IPMC—18,18,International Property Maintenance Code®,ICC,chapter35_referenced_standard_entry,"[""101.4.4"",""102.6"",""102.6.2"",""103.3"",""2701.1"",""2801.1""]",provisional,"[60.0,406.573,273.019,417.883]","{""appendix"":null,""bbox"":[60.0,406.573,273.019,417.883],""chapter"":""35"",""line_id"":""poppler-line:a975a9992cb31deac34f"",""observed_text_sha256"":""7dc4e0c1c53b08c2d6e5c62bdfd06639f1a328f32a4e2e87955b6ca1e92c53b4"",""pdf_page"":660,""printed_page"":""633""}",272c472063fe9bb765110ae6fe26f32dcdaf2258d4e18ea71be6d074cec1f8e9
starts_on_page,ibc2018:chapter35-row:2930d5df3154d9c258c74c62,ibc2018:external-family:ed5eb2a997feb0f97aa842ac,[],IPSDC,IPSDC—18,18,International Private Sewage Disposal Code®,ICC,chapter35_referenced_standard_entry,"[""101.4.3"",""2901.1""]",provisional,"[60.0,431.523,282.719,442.833]","{""appendix"":null,""bbox"":[60.0,431.523,282.719,442.833],""chapter"":""35"",""line_id"":""poppler-line:fec8f15a8b79984303ef"",""observed_text_sha256"":""c9a47b18297ae4b810a2bd8dcd5d9bb2c05af70dcca5b1c77c275e69bc32c8a5"",""pdf_page"":660,""printed_page"":""633""}",4539994558c835a09827e19b7e7b102d1ebea76353918ee4b61038dea7d32e68
starts_on_page,ibc2018:chapter35-row:6ad93b7bd4658a0d3601192d,ibc2018:external-family:e5bb3dc77b870d99b4a8d1a8,[],IRC,IRC—18,18,International Residential Code®,ICC,chapter35_referenced_standard_entry,"[""101.2"",""102.6.1"",""2308.1"",""305.2.3"",""308.2.4"",""308.3.2"",""308.5.4"",""310.1"",""310.4.1"",""310.4.2""]",provisional,"[60.0,456.573,221.869,467.883]","{""appendix"":null,""bbox"":[60.0,456.573,221.869,467.883],""chapter"":""35"",""line_id"":""poppler-line:a91fb65c85348a083c27"",""observed_text_sha256"":""3d7b7ffdd18e143226e7b5f94e2c5a5423e03f28c1cef1d6c620fe40ea1fbafb"",""pdf_page"":660,""printed_page"":""633""}",97f995dc99ddf3e7d04cc4ca0219086bf61a1791de123c1afcd5a69c41599f36
starts_on_page,ibc2018:chapter35-row:fe8ad6de75b49067d94727f6,ibc2018:external-family:a77e4df89f208ecffffcce84,[],ISPSC,ISPSC—18,18,International Swimming Pool and Spa Code®,ICC,chapter35_referenced_standard_entry,"[""3109.1""]",provisional,"[60.0,481.573,281.519,492.883]","{""appendix"":null,""bbox"":[60.0,481.573,281.519,492.883],""chapter"":""35"",""line_id"":""poppler-line:30a4cd3256f2a46f6c71"",""observed_text_sha256"":""5c95c80f6e2f04e6e05e1eaa194ea8bea2dd798bd0d3b790ac134faf1d689a6c"",""pdf_page"":660,""printed_page"":""633""}",d735da310351e2f3e716512198f7f813ac8ebb4b5177086cedc046012536e114
starts_on_page,ibc2018:chapter35-row:7268cb0a4386dae2a30a9020,ibc2018:external-family:488c0c06f744448214ae0185,[],IWUIC,IWUIC—18,18,International Wildland-Urban Interface Code®,ICC,chapter35_referenced_standard_entry,"[""1505.1""]",provisional,"[60.0,506.623,292.419,517.933]","{""appendix"":null,""bbox"":[60.0,506.623,292.419,517.933],""chapter"":""35"",""line_id"":""poppler-line:7ec6e172ea07e7ed3ba4"",""observed_text_sha256"":""47a572f269f8a0869f39f73a7047cc9d28410dd3a50361ab9ead4ff3cad3bc45"",""pdf_page"":660,""printed_page"":""633""}",b01c8c8faeaa6f803ac447421a89df2aa90ca8d6790f1f15323b4d4152d1a3da
starts_on_page,ibc2018:chapter35-row:fb8a10d3df410009c95ca363,ibc2018:external-family:b099257d0003b8e4634b7392,[],SBCCI SSTD 11,SBCCI SSTD 11—97,97,Test Standard for Determining Wind Resistance of Concrete or Clay Roof Tiles,ICC,chapter35_referenced_standard_entry,"[""1504.2.1.1"",""1504.2.1.2""]",provisional,"[60.0,531.988,451.033,542.883]","{""appendix"":null,""bbox"":[60.0,531.988,451.033,542.883],""chapter"":""35"",""line_id"":""poppler-line:c01c054b261d5d3fd1e8"",""observed_text_sha256"":""793839d2e8591750992f64ff7c0861d4f9cfb79fd19b159b01742e3c2a67a72c"",""pdf_page"":660,""printed_page"":""633""}",4ff3a2f2aa5110a1c9ef1751e682d3eba699bcf257021826721ec67bc1b2f324
starts_on_page,ibc2018:chapter35-row:8e2ae989d8fa83e27ea1a0a9,ibc2018:external-family:1d8b8b2b80c1453474907c5b,[],ISO 8115,ISO 8115—86,86,Cotton Bales—Dimensions and Density,ISO,chapter35_referenced_standard_entry,"[""307.1(1)"",""415.11.1.1.1""]",provisional,"[60.05,632.338,269.372,643.233]","{""appendix"":null,""bbox"":[60.05,632.338,269.372,643.233],""chapter"":""35"",""line_id"":""poppler-line:1573202bfd78c6ec4fe9"",""observed_text_sha256"":""2f534ca6f5fad216895cc6d9366109e93161a20ece347c02887e2ff8905d8750"",""pdf_page"":660,""printed_page"":""633""}",591a6370cc7f6136cf232faf8ee9d4f2e5f19b05436cad59290d9aa07ed98dd0
starts_on_page,ibc2018:chapter35-row:ed1466563a1f6ff9d508d880,ibc2018:external-family:47ae7195868dbd056e6c5e79,[],ISO 8336,ISO 8336—09,09,Fiber-cement Flat Sheets—Product Specification and Test Methods,ISO,chapter35_referenced_standard_entry,"[""1403.10"",""1404.16.1"",""1404.16.2"",""2509.2""]",provisional,"[60.05,657.288,377.434,668.183]","{""appendix"":null,""bbox"":[60.05,657.288,377.434,668.183],""chapter"":""35"",""line_id"":""poppler-line:f488a33f49df6c58e803"",""observed_text_sha256"":""384ded5348e9c48fda40203cc10b5f2e066b740e9eae01e6b898a7fd2e91c402"",""pdf_page"":660,""printed_page"":""633""}",7c52e7a072fb7a66072b3dd7ef1fcdc59771d47313b4edfbffd5faa606817f60
starts_on_page,ibc2018:chapter35-row:b3efb2476240a7d5dbdae5f4,ibc2018:external-family:715ccc314a73a548c4c09118,[],ANSI MH29.1,ANSI MH29.1—08,08,Safety Requirements for Industrial Scissors Lifts,MHI,chapter35_referenced_standard_entry,"[""3001.3""]",provisional,"[40.1,124.067,305.534,135.197]","{""appendix"":null,""bbox"":[40.1,124.067,305.534,135.197],""chapter"":""35"",""line_id"":""poppler-line:57d2240f7552a2a61b01"",""observed_text_sha256"":""f8f2ad2da78b932382da2fb2085a703b9ab000af29e626071951d34628c823c5"",""pdf_page"":661,""printed_page"":""634""}",7ab1004bb410b88b6a1375f850e1119864270a63bd7b9c97055a76c391afe3cd
starts_on_page,ibc2018:chapter35-row:d24b02eebc968bcebfc2d120,ibc2018:external-family:a3c31846ec824be79c38427a,[],FP 1001,FP 1001—17,17,Guide Specifications for Design of Metal Flag Poles,NAAMM,chapter35_referenced_standard_entry,"[""1609.1.1""]",provisional,"[40.1,201.467,290.738,212.597]","{""appendix"":null,""bbox"":[40.1,201.467,290.738,212.597],""chapter"":""35"",""line_id"":""poppler-line:eafbb3a215481b3b9ef5"",""observed_text_sha256"":""acf4844cc8022a3ed0ea7228dba3a9687c096635b8bb189b8b7bb405dc28c523"",""pdf_page"":661,""printed_page"":""634""}",047f779e7c8c1aa6eab4bbfc0890ebef48b7b180adae68f086a2c07f843e2f28
starts_on_page,ibc2018:chapter35-row:3d13eb86f3924f89b6a4ea50,ibc2018:external-family:516552d7a4c881c40375df52,[],TEK 5,TEK 5—84(1996),84(1996),Details for Concrete Masonry Fire Walls,NCMA,chapter35_referenced_standard_entry,"[""721.1(2)""]",provisional,"[40.1,278.767,269.195,289.897]","{""appendix"":null,""bbox"":[40.1,278.767,269.195,289.897],""chapter"":""35"",""line_id"":""poppler-line:5ea24155f79a058bb547"",""observed_text_sha256"":""d0045f98f88f908a6e5cd2a9571d7006a5ee47da08e1bf6750a61334eecf9e3e"",""pdf_page"":661,""printed_page"":""634""}",e6c422573ee4bb34ef1ec864a62d2309d69a7aa0cd5d44e489f179a687f69871
starts_on_page,ibc2018:chapter35-row:6a1377d8a4f62e5c2cef9606,ibc2018:external-family:99cf432c952a8fdd7f409b05,[],10,10—18,18,Standard for Portable Fire Extinguishers,NFPA,chapter35_referenced_standard_entry,"[""906.2"",""906.3(1)"",""906.3(2)"",""906.3.2"",""906.3.4""]",provisional,"[40.1,356.167,230.449,367.297]","{""appendix"":null,""bbox"":[40.1,356.167,230.449,367.297],""chapter"":""35"",""line_id"":""poppler-line:d260d9be5ca2187e7737"",""observed_text_sha256"":""e598c9bdcdd7f5df1411e653a4f5bfa300c86c239e64c23162f67af5831cb69e"",""pdf_page"":661,""printed_page"":""634""}",e9da2a67645766b9ae0d0f435cdf31043ee0b8766c467ee146f3002b0c7fa2f9
starts_on_page,ibc2018:chapter35-row:3ab878b7b79a868a48f43254,ibc2018:external-family:390f6e128341e3fe85d80620,[],11,11—16,16,Standard for Low Expansion Foam,NFPA,chapter35_referenced_standard_entry,"[""904.7""]",provisional,"[40.1,381.117,207.878,392.247]","{""appendix"":null,""bbox"":[40.1,381.117,207.878,392.247],""chapter"":""35"",""line_id"":""poppler-line:91a05857081458df291a"",""observed_text_sha256"":""e91f36fc01feb52c913804b53748c361e5cb9346bf993f55fb6e82e5927864ac"",""pdf_page"":661,""printed_page"":""634""}",2cfbff3e25c7ad6adc0dc545aac891f84b9fab6c9eb6333c5c1d78c48dd72082
starts_on_page,ibc2018:chapter35-row:4a5491ccc549e0f8b05803ea,ibc2018:external-family:84e8107ce7ee7ae3f1fa2dea,[],12,12—15,15,Standard on Carbon Dioxide Extinguishing Systems,NFPA,chapter35_referenced_standard_entry,"[""904.12"",""904.8""]",provisional,"[40.1,406.067,271.975,417.197]","{""appendix"":null,""bbox"":[40.1,406.067,271.975,417.197],""chapter"":""35"",""line_id"":""poppler-line:7e01b198f6e5dc94fa31"",""observed_text_sha256"":""3c7940fee0d59188dd7df652da865650580d441c83e1e13328f494e698a07af9"",""pdf_page"":661,""printed_page"":""634""}",ea95f407a1f04df3bff93389d54dbbfcbed7f8b11f2b0f80aafa8b78af928985
starts_on_page,ibc2018:chapter35-row:9269b7aace6812f19d4188a6,ibc2018:external-family:814c15c3bdc523c54f019c19,[],12A,12A—15,15,Standard on Halon 1301 Fire Extinguishing Systems,NFPA,chapter35_referenced_standard_entry,"[""904.9""]",provisional,"[40.1,431.167,279.325,442.297]","{""appendix"":null,""bbox"":[40.1,431.167,279.325,442.297],""chapter"":""35"",""line_id"":""poppler-line:71dcf1abc54c8232e1c2"",""observed_text_sha256"":""faf5d7faae7d762c46178097c9e3622db06284608b1c36abd16777298cf95cb2"",""pdf_page"":661,""printed_page"":""634""}",62321c5939c2973c9d0464097969f85a0c7e2604e6172429cc968c4a4638246f
starts_on_page,ibc2018:chapter35-row:58b98343b878f1d1c560af4d,ibc2018:external-family:7c3db016fbd87498ff2d6750,[],13,13—16,16,Standard for Installation of Sprinkler Systems,NFPA,chapter35_referenced_standard_entry,"[""1019.3"",""712.1.3.1"",""903.3.1.1"",""903.3.2"",""903.3.8.2"",""903.3.8.5"",""904.12"",""905.3.4"",""907.6.4""]",provisional,"[40.1,456.117,250.025,467.247]","{""appendix"":null,""bbox"":[40.1,456.117,250.025,467.247],""chapter"":""35"",""line_id"":""poppler-line:cd7e097d410a1207569d"",""observed_text_sha256"":""bc31d4608927cbaaac498f353c7fdf0eb7bde1748710dacd65727824f22c0229"",""pdf_page"":661,""printed_page"":""634""}",c3e8cea2273e0a42e35ea3f46ceece5fb1a9e5a7d7424d7e310988b1adb88104
starts_on_page,ibc2018:chapter35-row:10bc4737e7633933a0960c44,ibc2018:external-family:bc402d991333037413fd01d3,[],13D,13D—16,16,Standard for the Installation of Sprinkler Systems in One- and Two-family Dwellings and Manufactured Homes,NFPA,chapter35_referenced_standard_entry,"[""903.3.1.3""]",provisional,"[40.1,481.067,507.911,492.197]","{""appendix"":null,""bbox"":[40.1,481.067,507.911,492.197],""chapter"":""35"",""line_id"":""poppler-line:c79b57c24963ac66c81d"",""observed_text_sha256"":""67faa1abfa11864ee23842e8f241a63a1f77bf48f409bdeee8ee78a4063dce55"",""pdf_page"":661,""printed_page"":""634""}",652d9bb099225fb3c1eb13b743f6ad86653cba55dbd5d5734152a6c0980588a4
starts_on_page,ibc2018:chapter35-row:6dffceaa37e030f0039b0508,ibc2018:external-family:d04226ddb4bace94715af961,[],13R,13R—16,16,Standard for the Installation of Sprinkler Systems in Low-rise Residential Occupancies,NFPA,chapter35_referenced_standard_entry,"[""903.3.1.2"",""903.3.5.2"",""903.4""]",provisional,"[40.1,506.167,412.584,517.297]","{""appendix"":null,""bbox"":[40.1,506.167,412.584,517.297],""chapter"":""35"",""line_id"":""poppler-line:4d8bb23c2b42387fa3b0"",""observed_text_sha256"":""6389fdee787fcedd54bff374fe106021edea5df2ed5937e1a6dc76e6ff60b991"",""pdf_page"":661,""printed_page"":""634""}",7840b2549ddcbd0a6b9f358acbb53a4b2883fe23616412ade8c9a694155edfcc
starts_on_page,ibc2018:chapter35-row:c6d56cbe8774a81ff39bb9e0,ibc2018:external-family:d7d7808c2973ebc8f1b610f0,[],14,14—16,16,Standard for the Installation of Standpipe and Hose System,NFPA,chapter35_referenced_standard_entry,"[""905.2"",""905.3.4"",""905.4.2"",""905.6.2"",""905.8""]",provisional,"[40.1,531.117,300.745,542.247]","{""appendix"":null,""bbox"":[40.1,531.117,300.745,542.247],""chapter"":""35"",""line_id"":""poppler-line:3bd835785616ec331118"",""observed_text_sha256"":""5762132f5f54e05525f07dba64b7662b20ef04f3ededd1d11565d7db98505f22"",""pdf_page"":661,""printed_page"":""634""}",a65efa76b08f1fdb28819b62e8387d9a428eb0423ecc3ac1d0e17a190ea14082
starts_on_page,ibc2018:chapter35-row:4f9c4f44c1a4a6635d135127,ibc2018:external-family:fcc7ecce5d23e3d4bbfa216e,[],16,16—15,15,Standard for the Installation of Foam-water Sprinkler and Foam-water Spray Systems,NFPA,chapter35_referenced_standard_entry,"[""904.12"",""904.7""]",provisional,"[40.1,556.117,404.575,567.247]","{""appendix"":null,""bbox"":[40.1,556.117,404.575,567.247],""chapter"":""35"",""line_id"":""poppler-line:08ea54899c0c56b9700f"",""observed_text_sha256"":""9b8438176cbae76e3306bbeec35bcdf8424ffd419df978b17fb14e5239301d4e"",""pdf_page"":661,""printed_page"":""634""}",8ce5821607c5fcb6b5e998c0c1ce97547b242b367196e90f6dad03f9ac50eae1
starts_on_page,ibc2018:chapter35-row:0347cff2ed7546c0e8228a06,ibc2018:external-family:7581b5dfda73f239dd02b3d0,[],17,17—17,17,Standard for Dry Chemical Extinguishing Systems,NFPA,chapter35_referenced_standard_entry,"[""904.12"",""904.6""]",provisional,"[40.1,581.167,266.525,592.297]","{""appendix"":null,""bbox"":[40.1,581.167,266.525,592.297],""chapter"":""35"",""line_id"":""poppler-line:14da12687c53dce5d2c7"",""observed_text_sha256"":""ac380050025e8132ffb3f2400decf273da3e09661c90492e1a26c3ebc50ef21f"",""pdf_page"":661,""printed_page"":""634""}",7c08d76a155ffd9a1e97ca0cee48c8bbd88d38cf333a474443b16b25f32ba6d3
starts_on_page,ibc2018:chapter35-row:9c2a83c665c898f843a7908d,ibc2018:external-family:12878331f4aa7e5d723b97b7,[],17A,17A—17,17,Standard for Wet Chemical Extinguishing Systems,NFPA,chapter35_referenced_standard_entry,"[""904.12"",""904.5""]",provisional,"[40.1,606.117,274.075,617.247]","{""appendix"":null,""bbox"":[40.1,606.117,274.075,617.247],""chapter"":""35"",""line_id"":""poppler-line:2392f28d65bcffa199b8"",""observed_text_sha256"":""a8f8886e15f523e0ae3aba0f1fb4882a85bc9179dae8b134a85adbb11c01f1db"",""pdf_page"":661,""printed_page"":""634""}",26b6ac28b95fe48c11d1e1914a9d7df3299a4f3102a9e8bcfe10e07053d6f19f
starts_on_page,ibc2018:chapter35-row:81f9f10f97450dbfa089bb4a,ibc2018:external-family:9ec70bd09df3f26876951bbc,[],20,20—16,16,Standard for the Installation of Stationary Pumps for Fire Protection,NFPA,chapter35_referenced_standard_entry,"[""412.2.4.1"",""913.1"",""913.2"",""913.2.1"",""913.5""]",provisional,"[40.1,631.117,337.632,642.247]","{""appendix"":null,""bbox"":[40.1,631.117,337.632,642.247],""chapter"":""35"",""line_id"":""poppler-line:5d1c3e2ba00137f6d53e"",""observed_text_sha256"":""0ed49cd086204710469ffc12351589cd3df03d51b804dd8454bfea1918e2e5ad"",""pdf_page"":661,""printed_page"":""634""}",de877ed01571c3b02b2718198e86de51bbec2fe8a950f612d52917ec8a7b4642
starts_on_page,ibc2018:chapter35-row:7796ba2b3515a014d60c4c2a,ibc2018:external-family:4964948ab88b90318f1d1f1b,[],30,30—18,18,Flammable and Combustible Liquids Code,NFPA,chapter35_referenced_standard_entry,"[""415.6"",""507.8.1.1.1"",""507.8.1.1.2""]",provisional,"[40.1,656.167,237.464,667.297]","{""appendix"":null,""bbox"":[40.1,656.167,237.464,667.297],""chapter"":""35"",""line_id"":""poppler-line:7bb746e4ef740719bc42"",""observed_text_sha256"":""83d22969293fb97e6ba15d66a712dec6c7c49f9f1a744aec06554c48bd1f5d98"",""pdf_page"":661,""printed_page"":""634""}",4f150663c21a47d851a1fd3c2c6c990595bee77e98f5c1e285f23202950922c1
starts_on_page,ibc2018:chapter35-row:7eaf7a3d3c6607edba69cab2,ibc2018:external-family:527f6bd8624271429ed5a94b,[],30A,30A—18,18,Code for Motor Fuel Dispensing Facilities and Repair Garages,NFPA,chapter35_referenced_standard_entry,"[""406.2.9.2""]",provisional,"[40.1,681.117,318.779,692.247]","{""appendix"":null,""bbox"":[40.1,681.117,318.779,692.247],""chapter"":""35"",""line_id"":""poppler-line:03395c5014c7d513ac99"",""observed_text_sha256"":""2f525df30bc3ac559159939995c58cf25fc50ddba4118364370cb9a27b9c82cf"",""pdf_page"":661,""printed_page"":""634""}",381be1c2b127b3dc2ce77b8dcc2a80d7e2825a7ae8286d50f4a2d705fc1b5443
starts_on_page,ibc2018:chapter35-row:3ddcb45b07cbd26012735aab,ibc2018:external-family:9843661319a3b35735563f61,[],31,31—16,16,Standard for the Installation of Oil-burning Equipment,NFPA,chapter35_referenced_standard_entry,"[""2113.15""]",provisional,"[40.1,706.117,285.696,717.247]","{""appendix"":null,""bbox"":[40.1,706.117,285.696,717.247],""chapter"":""35"",""line_id"":""poppler-line:383d01c4f5b0e0e38644"",""observed_text_sha256"":""3af96452ee0316b9b7de542198da8733d3f6b592fd9144e1381075d86fad97d7"",""pdf_page"":661,""printed_page"":""634""}",b11990f9b7a6b7d5958cc6765e1f8a1402b70ff0275ab02a821e3ecda286fdaa
starts_on_page,ibc2018:chapter35-row:6f6eb53358576e578d9a1376,ibc2018:external-family:2c4acb4ccc92b5b87395beb9,[],32,32—16,16,Standard for Dry Cleaning Plants,NFPA,chapter35_referenced_standard_entry,"[""415.9.3""]",provisional,"[60.0,86.767,221.803,97.897]","{""appendix"":null,""bbox"":[60.0,86.767,221.803,97.897],""chapter"":""35"",""line_id"":""poppler-line:351e8d5aeda67fd66810"",""observed_text_sha256"":""775e7db8df287e92c89b09214bd74a081c19f2d9b14d1e2779fc31dd8f09d144"",""pdf_page"":662,""printed_page"":""635""}",5df166dd7cf554e80d1aca2504237c752c5e80c319c40dd91ccc6ec2e169ab74
starts_on_page,ibc2018:chapter35-row:fa8672d5b7b0197a98afbe71,ibc2018:external-family:bfca65f4cbe002aac2d0b0ba,[],40,40—16,16,Standard for the Storage and Handling of Cellulose Nitrate Film,NFPA,chapter35_referenced_standard_entry,"[""409.1""]",provisional,"[60.0,111.817,339.264,122.947]","{""appendix"":null,""bbox"":[60.0,111.817,339.264,122.947],""chapter"":""35"",""line_id"":""poppler-line:6a4b7f565209a267bef1"",""observed_text_sha256"":""c57115f9e5a2d3f6f23f89f213331b4bfdedca20d300d66dc084dccf385a55a5"",""pdf_page"":662,""printed_page"":""635""}",182f2d09c7abea1043b1acd383667f146d987fdab7bd15382f3236da8f47f10c
starts_on_page,ibc2018:chapter35-row:bf9ddf30d069b2d95970c3ff,ibc2018:external-family:c1fa8b1ec8e3b8a7e125794b,[],45,45—15,15,Standard on Fire Protection Laboratories Using Chemicals (2015 Edition),NFPA,chapter35_referenced_standard_entry,"[""428.3.7""]",provisional,"[60.0,136.817,375.269,147.947]","{""appendix"":null,""bbox"":[60.0,136.817,375.269,147.947],""chapter"":""35"",""line_id"":""poppler-line:9a5b11677fe7d750bdca"",""observed_text_sha256"":""0bc7f35f23bb8fbbb90fd3bc41f26995d1ce113eec43dc43ab6619405377d884"",""pdf_page"":662,""printed_page"":""635""}",ead14602a0457aefa19788d87704f6f901d67292477d5747e5fc71512470a506
starts_on_page,ibc2018:chapter35-row:1b77b876c9798944f92eefb9,ibc2018:external-family:05cc4feaf2eca4ee22bc5114,[],58,58—17,17,Liquefied Petroleum Gas Code,NFPA,chapter35_referenced_standard_entry,"[""415.9.2""]",provisional,"[60.0,161.767,210.615,172.897]","{""appendix"":null,""bbox"":[60.0,161.767,210.615,172.897],""chapter"":""35"",""line_id"":""poppler-line:cc8d0438d47eab788367"",""observed_text_sha256"":""73c6ab053569a59e0c574b2ecb0653ae886fd2a280b9aa0be1b3a1a7ace9d698"",""pdf_page"":662,""printed_page"":""635""}",bf04372136d1570ead8f3f43001b23f1aaab3d6111c82deff4a5f596809678e2
starts_on_page,ibc2018:chapter35-row:124fe6b9014b7d9433aa4208,ibc2018:external-family:2ce720897e373613150c3ce8,[],61,61—17,17,Standard for the Prevention of Fires and Dust Explosions in Agricultural and Food Product Facilities,NFPA,chapter35_referenced_standard_entry,"[""426.1""]",provisional,"[60.0,186.867,480.386,197.997]","{""appendix"":null,""bbox"":[60.0,186.867,480.386,197.997],""chapter"":""35"",""line_id"":""poppler-line:96c4bb5c14c330ee0857"",""observed_text_sha256"":""abfe2d89b25383a7a4bff780ca91ce0db015688c8461a300ad08629d3a386b31"",""pdf_page"":662,""printed_page"":""635""}",a1f56ef044c9b0b83128575931a8757de2b2dca5f78ab0e797f2e36f992dce3b
starts_on_page,ibc2018:chapter35-row:ccb17ff79d8371fe0490b640,ibc2018:external-family:18262f949a55900295275157,[],70,70—17,17,National Electrical Code,NFPA,chapter35_referenced_standard_entry,"[""0.4.6"",""1.3"",""108.3"",""1204.4.1"",""2.2"",""2701.1"",""2702.1.3"",""406.2.7"",""406.2.9"",""412.5.7"",""415.11.1.8"",""6.3"",""904.3.1"",""907.6.1"",""909.1""]",provisional,"[60.0,211.817,186.415,222.947]","{""appendix"":null,""bbox"":[60.0,211.817,186.415,222.947],""chapter"":""35"",""line_id"":""poppler-line:360e29e178bfc14dbdfa"",""observed_text_sha256"":""717f18ec3c6febd457c4f8274371eb78c3abdd4cf51e5c45fcb995f643354416"",""pdf_page"":662,""printed_page"":""635""}",3786e960642b230a28be5b6d9638ba8b359bba87e0277a385c9619826337f7a6
starts_on_page,ibc2018:chapter35-row:5ddf5399e1b17145d5b93bc9,ibc2018:external-family:5c4facd97626b193d4d7ff61,[],72,72—16,16,National Fire Alarm and Signaling Code,NFPA,chapter35_referenced_standard_entry,"[""1.1.6"",""2702.2.4"",""3005.5"",""3007.7"",""407.4.4.3"",""407.4.4.5"",""407.4.4.5.1"",""901.6"",""903.4.1"",""904.3.5"",""907.1.2"",""907.2"",""907.2.10"",""907.2.12.2"",""907.2.6"",""907.2.9.3"",""907.3"",""907.3.3"",""907.3.4"",""907.5.2.1.2"",""907.5.2.2"",""907.5.2.2.5"",""907.6"",""907.6.1"",""907.6.2"",""907.6.6"",""907.7"",""907.7.1"",""907.7.2"",""917.1""]",provisional,"[60.0,247.817,247.565,258.947]","{""appendix"":null,""bbox"":[60.0,247.817,247.565,258.947],""chapter"":""35"",""line_id"":""poppler-line:e8b1a380c9121f5f0922"",""observed_text_sha256"":""c7b7e54c5e4505b8288b72d8d57171f57fd684c19ab71450075d623f1c1b08d1"",""pdf_page"":662,""printed_page"":""635""}",2b2b7df4d19259cd0c18b47b3a2fb7cc35da71f0fe78f2f9d4449fe0c9a953f7
starts_on_page,ibc2018:chapter35-row:7b91f0c57f9c860df10b3e32,ibc2018:external-family:af4d036d6eb0440095b26895,[],80,80—16,16,Standard for Fire Doors and Other Opening Protectives,NFPA,chapter35_referenced_standard_entry,"[""010.1.4.3"",""410.2.5"",""509.4.2"",""6.1"",""6.2.5.1"",""6.3.4.1"",""6.3.5"",""716.2.6.4"",""716.2.9""]",provisional,"[60.0,294.867,306.865,305.997]","{""appendix"":null,""bbox"":[60.0,294.867,306.865,305.997],""chapter"":""35"",""line_id"":""poppler-line:86779d5bb11b379b3c59"",""observed_text_sha256"":""c93ef5d8c05f555f14c6d4a684c986a614bb0c7de241feaca6520a6f142195b0"",""pdf_page"":662,""printed_page"":""635""}",39dd68fb7e403cd1dd7703b35dd334a78af5516bbb43c366ba739b028d423332
starts_on_page,ibc2018:chapter35-row:40756653ba918db3622dcdaf,ibc2018:external-family:40079593c8404c9e8b076683,[],82,82—14,14,Standard on Incinerators and Waste and Linen Handling Systems and Equipment,NFPA,chapter35_referenced_standard_entry,"[""713.13""]",provisional,"[60.0,319.817,407.396,330.947]","{""appendix"":null,""bbox"":[60.0,319.817,407.396,330.947],""chapter"":""35"",""line_id"":""poppler-line:64512f5bee583610d743"",""observed_text_sha256"":""632f4e5c167bbc697b6dd95b276328b07ccacb732c969ab60717bf8d56f3f133"",""pdf_page"":662,""printed_page"":""635""}",91a9c982524c91eb4200247d2af43169dd552ad533a1c2bd1c0e13ae78337ebc
starts_on_page,ibc2018:chapter35-row:42cf3ab3cc2101dc7a85ee28,ibc2018:external-family:5e857898ea58f448a3a0ea81,[],85,85—15,15,Boiler and Combustion System Hazards Code,NFPA,chapter35_referenced_standard_entry,"[""426.1""]",provisional,"[60.0,344.767,268.015,355.897]","{""appendix"":null,""bbox"":[60.0,344.767,268.015,355.897],""chapter"":""35"",""line_id"":""poppler-line:b98d12946e46ffd8c72c"",""observed_text_sha256"":""8308635c63a81a638681d35d047479fada81de48ccdb027bd411a12dd0b817ae"",""pdf_page"":662,""printed_page"":""635""}",009fcda24793e7996e0c4a91cca7a02bb6a6f8d2886c17e19d709f809e0a6afb
starts_on_page,ibc2018:chapter35-row:a6e2dedcdfdb1e0bfc43572b,ibc2018:external-family:30f296f1370288d429942646,[],92,92—15,15,Standard for Smoke Control Systems,NFPA,chapter35_referenced_standard_entry,"[""909.7"",""909.8""]",provisional,"[60.0,369.867,235.275,380.997]","{""appendix"":null,""bbox"":[60.0,369.867,235.275,380.997],""chapter"":""35"",""line_id"":""poppler-line:3014ee170572e59bb202"",""observed_text_sha256"":""8abb389eebdb42d2ff70ce399c984b2467b58e9c6e48faa00b53f44e956997fc"",""pdf_page"":662,""printed_page"":""635""}",a6332dda6994201fd6c649dc511d36e4d878311640a6c3142c4681f871f63eb1
starts_on_page,ibc2018:chapter35-row:5ad14f19d810433be36e57f9,ibc2018:external-family:62ffd8f1ea0be785c67ca477,[],99,99—18,18,Health Care Facilities Code,NFPA,chapter35_referenced_standard_entry,"[""407.11"",""422.6"",""425.1""]",provisional,"[60.0,394.817,198.165,405.947]","{""appendix"":null,""bbox"":[60.0,394.817,198.165,405.947],""chapter"":""35"",""line_id"":""poppler-line:81096c976cdd739ba689"",""observed_text_sha256"":""52ef720e3daf57a0c7a5df80f3836e501caeb5c23dce99f1c1219e1c08eb4231"",""pdf_page"":662,""printed_page"":""635""}",9f0fc8f874a296b5c9043eb8acfa1109f5da80311903333f7db4a0f9c4f71cd9
starts_on_page,ibc2018:chapter35-row:558604271fa4e11a78e63ff5,ibc2018:external-family:6b5d88045d924abf9821a8fc,[],101,101—18,18,Life Safety Code,NFPA,chapter35_referenced_standard_entry,"[""1029.6.2""]",provisional,"[60.0,419.767,160.665,430.897]","{""appendix"":null,""bbox"":[60.0,419.767,160.665,430.897],""chapter"":""35"",""line_id"":""poppler-line:e3949e3a4029b7e2f81a"",""observed_text_sha256"":""3341e2369cd2facdcc65f0a8346a2ca27643f917cd3dea1eb55d3b005d3f4600"",""pdf_page"":662,""printed_page"":""635""}",bb41e593d29635eeb0020a1027d806164ffb99c8183532aec4ea835ae1ad1546
starts_on_page,ibc2018:chapter35-row:08a749bfcd4792489432d9db,ibc2018:external-family:92974588e11903d64c679145,[],105,105—16,16,Standard for Smoke Door Assemblies and Other Opening Protectives,NFPA,chapter35_referenced_standard_entry,"[""0.5.2.2"",""405.4.2"",""716.2.1"",""909.20.4.1""]",provisional,"[60.0,444.867,362.665,455.997]","{""appendix"":null,""bbox"":[60.0,444.867,362.665,455.997],""chapter"":""35"",""line_id"":""poppler-line:ccd6b3a484102c593c13"",""observed_text_sha256"":""2f714d02002dc3527fee0af450e5c5c7097d5ef1ec1ff48a9ff086f15c8e58c4"",""pdf_page"":662,""printed_page"":""635""}",4a56b6ce267b6a07f10daa601edaa6e220bb469ecf8fbb7a50417af290fc6fbd
starts_on_page,ibc2018:chapter35-row:b8d75733660e668302e3baa7,ibc2018:external-family:5216b39453ad3d66e0a1899c,[],110,110—16,16,Standard for Emergency and Standby Power Systems,NFPA,chapter35_referenced_standard_entry,"[""2702.1.3""]",provisional,"[60.0,469.817,302.825,480.947]","{""appendix"":null,""bbox"":[60.0,469.817,302.825,480.947],""chapter"":""35"",""line_id"":""poppler-line:f52614bc4372be98df9e"",""observed_text_sha256"":""3259ce26fe90765e9793b4351563a298df60e87b8231b5ddd5f918cea2b41794"",""pdf_page"":662,""printed_page"":""635""}",f9c2cb69b2483bba041fe3bcfd5c8608f5b46afa96c904f387234c0f339806b9
starts_on_page,ibc2018:chapter35-row:3404634ae5ca2a0250160784,ibc2018:external-family:75a3fc7929a3e46c6d63c7a7,[],111,111—13,13,Standard on Stored Electrical Energy Emergency and Standby Power Systems,NFPA,chapter35_referenced_standard_entry,"[""2702.1.3""]",provisional,"[60.0,494.767,397.825,505.897]","{""appendix"":null,""bbox"":[60.0,494.767,397.825,505.897],""chapter"":""35"",""line_id"":""poppler-line:eb2a804c038bef36123c"",""observed_text_sha256"":""6909e819d82fd190a9b4633b70f4b86e81b230f341dacb5a268fcee6cd4a33ba"",""pdf_page"":662,""printed_page"":""635""}",7e884b5309f13863ec9eef7444458bb8c1ac951cf092ad59541f12225ef007a0
starts_on_page,ibc2018:chapter35-row:21331c58140a7bc8125ca605,ibc2018:external-family:026ff0d028d406792af53018,[],120,120—15,15,Standard for Fire Prevention and Control in Coal Mines,NFPA,chapter35_referenced_standard_entry,"[""426.1""]",provisional,"[60.0,519.867,313.25,530.997]","{""appendix"":null,""bbox"":[60.0,519.867,313.25,530.997],""chapter"":""35"",""line_id"":""poppler-line:f517e4e4b6e49c5afc5c"",""observed_text_sha256"":""6b95e932f0a73844850ff26727b1c4fbf826a1f97a44d0926d80f4e97c2c8161"",""pdf_page"":662,""printed_page"":""635""}",e4b4f193d97f80f27087f8dd65fa6de8b7a6ceb4e4beeb33efe21722ce09dbb1
starts_on_page,ibc2018:chapter35-row:99c3cfb520381e7ae7dc031e,ibc2018:external-family:2f5153ef274810e75d2922e0,[],170,170—18,18,Standard for Fire Safety and Emergency Symbols,NFPA,chapter35_referenced_standard_entry,"[""1025.2.6.1""]",provisional,"[60.0,544.817,287.779,555.947]","{""appendix"":null,""bbox"":[60.0,544.817,287.779,555.947],""chapter"":""35"",""line_id"":""poppler-line:d8cb6d1f69a73cffc207"",""observed_text_sha256"":""1bdd969b24c35525b9808245d03a3f6717a4f3ca53a762123452ce6b538f055b"",""pdf_page"":662,""printed_page"":""635""}",3eccaf54e4db23a9d1c16fd34e461940dc765db8d9ab66ce01088296cd46ad48
starts_on_page,ibc2018:chapter35-row:56b9d57f7ed7e9cb88d96883,ibc2018:external-family:6a4b0b3f9623b0c9961b637a,[],211,211—16,16,"Standard for Chimneys, Fireplaces, Vents and Solid Fuel-burning Appliances",NFPA,chapter35_referenced_standard_entry,"[""2.5""]",provisional,"[60.0,569.917,393.713,581.047]","{""appendix"":null,""bbox"":[60.0,569.917,393.713,581.047],""chapter"":""35"",""line_id"":""poppler-line:fbb0949fa2679f1043a5"",""observed_text_sha256"":""fae0f1d13c403843e2fd65a748bccbbd1104c45985b9aeccca68eb2244d1ea92"",""pdf_page"":662,""printed_page"":""635""}",b276ae68a10284437e90f8f71e48a65ce4f6677bdee10676ff95ca07d601ea08
starts_on_page,ibc2018:chapter35-row:d08235d3628d9083db02f89b,ibc2018:external-family:d3f2308721bf94a9626d0f1c,[],221,221—18,18,"Standard for High Challenge Fire Walls, Fire Walls and Fire Barrier Walls",NFPA,chapter35_referenced_standard_entry,"[""706.2""]",provisional,"[60.0,594.867,385.595,605.997]","{""appendix"":null,""bbox"":[60.0,594.867,385.595,605.997],""chapter"":""35"",""line_id"":""poppler-line:80375e813f5507d366d4"",""observed_text_sha256"":""fefcaf22553a65148b9809307895f1a2da172f41748aa80cdb938eaa3a16c0bf"",""pdf_page"":662,""printed_page"":""635""}",dffe2af2c4604c27b915171e1d8d203067341b09a49351e4c1357acf99ad966a
starts_on_page,ibc2018:chapter35-row:f487948324d338ccf56dadb4,ibc2018:external-family:7af992c35d53650e07ad035a,[],252,252—17,17,Standard Methods of Fire Tests of Door Assemblies,NFPA,chapter35_referenced_standard_entry,"[""6.1.2.2.1"",""6.2.1.1"",""6.2.2.2"",""716.1(1)"",""716.1.1"",""716.2.1.2"",""716.2.2.1"",""716.2.2.3.1"",""716.2.5.1.1""]",provisional,"[60.0,619.817,294.562,630.947]","{""appendix"":null,""bbox"":[60.0,619.817,294.562,630.947],""chapter"":""35"",""line_id"":""poppler-line:8a79dbfd3cd0b457451e"",""observed_text_sha256"":""84d9cb92c8bca5b60a5c41466ade59a24e0b65bc8966e23dc0c2aa196e1627b3"",""pdf_page"":662,""printed_page"":""635""}",35c004a138d130d200b86a71ab2db0cb1135609a94ce9e3b44695b0fe5520550
starts_on_page,ibc2018:chapter35-row:dfdcd64a249a28b1a8701f25,ibc2018:external-family:93a0fc13eff2271d80310d9a,[],253,253—15,15,Standard Method of Test for Critical Radiant Flux of Floor Covering Systems Using a Radiant Heat Energy Source,NFPA,chapter35_referenced_standard_entry,"[""406.2.4"",""424.2"",""804.2"",""804.3""]",provisional,"[60.0,644.917,539.186,656.047]","{""appendix"":null,""bbox"":[60.0,644.917,539.186,656.047],""chapter"":""35"",""line_id"":""poppler-line:da1a3d65dae06947410e"",""observed_text_sha256"":""b97d41675a01b0d11170072dc07fa53fbdbdf50ddadd105d705a18934b822a40"",""pdf_page"":662,""printed_page"":""635""}",19d90c4bffde80d6266b6a8df1570870a12e94b5a76375aa4639c12a6f66e4a3
starts_on_page,ibc2018:chapter35-row:e7524755ecd1bb6638e2375a,ibc2018:external-family:bfeac208dfed5d18c705acdf,[],257,257—17,17,Standard for Fire Test for Window and Glass Block Assemblies,NFPA,chapter35_referenced_standard_entry,"[""6.1.2.2.2"",""6.3.1.2"",""6.3.2.1.3"",""716.1(1)"",""716.1.1"",""716.2.1.3"",""716.3.1.1"",""716.3.4""]",provisional,"[60.0,669.867,340.562,680.997]","{""appendix"":null,""bbox"":[60.0,669.867,340.562,680.997],""chapter"":""35"",""line_id"":""poppler-line:8dab65e8483689742325"",""observed_text_sha256"":""7b6d4d63f06386313ecf4c64615b18fac96f5098569b7c7c9d80c07a5f92d6f6"",""pdf_page"":662,""printed_page"":""635""}",2645a944e04a8236b58543bf69928c517a87b2f5a34de54073ab921a395adee4
starts_on_page,ibc2018:chapter35-row:3fa1c4bf862a4ceb5bc5ac20,ibc2018:external-family:26262bc4d3fe5279aaf9c8ac,[],259,259—18,18,Standard Test Method for Potential Heat of Building Materials,NFPA,chapter35_referenced_standard_entry,"[""2603.4.1.1"",""2603.5.3""]",provisional,"[60.0,694.867,338.696,705.997]","{""appendix"":null,""bbox"":[60.0,694.867,338.696,705.997],""chapter"":""35"",""line_id"":""poppler-line:8ad34238a4bafa0f7d2b"",""observed_text_sha256"":""9281ccd394760fae5c682d2ebc71cedf8f99b9da09b785edf42c32ce1f9b5db9"",""pdf_page"":662,""printed_page"":""635""}",d5cb35058ab687c2e5ce1c10f6fa98ec8bde802464117fe3ca5e9f6f3fe04d6c
starts_on_page,ibc2018:chapter35-row:6d56cdbaf8b778ffc00758b7,ibc2018:external-family:aafe0ab9a32d792fc5670e11,[],265,265—15,15,Standard Methods of Fire Tests for Evaluating Room Fire Growth Contribution of Textile Wall Coverings on Full Height,NFPA,chapter35_referenced_standard_entry,"[""803.5.1"",""803.5.1.1""]",provisional,"[40.1,86.767,551.99,97.897]","{""appendix"":null,""bbox"":[40.1,86.767,551.99,97.897],""chapter"":""35"",""line_id"":""poppler-line:374904ca56953d05dff7"",""observed_text_sha256"":""8a85c6f3d1cadafd9d476d9660025699c49d7c1d265d041dbd6289fe1ec3daa0"",""pdf_page"":663,""printed_page"":""636""}",bc00fa1d988ea9a860eac191e7c7fc6b6cdc201635643c5fec8edd2c0c78f930
starts_on_page,ibc2018:chapter35-row:f5a92e3d04014a3a6b8afedf,ibc2018:external-family:3e85f89495e8c8bcdfc0a947,[],268,268—17,17,Standard Test Method for Determining Ignitability of Exterior Wall Assemblies Using a Radiant Heat Energy Source,NFPA,chapter35_referenced_standard_entry,"[""2603.5.7"",""405.1.1.1"",""405.1.1.1.1"",""405.1.1.1.2""]",provisional,"[40.1,122.767,526.736,133.897]","{""appendix"":null,""bbox"":[40.1,122.767,526.736,133.897],""chapter"":""35"",""line_id"":""poppler-line:c2d8bc7c7fa502bb08b9"",""observed_text_sha256"":""05453b864b92db77f164da24984f54028fd4f637b27ef6274459f28b3c43a204"",""pdf_page"":663,""printed_page"":""636""}",d716e3b806faf6006c626238070f5afc70b3659831513e5c48be2a297acf9a45
starts_on_page,ibc2018:chapter35-row:c6016e3e13bf2ed423ffdb2f,ibc2018:external-family:191c938fb7ca3dec50f89f10,[],275,275—17,17,Standard Method of Fire Tests for the Evaluation of Thermal Barriers,NFPA,chapter35_referenced_standard_entry,"[""2603.4"",""406.10.2"",""408.10.2""]",provisional,"[40.1,147.867,347.13,158.997]","{""appendix"":null,""bbox"":[40.1,147.867,347.13,158.997],""chapter"":""35"",""line_id"":""poppler-line:ef35156ec154ab35a1e2"",""observed_text_sha256"":""c74312d86a9a0afd35478bcd756ceee4883ec013ebdb52f94356d45086055dac"",""pdf_page"":663,""printed_page"":""636""}",c5ee8d085a80ef3f4423d3ba1c6880e9b974ea42b50931f4d1be53d014a27949
starts_on_page,ibc2018:chapter35-row:b96a471ec571cbf01a371b1d,ibc2018:external-family:fbc2344e12914e4c55fed302,[],276,276—15,15,Standard Method of Fire Tests for Determining the Heat Release Rate of Roofing Assemblies with Combustible Above-deck,NFPA,chapter35_referenced_standard_entry,"[""2603.3"",""2603.4.1.5"",""508.1""]",provisional,"[40.1,172.817,551.834,183.947]","{""appendix"":null,""bbox"":[40.1,172.817,551.834,183.947],""chapter"":""35"",""line_id"":""poppler-line:3f233714216456d890bf"",""observed_text_sha256"":""eaf0658bc601ac4218655d41efb8d5b8b81ced1af8f09654cb8627fa46b7625e"",""pdf_page"":663,""printed_page"":""636""}",875e2ee5c99eb440e0063ccfda2f20c232271811345f893a795bfeee70c880db
starts_on_page,ibc2018:chapter35-row:962cbfa09ff67a478b5fd93a,ibc2018:external-family:898476a874cf9ed5a329b396,[],285,285—17,17,Standard Fire Test Method for the Evaluation of Fire Propagation Characteristics of Exterior Nonload-bearing Wall,NFPA,chapter35_referenced_standard_entry,"[""0.4"",""1402.5"",""1406.1"",""1408.10.4"",""1510.6.2"",""2603.5.5"",""718.2.6""]",provisional,"[40.1,208.817,551.839,219.947]","{""appendix"":null,""bbox"":[40.1,208.817,551.839,219.947],""chapter"":""35"",""line_id"":""poppler-line:939eec40093f158373f8"",""observed_text_sha256"":""690cc829289a0c68ea855e5cf3042e90ab72fc693bfcc79e60bf79903274656e"",""pdf_page"":663,""printed_page"":""636""}",906be8ca37a160ed5cf431f40de1da7885f249e54da2820b8b1b1f5bae8540a6
starts_on_page,ibc2018:chapter35-row:1bbdc9826373347962fd2ecc,ibc2018:external-family:1c7920833f776f57523f5e43,[],286,286—15,15,Standard Methods of Fire Test for Evaluating Contribution of Wall and Ceiling Interior Finish to Room Fire Growth,NFPA,chapter35_referenced_standard_entry,"[""2603.7"",""2603.9"",""2604.2.4"",""3105.3"",""4.4"",""402.6.4.4"",""406.10.3"",""803.1"",""803.1.1"",""803.1.1.1"",""803.13""]",provisional,"[40.1,244.817,526.804,255.947]","{""appendix"":null,""bbox"":[40.1,244.817,526.804,255.947],""chapter"":""35"",""line_id"":""poppler-line:773584921a9693c67afd"",""observed_text_sha256"":""3b3d7848efc90c527bf984f65b61336ee0c0d53d4230fc9e54167b3c93943acf"",""pdf_page"":663,""printed_page"":""636""}",821fc1c468f3bdafb6e09cabfd4ea4ee4e2f3c4f2198957bf8b90028cea89d55
starts_on_page,ibc2018:chapter35-row:da9a35c3dc252494a76af8bb,ibc2018:external-family:385f261fcddeeac35a0c9703,[],288,288—17,17,Standard Methods of Fire Tests of Horizontal Fire Door Assemblies Installed in Horizontal in Fire-resistance-rated Floor,NFPA,chapter35_referenced_standard_entry,"[""712.1.13.1""]",provisional,"[40.1,280.817,551.94,291.947]","{""appendix"":null,""bbox"":[40.1,280.817,551.94,291.947],""chapter"":""35"",""line_id"":""poppler-line:d4bb2354d63f5811da8f"",""observed_text_sha256"":""8b4b4afa5b4129c7b6cd3162bc45692a35e20244152242955a5fbbd881ecc1bb"",""pdf_page"":663,""printed_page"":""636""}",992eb698f1a2a774f8018c16ae5639da37bb5db9abca028114ccbb5e7a68c75b
starts_on_page,ibc2018:chapter35-row:dc27f74dc5a826a3d2ab9faa,ibc2018:external-family:8b245e3221f7fd6ac088f7c8,[],289,289—18,18,Standard Method of Fire Test for Individual Fuel Packages,NFPA,chapter35_referenced_standard_entry,"[""402.6.2"",""402.6.4.5"",""424.2"",""806.4""]",provisional,"[40.1,316.817,304.292,327.947]","{""appendix"":null,""bbox"":[40.1,316.817,304.292,327.947],""chapter"":""35"",""line_id"":""poppler-line:a74690fd102de739118e"",""observed_text_sha256"":""67fae8cbd6ada632fa2970c065ff376876d39307985818cc95b73fa3351f3d56"",""pdf_page"":663,""printed_page"":""636""}",25c062d4aca51f66cc58abee37c91fe2e5a0619784de6ec7c326b6c54ad99ea2
starts_on_page,ibc2018:chapter35-row:bf451f533d4eb259322c4c3e,ibc2018:external-family:dac0e015ac9da2806a81913e,[],409,409—16,16,Standard for Aircraft Hangars,NFPA,chapter35_referenced_standard_entry,"[""2.3.6"",""2.3.6.1"",""412.3.6"",""412.5.5""]",provisional,"[40.1,341.767,195.133,352.897]","{""appendix"":null,""bbox"":[40.1,341.767,195.133,352.897],""chapter"":""35"",""line_id"":""poppler-line:b6f1aabb69ba7a7f8518"",""observed_text_sha256"":""c910098db55141fcf29546e2b649e10e6cf3de71f8d7e7b3ce9d934433465df7"",""pdf_page"":663,""printed_page"":""636""}",027e0b9a34c58db503954a4d7420d4350f94fa2e2850ce31042d358bbed90d2f
starts_on_page,ibc2018:chapter35-row:7ef7ae60ace8d10ee5565883,ibc2018:external-family:e573f5e7cf860a7717c3fcbe,[],418,418—16,16,Standard for Heliports,NFPA,chapter35_referenced_standard_entry,"[""412.7.4""]",provisional,"[40.1,366.867,164.392,377.997]","{""appendix"":null,""bbox"":[40.1,366.867,164.392,377.997],""chapter"":""35"",""line_id"":""poppler-line:2b81d71ef5f40619d88a"",""observed_text_sha256"":""02f16c7550d977031080e7e5ec993fd64f15062cc90ab8499203c9a4f21bf9b3"",""pdf_page"":663,""printed_page"":""636""}",e7f5df819670af4a65334235c11dd72e04a8576427d7ba6383b674517756e6ff
starts_on_page,ibc2018:chapter35-row:2959cb225f60bc05fa83ae6f,ibc2018:external-family:8475938ad6ab565e61f64764,[],484,484—18,18,Standard for Combustible Metals,NFPA,chapter35_referenced_standard_entry,"[""426.1""]",provisional,"[40.1,391.817,205.709,402.947]","{""appendix"":null,""bbox"":[40.1,391.817,205.709,402.947],""chapter"":""35"",""line_id"":""poppler-line:5e2a3c183781ae7687f6"",""observed_text_sha256"":""ce9e460be040a2f8b4a76120eb16feba946e2ede1374034d29642710999829c1"",""pdf_page"":663,""printed_page"":""636""}",8754f8c2142a6e70ba5e718958582ac39ebf9a05384963e25093781469b0099e
starts_on_page,ibc2018:chapter35-row:7e73bfe0aa90b1cb1fff8597,ibc2018:external-family:d623d94002c7fa6f73fcd654,[],652,652—16,16,Standard on the Fundamentals of Combustible Dust,NFPA,chapter35_referenced_standard_entry,"[""426.1""]",provisional,"[40.1,416.767,276.912,427.897]","{""appendix"":null,""bbox"":[40.1,416.767,276.912,427.897],""chapter"":""35"",""line_id"":""poppler-line:0435e7875dcd45aa0f6b"",""observed_text_sha256"":""b7b4842881fab1570b6b9323c39d05cd711a78e771ef613152b555a0e003f6a7"",""pdf_page"":663,""printed_page"":""636""}",fbf5734aa04fb82e14c87fc261ee935aaf2348653f132335165e0381054da220
starts_on_page,ibc2018:chapter35-row:7c7603a00181b9eccc3638c8,ibc2018:external-family:64dda994eafbb4f0c645d6a2,[],654,654—17,17,"Standard for the Prevention of Fire and Dust Explosions from the Manufacturing, Processing and Handling of Combustible",NFPA,chapter35_referenced_standard_entry,"[""426.1""]",provisional,"[40.1,441.867,552.011,452.997]","{""appendix"":null,""bbox"":[40.1,441.867,552.011,452.997],""chapter"":""35"",""line_id"":""poppler-line:bedc8b6ea169f7904e35"",""observed_text_sha256"":""6c782bc61443504292b5e3ac6134c7140765dad555df5d3c5df009e0c68385f9"",""pdf_page"":663,""printed_page"":""636""}",ed253b1c701f46cddff5ea9ac6ee97ad62c1f31de58b85efa8083b4bd19d83fd
starts_on_page,ibc2018:chapter35-row:50b096a4090252e65d5eff24,ibc2018:external-family:bab5e26aa797f0917390b4e0,[],655,655—17,17,Standard for the Prevention of Sulfur Fires and Explosions,NFPA,chapter35_referenced_standard_entry,"[""426.1""]",provisional,"[40.1,477.867,303.209,488.997]","{""appendix"":null,""bbox"":[40.1,477.867,303.209,488.997],""chapter"":""35"",""line_id"":""poppler-line:0859b9c8101242172331"",""observed_text_sha256"":""1f67c3104aef2c754f61dcd05799922ced802bc3ccf09499059a6ca810152625"",""pdf_page"":663,""printed_page"":""636""}",c83dc833e941735844b43e0c09043703f66d5787de5cbd4b94d708f925260634
starts_on_page,ibc2018:chapter35-row:b5e556f760814a2447bc4fb4,ibc2018:external-family:cbfd0e22d7167eb661ad9246,[],664,664—17,17,Standard for the Prevention of Fires and Explosions in Wood Processing and Woodworking Facilities,NFPA,chapter35_referenced_standard_entry,"[""426.1""]",provisional,"[40.1,502.817,465.386,513.947]","{""appendix"":null,""bbox"":[40.1,502.817,465.386,513.947],""chapter"":""35"",""line_id"":""poppler-line:1ac569b2e3cacabf6390"",""observed_text_sha256"":""a259a3f973546e99f511b13611a8d0b5ba9ae3cf9a23d5bf351bd53d530786a2"",""pdf_page"":663,""printed_page"":""636""}",ce2480fc53f80118f56d83486aea87120771c550ed96207d72660b2b6fbd1bcd
starts_on_page,ibc2018:chapter35-row:dd5a298b1cd4775593f21ecd,ibc2018:external-family:b7141ddb717ea0ea0fecddbe,[],701,701—15,15,Standard Methods of Fire Tests for Flame Propagation of Textiles and Films,NFPA,chapter35_referenced_standard_entry,"[""02.3.1"",""3102.3"",""3102.6.1.1"",""3105.3"",""410.2.6"",""424.2"",""806.4""]",provisional,"[40.1,527.917,370.343,539.047]","{""appendix"":null,""bbox"":[40.1,527.917,370.343,539.047],""chapter"":""35"",""line_id"":""poppler-line:5ba67ad78ff4e666a3e9"",""observed_text_sha256"":""23dd0dc1ff03e18cc8b2971746c8ef609f7c22a8283f60fcb59c57f6f3ee5c34"",""pdf_page"":663,""printed_page"":""636""}",52665c6c7627357d3c52e1b96abb1707be1315b92b905051bc92368e1327e4d0
starts_on_page,ibc2018:chapter35-row:f5d9e773208b287303d2f800,ibc2018:external-family:fcbf57e7087587b6685a25a9,[],704,704—17,17,Standard System for the Identification of the Hazards of Materials for Emergency Response,NFPA,chapter35_referenced_standard_entry,"[""415.5.2""]",provisional,"[40.1,552.867,429.518,563.997]","{""appendix"":null,""bbox"":[40.1,552.867,429.518,563.997],""chapter"":""35"",""line_id"":""poppler-line:19e6a945d9224098f981"",""observed_text_sha256"":""063954014d5be75d639cc3a4c65901728e919377340af36f1cd3f708dc67df13"",""pdf_page"":663,""printed_page"":""636""}",1e74d34b4ea2e230cadd1d3efecb15ec5ee0ec1370748035d877fa556f206fcd
starts_on_page,ibc2018:chapter35-row:684807a6e6a0081d2b9d94e8,ibc2018:external-family:98c173a6a0dc915c5a90226b,[],720,720—15,15,Standard for the Installation of Carbon Monoxide (CO) Detection and Warning Equipment,NFPA,chapter35_referenced_standard_entry,"[""915.5.1"",""915.5.2""]",provisional,"[40.1,577.817,428.096,588.947]","{""appendix"":null,""bbox"":[40.1,577.817,428.096,588.947],""chapter"":""35"",""line_id"":""poppler-line:a76ebf9cf4f732d37aa9"",""observed_text_sha256"":""eb3817ceb634c1262905f89aafd2669ce8edd1fed0d583aabeb5f38ee62abb71"",""pdf_page"":663,""printed_page"":""636""}",3f6890f5cb8f1f84b335821c9de7e638ed80dce127110ef52e956888feb62acd
starts_on_page,ibc2018:chapter35-row:950e987fb4ebfb578bcf4eae,ibc2018:external-family:9238fee9a70b2c70ad415838,[],750,750—15,15,Standard on Water Mist Fire Protection Systems,NFPA,chapter35_referenced_standard_entry,"[""1.1.1"",""904.1"",""904.12""]",provisional,"[40.1,602.917,264.125,614.047]","{""appendix"":null,""bbox"":[40.1,602.917,264.125,614.047],""chapter"":""35"",""line_id"":""poppler-line:3de0c2e31d8a8b0978b3"",""observed_text_sha256"":""bfc714f6f356142fe6d91b982a90b0e8b975ed89886d49b3d636548eb0503243"",""pdf_page"":663,""printed_page"":""636""}",88112f3c0aa6962e3fe18acbdc69fd6a737e9aecb7a4eef6169c41317a6a63c7
starts_on_page,ibc2018:chapter35-row:1355e6f92d4aae931ea645e3,ibc2018:external-family:4c3aaa49ce8741564d66b1fe,[],1124,1124—17,17,"Code for the Manufacture, Transportation and Storage of Fireworks and Pyrotechnic Articles",NFPA,chapter35_referenced_standard_entry,"[""415.6.1.1""]",provisional,"[40.1,627.867,442.022,638.997]","{""appendix"":null,""bbox"":[40.1,627.867,442.022,638.997],""chapter"":""35"",""line_id"":""poppler-line:8884f85b443be327f048"",""observed_text_sha256"":""741aa94c970fa186b7bd907be741c7f3286224207334069d9c4cf4e23ccdab7d"",""pdf_page"":663,""printed_page"":""636""}",41d9358c2949513bf847b9da5f343b90dab0c77096f66fe8ebc18d881dd51556
starts_on_page,ibc2018:chapter35-row:11e58bb4efd8bf177e242b8e,ibc2018:external-family:8518d9e4e54fd7f70bcd4c5b,[],2001,2001—15,15,Standard on Clean Agent Fire Extinguishing Systems,NFPA,chapter35_referenced_standard_entry,"[""904.1""]",provisional,"[40.1,652.817,285.775,663.947]","{""appendix"":null,""bbox"":[40.1,652.817,285.775,663.947],""chapter"":""35"",""line_id"":""poppler-line:5cf6ccb5b600cac2d948"",""observed_text_sha256"":""a4693ca444a2144f3232d84ac0e1f55cde93df3704a3ba1f91a78567e4a053af"",""pdf_page"":663,""printed_page"":""636""}",b2fb53f2af945410989b7cb22b2e596a9675c87b0e70caad754c188cc41d7fdb
starts_on_page,ibc2018:chapter35-row:aa7483501058b82213da2b49,ibc2018:external-family:cd179fd29b6bd87715c1a292,[],2010,2010—15,15,Standard for Fixed Aerosol Fire-extinguishing Systems,NFPA,chapter35_referenced_standard_entry,"[""904.1""]",provisional,"[40.1,677.917,291.925,689.047]","{""appendix"":null,""bbox"":[40.1,677.917,291.925,689.047],""chapter"":""35"",""line_id"":""poppler-line:05167aebd12d18c746f5"",""observed_text_sha256"":""ab4431c3b597c3207543fdc39a14304991e0e8d81054389cf4c2215debe76a87"",""pdf_page"":663,""printed_page"":""636""}",fc0f9ba41b134bf05d19630c546708cf5629441d5b0d52f57cda7c0dd851f2d4
starts_on_page,ibc2018:chapter35-row:1e392738c38112e9f4f15004,ibc2018:external-family:ce7c13426aa2e034b4a195a4,[],MNL 124,MNL 124—11,11,Design for Fire Resistance of Precast Prestressed Concrete,PCI,chapter35_referenced_standard_entry,"[""722.2.3.1""]",provisional,"[60.0,124.067,344.115,135.197]","{""appendix"":null,""bbox"":[60.0,124.067,344.115,135.197],""chapter"":""35"",""line_id"":""poppler-line:30afe73fe0e44b8f0d03"",""observed_text_sha256"":""43700c3d12b9465f65943807cf75f7d52fff17a0efcef3f086c9f21e23b1873e"",""pdf_page"":664,""printed_page"":""637""}",ea293a634b9bee72de449c3aec4f645dbe3441a374df17d7694c4684431d9c19
starts_on_page,ibc2018:chapter35-row:53110ce0fb9783c24a9ef22e,ibc2018:external-family:3dd6896b489fd157fb2805db,[],MNL 128,MNL 128—01,01,Recommended Practice for Glass Fiber Reinforced Concrete Panels,PCI,chapter35_referenced_standard_entry,"[""1903.3""]",provisional,"[60.0,149.167,379.505,160.297]","{""appendix"":null,""bbox"":[60.0,149.167,379.505,160.297],""chapter"":""35"",""line_id"":""poppler-line:d26ad89e270ceaa54918"",""observed_text_sha256"":""eea482a3fcb27964db650ee012df78cfed5a31b29d032167c79e3596ba0635f4"",""pdf_page"":664,""printed_page"":""637""}",57c4ba821561ca7de60bd261fd17a27ffce20c848dd25454445c0031c0266a09
starts_on_page,ibc2018:chapter35-row:99892537f86a6a829874927a,ibc2018:external-family:7d6c3d1af2c56113848fb252,[],PTI DC,PTI DC—10.5-12,10.5-12,Standard Requirements for Design and Analysis of Shallow Concrete Foundations on Expansive Soils,PTI,chapter35_referenced_standard_entry,"[""1808.6.2""]",provisional,"[60.05,227.417,520.83,238.547]","{""appendix"":null,""bbox"":[60.05,227.417,520.83,238.547],""chapter"":""35"",""line_id"":""poppler-line:6b7246a68386103f7600"",""observed_text_sha256"":""dc86125d20436fa5fd9440da944d6b313b39bbba0a620d520a9e65cf9254812f"",""pdf_page"":664,""printed_page"":""637""}",2bd9bc39157bd24e41b33ebed1fd743d83a9075b1a8eb469f12609343be52667
starts_on_page,ibc2018:chapter35-row:eac58f430533a4f8fc22116b,ibc2018:external-family:c0c1b613126ac8b5b83c063e,[],ANSI/MH16.1,ANSI/MH16.1—12,12,"Specification for Design, Testing and Utilization of Industrial Steel Storage Racks",RMI,chapter35_referenced_standard_entry,"[""2209.1""]",provisional,"[60.0,305.767,450.601,316.897]","{""appendix"":null,""bbox"":[60.0,305.767,450.601,316.897],""chapter"":""35"",""line_id"":""poppler-line:5b236d7b0d6ab3bc0aa7"",""observed_text_sha256"":""a721ff6ccd2ab167498c41c2f95b740998a09c68826097534735db280a087344"",""pdf_page"":664,""printed_page"":""637""}",1ca8c495b81326450dcde4225152303f28fbf0257eb2c4204dfa94de44e5288b
starts_on_page,ibc2018:chapter35-row:0832087c9ce640d1eb91bebf,ibc2018:external-family:9087e028d5d1113d6f665b25,[],ANSI/MH16.3,ANSI/MH16.3—16,16,"Specification for the Design, Testing and Utilization of Industrial Steel Cantilevered Storage Racks",RMI,chapter35_referenced_standard_entry,"[""2209.2""]",provisional,"[60.0,330.717,516.401,341.847]","{""appendix"":null,""bbox"":[60.0,330.717,516.401,341.847],""chapter"":""35"",""line_id"":""poppler-line:251f306ce0dd69dc7ecd"",""observed_text_sha256"":""2fe68909a84a565881844a2b6c0de544b3f4e8d570658b3e9f1c41b0b5ecab1e"",""pdf_page"":664,""printed_page"":""637""}",ad828bc0445ef4efc7344a40a83d8e5dee5cf3d24c6ba3f96f9fef789d7b8919
starts_on_page,ibc2018:chapter35-row:feb4d3ca31bf1621bab74503,ibc2018:external-family:2cd2109a782d375fa066ad8a,[],ANSI/FS 100-12,ANSI/FS 100-12,,Standard Requirements for Wind Pressure Resistance of Foam Plastic Insulating Sheathing Used in Exterior Wall,SBCA,chapter35_referenced_standard_entry,"[""2603.10""]",provisional,"[60.0,409.067,571.839,420.197]","{""appendix"":null,""bbox"":[60.0,409.067,571.839,420.197],""chapter"":""35"",""line_id"":""poppler-line:f8458b6c4dacfa2201f0"",""observed_text_sha256"":""da9a1d2ff299c7d53ccfac9271ed6908a7ea756ba85895092995465f6818e076"",""pdf_page"":664,""printed_page"":""637""}",e75d513cdab1659ba442d800b2b1f1ac074c750e694ac68d44c28c1ae3d9c724
starts_on_page,ibc2018:chapter35-row:668017f05d0c3ef8d1075fe6,ibc2018:external-family:c61379fdd13cb9be382dbcb8,[],SDI NC,SDI NC—2017,2017,Standard for Noncomposite Steel Floor Deck,SDI,chapter35_referenced_standard_entry,"[""2210.1.1.1""]",provisional,"[60.0,498.467,294.248,509.597]","{""appendix"":null,""bbox"":[60.0,498.467,294.248,509.597],""chapter"":""35"",""line_id"":""poppler-line:7bef07268a1121167a66"",""observed_text_sha256"":""e977e9ca0ea9373636e3d81e4d7a495a86334529ffd2c1a6e4e5762ce32ff22d"",""pdf_page"":664,""printed_page"":""637""}",bec3de967e4185feea18ed3d921341c1e15fc74189dd67fb08e576b108555e9c
starts_on_page,ibc2018:chapter35-row:c124d45a2b3401d7f7149176,ibc2018:external-family:548edd1f659a2d6d5e4c8679,[],SDI RD,SDI RD—2017,2017,Standard for Steel Roof Deck,SDI,chapter35_referenced_standard_entry,"[""2210.1.1.2""]",provisional,"[60.0,523.417,235.048,534.547]","{""appendix"":null,""bbox"":[60.0,523.417,235.048,534.547],""chapter"":""35"",""line_id"":""poppler-line:4bd0bd509013b0df0914"",""observed_text_sha256"":""587c521d731071bb093a729a1bd0467015bdedc1b4a9cfa41f83b755ab885640"",""pdf_page"":664,""printed_page"":""637""}",c005812357ff7ebf28879e27a46c98a7433c30232f0f6cd5f676ce8df16b52e8
starts_on_page,ibc2018:chapter35-row:b0cb5158411c5534aa88f49a,ibc2018:external-family:16ad86055029eef8cede9013,[],SDI-C,SDI-C—2017,2017,Standard for Composite Steel Floor Deck—Slabs,SDI,chapter35_referenced_standard_entry,"[""2210.1.1.3""]",provisional,"[60.0,548.417,304.436,559.547]","{""appendix"":null,""bbox"":[60.0,548.417,304.436,559.547],""chapter"":""35"",""line_id"":""poppler-line:3829401d89f4d4ec1eab"",""observed_text_sha256"":""959f3e76f4d7a15d6719dc7b1b339f4640cca02c4e7a095c211512c93e1e6992"",""pdf_page"":664,""printed_page"":""637""}",1797d7cd9a389df2e19b5c3f1bb5528e9e078d10e55079b084f08d48f4ff69aa
starts_on_page,ibc2018:chapter35-row:2a51211044461920a3b430b7,ibc2018:external-family:2ce61b32e486f5803b462395,[],SDI-QA/QC,SDI-QA/QC—2017,2017,Standard for Quality Control and Quality Assurance for Installation of Steel Deck,SDI,chapter35_referenced_standard_entry,"[""1705.2.2""]",provisional,"[60.0,573.467,454.748,584.597]","{""appendix"":null,""bbox"":[60.0,573.467,454.748,584.597],""chapter"":""35"",""line_id"":""poppler-line:45772862390d9612a63e"",""observed_text_sha256"":""e947b1f4887b9be8008e47d8393b22d237e2e5c2d2be03784784f200603e8e16"",""pdf_page"":664,""printed_page"":""637""}",c8004e6de707dbb33940ea0372b5aa19a6c85e7b754e8492af258ada57c6b392
starts_on_page,ibc2018:chapter35-row:8bc84f74dc20153585faf654,ibc2018:external-family:7a16290f385eb3a3771a8168,[],SJI 100,SJI 100—15,15,"44th Edition Standard Specification Load Tables and Weight Tables for Steel Joists and Joist Girders K-Series, LH-",SJI,chapter35_referenced_standard_entry,"[""1604.3.3"",""2203.2"",""2207.1""]",provisional,"[60.0,651.717,571.517,662.847]","{""appendix"":null,""bbox"":[60.0,651.717,571.517,662.847],""chapter"":""35"",""line_id"":""poppler-line:fcc6833e80baa82abda1"",""observed_text_sha256"":""0e2fa3bb20b9ea60c581dbc4b5670c50b0b9349016755b3615d4e1735009b5db"",""pdf_page"":664,""printed_page"":""637""}",ffa2dce6623ddb18116653ba3ba3c99fc49e1814b7e977fb8ee7fd49807871b3
starts_on_page,ibc2018:chapter35-row:7be3ca7206ad6615c4cb8cd8,ibc2018:external-family:398648462c06882a12d55cf4,[],SJI 200,SJI 200—15,15,"Standard Specification for Composite Steel Joists, CJ-Series",SJI,chapter35_referenced_standard_entry,"[""1604.3.3"",""2203.2"",""2207.1""]",provisional,"[60.0,687.717,342.143,698.847]","{""appendix"":null,""bbox"":[60.0,687.717,342.143,698.847],""chapter"":""35"",""line_id"":""poppler-line:77eea670737b3abe7528"",""observed_text_sha256"":""9f8c3fd912e33786f329fc2b1683d63728421e14185b394fd4eaf59ca8c4d3b2"",""pdf_page"":664,""printed_page"":""637""}",56ff9c90b49f5ab2159b5af492c4645b5c8be5c32bf042fff18d23764579c1a2
starts_on_page,ibc2018:chapter35-row:37bb889e9158d75f11f546ff,ibc2018:external-family:be2fa587a8abe0852d568bec,[],ANSI/SPRI/FM 4435-ES-1,ANSI/SPRI/FM 4435-ES-1—11,11,Wind Test Design Standard for Edge Systems Used with Low Slope Roofing Systems,SPRI,chapter35_referenced_standard_entry,"[""1504.5""]",provisional,"[40.1,124.067,489.725,135.197]","{""appendix"":null,""bbox"":[40.1,124.067,489.725,135.197],""chapter"":""35"",""line_id"":""poppler-line:ae8ae1ac665b1b6b6dc4"",""observed_text_sha256"":""00c43d2a300658018cddd86c0dee698ff809c6bdd441b637b544dc089aa53887"",""pdf_page"":665,""printed_page"":""638""}",ec059c0d33817b415803ce13c845aa6d22aec94eca1dcbe94eeadb53da501fd3
starts_on_page,ibc2018:chapter35-row:1c7c9bd01552c4b4ac6a552f,ibc2018:external-family:07fdd2bfac39c8d28d358b9d,[],ANSI/SPRI RP-4,ANSI/SPRI RP-4—13,13,Wind Design Guide for Ballasted Single-ply Roofing Systems,SPRI,chapter35_referenced_standard_entry,"[""1504.4""]",provisional,"[40.1,149.167,362.675,160.297]","{""appendix"":null,""bbox"":[40.1,149.167,362.675,160.297],""chapter"":""35"",""line_id"":""poppler-line:b2c994a648a2e9147314"",""observed_text_sha256"":""fa9979fa788559060c10db01f841c657d6330e8fb90c5e658b86ac97f51bfbd7"",""pdf_page"":665,""printed_page"":""638""}",81a9db8c0ff1c8110e38b46e0bb7b16dc9a0597722fe86a521f722ba9b031ae1
starts_on_page,ibc2018:chapter35-row:3e1ba08356f506681e970671,ibc2018:external-family:2c83cfd69c739adf2c42a12c,[],ANSI/SPRI VF1,ANSI/SPRI VF1—10,10,External Fire Design Standard for Vegetative Roofs,SPRI,chapter35_referenced_standard_entry,"[""1505.10""]",provisional,"[40.1,174.117,324.897,185.247]","{""appendix"":null,""bbox"":[40.1,174.117,324.897,185.247],""chapter"":""35"",""line_id"":""poppler-line:a30615a57e7a74106ad0"",""observed_text_sha256"":""4dd4f4dab971b066fccf2a6ad1f7738d4be0332b925cc6b9a77b75aef103aa04"",""pdf_page"":665,""printed_page"":""638""}",ccbf8e0d668f3fd39750b6f14b4c4b45151b17a7f4ab63a500063cd0cf914b0d
starts_on_page,ibc2018:chapter35-row:c0311df56e0fed70cd256e7b,ibc2018:external-family:1c5f1e76fe4b2f8ded3e63b5,[],ICC 900/SRCC 300,ICC 900/SRCC 300—2015,2015,Solar Thermal System Standard,SRCC,chapter35_referenced_standard_entry,"[""3111.2.1""]",provisional,"[40.1,252.467,271.082,263.597]","{""appendix"":null,""bbox"":[40.1,252.467,271.082,263.597],""chapter"":""35"",""line_id"":""poppler-line:43f23f17fa0c5ebf68c5"",""observed_text_sha256"":""bf1f8a1b52abed3dc18cb95a9c2d2f10621c59d8a4ba22bf099c0d86fa170d77"",""pdf_page"":665,""printed_page"":""638""}",6a6ebd2c0d53b210fc969ac07316da57427e3ca41a60f82af113fe34b2663a51
starts_on_page,ibc2018:chapter35-row:aba1f9dccda0313d075c8718,ibc2018:external-family:e6dc020e2cee613a9e78c366,[],ICC 901/SRCC 100,ICC 901/SRCC 100—2015,2015,Solar Thermal Collector Standard,SRCC,chapter35_referenced_standard_entry,"[""3111.2.1""]",provisional,"[40.1,277.417,279.132,288.547]","{""appendix"":null,""bbox"":[40.1,277.417,279.132,288.547],""chapter"":""35"",""line_id"":""poppler-line:0577de93818004377738"",""observed_text_sha256"":""5c2cbbb1e33b73dd3c67cd5a2df71ef2d609e5dbf53ca097bc68eb3e9acfba15"",""pdf_page"":665,""printed_page"":""638""}",e02e7d2d4495777661f283646bfe3c1ca21e6c14485f174f06300c49ce9d9a02
starts_on_page,ibc2018:chapter35-row:5ec0a39f1fe7a13f2c1ae2d4,ibc2018:external-family:e001b4dfa1fce96f289e4caf,[],222-H,222-H—2016,2016,Structural Standards for Antenna Supporting Structures and Antennas,TIA,chapter35_referenced_standard_entry,"[""1609.1.1"",""3108.1"",""3108.2""]",provisional,"[40.1,355.817,369.894,366.947]","{""appendix"":null,""bbox"":[40.1,355.817,369.894,366.947],""chapter"":""35"",""line_id"":""poppler-line:12d58eae1e293aaa894c"",""observed_text_sha256"":""1f15f552ecc7873601b8b684981d5b7d9a5a7fe7803947a052ca3dadcb4b43bd"",""pdf_page"":665,""printed_page"":""638""}",a2d4531572fa769dabf6e0b58216c8f60e19d4d3762bc94e0e420dcdcb5e5fe8
starts_on_page,ibc2018:chapter35-row:62643db57aae322f56676eda,ibc2018:external-family:0397d9431dd22a741b2c0679,[],216,216—2013,2013,Standard Method for Determining Fire Resistance of Concrete and Masonry Construction Assemblies,TMS,chapter35_referenced_standard_entry,"[""721.1(2)"",""722.1""]",provisional,"[40.1,434.167,476.812,445.297]","{""appendix"":null,""bbox"":[40.1,434.167,476.812,445.297],""chapter"":""35"",""line_id"":""poppler-line:231c5c6814b8b31a406f"",""observed_text_sha256"":""2250fda62149beefd75c0a9f448bd885106ea3d3a4bfb94249e8f754e4f053e6"",""pdf_page"":665,""printed_page"":""638""}",ddec42a0c37bb54af7bae6c3b4f7a6f84015229b981871ef134d31b2c0ade9b9
starts_on_page,ibc2018:chapter35-row:36e198b0a7787933c7127208,ibc2018:external-family:d1054212cc5aa82f2f096f71,[],302,302—2012,2012,Standard Method for Determining the Sound Transmission Class Rating for Masonry Walls,TMS,chapter35_referenced_standard_entry,"[""1207.2.1""]",provisional,"[40.1,459.117,438.745,470.247]","{""appendix"":null,""bbox"":[40.1,459.117,438.745,470.247],""chapter"":""35"",""line_id"":""poppler-line:0acb4e0a213ef740d7c9"",""observed_text_sha256"":""af0f56cfea25a9e3145b8c5a8396ac113186edb51c023f4a4716a0e22e63dda6"",""pdf_page"":665,""printed_page"":""638""}",bcfb203258fee79fcbac549b6ae3762b9b907eda96cae57a4b217ef5209c55a5
starts_on_page,ibc2018:chapter35-row:a02c36797383312c3a4efab9,ibc2018:external-family:c75ce52108586328ad48f550,[],402,402—2016,2016,Building Code for Masonry Structures,TMS,chapter35_referenced_standard_entry,"[""1404.10"",""1404.6"",""1404.6.2"",""1604.3.4"",""1705.4"",""1705.4.1"",""1807.1.6.3.2"",""1808.9"",""2101.2"",""2106.1"",""2107.1"",""2107.2"",""2107.3"",""2108.1"",""2108.2"",""2108.3"",""2109.1"",""2109.1.1"",""2109.2"",""2110.1"",""2114.1"",""2114.4""]",provisional,"[40.1,484.067,233.908,495.197]","{""appendix"":null,""bbox"":[40.1,484.067,233.908,495.197],""chapter"":""35"",""line_id"":""poppler-line:28d6c725d162266cb442"",""observed_text_sha256"":""7c426d634b4336e41df2a1b30a1c28e6214d6809e380a262eab47af9001456d0"",""pdf_page"":665,""printed_page"":""638""}",a4be49ba824a4cc5bc432b2fecc2f548d3a2d7cf8aef1ef09479bfec2e8c1343
starts_on_page,ibc2018:chapter35-row:72566c0ebac69fe16bb49ab9,ibc2018:external-family:24d787a65baf296ab3bbb603,[],403,403—2017,2017,Direct Design Handbook for Masonry Structures,TMS,chapter35_referenced_standard_entry,"[""2101.2""]",provisional,"[40.1,520.067,273.508,531.197]","{""appendix"":null,""bbox"":[40.1,520.067,273.508,531.197],""chapter"":""35"",""line_id"":""poppler-line:4b78e020537bb6d3a354"",""observed_text_sha256"":""c5cf2099abc65f3ff20cffa21fca7e7482e7b51473eea71305ce6e0219158dae"",""pdf_page"":665,""printed_page"":""638""}",7c352fb2bdebf37e193eaf8b6165d987e829b3d6074c8c62dbc6229f0cbc38f8
starts_on_page,ibc2018:chapter35-row:72dd0ba23d0b23b8edeaeb12,ibc2018:external-family:3ac0b337d8316aef3f1f39a4,[],404,404—2016,2016,Standard for the Design of Architectural Cast Stone,TMS,chapter35_referenced_standard_entry,"[""2102.2""]",provisional,"[40.1,545.167,284.969,556.297]","{""appendix"":null,""bbox"":[40.1,545.167,284.969,556.297],""chapter"":""35"",""line_id"":""poppler-line:5ae06fa8da969c155891"",""observed_text_sha256"":""9e85f485f2049dd9b99e3296d6dc8080147ed91d7e5aebac696e8fe962c06404"",""pdf_page"":665,""printed_page"":""638""}",8eeda5ed859676ffd292883bbc93ea643d8b934d7123bf7e362ad91fe4c1af7e
starts_on_page,ibc2018:chapter35-row:0f484f2bd108249e594b255a,ibc2018:external-family:22a76eef0b7734cb3c899c08,[],504,504—2016,2016,Standard for the Fabrication of Architectural Cast Stone,TMS,chapter35_referenced_standard_entry,"[""2103.1""]",provisional,"[40.1,570.117,303.919,581.247]","{""appendix"":null,""bbox"":[40.1,570.117,303.919,581.247],""chapter"":""35"",""line_id"":""poppler-line:14303152924b88b6b0ed"",""observed_text_sha256"":""8ae0baac0b162bce84d0564bfe14d9b96dcbec5798c24a3c0a1293c508fbac6a"",""pdf_page"":665,""printed_page"":""638""}",e8d731473af58e53cf74d9a8ac0d00d129c4be220a0d6c94b149fabb59efd823
starts_on_page,ibc2018:chapter35-row:734bef4e90f652ffc14c335a,ibc2018:external-family:182952ce109f5ddd7865eacc,[],602,602—2016,2016,Specification for Masonry Structures,TMS,chapter35_referenced_standard_entry,"[""1404.6.1"",""1705.4"",""1807.1.6.3"",""2103.1"",""2103.2.1"",""2103.3"",""2103.4"",""2104.1"",""2105.1""]",provisional,"[40.1,595.117,228.158,606.247]","{""appendix"":null,""bbox"":[40.1,595.117,228.158,606.247],""chapter"":""35"",""line_id"":""poppler-line:be9d0786054001336319"",""observed_text_sha256"":""6be97bfd91eacb8eee2d2ae910ae4130b96ec1fb008e6b87eb0dc8727a36f519"",""pdf_page"":665,""printed_page"":""638""}",7155b7be41b8da27565333ef9b38ef2e2b12ec45edfa698b5e03e92462b7b712
starts_on_page,ibc2018:chapter35-row:fbd8b5c7aa476b8bf3aa32ff,ibc2018:external-family:d358ff341798dda9043edd21,[],604,604—2016,2016,Standard for the Installation of Architectural Cast Stone,TMS,chapter35_referenced_standard_entry,"[""2104.1""]",provisional,"[40.1,620.167,302.969,631.297]","{""appendix"":null,""bbox"":[40.1,620.167,302.969,631.297],""chapter"":""35"",""line_id"":""poppler-line:4c9ef731e27f32c01ec9"",""observed_text_sha256"":""be3005ced7364560a536dd49457683fedb2c44e96101ed916981b03078c19ccd"",""pdf_page"":665,""printed_page"":""638""}",c2f946a5be0d3e2c0357810623812760ec2c903896e0ea4fa466080969fa289f
starts_on_page,ibc2018:chapter35-row:d7ef5726e56c9c344517b0ab,ibc2018:external-family:29d2707015e3b2a16556c16e,[],TPI 1,TPI 1—2014,2014,National Design Standard for Metal-plate-connected Wood Truss Construction,TPI,chapter35_referenced_standard_entry,"[""2303.4.6"",""2306.1""]",provisional,"[40.1,698.417,397.266,709.547]","{""appendix"":null,""bbox"":[40.1,698.417,397.266,709.547],""chapter"":""35"",""line_id"":""poppler-line:88e04ce1adc2ca3318b4"",""observed_text_sha256"":""98e6db4f84d407425b395871474bc5c230e2b98269fb8d2f0d779ee2f8628c5c"",""pdf_page"":665,""printed_page"":""638""}",a34da9b20cf981109ecdaa676836ee11699efe6a00f772ea0cc7da97dd785dba
starts_on_page,ibc2018:chapter35-row:dae287df55422a6dad510208,ibc2018:external-family:798d03a99b7d7fecbfa17e65,[],9,9—2009,2009,Fire Tests of Window Assemblies—with Revisions through February 2015,UL,chapter35_referenced_standard_entry,"[""1013.5"",""716.1(1)"",""716.1.1"",""716.1.2.2.2"",""716.2.1.3"",""716.3.1.1"",""716.3.1.2"",""716.3.2.1.3"",""716.3.4""]",provisional,"[60.0,124.067,380.752,135.197]","{""appendix"":null,""bbox"":[60.0,124.067,380.752,135.197],""chapter"":""35"",""line_id"":""poppler-line:478e16278f8ea68bd034"",""observed_text_sha256"":""a11a359963a06fb07432fedf6c40d0dc0a2631a128b26b9f8f9ba8b6ae358989"",""pdf_page"":666,""printed_page"":""639""}",e699760147916c341b079660cbeae25187305d17318f24a894e47407b925782b
starts_on_page,ibc2018:chapter35-row:27daaa5a1edc476bfa513127,ibc2018:external-family:8acc7dbf021226132604ba3b,[],10A,10A—2009,2009,Tin Clad Fire Doors—with Revisions through December 2013,UL,chapter35_referenced_standard_entry,"[""716.2.1""]",provisional,"[60.0,149.167,344.334,160.297]","{""appendix"":null,""bbox"":[60.0,149.167,344.334,160.297],""chapter"":""35"",""line_id"":""poppler-line:92fac4341fe81eedff47"",""observed_text_sha256"":""0238277382a15e91f36ebdbd3a4dc407378f6774965915c273f8878e576ba6de"",""pdf_page"":666,""printed_page"":""639""}",681b4b90ad3eaee48e5822ef08e14c7691ecd068137c37d06f4a5eba5e52a0f2
starts_on_page,ibc2018:chapter35-row:efe1ad56677186cae0c5f404,ibc2018:external-family:8ea714fa5d35988bea512df5,[],10B,10B—2008,2008,Fire Tests of Door Assemblies—with Revisions through February 2015,UL,chapter35_referenced_standard_entry,"[""716.1(1)"",""716.1.1"",""716.1.2.2.1"",""716.2.1.2"",""716.2.2.2"",""716.2.2.3.1"",""716.2.5.1.1""]",provisional,"[60.0,174.117,378.102,185.247]","{""appendix"":null,""bbox"":[60.0,174.117,378.102,185.247],""chapter"":""35"",""line_id"":""poppler-line:3faa2a8323e621f69d51"",""observed_text_sha256"":""c9a63f8d2d30c5d430d935f73f61670f3047a31c0db31bcb0384bd4c625cded5"",""pdf_page"":666,""printed_page"":""639""}",91e361e6b63b248df84f1cd685ca6ac20bc079ed65e6f6e76d58d6f8dc38de6e
starts_on_page,ibc2018:chapter35-row:1753836dca4fa14d7645730a,ibc2018:external-family:8f80a8e3563f1991279c66c5,[],10C,10C—2009,2009,Positive Pressure Fire Tests of Door Assemblies—with Revisions through February 2015,UL,chapter35_referenced_standard_entry,"[""1010.1.10.1"",""716.1(1)"",""716.1.1"",""716.1.2.2.1"",""716.2.1.1"",""716.2.2.1"",""716.2.2.2"",""716.2.2.3.1"",""716.2.5.1.1""]",provisional,"[60.0,199.067,446.602,210.197]","{""appendix"":null,""bbox"":[60.0,199.067,446.602,210.197],""chapter"":""35"",""line_id"":""poppler-line:8f7e99d5b550b3bb54c4"",""observed_text_sha256"":""022e384e9068db732025ae209c12f2bb0e593734feda54663bcd8fbf39610a09"",""pdf_page"":666,""printed_page"":""639""}",30e987599ec93edf7473771317ff057156cadb0877e96f6909aaa05c8bb5619b
starts_on_page,ibc2018:chapter35-row:c4509773636828cc9fbd0e0d,ibc2018:external-family:89096b08e99de1400810fdc8,[],14B,14B—2008,2008,Sliding Hardware for Standard Horizontally Mounted Tin Clad Fire Doors—with Revisions through May 2013,UL,chapter35_referenced_standard_entry,"[""716.2.1""]",provisional,"[60.0,224.167,533.034,235.297]","{""appendix"":null,""bbox"":[60.0,224.167,533.034,235.297],""chapter"":""35"",""line_id"":""poppler-line:04a08b13b1730fa4ca36"",""observed_text_sha256"":""0a6f61fc6114c4882c80f9b04e1345ad4721407a0b6305f029b7cf27d56f9e73"",""pdf_page"":666,""printed_page"":""639""}",6025d668e4fd1c9e52d1ab9610b5b1c3dc7e0044d9cfb9cd25fef0d3b79992a9
starts_on_page,ibc2018:chapter35-row:373f3387a551b743219187a2,ibc2018:external-family:826c7f56a5e12d76eeea2f1a,[],14C,14C—06,06,Swinging Hardware for Standard Tin Clad Fire Doors Mounted Singly and in Pairs—with Revisions through May 2013,UL,chapter35_referenced_standard_entry,"[""716.2.1""]",provisional,"[60.0,249.117,557.184,260.247]","{""appendix"":null,""bbox"":[60.0,249.117,557.184,260.247],""chapter"":""35"",""line_id"":""poppler-line:4c887f1a532aee98330b"",""observed_text_sha256"":""8c69334a96f32469bd1817262b182f90739bbf6ce43352bc85c422c587ed9eca"",""pdf_page"":666,""printed_page"":""639""}",c0640f4e4de8f22e96d4cf8a5fb0106f1e52817f72f07ccee9bda382db600874
starts_on_page,ibc2018:chapter35-row:bc1c097e1759ac9c885fb6e2,ibc2018:external-family:6c018bd38a5a05dc1e86e954,[],55A,55A—04,04,Materials for Built-up Roof Coverings,UL,chapter35_referenced_standard_entry,"[""1507.10.2""]",provisional,"[60.0,274.117,245.302,285.247]","{""appendix"":null,""bbox"":[60.0,274.117,245.302,285.247],""chapter"":""35"",""line_id"":""poppler-line:f0f1f18f7409e5576a82"",""observed_text_sha256"":""d7e390816349fe403fb97c1a9fa416996fe5011bbabaf5d5b55ddbf8fbfa7808"",""pdf_page"":666,""printed_page"":""639""}",e1094ce58234fa32146d5544fddf73b63fd51409f3c916af474ef5e17181dd8f
starts_on_page,ibc2018:chapter35-row:7badd62a9b8e234b86708711,ibc2018:external-family:07565e9aabe32a68dc1f1660,[],103,103—2010,2010,"Factory-built Chimneys, for Residential Type and Building Heating Appliances—with Revisions through July 2012",UL,chapter35_referenced_standard_entry,"[""718.2.5.1""]",provisional,"[60.0,299.167,546.025,310.297]","{""appendix"":null,""bbox"":[60.0,299.167,546.025,310.297],""chapter"":""35"",""line_id"":""poppler-line:99b1d42b8ccc1ddf080d"",""observed_text_sha256"":""87c73e1758f1cb3e367d62260c1ebbcdede0b3af3f439d2d0203de32afebda5c"",""pdf_page"":666,""printed_page"":""639""}",9c15a7238758add787119c8542107971d7d00ac649bda687ecd7347f67115fb1
starts_on_page,ibc2018:chapter35-row:02adcdaea02b9b41a2b8c173,ibc2018:external-family:da90707115898e7520cff893,[],127,127—2011,2011,Factory-built Fireplaces—with Revisions through May 2015,UL,chapter35_referenced_standard_entry,"[""2111.12"",""718.2.5.1""]",provisional,"[60.0,324.117,335.752,335.247]","{""appendix"":null,""bbox"":[60.0,324.117,335.752,335.247],""chapter"":""35"",""line_id"":""poppler-line:ce6c540854d951bf2346"",""observed_text_sha256"":""1dc046c79136f5d5958ac67c18602760e5a3b54b8041a990818627d72163f4b1"",""pdf_page"":666,""printed_page"":""639""}",87996a5ad41480a6f3d98d2e66fbb871057c082e073ba749aa60edfeb6d75fae
starts_on_page,ibc2018:chapter35-row:363d6e8f14ab0b1fc7fd9f68,ibc2018:external-family:d034442e9a58b6f103fe6b44,[],199E,199E—04,04,Outline of Investigation for Fire Testing of Sprinklers and Water Spray Nozzles for Protection of Deep Fat Fryers,UL,chapter35_referenced_standard_entry,"[""904.12.4.1""]",provisional,"[60.0,349.117,538.507,360.247]","{""appendix"":null,""bbox"":[60.0,349.117,538.507,360.247],""chapter"":""35"",""line_id"":""poppler-line:5279b0020b6698867f0a"",""observed_text_sha256"":""430532cd693d5f560cb89884d97abaf85a5c5a01fe13e52b98e6f6002b96607e"",""pdf_page"":666,""printed_page"":""639""}",137d606490cf18355b24f2e88e2b5cbc93401ef36b0d7095af3f69032b50d0d5
starts_on_page,ibc2018:chapter35-row:869273662146a3076963409f,ibc2018:external-family:c991fee5f4c6cfea91a3fd1b,[],217,217—06,06,Single and Multiple Station Smoke Alarms—with Revisions through October 2015,UL,chapter35_referenced_standard_entry,"[""907.2.10""]",provisional,"[60.0,374.167,412.302,385.297]","{""appendix"":null,""bbox"":[60.0,374.167,412.302,385.297],""chapter"":""35"",""line_id"":""poppler-line:96f6bde3eb2784767b55"",""observed_text_sha256"":""8d6e60d06ed62234d8887dfe64e22a164ebd182f1e5d0a413ec88ad0bc0e8ea3"",""pdf_page"":666,""printed_page"":""639""}",712db549a8fa754443c71a86711c1c4c4dd08db53b24005eec966df7911b1a2d
starts_on_page,ibc2018:chapter35-row:2a6945f20fd30d42f43d4bbe,ibc2018:external-family:a1605c22c0ce316f9fd36a31,[],263,263—11,11,Fire Tests of Building Construction and Materials—with Revisions through June 2015,UL,chapter35_referenced_standard_entry,"[""2103.1"",""2603.5.1"",""703.2"",""703.2.1"",""703.2.3"",""703.2.5"",""703.3"",""703.4"",""703.6"",""704.12"",""705.7"",""705.8.5"",""707.6"",""712.1.13.2"",""714.4.1"",""714.5.1"",""715.1"",""716.1(1)"",""716.1(3)"",""716.1.2.3"",""716.2.5.1.1"",""716.2.5.4"",""716.3.2.1.1"",""717.3.1"",""717.5.2"",""717.5.3"",""717.6.1"",""717.6.2"",""721.1(1)""]",provisional,"[60.0,399.117,426.952,410.247]","{""appendix"":null,""bbox"":[60.0,399.117,426.952,410.247],""chapter"":""35"",""line_id"":""poppler-line:f99578e13feaf602b601"",""observed_text_sha256"":""7f239a95440eb134131547e412e2c45beada796090c33a546e55a0eeaa8b0437"",""pdf_page"":666,""printed_page"":""639""}",f84c8dfd7a0433478b81c777330a8013aed67a1c330a69a677da87027194a371
starts_on_page,ibc2018:chapter35-row:847f87452bcd7c461ee76385,ibc2018:external-family:6b90ca597476ba784fb0ce02,[],268,268—09,09,Smoke Detectors for Fire Alarm Systems,UL,chapter35_referenced_standard_entry,"[""407.9"",""907.2.10.7"",""907.2.6.2""]",provisional,"[60.0,446.167,253.475,457.297]","{""appendix"":null,""bbox"":[60.0,446.167,253.475,457.297],""chapter"":""35"",""line_id"":""poppler-line:635042056975caa0856d"",""observed_text_sha256"":""e012ea4b4d57cd8fada77058b9149036da20857352600ad67e4516206648f618"",""pdf_page"":666,""printed_page"":""639""}",aaee347fda01094532dd215ed2f08174d49dd151521d3e9278be259f29da0dfa
starts_on_page,ibc2018:chapter35-row:ef66853dc3348b83065b1ff6,ibc2018:external-family:a58a9ccc45c27be673fb377a,[],294,294—1999,1999,Access Control System Units—with Revisions through February 2015,UL,chapter35_referenced_standard_entry,"[""1010.1.9.10"",""1010.1.9.7"",""1010.1.9.8.1"",""1010.1.9.9""]",provisional,"[60.0,471.117,372.302,482.247]","{""appendix"":null,""bbox"":[60.0,471.117,372.302,482.247],""chapter"":""35"",""line_id"":""poppler-line:6a8734243636b9528f47"",""observed_text_sha256"":""d7d7a2671da74b1794c4e04f79c51534aea22def23e041f6254a525f945c6231"",""pdf_page"":666,""printed_page"":""639""}",7f785f615ca00e7e7419a6995ffcf282f681ca4d2631462c582d55907fae9a7b
starts_on_page,ibc2018:chapter35-row:36ac3b64f0df3616fa95e2a6,ibc2018:external-family:38baceb3e90eca10e082306b,[],300,300—05(R2010),05(R2010),Fire Testing of Fire Extinguishing Systems for Protection of Commercial Cooking Equipment—with Revisions,UL,chapter35_referenced_standard_entry,"[""904.12""]",provisional,"[60.0,496.217,571.693,507.347]","{""appendix"":null,""bbox"":[60.0,496.217,571.693,507.347],""chapter"":""35"",""line_id"":""poppler-line:e614eba3fec2680a7179"",""observed_text_sha256"":""a9aeeca76d924037c0c15c3de20a4779e3c1dadff93ba74f57eaa59dbfde7a33"",""pdf_page"":666,""printed_page"":""639""}",4c71837ac5f4873d78b7ac0092ad48f83cf5a27e44c027db6d31da6963072d1b
starts_on_page,ibc2018:chapter35-row:d05526b199392028423024cd,ibc2018:external-family:32b4bfce29f6b5c5fadfad96,[],300A,300A—06,06,Outline of Investigation for Extinguishing System Units for Residential Range Top Cooking Surfaces,UL,chapter35_referenced_standard_entry,"[""904.13.1.1""]",provisional,"[60.0,532.217,489.084,543.347]","{""appendix"":null,""bbox"":[60.0,532.217,489.084,543.347],""chapter"":""35"",""line_id"":""poppler-line:19bff3c0db51a75a7b22"",""observed_text_sha256"":""c9c85bc1b464c3c07802e3d2d55a8fb214439580e20afe667e47883dc05b44e1"",""pdf_page"":666,""printed_page"":""639""}",40f971c24926830fb6eaf87653d32355171ab6be421caf56fe2d63b7aaec9edc
starts_on_page,ibc2018:chapter35-row:9fabede09885e7e48a18b4e2,ibc2018:external-family:cd3469022ccb3dc44325cc57,[],305,305—2012,2012,Panic Hardware—with Revisions through August 2014,UL,chapter35_referenced_standard_entry,"[""1010.1.10.1""]",provisional,"[60.0,557.167,316.398,568.297]","{""appendix"":null,""bbox"":[60.0,557.167,316.398,568.297],""chapter"":""35"",""line_id"":""poppler-line:a54a5d5658845cd1ada2"",""observed_text_sha256"":""9df846e82e827bc21dc86146c626cd989ad782a32bc2c787eaf2b5922392458d"",""pdf_page"":666,""printed_page"":""639""}",fcf282b82f402efb78db48ce8048cbc1562df7a71f191c4d01773de168f2e8b9
starts_on_page,ibc2018:chapter35-row:4e8ef11d013d2cf4c28e1fc9,ibc2018:external-family:77bdd3ddea7ce83d61a6369f,[],325,325—02,02,"Door, Drapery, Gate, Louver and Window Operations and Systems—with Revisions through May 2015",UL,chapter35_referenced_standard_entry,"[""3110.3"",""406.2.1""]",provisional,"[60.0,582.167,492.602,593.297]","{""appendix"":null,""bbox"":[60.0,582.167,492.602,593.297],""chapter"":""35"",""line_id"":""poppler-line:e9a9c4b6dc1c2acbbae6"",""observed_text_sha256"":""e6d1a761c04f80bb823c67f73b14a005e3ed72116eb3ca23dbf21655f7d76343"",""pdf_page"":666,""printed_page"":""639""}",0897becfae35530c670b78a8eaa071783aeca8226fc34decc3d7862235e64df9
starts_on_page,ibc2018:chapter35-row:a89acc2874a1469b0e175183,ibc2018:external-family:1844dcc14d58939df0e98d2e,[],555,555—2006,2006,Fire Dampers—with Revisions through May 2014,UL,chapter35_referenced_standard_entry,"[""717.3.1""]",provisional,"[60.0,607.217,296.348,618.347]","{""appendix"":null,""bbox"":[60.0,607.217,296.348,618.347],""chapter"":""35"",""line_id"":""poppler-line:598631c612514632385f"",""observed_text_sha256"":""c3397fbeffe570882ab459a16067f9940c761c8092697ea1a2ebb8f20387389c"",""pdf_page"":666,""printed_page"":""639""}",856e9eb883e549bcf99f0e7f9d2b3e3dadb069ec3e0c04394697a30fd76167f9
starts_on_page,ibc2018:chapter35-row:62fc73f9194dceaa78cc52f7,ibc2018:external-family:858cc48000ef339d1d57c6e5,[],555C,555C—2006,2006,Ceiling Dampers—with Revisions through December 2014,UL,chapter35_referenced_standard_entry,"[""717.3.1""]",provisional,"[60.0,632.167,335.798,643.297]","{""appendix"":null,""bbox"":[60.0,632.167,335.798,643.297],""chapter"":""35"",""line_id"":""poppler-line:bdb2c766274155f50165"",""observed_text_sha256"":""aa8fc9ff32f9e0461f6fc378ce7e7f1b1b6f06f9aa8577643f24c3cbf5312d2f"",""pdf_page"":666,""printed_page"":""639""}",a535847fe79689c78d75843924f3c31df502095a8b113e66f61118de565ecb0f
starts_on_page,ibc2018:chapter35-row:a4bf3caec58e7147b60afb04,ibc2018:external-family:ab509694dd78646c44ab5468,[],555S,555S—99,99,Smoke Dampers—with Revisions through February 2014,UL,chapter35_referenced_standard_entry,"[""717.3.1""]",provisional,"[60.0,657.167,321.348,668.297]","{""appendix"":null,""bbox"":[60.0,657.167,321.348,668.297],""chapter"":""35"",""line_id"":""poppler-line:8cf51ad2c4aa2fc84c18"",""observed_text_sha256"":""a8a3d14c5e03e6955c4f297918440a320d8f02be5272daa9a0b79cafc4eb8103"",""pdf_page"":666,""printed_page"":""639""}",857e2584b8094b31cda7d2a02b6b08f24dcd4ef3f2fc22ccf5768268223e284a
starts_on_page,ibc2018:chapter35-row:1a081ca3bdc7df279731d84c,ibc2018:external-family:1636767f1c532ffa8dc2c365,[],580,580—2006,2006,Test for Uplift Resistance of Roof Assemblies—with Revisions through October 2013,UL,chapter35_referenced_standard_entry,"[""1504.3.1"",""1504.3.2""]",provisional,"[60.0,682.217,429.734,693.347]","{""appendix"":null,""bbox"":[60.0,682.217,429.734,693.347],""chapter"":""35"",""line_id"":""poppler-line:e34c74ca09d5abf4fd13"",""observed_text_sha256"":""10f64d9d9bd790d606e84d8c87c152a29310b378252c7ee888c91518f252dc0e"",""pdf_page"":666,""printed_page"":""639""}",1842b4b9e70ab787b7e0a03d6281465c29d0a19b421ebde363c9a80077402019
starts_on_page,ibc2018:chapter35-row:6c02c65e44cda612c21722e6,ibc2018:external-family:13434799a2b2cb760e70b6f3,[],641,641—2010,2010,Type L Low-temperature Venting Systems—with Revisions through June 2013,UL,chapter35_referenced_standard_entry,"[""2113.11.1.4""]",provisional,"[40.1,86.767,387.934,97.897]","{""appendix"":null,""bbox"":[40.1,86.767,387.934,97.897],""chapter"":""35"",""line_id"":""poppler-line:1e7a833f01baeb71c5ea"",""observed_text_sha256"":""60e5c7d915dca6c770e7bb205542085b79ecb60b514b260ab6729fd18a1a7742"",""pdf_page"":667,""printed_page"":""640""}",9867f94ec1d2499ef35083897ca1f211dd87e6e27295d75f72c5b03e984c9b92
starts_on_page,ibc2018:chapter35-row:77025f45b917b3d01075f8ba,ibc2018:external-family:7d442fc00493ec55d34b77eb,[],710B,710B—2011,2011,Recirculating Systems—with Revisions through August 2014,UL,chapter35_referenced_standard_entry,"[""904.12""]",provisional,"[40.1,111.817,324.598,122.947]","{""appendix"":null,""bbox"":[40.1,111.817,324.598,122.947],""chapter"":""35"",""line_id"":""poppler-line:0c3d59468e0a725dbcc6"",""observed_text_sha256"":""c8667bf7623fca50ec7f635b62e03a6920cc90691f74d31d3c3abe728c041579"",""pdf_page"":667,""printed_page"":""640""}",dc82fb657d76468b9b5b5a454fdb77862f32338fe3279601e7bf9146750bc98e
starts_on_page,ibc2018:chapter35-row:d6829da74545d0d2993dd9d4,ibc2018:external-family:4d4ff936f332dee189927898,[],723,723—2008,2008,Test for Surface Burning Characteristics of Building Materials—with Revisions through August 2013,UL,chapter35_referenced_standard_entry,"[""1402.5"",""1403.12.1"",""1406.10.1"",""1406.9"",""1408.10.1"",""1408.9"",""1510.6.2"",""1510.6.3"",""2303.2"",""2603.3"",""2603.4.1.13"",""2603.5.4"",""2603.5.5"",""2603.7"",""2604.2.4"",""2606.4"",""2612.3"",""2614.3"",""3105.3"",""402.6.4.4"",""406.7.2"",""703.5.2"",""720.1"",""720.4"",""803.1.2"",""803.10"",""803.11"",""803.12"",""803.13"",""803.5.2"",""806.7""]",provisional,"[40.1,136.817,474.184,147.947]","{""appendix"":null,""bbox"":[40.1,136.817,474.184,147.947],""chapter"":""35"",""line_id"":""poppler-line:2554798637cde76a5dfd"",""observed_text_sha256"":""bde38acdd730f1a5da4082f7ad1e0593fd331e5cad3a5c876fbc0fc94d453245"",""pdf_page"":667,""printed_page"":""640""}",836295641fc184d279887107233116a11cfd66ac1c1f23808109302651f0811a
starts_on_page,ibc2018:chapter35-row:44e43177c65b6a5939768df9,ibc2018:external-family:9584a5a1d95f22d790fac937,[],790,790—04,04,Standard Test Methods for Fire Tests of Roof Coverings—with Revisions through July 2014,UL,chapter35_referenced_standard_entry,"[""1505.1"",""2603.6"",""2610.2"",""2610.3""]",provisional,"[40.1,183.817,429.498,194.947]","{""appendix"":null,""bbox"":[40.1,183.817,429.498,194.947],""chapter"":""35"",""line_id"":""poppler-line:fd05c9a193500c9fdb1d"",""observed_text_sha256"":""5f958bbc5fd07a473c871d1f2fa518b7555bc18b75a0506e38b9e3e7c400b870"",""pdf_page"":667,""printed_page"":""640""}",a2433371896537e000b26937e5dcfd55e5d0e64e383d32e7df9b97852e22cc16
starts_on_page,ibc2018:chapter35-row:63aa878fee9524df21443b8e,ibc2018:external-family:69c284e554d372cb63959245,[],793,793—08,08,Automatically Operated Roof Vents for Smoke and Heat—with Revisions through September 2011,UL,chapter35_referenced_standard_entry,"[""910.3.1""]",provisional,"[40.1,208.817,455.35,219.947]","{""appendix"":null,""bbox"":[40.1,208.817,455.35,219.947],""chapter"":""35"",""line_id"":""poppler-line:8a5976f0e714745c9b24"",""observed_text_sha256"":""1e8155b51327f6d90fac7cacabc043b27e38823c78a4c154ff33fb10253a45a1"",""pdf_page"":667,""printed_page"":""640""}",746bae07dfb77f8b5852f4356755d20e237ca0bf10cc4a848087280b64e94f89
starts_on_page,ibc2018:chapter35-row:2dc0c7a12ba554ada791d792,ibc2018:external-family:1e6552034bb80a1590006da8,[],864,864—03,03,Control Units and Accessories for Fire Alarm Systems—with Revisions through December 2014,UL,chapter35_referenced_standard_entry,"[""909.12""]",provisional,"[40.1,233.767,443.698,244.897]","{""appendix"":null,""bbox"":[40.1,233.767,443.698,244.897],""chapter"":""35"",""line_id"":""poppler-line:c774ea6c0d9e467aed27"",""observed_text_sha256"":""186f7e5092f0e871151bc34581475e7525ee5afea87bdab675a9476efdf6c873"",""pdf_page"":667,""printed_page"":""640""}",284007a7def1285919b9dc47370c41a4ed90ffdf8cfe503c7f2294e209aac5e5
starts_on_page,ibc2018:chapter35-row:15ab4e18c2fb996d4685677e,ibc2018:external-family:01742ae7169708c0c4239be7,[],924,924—06,06,Safety Emergency Lighting and Power Equipment—with Revisions through April 2014,UL,chapter35_referenced_standard_entry,"[""1013.5""]",provisional,"[40.1,258.867,410.898,269.997]","{""appendix"":null,""bbox"":[40.1,258.867,410.898,269.997],""chapter"":""35"",""line_id"":""poppler-line:12249ef15b6804231a5b"",""observed_text_sha256"":""da456b432717adfe239aabd244ee92789be43b00d9749fb733b4955f9c85eb1a"",""pdf_page"":667,""printed_page"":""640""}",4e10d8ee86cf460dbb5706b0c43aaad5e009bf9eb8edeb91ff418128cff93168
starts_on_page,ibc2018:chapter35-row:1c5e51ecf6baa3acd5b29b6a,ibc2018:external-family:cfe8a399592338634f880b85,[],1040,1040—96,96,Fire Test of Insulated Wall Construction—with Revisions through October 2012,UL,chapter35_referenced_standard_entry,"[""1406.10.3"",""1408.10.3"",""2603.9""]",provisional,"[40.1,283.817,388.775,294.947]","{""appendix"":null,""bbox"":[40.1,283.817,388.775,294.947],""chapter"":""35"",""line_id"":""poppler-line:530351a5762523c27a7e"",""observed_text_sha256"":""02381b3e6b9796429c46a2ee6a552cdfebd49c243c3ae29f4b60d5220141443c"",""pdf_page"":667,""printed_page"":""640""}",a13d2909013d74ad099e2ea789c7d0dbd3927cdd59616f341d4e3b6af328a3ed
starts_on_page,ibc2018:chapter35-row:514382a0d49d12545ddda74f,ibc2018:external-family:1f2a067f10d975f8949c212c,[],1256,1256—02,02,Fire Test of Roof Deck Construction—with Revisions through July 2013,UL,chapter35_referenced_standard_entry,"[""1508.1"",""2603.3"",""2603.4.1.5""]",provisional,"[40.1,308.767,357.234,319.897]","{""appendix"":null,""bbox"":[40.1,308.767,357.234,319.897],""chapter"":""35"",""line_id"":""poppler-line:f7ef9adb2bde248ca06c"",""observed_text_sha256"":""0f886e23feaa305c1ed0bb5660f97020c2a6aaf3debf1577f5eb5bcb325aa129"",""pdf_page"":667,""printed_page"":""640""}",a8be84298d50f85e3db9cb853888dbea9fe74393b1600e3f39f3d4010a05a855
starts_on_page,ibc2018:chapter35-row:193780149022db26b95036d0,ibc2018:external-family:574cc92af21c083cef8d07b7,[],1479,1479—03,03,Fire Tests of Penetration Firestops—with Revisions through June 2015,UL,chapter35_referenced_standard_entry,"[""714.4.1.2"",""714.4.2"",""714.5.1.2"",""714.5.4""]",provisional,"[40.1,333.867,352.503,344.997]","{""appendix"":null,""bbox"":[40.1,333.867,352.503,344.997],""chapter"":""35"",""line_id"":""poppler-line:8ba1fa31500f40a6d690"",""observed_text_sha256"":""13713600cfc3cf63bae0817165a4a7694c3c1e056888a0997e0777b6fe432c98"",""pdf_page"":667,""printed_page"":""640""}",baa840499332c78a1cb341318961428cbe262f0ee046ee0994de4330a181d8ef
starts_on_page,ibc2018:chapter35-row:7fcd99aada630d6be2e0ddfb,ibc2018:external-family:ce7286f038b759e45d81eac2,[],1482,1482—2011,2011,Solid-fuel Type Room Heaters—with Revisions through August 2015,UL,chapter35_referenced_standard_entry,"[""2112.2"",""2112.5""]",provisional,"[40.1,358.817,353.703,369.947]","{""appendix"":null,""bbox"":[40.1,358.817,353.703,369.947],""chapter"":""35"",""line_id"":""poppler-line:b95348e07dd115c1d287"",""observed_text_sha256"":""1eee2f3cd8f7fe44034dce77a89878bc5aa24e8a022c357a89e97e407c29e66c"",""pdf_page"":667,""printed_page"":""640""}",8c6a7eed6794ee2aec9d7685d27b7d0f735a8e2f6293229847c041e3ba3b1bc9
starts_on_page,ibc2018:chapter35-row:35862229ea1528efe8db0343,ibc2018:external-family:fc9ee1543ea615680451e7ae,[],1703,1703—02,02,Flat-plate Photovoltaic Modules and Panels—with Revisions through October 2015,UL,chapter35_referenced_standard_entry,"[""1505.9"",""1507.17.6"",""1507.18.5"",""1510.7.2"",""3111.3.1""]",provisional,"[40.1,383.767,399.503,394.897]","{""appendix"":null,""bbox"":[40.1,383.767,399.503,394.897],""chapter"":""35"",""line_id"":""poppler-line:f0da106f5e290d28befc"",""observed_text_sha256"":""00517e7ca50defbca4c2304b716ee1fdb57cfe92b4354d56855cd5f8dee428e3"",""pdf_page"":667,""printed_page"":""640""}",f35f629aec00da8477c405f0e807d3de4058690068fdc5596e5aa60a57a79a07
starts_on_page,ibc2018:chapter35-row:65ae1d21dec47f11e2f8bee5,ibc2018:external-family:30a0bfa6a24c2e4f3d57d605,[],1715,1715—97,97,Fire Test of Interior Finish Material—with Revisions through January 2013,UL,chapter35_referenced_standard_entry,"[""1406.10.3"",""1408.10.3"",""2603.9"",""2614.4""]",provisional,"[40.1,408.867,372.184,419.997]","{""appendix"":null,""bbox"":[40.1,408.867,372.184,419.997],""chapter"":""35"",""line_id"":""poppler-line:5fda6aa37b572b1cbfb8"",""observed_text_sha256"":""23c0a7aae526c54e40be5153ab3ec03e3c30de22bcf3ae4b5f59ae3d7651baa0"",""pdf_page"":667,""printed_page"":""640""}",7e8926ff973f9d31dafbb26b30c61f99f776a8e94c2d08cf219395fd68c54fb4
starts_on_page,ibc2018:chapter35-row:b50db78e7180ed8650b1393f,ibc2018:external-family:e3c4a256ac42769432f921fb,[],1741,1741—2010,2010,"Inverters, Converters, Controllers and Interconnection System Equipment for Use with Distributed Energy Resources—",UL,chapter35_referenced_standard_entry,"[""3111.3.1""]",provisional,"[40.1,433.817,551.922,444.947]","{""appendix"":null,""bbox"":[40.1,433.817,551.922,444.947],""chapter"":""35"",""line_id"":""poppler-line:897b34249c4eaab57382"",""observed_text_sha256"":""477bb1a6243b50a6d2ab864e97fb2a5c8f0db4f96f9ac835bdcd4ee5601e98c6"",""pdf_page"":667,""printed_page"":""640""}",1b5dc8525de2c67293a3292e55acaa268c23c3e30a180fd65057e990ef16d166
starts_on_page,ibc2018:chapter35-row:416c6ccb0c634dfc47524f80,ibc2018:external-family:654ed7bd1fe5364579af1b0d,[],1777,1777—2007,2007,Chimney Liners—with Revisions through October 2015,UL,chapter35_referenced_standard_entry,"[""2113.11.1"",""2113.19""]",provisional,"[40.1,469.817,303.803,480.947]","{""appendix"":null,""bbox"":[40.1,469.817,303.803,480.947],""chapter"":""35"",""line_id"":""poppler-line:ffa2796da7c7cd3256b1"",""observed_text_sha256"":""41b79b40ba8d5faefaf272d2ffe9096d1efa376ea76cdef09b5bc5ea1bea9ed6"",""pdf_page"":667,""printed_page"":""640""}",f8b8af4a9a746fbd03d426f5367047450f9b0b4383384bcf30733ba072948ecb
starts_on_page,ibc2018:chapter35-row:05b320b8d4c8eaaad511d9ee,ibc2018:external-family:50ae30a4763fb36bdc51f9b8,[],1784,1784—01,01,Air Leakage Tests of Door Assemblies—with Revisions through February 2015,UL,chapter35_referenced_standard_entry,"[""3006.3"",""3007.6.3"",""3008.6.3"",""405.4.3"",""710.5.2.2"",""710.5.2.2.1"",""716.2.1.4"",""716.2.9.1"",""716.2.9.3""]",provisional,"[40.1,494.767,383.753,505.897]","{""appendix"":null,""bbox"":[40.1,494.767,383.753,505.897],""chapter"":""35"",""line_id"":""poppler-line:a90392dd4bd9b7e9a6a5"",""observed_text_sha256"":""10f843fe1f44e9d8e2d4b4ebcd2f0094c7b29e51d949c6f38579f755b1798aa7"",""pdf_page"":667,""printed_page"":""640""}",07e9fa2975cf381e07633c0be984748576a1e3984202a41915085624ae859a3c
starts_on_page,ibc2018:chapter35-row:1102be5419bf806eff3144e2,ibc2018:external-family:b9749e426bdfae9581d4ac63,[],1897,1897—12,12,Uplift Tests for Roof Covering Systems—with Revisions through September 2015,UL,chapter35_referenced_standard_entry,"[""1504.3.1"",""1504.3.3"",""1507.18.7""]",provisional,"[40.1,519.867,392.803,530.997]","{""appendix"":null,""bbox"":[40.1,519.867,392.803,530.997],""chapter"":""35"",""line_id"":""poppler-line:0a583fa770de0f72168f"",""observed_text_sha256"":""824ef4e9eb7b18ab6c8e38ffc2a86a063539a7219f1cd1d77da479b345fd3bc7"",""pdf_page"":667,""printed_page"":""640""}",638fa46e75b212866e488aad702b15efdabaa8c482e7179c1fb3536ee4257696
starts_on_page,ibc2018:chapter35-row:c3e9806909c566b512031072,ibc2018:external-family:a391cb05f5011d40fc3d1ade,[],1975,1975—06,06,Fire Tests for Foamed Plastics Used for Decorative Purposes,UL,chapter35_referenced_standard_entry,"[""402.6.2"",""402.6.4.5"",""424.2""]",provisional,"[40.1,544.817,313.139,555.947]","{""appendix"":null,""bbox"":[40.1,544.817,313.139,555.947],""chapter"":""35"",""line_id"":""poppler-line:d52ad1b385d08d3e487d"",""observed_text_sha256"":""f10ce60f10259ee14c0d927399ef832806ac9ad58fe0cdedea48d2da033039ca"",""pdf_page"":667,""printed_page"":""640""}",b0c0cf9140e1cd11e34821e8b029f3d5cdc58dce60170c123a76729cd8031d71
starts_on_page,ibc2018:chapter35-row:e3cc02aaec5944d2e341a836,ibc2018:external-family:1668314f77877082ee23717c,[],1994,1994—04,04,Luminous Egress Path Marking Systems—with Revisions through May 2015,UL,chapter35_referenced_standard_entry,"[""1008.2.1"",""1025.2.1"",""1025.2.3"",""1025.2.4"",""1025.2.5"",""1025.4"",""411.6""]",provisional,"[40.1,569.917,375.103,581.047]","{""appendix"":null,""bbox"":[40.1,569.917,375.103,581.047],""chapter"":""35"",""line_id"":""poppler-line:7562675bfd86dc455641"",""observed_text_sha256"":""99ec387f61e331f1e3f3c953356a13c1f4676966e1d1ebca3600f1802257152e"",""pdf_page"":667,""printed_page"":""640""}",353b04365b6d347b0b5bf8287679d77efef97189c81e54c930691785af74255e
starts_on_page,ibc2018:chapter35-row:505f6658b97ea856142263bb,ibc2018:external-family:32069300100540409d0a719a,[],2034,2034—2008,2008,Single- and Multiple-station Carbon Monoxide Alarms—with Revisions through March 2015,UL,chapter35_referenced_standard_entry,"[""915.4.2"",""915.4.4""]",provisional,"[40.1,594.867,446.653,605.997]","{""appendix"":null,""bbox"":[40.1,594.867,446.653,605.997],""chapter"":""35"",""line_id"":""poppler-line:1d3b5b8db5c0d1c34589"",""observed_text_sha256"":""3574fe420e6983b5dd0b7f305a855f0f1a909a0704f032692777ac371260d29a"",""pdf_page"":667,""printed_page"":""640""}",0319bb006b3740902293b8862add8e464da64b0b7277f594d859d02f064a5620
starts_on_page,ibc2018:chapter35-row:545c6b92f643eb55d85d51e2,ibc2018:external-family:2e725ecb83b077837de680e1,[],2075,2075—2013,2013,Standard for Gas and Vapor Detectors and Sensors,UL,chapter35_referenced_standard_entry,"[""915.5.1"",""915.5.3""]",provisional,"[40.1,619.817,287.419,630.947]","{""appendix"":null,""bbox"":[40.1,619.817,287.419,630.947],""chapter"":""35"",""line_id"":""poppler-line:8053299070a5f737baf1"",""observed_text_sha256"":""18e28bfdd4ed1dfb969af59a56528ef6457b32b998c2404755cab85b68ea2ce1"",""pdf_page"":667,""printed_page"":""640""}",2dc9b28ca11fc3523aa3d439f18f9e768b80db73379440e3825c8924f307fb22
starts_on_page,ibc2018:chapter35-row:835a07bb943b3891f589e057,ibc2018:external-family:54b2257b14327fd7e9448aff,[],2079,2079—04,04,Tests for Fire Resistance of Building Joint Systems—with Revisions through August 2015,UL,chapter35_referenced_standard_entry,"[""715.3"",""715.6""]",provisional,"[40.1,644.917,423.353,656.047]","{""appendix"":null,""bbox"":[40.1,644.917,423.353,656.047],""chapter"":""35"",""line_id"":""poppler-line:73285a9d133525d73c84"",""observed_text_sha256"":""ea856a0925c48f478a7655da921480e5a62b567fe29165fdb3338ee89fae080a"",""pdf_page"":667,""printed_page"":""640""}",e4a1d2ce85b6dff745c6b87336d9d9ec71e5ece6b2d9b1ae9365e2ce13292fc6
starts_on_page,ibc2018:chapter35-row:2788c9c1418bb2c1b840ea0e,ibc2018:external-family:3f35c6264b574fe9ebe908a1,[],2196,2196—2001,2001,Tests for Fire Resistive Cables—with Revisions through March 2012,UL,chapter35_referenced_standard_entry,"[""2702.3"",""3007.8.1"",""3008.8.2"",""909.20.6.1"",""913.2.2""]",provisional,"[40.1,669.867,352.625,680.997]","{""appendix"":null,""bbox"":[40.1,669.867,352.625,680.997],""chapter"":""35"",""line_id"":""poppler-line:6badf99b555ebedcb10a"",""observed_text_sha256"":""5da4f32a3a009600add4aa5e6ee505ffa918be2888a9bd1bbed92ceb197f9c22"",""pdf_page"":667,""printed_page"":""640""}",54980c6e21d5b460ed26dff94865076c82c71598e3de823e2ddef2203a1f0305
starts_on_page,ibc2018:chapter35-row:9e5443c675d43613621a02f4,ibc2018:external-family:1219ba64ee73a9401d91b18b,[],2200,2200—2012,2012,Stationary Engine Generator Assemblies—with Revisions through July 2015,UL,chapter35_referenced_standard_entry,"[""2702.1.1""]",provisional,"[40.1,694.867,383.203,705.997]","{""appendix"":null,""bbox"":[40.1,694.867,383.203,705.997],""chapter"":""35"",""line_id"":""poppler-line:65875e0b3943e981dcab"",""observed_text_sha256"":""47de8ed8a07eac31b68305b5d3646c390fb1d1c2cec3042f57276c30f024d604"",""pdf_page"":667,""printed_page"":""640""}",579ec53b821fe3c4dab9f884798bdaef85d6cf498eac2b63efdb94bbbf3ced01
starts_on_page,ibc2018:chapter35-row:b5ff8f8a63532c43aafeb994,ibc2018:external-family:de71d51f553600548061a386,[],2202,2202—2009,2009,Electric Vehicle (EV) Charging System Equipment,UL,chapter35_referenced_standard_entry,"[""406.2.7""]",provisional,"[40.1,719.917,285.146,731.047]","{""appendix"":null,""bbox"":[40.1,719.917,285.146,731.047],""chapter"":""35"",""line_id"":""poppler-line:206eda946929b47281cd"",""observed_text_sha256"":""345dbc28bf975aace28ac8ea0e86353568512fa8ada5fa4c8862561fff6832db"",""pdf_page"":667,""printed_page"":""640""}",df4a0b5671d62727e93849659aec76235116f8acb088d2f698388d8b57993792
starts_on_page,ibc2018:chapter35-row:d0313a724808baeed56d4446,ibc2018:external-family:0d091a22125027266d3ed6a5,[],2594,2594—2013,2013,Electric Vehicle Supply Equipment,UL,chapter35_referenced_standard_entry,"[""406.2.7""]",provisional,"[60.05,86.767,245.296,97.897]","{""appendix"":null,""bbox"":[60.05,86.767,245.296,97.897],""chapter"":""35"",""line_id"":""poppler-line:84be3e6aa5a9782c7495"",""observed_text_sha256"":""65c19de532c7eb9791d46597c6477c866eb926cbef8b0bc2dcccb234a6c93b43"",""pdf_page"":668,""printed_page"":""641""}",ab140bc488baebc9e331ce172a13f6bf166851029154c001e0ae475543f87f47
starts_on_page,ibc2018:chapter35-row:129c4f866eafc074a9e352f1,ibc2018:external-family:fbc2cefcdcbccb3fc81da334,[],2703,2703—2014,2014,"Outline of Investigation for Mounting Systems, Mounting Devices, Clamping/Retention Devices and Ground Lugs for",UL,chapter35_referenced_standard_entry,"[""1505.9""]",provisional,"[60.05,111.817,571.811,122.947]","{""appendix"":null,""bbox"":[60.05,111.817,571.811,122.947],""chapter"":""35"",""line_id"":""poppler-line:5de8a83e7908d44762fd"",""observed_text_sha256"":""53f99570a6e563a31a39444687e23585b41d9f93327832cf8d58e210c60c229d"",""pdf_page"":668,""printed_page"":""641""}",89c8652126256ec2a2baf152c483e24b757e2eb434a7ba8e71ea7fa57c07a134
starts_on_page,ibc2018:chapter35-row:fbf9c76b498c5250e5c177cb,ibc2018:external-family:34cb4d399bdd7ed01fbc385e,[],CAN/ULC S 102.2,CAN/ULC S 102.2—2010,2010,"Standard Method of Test for Surface Burning Characteristics of Flooring, Floor Coverings and",ULC,chapter35_referenced_standard_entry,"[""720.2"",""720.3"",""720.4""]",provisional,"[60.0,201.117,527.86,212.247]","{""appendix"":null,""bbox"":[60.0,201.117,527.86,212.247],""chapter"":""35"",""line_id"":""poppler-line:101047897a4c4417f4b9"",""observed_text_sha256"":""a0fa05995ef8034f81f33fa25aff2a0bc1821ec60226b6430b198f03178f8120"",""pdf_page"":668,""printed_page"":""641""}",065a8ba034d0c654bdb26104d94820410e5faeac31028347ab222173e546d96a
starts_on_page,ibc2018:chapter35-row:e924e3eb08d784a5bba988fc,ibc2018:external-family:01eb8194eb09effc540cb213,[],"18 USC Part 1, Ch.40","18 USC Part 1, Ch.40",,"Importation, Manufacture, Distribution and Storage of Explosive Materials",USC,chapter35_referenced_standard_entry,[],provisional,"[60.05,312.467,437.346,323.597]","{""appendix"":null,""bbox"":[60.05,312.467,437.346,323.597],""chapter"":""35"",""line_id"":""poppler-line:7236216cd307bfb5ce06"",""observed_text_sha256"":""8d8f8e47638cc36e10ba2a49330ca7600ebc95c347b5a5ce48c329a1587a876f"",""pdf_page"":668,""printed_page"":""641""}",c4b0ef92b630bf1285abd6ee6dacc0564a63c793734cd161135fa2fc815a8f79
starts_on_page,ibc2018:chapter35-row:982ce0fa7b7a05a899df2760,ibc2018:external-family:3007b06f3f8939291c2ca42d,[],AITC 104,AITC 104—03,03,Typical Construction Details,WCLIB,chapter35_referenced_standard_entry,"[""2306.1""]",provisional,"[60.0,390.817,231.61,401.947]","{""appendix"":null,""bbox"":[60.0,390.817,231.61,401.947],""chapter"":""35"",""line_id"":""poppler-line:7f544a9b946865cfb7de"",""observed_text_sha256"":""7d0f227adbe88abf6c4715ca702f9820ea225b469b67cc560ebed61615b6851b"",""pdf_page"":668,""printed_page"":""641""}",daaf2df7700f0128f56b67769016788ce2f329712107860f10cfa638099e9124
starts_on_page,ibc2018:chapter35-row:d8a0b683c29c16ce4ae17498,ibc2018:external-family:a5f5c821e8edc49c7fc8a113,[],AITC 110,AITC 110—01,01,Standard Appearance Grades for Structural Glued Laminated Timber,WCLIB,chapter35_referenced_standard_entry,"[""2306.1""]",provisional,"[60.0,415.817,393.267,426.947]","{""appendix"":null,""bbox"":[60.0,415.817,393.267,426.947],""chapter"":""35"",""line_id"":""poppler-line:d858badc54a79a280ac5"",""observed_text_sha256"":""6a3bd78368583ac23cbf5413defbb6a16e9db93ad776f3c4bde0f868570e0820"",""pdf_page"":668,""printed_page"":""641""}",34bc1f04878d56e11ce6b15d08a9f7e6736abd710a662d748b08d16903f6eed4
starts_on_page,ibc2018:chapter35-row:43c26350a6f09453f25f7445,ibc2018:external-family:c2416fb123d3ee58ce728b5a,[],AITC 113,AITC 113—10,10,Standard for Dimensions of Structural Glued Laminated Timber,WCLIB,chapter35_referenced_standard_entry,"[""2306.1""]",provisional,"[60.0,440.767,370.817,451.897]","{""appendix"":null,""bbox"":[60.0,440.767,370.817,451.897],""chapter"":""35"",""line_id"":""poppler-line:45b03325690e173155f9"",""observed_text_sha256"":""b4efa7d0c39bb27aa63cba6e67478851d044bf8635130844a142c1327fa179be"",""pdf_page"":668,""printed_page"":""641""}",7ff9581dbee3bbcb89733e9f08f5da44f9d0eaf75c4dafd270d2a41da0ae6d8c
starts_on_page,ibc2018:chapter35-row:ccba8224e1eb716f977aed3a,ibc2018:external-family:feba876fe4010bc2c6328644,[],AITC 119,AITC 119—96,96,Standard Specifications for Structural Glued Laminated Timber of Hardwood Species,WCLIB,chapter35_referenced_standard_entry,"[""2306.1""]",provisional,"[60.0,465.867,452.414,476.997]","{""appendix"":null,""bbox"":[60.0,465.867,452.414,476.997],""chapter"":""35"",""line_id"":""poppler-line:90dc2a4560eed845cd87"",""observed_text_sha256"":""5cb7942a4ad86f73c3831d480d568a7e131453c223f97000e488096a6f80c107"",""pdf_page"":668,""printed_page"":""641""}",314f9d5512bda4189d409fd1aa29d55974de634843a1fba65f0d53b1acefe648
starts_on_page,ibc2018:chapter35-row:937ec53b71c4b367548d1d17,ibc2018:external-family:eb74b7fe2dabc0b9bd0ce8ea,[],AITC 200,AITC 200—09,09,Manufacturing Quality Control Systems Manual for Structural Glued Laminated Timber,WCLIB,chapter35_referenced_standard_entry,"[""2306.1""]",provisional,"[60.0,490.817,465.517,501.947]","{""appendix"":null,""bbox"":[60.0,490.817,465.517,501.947],""chapter"":""35"",""line_id"":""poppler-line:6be28eb7d5128dba5e88"",""observed_text_sha256"":""fc082989a82ebd79bc337f27b9a8a9959144c3e1813b1962c2f84cb31749221c"",""pdf_page"":668,""printed_page"":""641""}",2e5b8ed3ee66d512ae27af2c178be501f7091cae93848244e63002ff40cf984c
starts_on_page,ibc2018:chapter35-row:350ff3fe53cd08f02ddec654,ibc2018:external-family:d853a0fa1139a61f79e58a50,[],AAMA/WDMA/CSA 101/I.S.2/A440,AAMA/WDMA/CSA 101/I.S.2/A440—17,17,"Specifications for Windows, Doors and Unit Skylights",WDMA,chapter35_referenced_standard_entry,"[""1709.5.1"",""2405.5""]",provisional,"[60.05,569.167,428.489,580.297]","{""appendix"":null,""bbox"":[60.05,569.167,428.489,580.297],""chapter"":""35"",""line_id"":""poppler-line:fdbd151ae338264f3457"",""observed_text_sha256"":""2122279256ebb6555f8840238642dafe5e17bbb4f8571f8ad4cd38397a1570d4"",""pdf_page"":668,""printed_page"":""641""}",839c0c05418d33d1e9e7a6f80b3bfd937ca21f3e36f617902c386271036058c5
starts_on_page,ibc2018:chapter35-row:7cd78244cf78e86a0ab04bec,ibc2018:external-family:e4d56eaec7f29430e51e3bc2,[],WRI/CRSI,WRI/CRSI—81,81,Design of Slab-on-ground Foundations—with 1996 Update,WRI,chapter35_referenced_standard_entry,"[""1808.6.2""]",provisional,"[60.0,647.417,350.942,658.547]","{""appendix"":null,""bbox"":[60.0,647.417,350.942,658.547],""chapter"":""35"",""line_id"":""poppler-line:ed40f713911dd1fd1f35"",""observed_text_sha256"":""3e49092b02a71aed83f98eab9dce4c4290b852e2fcd74453ec19eedb9e6df644"",""pdf_page"":668,""printed_page"":""641""}",52a4f5a63f51c85980d167b7d46e6d6477a6d71d742ecd6f152dced175c2f23a
