candidate_kind,disposition,id,normalized_record_id,parser_confidence,record_type,review_state,source_anchor
table_candidate,accepted,ibc2018:detection:2e3292311b33a30f163d282f,ibc2018:table:da87a6998e3f2df190330c8e,0.99,detected_structure,provisional,"{""appendix"":null,""bbox"":[265.75,362.255,324.18,377.711],""chapter"":""3"",""line_id"":""poppler-line:3d82b4eddf86c507f369"",""observed_text_sha256"":""7242a50dcecc12e8bbb72f0e048db425c964677cbc217261c555fc6a0f75213e"",""pdf_page"":75,""printed_page"":""48""}"
table_candidate,merged_continuation_or_repeat,ibc2018:detection:fc909bcc7e32e8fc9b267639,ibc2018:table:da87a6998e3f2df190330c8e,0.99,detected_structure,provisional,"{""appendix"":null,""bbox"":[262.946,70.788,367.428,86.244],""chapter"":""3"",""line_id"":""poppler-line:48b924bc02278812ae96"",""observed_text_sha256"":""1f8ffd54c6222066ca9d00a41e22035250da0ba5c99d9aff4ad9905cc33f6493"",""pdf_page"":76,""printed_page"":""49""}"
table_candidate,accepted,ibc2018:detection:6c6870268c60407f16bdac53,ibc2018:table:4b188f37cd32cf24f9af3c40,0.99,detected_structure,provisional,"{""appendix"":null,""bbox"":[260.15,71.455,330.879,86.911],""chapter"":""3"",""line_id"":""poppler-line:89b6ac90a7fda9cd8ff1"",""observed_text_sha256"":""b8a96e3da078433abacfbdf0330e490ee29574736ca198e3f5da8a4c6f8625e1"",""pdf_page"":77,""printed_page"":""50""}"
table_candidate,accepted,ibc2018:detection:f9e67c19b2186573ddff6f09,ibc2018:table:9be2c73c5b3370d2909a778f,0.99,detected_structure,provisional,"{""appendix"":null,""bbox"":[135.202,333.555,190.593,349.012],""chapter"":""4"",""line_id"":""poppler-line:ab156120deac60f1ae93"",""observed_text_sha256"":""d3cae367d027d44ff2ee44fc980361971ec6fa9661afc4faa019cef809104ea2"",""pdf_page"":87,""printed_page"":""60""}"
table_candidate,accepted,ibc2018:detection:2cf7c08c1141648c1f09a8ee,ibc2018:table:a55e0891c5c6d34e747496bc,0.99,detected_structure,provisional,"{""appendix"":null,""bbox"":[267.55,600.205,322.941,615.661],""chapter"":""4"",""line_id"":""poppler-line:d3255ae46bc92fe61cda"",""observed_text_sha256"":""d1c3480cef388b7bdbb55d71a86917dd57768c0f059a56a556c3099d49bf5070"",""pdf_page"":93,""printed_page"":""66""}"
table_candidate,accepted,ibc2018:detection:e24982b4a2cf61985a697172,ibc2018:table:78925c6e47c4e8902945d898,0.99,detected_structure,provisional,"{""appendix"":null,""bbox"":[151.75,146.855,212.632,162.311],""chapter"":""4"",""line_id"":""poppler-line:a436bf0b5a5ae078ca18"",""observed_text_sha256"":""c991873a4f8cde8c5985ed11bc0e7622113e5b91385bcee08bbda409f8a0770b"",""pdf_page"":104,""printed_page"":""77""}"
table_candidate,accepted,ibc2018:detection:8e0fa39019479576853c1e25,ibc2018:table:176c6dd272f6dcc2a5452fec,0.99,detected_structure,provisional,"{""appendix"":null,""bbox"":[261.35,507.905,329.11,523.361],""chapter"":""4"",""line_id"":""poppler-line:f2f530a5ec1063972474"",""observed_text_sha256"":""5684c942e67a5fa9c8fe848d40f0ae8341cbcdf31c7f9d078333085441fa0337"",""pdf_page"":105,""printed_page"":""78""}"
table_candidate,accepted,ibc2018:detection:12463a17ddf7ef7bf748cdfd,ibc2018:table:d1a7c8b3fda2c7c1b99c9bf4,0.99,detected_structure,provisional,"{""appendix"":null,""bbox"":[271.65,604.155,320.211,619.611],""chapter"":""4"",""line_id"":""poppler-line:b0c3c89d690cbaa4f147"",""observed_text_sha256"":""269cc0d094a7bf341e88a432a8723fa281a62f8537ba92322d78f50ae691fb53"",""pdf_page"":107,""printed_page"":""80""}"
table_candidate,accepted,ibc2018:detection:8cb32d5691359e713d7d7451,ibc2018:table:6822f19e10e2b5da6e9501cb,0.99,detected_structure,provisional,"{""appendix"":null,""bbox"":[281.75,554.255,349.269,569.711],""chapter"":""4"",""line_id"":""poppler-line:89a2a87e1e723501490f"",""observed_text_sha256"":""ffd800dcf225472b30c1356d5bef80ddd616dc0d6a29d4a9a43157089798e2f9"",""pdf_page"":108,""printed_page"":""81""}"
table_candidate,accepted,ibc2018:detection:be859fd3ccc86dc55205eb6d,ibc2018:table:5475b7a3280181c1304448d4,0.99,detected_structure,provisional,"{""appendix"":null,""bbox"":[256.75,282.054,334.246,297.511],""chapter"":""4"",""line_id"":""poppler-line:56cc9a53ed2d438617ef"",""observed_text_sha256"":""a1975108bfbbd118b5bbff73d006b28572ec50f290051473abff15a224fbaeb3"",""pdf_page"":109,""printed_page"":""82""}"
table_candidate,accepted,ibc2018:detection:91fb90e43c27a36b918a085f,ibc2018:table:04496d297ecef5981e7ead12,0.99,detected_structure,provisional,"{""appendix"":null,""bbox"":[276.8,71.855,354.26,87.311],""chapter"":""4"",""line_id"":""poppler-line:5b6d11f3943328375cce"",""observed_text_sha256"":""793b1edf96af5d863028c45f4a68e2f9ff2857c0f3e33fda615a62f1e9925233"",""pdf_page"":110,""printed_page"":""83""}"
table_candidate,accepted,ibc2018:detection:3d38cbda7dddffd4610a0a8f,ibc2018:table:cb4d30695430ee61dc9e11c7,0.99,detected_structure,provisional,"{""appendix"":null,""bbox"":[261.7,240.455,328.331,255.911],""chapter"":""4"",""line_id"":""poppler-line:c1f97f2ecf18571dc9db"",""observed_text_sha256"":""e00a666575cfa6245c76aabf61807948cef250ec0002a827db09aa7c18b5d068"",""pdf_page"":111,""printed_page"":""84""}"
table_candidate,accepted,ibc2018:detection:762875ef4806ffe991c52387,ibc2018:table:0c214ccc9ca377fbc4f89551,0.99,detected_structure,provisional,"{""appendix"":null,""bbox"":[261.549,384.454,329.237,399.911],""chapter"":""4"",""line_id"":""poppler-line:c8b36b75b3976824790e"",""observed_text_sha256"":""97a904f5e1c927b04680f3b41e964a5475e084b510a4edd8e5dc88a4bc369a19"",""pdf_page"":113,""printed_page"":""86""}"
table_candidate,accepted,ibc2018:detection:0b94073e4bf81765f8ddca73,ibc2018:table:d0df6ef8f217e5fe7c18d0f4,0.99,detected_structure,provisional,"{""appendix"":null,""bbox"":[252.8,71.255,337.159,86.712],""chapter"":""4"",""line_id"":""poppler-line:bbba48f28a91801c175b"",""observed_text_sha256"":""d40ad494c001b76650f1248e62abb1e087a6f5fd90b890dc8fba10661190cab4"",""pdf_page"":115,""printed_page"":""88""}"
table_candidate,accepted,ibc2018:detection:5e4793c075d375ed30b99eea,ibc2018:table:adce3f5f63d45328ae2b70ca,0.99,detected_structure,provisional,"{""appendix"":null,""bbox"":[265.4,515.355,326.405,530.811],""chapter"":""4"",""line_id"":""poppler-line:239c1dc6b63c6fee78cd"",""observed_text_sha256"":""b668b90d6907b50cd21bfd132ef156d45e0c4b6d224843fef1fd86c94bf16cb0"",""pdf_page"":127,""printed_page"":""100""}"
table_candidate,accepted,ibc2018:detection:722fe360fe65bf06265682e6,ibc2018:table:8a473433a686e2e607b21ed9,0.99,detected_structure,provisional,"{""appendix"":null,""bbox"":[271.649,306.205,320.208,321.662],""chapter"":""5"",""line_id"":""poppler-line:26f4c85ef4a4411e0c21"",""observed_text_sha256"":""8fd27bef969e5b6d44fd5de0d2c6829a9f49e52e0de010b0f54badd4d746c1a7"",""pdf_page"":131,""printed_page"":""104""}"
table_candidate,accepted,ibc2018:detection:61cc15105a951724b300ee22,ibc2018:table:7e27917edac86ef7fec3765a,0.99,detected_structure,provisional,"{""appendix"":null,""bbox"":[271.65,72.305,320.288,87.762],""chapter"":""5"",""line_id"":""poppler-line:dfca9c80c230656e381e"",""observed_text_sha256"":""fe774bb1e2d59c1f2b3f1838e03685ad422f2ada0649a8a466d84e4dd11e7f8e"",""pdf_page"":133,""printed_page"":""106""}"
table_candidate,merged_continuation_or_repeat,ibc2018:detection:de34f59666b1555158c00a2c,ibc2018:table:7e27917edac86ef7fec3765a,0.99,detected_structure,provisional,"{""appendix"":null,""bbox"":[268.55,71.255,363.358,86.711],""chapter"":""5"",""line_id"":""poppler-line:6d7c903f16b65bbd6281"",""observed_text_sha256"":""08b3dc574f556a0fe4e9f2b7bb44cba9de2354d657405c09db5a8c579707025e"",""pdf_page"":134,""printed_page"":""107""}"
table_candidate,accepted,ibc2018:detection:a2578463f6443023bdc434be,ibc2018:table:96c2a5e30cdac2fa435b29c2,0.99,detected_structure,provisional,"{""appendix"":null,""bbox"":[291.534,71.41,339.997,86.866],""chapter"":""5"",""line_id"":""poppler-line:32df50dbb3797ab45823"",""observed_text_sha256"":""1b9e8fdd95922f6c4aa3a5d2c2556557802e4ea2d8603869215a16bf17944591"",""pdf_page"":136,""printed_page"":""109""}"
table_candidate,merged_continuation_or_repeat,ibc2018:detection:b48f2c78ce8df81e6071a610,ibc2018:table:96c2a5e30cdac2fa435b29c2,0.99,detected_structure,provisional,"{""appendix"":null,""bbox"":[248.5,71.355,343.42,86.812],""chapter"":""5"",""line_id"":""poppler-line:765ab234565d37d3c49e"",""observed_text_sha256"":""ad150a973ffb6c9006ff58e2c7d7563ff04b29524a97ebaf4a25d6bef5b0045e"",""pdf_page"":137,""printed_page"":""110""}"
table_candidate,merged_continuation_or_repeat,ibc2018:detection:b03558767e8db5e5415869ca,ibc2018:table:96c2a5e30cdac2fa435b29c2,0.99,detected_structure,provisional,"{""appendix"":null,""bbox"":[268.3,71.355,363.22,86.812],""chapter"":""5"",""line_id"":""poppler-line:1734303593c08459bbcd"",""observed_text_sha256"":""ad150a973ffb6c9006ff58e2c7d7563ff04b29524a97ebaf4a25d6bef5b0045e"",""pdf_page"":138,""printed_page"":""111""}"
table_candidate,accepted,ibc2018:detection:b1af39091206a126630b0cd4,ibc2018:table:0d72f92cb6f3e8523b49fa58,0.99,detected_structure,provisional,"{""appendix"":null,""bbox"":[290.752,71.354,339.503,86.811],""chapter"":""5"",""line_id"":""poppler-line:237e7559919bf7ad68ef"",""observed_text_sha256"":""56af7b747c70c859ccade11a422d153422e0b4dff1bde8b03537c084b0c5045c"",""pdf_page"":142,""printed_page"":""115""}"
table_candidate,accepted,ibc2018:detection:4105b5b72fd5d8239d2bce2b,ibc2018:table:88f1030f1b3a40ab7c9a77c9,0.99,detected_structure,provisional,"{""appendix"":null,""bbox"":[268.4,341.255,322.757,356.711],""chapter"":""5"",""line_id"":""poppler-line:0cbb4a1abd0d70a1b7dc"",""observed_text_sha256"":""692c7b96581248b1829a171b6a6a044ffab3fe935b7c9d6880e2811cb8ced20f"",""pdf_page"":143,""printed_page"":""116""}"
table_candidate,accepted,ibc2018:detection:da2fc0a210c6cb9ef06aec3f,ibc2018:table:7b570c5098ab0ff7f8524ad6,0.99,detected_structure,provisional,"{""appendix"":null,""bbox"":[295.4,453.655,336.11,469.111],""chapter"":""6"",""line_id"":""poppler-line:8a67dd51256c8cd82c22"",""observed_text_sha256"":""b161d2ec54b0ba1e2a8f138e9a49a9ad2b33b204c065f4b866b1939bbdb0be0f"",""pdf_page"":146,""printed_page"":""119""}"
table_candidate,accepted,ibc2018:detection:d4f4ded6db9ef653bad53ac0,ibc2018:table:efca890923bc8c64a8c54391,0.99,detected_structure,provisional,"{""appendix"":null,""bbox"":[275.35,495.805,317.23,511.261],""chapter"":""6"",""line_id"":""poppler-line:7ac065b3ee3690f61cdf"",""observed_text_sha256"":""2d3110457d3b25e90061e5c338488c505c156a0a1830085b35af3c064f4c6ece"",""pdf_page"":147,""printed_page"":""120""}"
table_candidate,accepted,ibc2018:detection:fab6235eebc60d3fa1219786,ibc2018:table:bcd121751db7b01b660b4764,0.99,detected_structure,provisional,"{""appendix"":null,""bbox"":[138.548,411.654,187.067,427.111],""chapter"":""7"",""line_id"":""poppler-line:1d73748e7b472b71ca00"",""observed_text_sha256"":""1f187bb5c2ddc56f65291c12b5542ec164d3af39b9f73e344563c9ab24b1f0ec"",""pdf_page"":153,""printed_page"":""126""}"
table_candidate,accepted,ibc2018:detection:c3c21827591a04e156e22c5a,ibc2018:table:8aa4d8b7afa62f73987f2b74,0.99,detected_structure,provisional,"{""appendix"":null,""bbox"":[291.45,71.604,340.073,87.061],""chapter"":""7"",""line_id"":""poppler-line:16bf9e87b08007130292"",""observed_text_sha256"":""60450b623caa31958a8bd1a13f536c0bdd5c8800992efb86d688b04ecbdbe3ae"",""pdf_page"":156,""printed_page"":""129""}"
table_candidate,accepted,ibc2018:detection:4a5fbc323d3c87e5e7901041,ibc2018:table:0eddfc2437b6b29b02cd5e18,0.99,detected_structure,provisional,"{""appendix"":null,""bbox"":[158.535,72.033,207.174,87.489],""chapter"":""7"",""line_id"":""poppler-line:c98e89d31b5dfff8ec6b"",""observed_text_sha256"":""c45e6eed0fb8a0d96f303b118cb89b95099a0add1bfa5ac3b5b79e44189ebd58"",""pdf_page"":158,""printed_page"":""131""}"
table_candidate,accepted,ibc2018:detection:e244c64fdf669ee85e170e42,ibc2018:table:ee1780666431041caad1c915,0.99,detected_structure,provisional,"{""appendix"":null,""bbox"":[152.952,572.254,212.557,587.711],""chapter"":""7"",""line_id"":""poppler-line:8228cd0ead83e1b9b139"",""observed_text_sha256"":""3d10a354a4848bb4d4baaa5851d30727b291cc205b4e83862ddaf0a4d671e445"",""pdf_page"":160,""printed_page"":""133""}"
table_candidate,accepted,ibc2018:detection:7417f5d3a5cd452ca030771e,ibc2018:table:6b391bb0dea9d6f073a20e86,0.99,detected_structure,provisional,"{""appendix"":null,""bbox"":[286.75,71.005,345.067,86.461],""chapter"":""7"",""line_id"":""poppler-line:ffddf3660d4fc442794f"",""observed_text_sha256"":""2de40db5bdba579e21a92fadedc90d30559e43602ca4abe6fb7aca61cb3f6c01"",""pdf_page"":172,""printed_page"":""145""}"
table_candidate,accepted,ibc2018:detection:8e2c0f1b0ca7ed4335d47b4b,ibc2018:table:c48bfe8372b48c43c544838d,0.99,detected_structure,provisional,"{""appendix"":null,""bbox"":[266.6,72.555,324.94,88.012],""chapter"":""7"",""line_id"":""poppler-line:ad3db20d6bd52fc2ce78"",""observed_text_sha256"":""0ca4cd8e55f4a28ca52ccea5cef028c2933d6498f47d823953375b049fedc89b"",""pdf_page"":173,""printed_page"":""146""}"
table_candidate,merged_continuation_or_repeat,ibc2018:detection:6da3e652e66761239680ab6d,ibc2018:table:c48bfe8372b48c43c544838d,0.99,detected_structure,provisional,"{""appendix"":null,""bbox"":[263.35,71.355,367.855,86.811],""chapter"":""7"",""line_id"":""poppler-line:6d91f4804be2ee2728c5"",""observed_text_sha256"":""efe1b9f3ee82c197895efdf4648e87b70a0c9569a9feafc3ab6bab6391bfe67d"",""pdf_page"":174,""printed_page"":""147""}"
table_candidate,accepted,ibc2018:detection:8f708b5559cebf0fa76d9d69,ibc2018:table:7f945471436900b5904fe969,0.99,detected_structure,provisional,"{""appendix"":null,""bbox"":[267.35,474.205,325.747,489.661],""chapter"":""7"",""line_id"":""poppler-line:460f048aa5567e7b9ca5"",""observed_text_sha256"":""d1b846670cc7407a42417636774199e03d008db372b7b96f7a45cd7f46651a6d"",""pdf_page"":177,""printed_page"":""150""}"
table_candidate,accepted,ibc2018:detection:0a3d92c9b03b824009d2300b,ibc2018:table:39a2bc36af5b0c9c5f5c356c,0.99,detected_structure,provisional,"{""appendix"":null,""bbox"":[151.749,356.955,212.8,372.411],""chapter"":""7"",""line_id"":""poppler-line:80486fe66ea4a2d7cace"",""observed_text_sha256"":""c66b2f980b5ed7f8b6e805e602736f3a96ad1c4a442f573c5285e0742d22ecfc"",""pdf_page"":178,""printed_page"":""151""}"
table_candidate,accepted,ibc2018:detection:890c2358ff1dc61e150574d7,ibc2018:table:acbaceb714027e0bbf34f983,0.99,detected_structure,provisional,"{""appendix"":null,""bbox"":[287.574,72.033,345.835,87.489],""chapter"":""7"",""line_id"":""poppler-line:00aef5ca48ccdfb04438"",""observed_text_sha256"":""787535f48f1775bf98adc61083728e8c95fdb383f8a23ad3b99b4699507ebee6"",""pdf_page"":186,""printed_page"":""159""}"
table_candidate,merged_continuation_or_repeat,ibc2018:detection:16ba74e5579c684f11b1fa30,ibc2018:table:acbaceb714027e0bbf34f983,0.99,detected_structure,provisional,"{""appendix"":null,""bbox"":[243.2,70.505,347.682,85.962],""chapter"":""7"",""line_id"":""poppler-line:259e907dd537e18d4b96"",""observed_text_sha256"":""d7cfc8345e22a26c76a3afe3580011cfc68962b80318bce0f561eda9d2d38320"",""pdf_page"":187,""printed_page"":""160""}"
table_candidate,merged_continuation_or_repeat,ibc2018:detection:84b11043c34e53f48458bfbf,ibc2018:table:acbaceb714027e0bbf34f983,0.99,detected_structure,provisional,"{""appendix"":null,""bbox"":[264.267,71.41,368.749,86.866],""chapter"":""7"",""line_id"":""poppler-line:404c9338e8385f1f329e"",""observed_text_sha256"":""d7cfc8345e22a26c76a3afe3580011cfc68962b80318bce0f561eda9d2d38320"",""pdf_page"":188,""printed_page"":""161""}"
table_candidate,merged_continuation_or_repeat,ibc2018:detection:7c342c2131958ec720a74482,ibc2018:table:acbaceb714027e0bbf34f983,0.99,detected_structure,provisional,"{""appendix"":null,""bbox"":[242.85,71.455,347.332,86.912],""chapter"":""7"",""line_id"":""poppler-line:f776e89fbfa46af32813"",""observed_text_sha256"":""d7cfc8345e22a26c76a3afe3580011cfc68962b80318bce0f561eda9d2d38320"",""pdf_page"":189,""printed_page"":""162""}"
table_candidate,accepted,ibc2018:detection:7dc74309980beb5bc62ed2bd,ibc2018:table:4e0b42c6a58c2c90f421479c,0.99,detected_structure,provisional,"{""appendix"":null,""bbox"":[286.725,71.75,345.122,87.206],""chapter"":""7"",""line_id"":""poppler-line:c5b87c0bf23ac2e31188"",""observed_text_sha256"":""bcc3a0bf2dbfb7fed31e52ef435b37f6a6c6b80a7b0ae97a25edb0385291f86c"",""pdf_page"":190,""printed_page"":""163""}"
table_candidate,merged_continuation_or_repeat,ibc2018:detection:8b079f6ac4743ce05b9e0b3e,ibc2018:table:4e0b42c6a58c2c90f421479c,0.99,detected_structure,provisional,"{""appendix"":null,""bbox"":[242.85,71.355,347.355,86.812],""chapter"":""7"",""line_id"":""poppler-line:a0fc45dfe67474419bac"",""observed_text_sha256"":""ef8b008da7b536d3872b16a26affc653d6adc659ea9da5d12e25f282a83e8cd0"",""pdf_page"":191,""printed_page"":""164""}"
table_candidate,merged_continuation_or_repeat,ibc2018:detection:113a26f80c43963c6fa898db,ibc2018:table:4e0b42c6a58c2c90f421479c,0.99,detected_structure,provisional,"{""appendix"":null,""bbox"":[262.965,71.297,369.589,86.753],""chapter"":""7"",""line_id"":""poppler-line:7eb211405640fecef822"",""observed_text_sha256"":""2800182be89ffacd98290fc339aab1348832e11ba3c9a64656a25e48064f9803"",""pdf_page"":192,""printed_page"":""165""}"
table_candidate,merged_continuation_or_repeat,ibc2018:detection:910e7d017fa06f9db2bef001,ibc2018:table:4e0b42c6a58c2c90f421479c,0.99,detected_structure,provisional,"{""appendix"":null,""bbox"":[242.6,70.855,347.105,86.312],""chapter"":""7"",""line_id"":""poppler-line:9dbdbbeef821dbc8842d"",""observed_text_sha256"":""ef8b008da7b536d3872b16a26affc653d6adc659ea9da5d12e25f282a83e8cd0"",""pdf_page"":193,""printed_page"":""166""}"
table_candidate,merged_continuation_or_repeat,ibc2018:detection:438eb0f0bb876ef6813c4e7f,ibc2018:table:4e0b42c6a58c2c90f421479c,0.99,detected_structure,provisional,"{""appendix"":null,""bbox"":[262.796,71.637,367.358,87.093],""chapter"":""7"",""line_id"":""poppler-line:810eb963094d1dad66ad"",""observed_text_sha256"":""ef8b008da7b536d3872b16a26affc653d6adc659ea9da5d12e25f282a83e8cd0"",""pdf_page"":194,""printed_page"":""167""}"
table_candidate,merged_continuation_or_repeat,ibc2018:detection:38467594989020df716d1667,ibc2018:table:4e0b42c6a58c2c90f421479c,0.99,detected_structure,provisional,"{""appendix"":null,""bbox"":[242.95,70.855,347.455,86.312],""chapter"":""7"",""line_id"":""poppler-line:072cd2e2a128c9d786d1"",""observed_text_sha256"":""ef8b008da7b536d3872b16a26affc653d6adc659ea9da5d12e25f282a83e8cd0"",""pdf_page"":195,""printed_page"":""168""}"
table_candidate,merged_continuation_or_repeat,ibc2018:detection:7bfa71ceb4ed772f3cea226f,ibc2018:table:4e0b42c6a58c2c90f421479c,0.99,detected_structure,provisional,"{""appendix"":null,""bbox"":[263.531,71.071,368.036,86.527],""chapter"":""7"",""line_id"":""poppler-line:7979073716a78dac37d9"",""observed_text_sha256"":""ef8b008da7b536d3872b16a26affc653d6adc659ea9da5d12e25f282a83e8cd0"",""pdf_page"":196,""printed_page"":""169""}"
table_candidate,merged_continuation_or_repeat,ibc2018:detection:8153c83bd06521c8417e38e3,ibc2018:table:4e0b42c6a58c2c90f421479c,0.99,detected_structure,provisional,"{""appendix"":null,""bbox"":[242.85,71.955,347.355,87.412],""chapter"":""7"",""line_id"":""poppler-line:b8e7981724c24dbba002"",""observed_text_sha256"":""ef8b008da7b536d3872b16a26affc653d6adc659ea9da5d12e25f282a83e8cd0"",""pdf_page"":197,""printed_page"":""170""}"
table_candidate,merged_continuation_or_repeat,ibc2018:detection:01b7eb81509f50dbb10b2e10,ibc2018:table:4e0b42c6a58c2c90f421479c,0.99,detected_structure,provisional,"{""appendix"":null,""bbox"":[263.927,71.75,368.432,87.206],""chapter"":""7"",""line_id"":""poppler-line:39f89d15c24861810847"",""observed_text_sha256"":""ef8b008da7b536d3872b16a26affc653d6adc659ea9da5d12e25f282a83e8cd0"",""pdf_page"":198,""printed_page"":""171""}"
table_candidate,accepted,ibc2018:detection:69388080f0d97442f95cb3fd,ibc2018:table:e6179782d733a4ca524502be,0.99,detected_structure,provisional,"{""appendix"":null,""bbox"":[286.219,247.033,344.616,262.49],""chapter"":""7"",""line_id"":""poppler-line:d7155c7fe1ffe3e57377"",""observed_text_sha256"":""5f558fd6a2224fc2c7d19e9fca344952621e019ea3d982d8f9dccd4ccd44bf57"",""pdf_page"":198,""printed_page"":""171""}"
table_candidate,merged_continuation_or_repeat,ibc2018:detection:53e489c5339c86befaf9fb62,ibc2018:table:e6179782d733a4ca524502be,0.99,detected_structure,provisional,"{""appendix"":null,""bbox"":[243.35,71.605,347.799,87.062],""chapter"":""7"",""line_id"":""poppler-line:004fb1ee19d361229597"",""observed_text_sha256"":""1adb909a77dcfa401e1725d3ba91c7c57742b4c74fe55f87cd6ba44818024694"",""pdf_page"":199,""printed_page"":""172""}"
table_candidate,merged_continuation_or_repeat,ibc2018:detection:69012be5c505f029b81c06b3,ibc2018:table:e6179782d733a4ca524502be,0.99,detected_structure,provisional,"{""appendix"":null,""bbox"":[263.814,71.919,368.32,87.375],""chapter"":""7"",""line_id"":""poppler-line:20df40e741a56795f838"",""observed_text_sha256"":""1adb909a77dcfa401e1725d3ba91c7c57742b4c74fe55f87cd6ba44818024694"",""pdf_page"":200,""printed_page"":""173""}"
table_candidate,merged_continuation_or_repeat,ibc2018:detection:a990204e9bfb02274751ff38,ibc2018:table:e6179782d733a4ca524502be,0.99,detected_structure,provisional,"{""appendix"":null,""bbox"":[243.55,71.955,348.055,87.412],""chapter"":""7"",""line_id"":""poppler-line:231bd12cdefc6d03b708"",""observed_text_sha256"":""1adb909a77dcfa401e1725d3ba91c7c57742b4c74fe55f87cd6ba44818024694"",""pdf_page"":201,""printed_page"":""174""}"
table_candidate,merged_continuation_or_repeat,ibc2018:detection:7cfb5c1e993602985ecd130d,ibc2018:table:e6179782d733a4ca524502be,0.99,detected_structure,provisional,"{""appendix"":null,""bbox"":[264.889,71.523,369.395,86.979],""chapter"":""7"",""line_id"":""poppler-line:dad2c7fd85361ce23c5c"",""observed_text_sha256"":""1adb909a77dcfa401e1725d3ba91c7c57742b4c74fe55f87cd6ba44818024694"",""pdf_page"":202,""printed_page"":""175""}"
table_candidate,merged_continuation_or_repeat,ibc2018:detection:d360e8e9e3e20b9d5cd36847,ibc2018:table:e6179782d733a4ca524502be,0.99,detected_structure,provisional,"{""appendix"":null,""bbox"":[244.05,71.355,348.555,86.812],""chapter"":""7"",""line_id"":""poppler-line:1630349fef820da174f0"",""observed_text_sha256"":""1adb909a77dcfa401e1725d3ba91c7c57742b4c74fe55f87cd6ba44818024694"",""pdf_page"":203,""printed_page"":""176""}"
table_candidate,merged_continuation_or_repeat,ibc2018:detection:b61fc547338183f95a9f7c86,ibc2018:table:e6179782d733a4ca524502be,0.99,detected_structure,provisional,"{""appendix"":null,""bbox"":[263.531,71.41,368.037,86.866],""chapter"":""7"",""line_id"":""poppler-line:aba679f3d19eca533bf7"",""observed_text_sha256"":""1adb909a77dcfa401e1725d3ba91c7c57742b4c74fe55f87cd6ba44818024694"",""pdf_page"":204,""printed_page"":""177""}"
table_candidate,merged_continuation_or_repeat,ibc2018:detection:3b0fc322e9cc2bdc51b01c4d,ibc2018:table:e6179782d733a4ca524502be,0.99,detected_structure,provisional,"{""appendix"":null,""bbox"":[262.965,71.637,367.301,87.093],""chapter"":""7"",""line_id"":""poppler-line:d40a2bec049b237322bb"",""observed_text_sha256"":""1adb909a77dcfa401e1725d3ba91c7c57742b4c74fe55f87cd6ba44818024694"",""pdf_page"":206,""printed_page"":""179""}"
table_candidate,merged_continuation_or_repeat,ibc2018:detection:83a180b8cc7e3ff90221dd04,ibc2018:table:e6179782d733a4ca524502be,0.99,detected_structure,provisional,"{""appendix"":null,""bbox"":[243.45,71.355,347.842,86.812],""chapter"":""7"",""line_id"":""poppler-line:52ece4507b576caa5533"",""observed_text_sha256"":""1adb909a77dcfa401e1725d3ba91c7c57742b4c74fe55f87cd6ba44818024694"",""pdf_page"":207,""printed_page"":""180""}"
table_candidate,merged_continuation_or_repeat,ibc2018:detection:ef274a7aab4bf96c6f111506,ibc2018:table:e6179782d733a4ca524502be,0.99,detected_structure,provisional,"{""appendix"":null,""bbox"":[263.531,71.41,368.037,86.866],""chapter"":""7"",""line_id"":""poppler-line:aba679f3d19eca533bf7"",""observed_text_sha256"":""1adb909a77dcfa401e1725d3ba91c7c57742b4c74fe55f87cd6ba44818024694"",""pdf_page"":208,""printed_page"":""181""}"
table_candidate,accepted,ibc2018:detection:86c536222cf2a357a753415e,ibc2018:table:27be53f56cd9c225a7c943f2,0.99,detected_structure,provisional,"{""appendix"":null,""bbox"":[243.1,71.355,347.605,86.812],""chapter"":""7"",""line_id"":""poppler-line:ce1944abfaec778346f0"",""observed_text_sha256"":""c1861e0f3f520dd7e2fb08c48b1483d69f097eccf672eba2f13294af6bcd3af7"",""pdf_page"":205,""printed_page"":""178""}"
table_candidate,accepted,ibc2018:detection:cd0974eb8f9e32b8dc6f0824,ibc2018:table:69536f5646076992ca4687c6,0.99,detected_structure,provisional,"{""appendix"":null,""bbox"":[131.849,148.655,192.675,164.112],""chapter"":""7"",""line_id"":""poppler-line:4db4fbd5a26f38de8fca"",""observed_text_sha256"":""a7e54bb1cbe35c48a762881d9e789a6cb187e1be15565c845034ea81285b3e79"",""pdf_page"":209,""printed_page"":""182""}"
table_candidate,accepted,ibc2018:detection:d0c4c925ba90a49132f74390,ibc2018:table:f00f5d58d1108304339fb7c1,0.99,detected_structure,provisional,"{""appendix"":null,""bbox"":[279.573,380.96,351.184,396.416],""chapter"":""7"",""line_id"":""poppler-line:ce3313bc47755772f7fa"",""observed_text_sha256"":""a11af07e3652a315e8d6c8eef34ee0dfd435ffed626c28fc7fb1b33132633248"",""pdf_page"":210,""printed_page"":""183""}"
table_candidate,accepted,ibc2018:detection:8ed1409a4a97675705fae934,ibc2018:table:cdc703496e9e75731e2f2777,0.99,detected_structure,provisional,"{""appendix"":null,""bbox"":[278.75,598.655,350.348,614.111],""chapter"":""7"",""line_id"":""poppler-line:89a068f9631e9021b8e3"",""observed_text_sha256"":""7593a6c6d34b7210a36b80f690f15f94cee7d0690f9108f1eb3f8bfc5772efc5"",""pdf_page"":210,""printed_page"":""183""}"
table_candidate,accepted,ibc2018:detection:205b159bc42065d712730b4d,ibc2018:table:c68fe75c27d29d802e3e61ad,0.99,detected_structure,provisional,"{""appendix"":null,""bbox"":[259.9,572.255,331.625,587.711],""chapter"":""7"",""line_id"":""poppler-line:b05f56f5572bb11bfcec"",""observed_text_sha256"":""57d3a687fc50a821a0f8da1f8651c5cf95f3de885f5970421a715b7eeb9c0d4f"",""pdf_page"":211,""printed_page"":""184""}"
table_candidate,accepted,ibc2018:detection:4c306cd6dad5c89de1d7986f,ibc2018:table:b110514809338cd2ee696ba9,0.99,detected_structure,provisional,"{""appendix"":null,""bbox"":[392.952,194.454,464.72,209.911],""chapter"":""7"",""line_id"":""poppler-line:bb52279418e2941c679a"",""observed_text_sha256"":""f0030bdc69579f96a1340319f852d95bdf98e2f8067bb6df0620f889d0588409"",""pdf_page"":211,""printed_page"":""184""}"
table_candidate,accepted,ibc2018:detection:62a4475ca56c7a6560d00c11,ibc2018:table:dfe897b16b055deb5cd4c083,0.99,detected_structure,provisional,"{""appendix"":null,""bbox"":[151.75,205.054,212.716,220.511],""chapter"":""7"",""line_id"":""poppler-line:5471a0d6c60702313c85"",""observed_text_sha256"":""5fdcf5c92a0b7ecd57af7a30798f750117bdd249d20e56e8c5ff78305dbc2374"",""pdf_page"":212,""printed_page"":""185""}"
table_candidate,accepted,ibc2018:detection:86da07ae532442832d7ddfe5,ibc2018:table:05e26a914adfc6a8a5078249,0.99,detected_structure,provisional,"{""appendix"":null,""bbox"":[281.849,244.854,346.842,260.311],""chapter"":""7"",""line_id"":""poppler-line:f9c248c8d53798543514"",""observed_text_sha256"":""cae5286f8874843a99049d167f39b72a48a85b67cd41fe4338ccb3be4ce731ee"",""pdf_page"":214,""printed_page"":""187""}"
table_candidate,accepted,ibc2018:detection:d3630d30446e1237bada83c4,ibc2018:table:d861e87caabd5e64921960b3,0.99,detected_structure,provisional,"{""appendix"":null,""bbox"":[283.65,394.655,348.919,410.111],""chapter"":""7"",""line_id"":""poppler-line:3cf471ef7ecde58e3951"",""observed_text_sha256"":""2fb74f806968b02ee40bf4729624cfae677e71d65c25f067f328005bc6c8b3b2"",""pdf_page"":214,""printed_page"":""187""}"
table_candidate,accepted,ibc2018:detection:8348294e062c7fce825a85ec,ibc2018:table:0c2f78f5c72f789baeba548e,0.99,detected_structure,provisional,"{""appendix"":null,""bbox"":[283.3,541.055,348.4,556.511],""chapter"":""7"",""line_id"":""poppler-line:d4a2567bc4c45e79dd7d"",""observed_text_sha256"":""0a2c164f1c2451abedd5d892d553edb3f3e859a16e4f42b2c03ca06d574aebea"",""pdf_page"":214,""printed_page"":""187""}"
table_candidate,accepted,ibc2018:detection:6f7162b78137ad58b6478413,ibc2018:table:aa4559375b53fc238fc199ad,0.99,detected_structure,provisional,"{""appendix"":null,""bbox"":[262.647,69.904,327.747,85.361],""chapter"":""7"",""line_id"":""poppler-line:569e88784ac75593cbbd"",""observed_text_sha256"":""3e269acbad3712f315bb5eb688f1b0bfcf21d87042ef0684e8ca437631cbdb84"",""pdf_page"":215,""printed_page"":""188""}"
table_candidate,accepted,ibc2018:detection:2628252cc05bf7e964d115e7,ibc2018:table:ea674d8fd9c4983503ecd88e,0.99,detected_structure,provisional,"{""appendix"":null,""bbox"":[263.5,282.205,328.713,297.661],""chapter"":""7"",""line_id"":""poppler-line:e7516aed7255ef8d2530"",""observed_text_sha256"":""4ee7389e95a5b5bd7dff4d51e7f4ca92c3ea00c311fc8b123879f86f08caa9da"",""pdf_page"":215,""printed_page"":""188""}"
table_candidate,accepted,ibc2018:detection:17b9da1df378a3ad45658a99,ibc2018:table:1ca25df7fe9c2f621bfed0e6,0.99,detected_structure,provisional,"{""appendix"":null,""bbox"":[155.149,167.005,210.483,182.461],""chapter"":""7"",""line_id"":""poppler-line:2640be4db9c1f918e441"",""observed_text_sha256"":""9f0473e7cb83823f4ce9761e6be1fd74a24b6efcd937e84c89ff8d2a1083e4d7"",""pdf_page"":216,""printed_page"":""189""}"
table_candidate,accepted,ibc2018:detection:270489d492c79c4344f7d9b2,ibc2018:table:dfe426efa170637c56759b6e,0.99,detected_structure,provisional,"{""appendix"":null,""bbox"":[288.35,548.705,343.565,564.161],""chapter"":""7"",""line_id"":""poppler-line:2181bbc2816c00a73c59"",""observed_text_sha256"":""20bebd62f9e898f474e0237607dfcf7df5563c93d12e14a6740bb7a473b49ca7"",""pdf_page"":216,""printed_page"":""189""}"
table_candidate,accepted,ibc2018:detection:544376133989d8a68d5a46d4,ibc2018:table:1f57866a4d56ff3e1c4b0942,0.99,detected_structure,provisional,"{""appendix"":null,""bbox"":[401.252,555.554,456.642,571.011],""chapter"":""7"",""line_id"":""poppler-line:537eacfe44e675b3a3f5"",""observed_text_sha256"":""79accf8e14f927d6a4d97117e76586e2bf5b1a329ca2394dc3572e70cd164ec5"",""pdf_page"":217,""printed_page"":""190""}"
table_candidate,accepted,ibc2018:detection:135c5802b093fe6162ed8056,ibc2018:table:76c63227553404a208e7688c,0.99,detected_structure,provisional,"{""appendix"":null,""bbox"":[155.197,72.033,210.452,87.489],""chapter"":""7"",""line_id"":""poppler-line:e72f50726d12fc8e0ccc"",""observed_text_sha256"":""7bef4e2a978a15c8b997077362b24e9236c85753dfa33223a31448839bdefdf7"",""pdf_page"":218,""printed_page"":""191""}"
table_candidate,accepted,ibc2018:detection:280f7782c1187ebcdf003585,ibc2018:table:ff0846116e6481d39c191cc1,0.99,detected_structure,provisional,"{""appendix"":null,""bbox"":[283.75,317.605,348.856,333.061],""chapter"":""7"",""line_id"":""poppler-line:c7ee2c9e4cfbc7104393"",""observed_text_sha256"":""727e74e194e75239c73866f498b96d6db36e4b7e991c4c5208d696507dcd28c5"",""pdf_page"":218,""printed_page"":""191""}"
table_candidate,accepted,ibc2018:detection:5d236aae0a94eb9c688884d7,ibc2018:table:2e5ff1733e6566a17089791e,0.99,detected_structure,provisional,"{""appendix"":null,""bbox"":[283.9,514.655,348.916,530.111],""chapter"":""7"",""line_id"":""poppler-line:bed5d206fc8293df4669"",""observed_text_sha256"":""ba064f8a55b4a033e4e5c6840711929b66fcc7d6aee631403e3a1483f320338f"",""pdf_page"":218,""printed_page"":""191""}"
table_candidate,accepted,ibc2018:detection:f09a3031876faadb830e5563,ibc2018:table:1d2c32918cc460ea3523fd97,0.99,detected_structure,provisional,"{""appendix"":null,""bbox"":[130.298,398.854,195.314,414.311],""chapter"":""7"",""line_id"":""poppler-line:0e54b4a38d5d4076eb18"",""observed_text_sha256"":""3b7c32afddc186d215bb11d1166a383be4405968d1136548b68ef719e1faf1e8"",""pdf_page"":219,""printed_page"":""192""}"
table_candidate,accepted,ibc2018:detection:1cadc8626215400780b92474,ibc2018:table:1c95b697bef53523f4402471,0.99,detected_structure,provisional,"{""appendix"":null,""bbox"":[130.298,501.454,195.314,516.911],""chapter"":""7"",""line_id"":""poppler-line:b562e2b35801d77be83a"",""observed_text_sha256"":""949f3304e289aa48ab304d043f95ba6bf0608d7876f19156d6c031f41afa892d"",""pdf_page"":219,""printed_page"":""192""}"
table_candidate,accepted,ibc2018:detection:7842bfb46eea897489953b61,ibc2018:table:73668c031e4c29fac5f9f09c,0.99,detected_structure,provisional,"{""appendix"":null,""bbox"":[130.28,611.849,195.296,627.306],""chapter"":""7"",""line_id"":""poppler-line:b9f6d18af5fdb97523c0"",""observed_text_sha256"":""80238fcf426883d3a9f2cc2dc38ba09afe039c18da05f98a3e13d227a48aa00c"",""pdf_page"":219,""printed_page"":""192""}"
table_candidate,accepted,ibc2018:detection:9324b70c3037ff1aa9d59e63,ibc2018:table:4202af3cdc18002177caf4bc,0.99,detected_structure,provisional,"{""appendix"":null,""bbox"":[396.334,71.991,461.35,87.447],""chapter"":""7"",""line_id"":""poppler-line:871ddc3206ec731802b4"",""observed_text_sha256"":""de4f30dda0a5e47cb79da829ca4d7e21bf81ce5856e10003be9372c4a5f84285"",""pdf_page"":219,""printed_page"":""192""}"
table_candidate,accepted,ibc2018:detection:80dfa3a2217ed0f77b1ff536,ibc2018:table:48e8782e394abd2c5748756f,0.99,detected_structure,provisional,"{""appendix"":null,""bbox"":[283.105,71.75,348.098,87.206],""chapter"":""7"",""line_id"":""poppler-line:6d2f43b2172fbcfd86c0"",""observed_text_sha256"":""56d3b4184c8540b85f1a357e93ce4e4783302b8db33fe7c27d107cc14d6e2747"",""pdf_page"":226,""printed_page"":""199""}"
table_candidate,accepted,ibc2018:detection:17ad120848eb34d2829840b9,ibc2018:table:387e76e96c014616607ea025,0.99,detected_structure,provisional,"{""appendix"":null,""bbox"":[284.35,600.805,349.366,616.261],""chapter"":""7"",""line_id"":""poppler-line:0a2a30a80a094967c2f7"",""observed_text_sha256"":""4b82458f74cef4428c9560aba128b12bf32cf1a44a8c47a9c59a57b761dea78f"",""pdf_page"":226,""printed_page"":""199""}"
table_candidate,accepted,ibc2018:detection:9f87851bdd3dadc32bfd874d,ibc2018:table:6d404c2af989cc07ba5a498f,0.99,detected_structure,provisional,"{""appendix"":null,""bbox"":[262.651,71.705,327.666,87.162],""chapter"":""7"",""line_id"":""poppler-line:c2655e0d297c4d4c3319"",""observed_text_sha256"":""1fb2e96645d9ec32e11c48a3d92f60f64626047136be17215cafa39961d69478"",""pdf_page"":227,""printed_page"":""200""}"
table_candidate,accepted,ibc2018:detection:90c99f2e74b1c065f83ab2db,ibc2018:table:389c38400a7fe96dc5754e39,0.99,detected_structure,provisional,"{""appendix"":null,""bbox"":[262.75,496.855,327.936,512.311],""chapter"":""7"",""line_id"":""poppler-line:d8eb2ebd8b3dbd847726"",""observed_text_sha256"":""00df1f139b45732595dee924c0ae91680d9746cf0714568b20d7a07b9f0d933f"",""pdf_page"":227,""printed_page"":""200""}"
table_candidate,merged_continuation_or_repeat,ibc2018:detection:2b0ff6da42e818ae2a869a68,ibc2018:table:389c38400a7fe96dc5754e39,0.99,detected_structure,provisional,"{""appendix"":null,""bbox"":[261.042,70.562,372.28,86.018],""chapter"":""7"",""line_id"":""poppler-line:0da6e1c1b637e6ed5780"",""observed_text_sha256"":""ae3074b9a5556c0f34a6a329e9eadddfff8187a989d71addf108b9765b8a841a"",""pdf_page"":228,""printed_page"":""201""}"
table_candidate,merged_continuation_or_repeat,ibc2018:detection:ea361dd384bc9512a6dc7971,ibc2018:table:389c38400a7fe96dc5754e39,0.99,detected_structure,provisional,"{""appendix"":null,""bbox"":[239.951,72.305,351.188,87.762],""chapter"":""7"",""line_id"":""poppler-line:aa17814ab50d81e6e97a"",""observed_text_sha256"":""ae3074b9a5556c0f34a6a329e9eadddfff8187a989d71addf108b9765b8a841a"",""pdf_page"":229,""printed_page"":""202""}"
table_candidate,accepted,ibc2018:detection:009d3b33374b17f6801b9ac8,ibc2018:table:1932d1ecc842054b5e31ee23,0.99,detected_structure,provisional,"{""appendix"":null,""bbox"":[282.256,71.297,347.272,86.753],""chapter"":""7"",""line_id"":""poppler-line:3aa67062c144c92cb58d"",""observed_text_sha256"":""02538b3ff2f78fd21e1d6c4d42534827733acf0d97f24cde8e1252014d5863e6"",""pdf_page"":230,""printed_page"":""203""}"
table_candidate,merged_continuation_or_repeat,ibc2018:detection:4202373ea0f32f540f8c8dc7,ibc2018:table:1932d1ecc842054b5e31ee23,0.99,detected_structure,provisional,"{""appendix"":null,""bbox"":[240.351,71.355,351.418,86.812],""chapter"":""7"",""line_id"":""poppler-line:a32ca11ef668715d939d"",""observed_text_sha256"":""1a711889d6338b0ad398d52376319dbe653748e4efc2f5c910e42155346f541e"",""pdf_page"":231,""printed_page"":""204""}"
table_candidate,accepted,ibc2018:detection:befb1da6acfdb8ce219d5db2,ibc2018:table:91ce9de498ce31d1066a8199,0.99,detected_structure,provisional,"{""appendix"":null,""bbox"":[284.406,71.297,349.479,86.753],""chapter"":""7"",""line_id"":""poppler-line:e5384c10c683a30b136c"",""observed_text_sha256"":""769ad7a8d834f396c657a0398f5e2f854b55cb90eb89e741f37d6e1866f1e06a"",""pdf_page"":232,""printed_page"":""205""}"
table_candidate,accepted,ibc2018:detection:0c685d48165669e5d6a78188,ibc2018:table:6d75ecf4bc9ec39abefa2257,0.99,detected_structure,provisional,"{""appendix"":null,""bbox"":[130.301,72.655,195.43,88.112],""chapter"":""7"",""line_id"":""poppler-line:154733914fbff8a6de3d"",""observed_text_sha256"":""4ed60d04b07c854159040c9e378fc8a9b9d056751b911cdcbf2c690a3b2740f0"",""pdf_page"":233,""printed_page"":""206""}"
table_candidate,accepted,ibc2018:detection:0fea56bf7d9e5936287ba332,ibc2018:table:6907087a8ff0326bbd70d9f3,0.99,detected_structure,provisional,"{""appendix"":null,""bbox"":[396.55,72.555,461.566,88.011],""chapter"":""7"",""line_id"":""poppler-line:bcfacb56e9e111403515"",""observed_text_sha256"":""27fc974054854345c4f0b42337e29e932ddb38ad61fc412a55b812c3a8a65374"",""pdf_page"":233,""printed_page"":""206""}"
table_candidate,accepted,ibc2018:detection:860f78ef3d63cbe14f53cf12,ibc2018:table:13e7d8c236e4fe2d20db7beb,0.99,detected_structure,provisional,"{""appendix"":null,""bbox"":[413.6,70.405,483.19,85.861],""chapter"":""7"",""line_id"":""poppler-line:6b9ae04b3e9bab72f339"",""observed_text_sha256"":""23ea8563ed4ecd57fa2039468c2aa926622f1275336444585ba3c26e29d1679c"",""pdf_page"":234,""printed_page"":""207""}"
table_candidate,accepted,ibc2018:detection:bee1855d6826883a9f7aa582,ibc2018:table:92242c7d8f2d41748eac26ef,0.99,detected_structure,provisional,"{""appendix"":null,""bbox"":[149.54,71.919,214.556,87.375],""chapter"":""7"",""line_id"":""poppler-line:7e681174241097b1c304"",""observed_text_sha256"":""9208495291604269f58f92c4f3ef4c43ff145ddee2e02983456ea6d36c1eb557"",""pdf_page"":234,""printed_page"":""207""}"
table_candidate,accepted,ibc2018:detection:1cd403e90962ab93ab721f24,ibc2018:table:202e84537d6906d7959adada,0.99,detected_structure,provisional,"{""appendix"":null,""bbox"":[263.351,71.255,328.343,86.712],""chapter"":""7"",""line_id"":""poppler-line:01769080bcbb5066123c"",""observed_text_sha256"":""1907fb58c529a7e5f1ee84e4ec4bb1df4a54c57569d1d15a678718790c89ac29"",""pdf_page"":235,""printed_page"":""208""}"
table_candidate,accepted,ibc2018:detection:ad89e50d86555083370c2125,ibc2018:table:1e1a4f19b6b73c7c1b70355d,0.99,detected_structure,provisional,"{""appendix"":null,""bbox"":[263.25,405.305,328.35,420.761],""chapter"":""7"",""line_id"":""poppler-line:6b1074decffecb4bd221"",""observed_text_sha256"":""a8c9ddc97c31e8b84ff562ed4db7218dca50608e49181ba0a7f8b35869fdaba3"",""pdf_page"":235,""printed_page"":""208""}"
table_candidate,accepted,ibc2018:detection:2fa72cf0f9437fab4e6eb734,ibc2018:table:4e6bd78cfc18b38a8602d5f4,0.99,detected_structure,provisional,"{""appendix"":null,""bbox"":[262.15,537.305,327.306,552.761],""chapter"":""7"",""line_id"":""poppler-line:2f593d6010769e693091"",""observed_text_sha256"":""1dde6d5c4a24dd4682f76a71d8c29556031bc47d10b5c3d405735e2656564b6f"",""pdf_page"":235,""printed_page"":""208""}"
table_candidate,accepted,ibc2018:detection:fc357bb4d1342373261b1424,ibc2018:table:6511b5a8130f2de560e1c516,0.99,detected_structure,provisional,"{""appendix"":null,""bbox"":[282.765,70.449,347.866,85.905],""chapter"":""7"",""line_id"":""poppler-line:b2993b18c94a7db28abe"",""observed_text_sha256"":""cbd6a7f81cbef082d297471790ca9607dfe2fb3e4816aca5bffe636d387c65c5"",""pdf_page"":236,""printed_page"":""209""}"
table_candidate,accepted,ibc2018:detection:02812febcf90fbe975986725,ibc2018:table:ee90e84a3c3a175518cb11af,0.99,detected_structure,provisional,"{""appendix"":null,""bbox"":[281.75,287.005,346.793,302.461],""chapter"":""7"",""line_id"":""poppler-line:d912c6851b1ee249ee09"",""observed_text_sha256"":""6ba7863955c145da9123dbb2f8d463c024bea09ece1e43d616f10f806a5a5c21"",""pdf_page"":236,""printed_page"":""209""}"
table_candidate,accepted,ibc2018:detection:5302f952864e1cab1432fa18,ibc2018:table:4f61139abdb3d41586f7b716,0.99,detected_structure,provisional,"{""appendix"":null,""bbox"":[288.8,71.955,341.722,87.411],""chapter"":""8"",""line_id"":""poppler-line:9fd39489ae18275e2eed"",""observed_text_sha256"":""64405bdf8adc0ccdab45bf579015237beb7dcfd468820d7fd819587a371b32fd"",""pdf_page"":240,""printed_page"":""213""}"
table_candidate,accepted,ibc2018:detection:3c0e483f40081d226a0e02f4,ibc2018:table:582024d2849175f15dc6aea8,0.99,detected_structure,provisional,"{""appendix"":null,""bbox"":[411.554,616.503,485.91,631.96],""chapter"":""9"",""line_id"":""poppler-line:176275c81725278ed0a3"",""observed_text_sha256"":""2682cca35cf880b2789e7662083ed7aba2cfb89b1d92523df3eb5e371a9f8bd9"",""pdf_page"":246,""printed_page"":""219""}"
table_candidate,accepted,ibc2018:detection:d6db7dd02e52e81f04df2bfb,ibc2018:table:e427b5d745910a87bd5868f9,0.99,detected_structure,provisional,"{""appendix"":null,""bbox"":[123.55,71.955,202.363,87.411],""chapter"":""9"",""line_id"":""poppler-line:4bca85cbc74adb675aa6"",""observed_text_sha256"":""025a2bf2e99315e6e58116cfeba880282c44b04c11307af01bb711eb1a9d9168"",""pdf_page"":249,""printed_page"":""222""}"
table_candidate,accepted,ibc2018:detection:f8f573ec9796bca495612056,ibc2018:table:d5ef504b428dba5a3f9d1230,0.99,detected_structure,provisional,"{""appendix"":null,""bbox"":[132.7,71.255,192.495,86.711],""chapter"":""9"",""line_id"":""poppler-line:c18c673e455a2354214a"",""observed_text_sha256"":""7bc30c94d9bf4bf4c6ebe806f01f97e4681523a42ca49300d908bad3087f1b4e"",""pdf_page"":257,""printed_page"":""230""}"
table_candidate,accepted,ibc2018:detection:cc872eb28b7b0a0cb2ac1c9a,ibc2018:table:46822b2911f23192f894797f,0.99,detected_structure,provisional,"{""appendix"":null,""bbox"":[393.45,71.355,464.326,86.811],""chapter"":""9"",""line_id"":""poppler-line:8e2d04269a6e50722c53"",""observed_text_sha256"":""dea5ba480407f54b0a7caae34f1555e62cb44712ccf6d2313a41ae00311c51c5"",""pdf_page"":257,""printed_page"":""230""}"
table_candidate,accepted,ibc2018:detection:99da8931916cf15da09d6b6e,ibc2018:table:035e2b71e10d68babf145c13,0.99,detected_structure,provisional,"{""appendix"":null,""bbox"":[394.676,307.408,465.413,322.865],""chapter"":""9"",""line_id"":""poppler-line:7b611ff38d05856e7603"",""observed_text_sha256"":""5fee3b21d6b411f17f8269af3db3cf2f653238446c5e1e9ce24476b6818bb8cb"",""pdf_page"":257,""printed_page"":""230""}"
table_candidate,accepted,ibc2018:detection:2390fe38345b197259ff6f69,ibc2018:table:bba0342167b9becc0955fa5a,0.99,detected_structure,provisional,"{""appendix"":null,""bbox"":[388.303,119.954,469.355,135.411],""chapter"":""9"",""line_id"":""poppler-line:45c3f88639e95586248c"",""observed_text_sha256"":""50bacfa51499876424ec270e1be91dad5ab8a83823e524fbb7668edc0ca9a41e"",""pdf_page"":267,""printed_page"":""240""}"
table_candidate,accepted,ibc2018:detection:6f0d36b321c5c5e8be211883,ibc2018:table:f4fbd8f1470822341a2e3156,0.99,detected_structure,provisional,"{""appendix"":null,""bbox"":[421.55,70.855,474.522,86.311],""chapter"":""10"",""line_id"":""poppler-line:eace9297497adea1163a"",""observed_text_sha256"":""97e4978bd653efbd0ad1303141e65784e421f25baed200e4b20ca5b1e7704922"",""pdf_page"":286,""printed_page"":""259""}"
table_candidate,accepted,ibc2018:detection:23877a7641ecd431ae82fcd1,ibc2018:table:0e416faf0a4bc38a62acb6c7,0.99,detected_structure,provisional,"{""appendix"":null,""bbox"":[265.9,383.705,324.527,399.161],""chapter"":""10"",""line_id"":""poppler-line:779e2c4af61fdbbf07b2"",""observed_text_sha256"":""16eb0df64fe1b6138753ece8b3dbd82e3d8f95d93fbc7efafa9808d16dc6f03a"",""pdf_page"":289,""printed_page"":""262""}"
table_candidate,accepted,ibc2018:detection:88d0b8f167687912603278b2,ibc2018:table:f7893eb194341bc7ae244539,0.99,detected_structure,provisional,"{""appendix"":null,""bbox"":[152.951,233.005,212.635,248.461],""chapter"":""10"",""line_id"":""poppler-line:0d4ec4c3e467fac0097b"",""observed_text_sha256"":""b834ab4b948256ce3eb3804f84ca533fccd00ac6d1fd3f818181ce41ea785ca6"",""pdf_page"":290,""printed_page"":""263""}"
table_candidate,accepted,ibc2018:detection:221a06331edc6c99a9e12482,ibc2018:table:ece8adf3e45ffdb0f9ccd453,0.99,detected_structure,provisional,"{""appendix"":null,""bbox"":[281.15,364.855,350.555,380.311],""chapter"":""10"",""line_id"":""poppler-line:9100fe5417e86efd6c93"",""observed_text_sha256"":""eedf702b44c9dba7264c2a5eaee5315f2b4df471e47eb6c2e67b2290be3de809"",""pdf_page"":290,""printed_page"":""263""}"
table_candidate,accepted,ibc2018:detection:4006810cf65f7d3ef5abd488,ibc2018:table:704f1550cd347bcc4dcf96c4,0.99,detected_structure,provisional,"{""appendix"":null,""bbox"":[280.55,521.855,350.063,537.311],""chapter"":""10"",""line_id"":""poppler-line:8438bfb7993b93d143ac"",""observed_text_sha256"":""55388fd6d7541ca4e51baf9effbeee5f8e61b34da48b2f5f00d7f9547a2c30f0"",""pdf_page"":290,""printed_page"":""263""}"
table_candidate,accepted,ibc2018:detection:01be911ad0cb19ff3ffdfd7a,ibc2018:table:068ad2029e6277a5b6223492,0.99,detected_structure,provisional,"{""appendix"":null,""bbox"":[410.753,557.004,487.003,572.461],""chapter"":""10"",""line_id"":""poppler-line:2a53f8974575f4c1be3c"",""observed_text_sha256"":""060a44b138d85d45d74bb294cd15717613a6c6d8fdbf21ba019a295aa652da29"",""pdf_page"":296,""printed_page"":""269""}"
table_candidate,accepted,ibc2018:detection:3f148dadc7b71f2f3c281da1,ibc2018:table:5baa771a0b8fbc8ec589ca5c,0.99,detected_structure,provisional,"{""appendix"":null,""bbox"":[124.75,71.955,201.08,87.412],""chapter"":""10"",""line_id"":""poppler-line:418e368461d060743cb9"",""observed_text_sha256"":""fe1971c6f6892177dd5f3f1417489e7f293d95dcf0f04645edd134e39471e690"",""pdf_page"":297,""printed_page"":""270""}"
table_candidate,accepted,ibc2018:detection:698710f334c3244df08d1470,ibc2018:table:445a5f2638692e4a09d41c29,0.99,detected_structure,provisional,"{""appendix"":null,""bbox"":[422.851,243.805,475.754,259.262],""chapter"":""10"",""line_id"":""poppler-line:106d2dac9c149f25ae70"",""observed_text_sha256"":""7170ab425df7d99d0949cbe5579ee9f49010f0c9167ad7b2dd2ed16133e83a71"",""pdf_page"":312,""printed_page"":""285""}"
table_candidate,accepted,ibc2018:detection:7258c419a1acd616e8a9c001,ibc2018:table:a3208b4225e1202802daf8d2,0.99,detected_structure,provisional,"{""appendix"":null,""bbox"":[422.25,71.955,474.124,87.412],""chapter"":""10"",""line_id"":""poppler-line:99a4d3c296513b6fd615"",""observed_text_sha256"":""263db362298966c36a7df13ffee8840ae055472a99fcea7f766e47f68468bfc4"",""pdf_page"":314,""printed_page"":""287""}"
table_candidate,accepted,ibc2018:detection:da5332eb342a2f0da6dcab32,ibc2018:table:6d7dd95da61c37ef996375f9,0.99,detected_structure,provisional,"{""appendix"":null,""bbox"":[422.249,455.106,475.181,470.562],""chapter"":""10"",""line_id"":""poppler-line:6331621985d18eb6f705"",""observed_text_sha256"":""82faf422535caa89d8a3f192113c0ad457877c1d82e5d9094252766af033cd1d"",""pdf_page"":314,""printed_page"":""287""}"
table_candidate,accepted,ibc2018:detection:3f853a679ec02c1446898560,ibc2018:table:63517ea5135d337631fa2bd0,0.99,detected_structure,provisional,"{""appendix"":null,""bbox"":[266.0,608.455,325.684,623.911],""chapter"":""10"",""line_id"":""poppler-line:5e6b1d6a79d724d461e8"",""observed_text_sha256"":""6c9ef48eb7e0462d644860b0e4ce020dcdd7203ebd469a97e6991b890fec8b88"",""pdf_page"":323,""printed_page"":""296""}"
table_candidate,accepted,ibc2018:detection:0f03db1aceee05365aed0982,ibc2018:table:3799ddb0b7cc8424624aa13e,0.99,detected_structure,provisional,"{""appendix"":null,""bbox"":[260.754,561.903,330.496,577.36],""chapter"":""10"",""line_id"":""poppler-line:6db3de480194ebd755e1"",""observed_text_sha256"":""91bd3419c730a6cfd4081fa931b9d7bc2c13a466d98479b0717b22ae852a0301"",""pdf_page"":327,""printed_page"":""300""}"
table_candidate,accepted,ibc2018:detection:f4d348dbe29c128f266ec3ca,ibc2018:table:8f2416a63c057609565383dd,0.99,detected_structure,provisional,"{""appendix"":null,""bbox"":[136.3,91.255,188.16,106.712],""chapter"":""11"",""line_id"":""poppler-line:ffd0821e02256c3fca7a"",""observed_text_sha256"":""8c244df9581fc3dbb2478c18f338a208c1704f677a2be49f16305495fe646bef"",""pdf_page"":335,""printed_page"":""308""}"
table_candidate,accepted,ibc2018:detection:80a5e70d115ff09090ef8887,ibc2018:table:76240e18249079b04b45b209,0.99,detected_structure,provisional,"{""appendix"":null,""bbox"":[262.15,526.405,327.332,541.861],""chapter"":""11"",""line_id"":""poppler-line:cdb63029006434d2a31a"",""observed_text_sha256"":""8d7331655f2a775285da823d090fe955f911e949c0eb951519db9a34c52c8c71"",""pdf_page"":337,""printed_page"":""310""}"
table_candidate,accepted,ibc2018:detection:00e45359591157c2d52d4f23,ibc2018:table:e7ffc91afeaaa1f1cb3713a3,0.99,detected_structure,provisional,"{""appendix"":null,""bbox"":[395.746,515.854,461.054,531.311],""chapter"":""11"",""line_id"":""poppler-line:973d32ffc466f2f02e33"",""observed_text_sha256"":""809937e8d6ca461595e81abde6243ba48b5b2d4cddb8bae52d2664d21a2095c1"",""pdf_page"":339,""printed_page"":""312""}"
table_candidate,accepted,ibc2018:detection:fe44d96d88623ec03ea0ce39,ibc2018:table:44a49c315bc2a7612c7a4d0e,0.99,detected_structure,provisional,"{""appendix"":null,""bbox"":[282.55,600.055,347.915,615.512],""chapter"":""11"",""line_id"":""poppler-line:01ff681420274b3b2319"",""observed_text_sha256"":""f1bd4b1c7d1876b3c378a1d8693c87a74ccf8515c6520cad86c1603e49afc549"",""pdf_page"":340,""printed_page"":""313""}"
table_candidate,accepted,ibc2018:detection:18733f4fe8f5a575e2657628,ibc2018:table:4b5190f68d7ab38d904054ba,0.99,detected_structure,provisional,"{""appendix"":null,""bbox"":[136.299,242.855,189.256,258.311],""chapter"":""11"",""line_id"":""poppler-line:9c5c27c53a5c7d5dc381"",""observed_text_sha256"":""d5abf3bf263678da480174cf9f801137d66bfaee8bdf019556aec87643383820"",""pdf_page"":341,""printed_page"":""314""}"
table_candidate,accepted,ibc2018:detection:9b52a1610c61083df37f3dcb,ibc2018:table:1a5a72e16645e6553deeddca,0.99,detected_structure,provisional,"{""appendix"":null,""bbox"":[149.6,305.004,213.704,320.461],""chapter"":""11"",""line_id"":""poppler-line:00bced1f69f35471d535"",""observed_text_sha256"":""44d7ac2067ebf204ae3ad9a609ca9a39b66eb7913ab39e1474469a347d551b69"",""pdf_page"":344,""printed_page"":""317""}"
table_candidate,accepted,ibc2018:detection:7f0629037c14790d5e3f9721,ibc2018:table:541368f107ee56811f6a6080,0.99,detected_structure,provisional,"{""appendix"":null,""bbox"":[263.753,522.455,329.217,537.912],""chapter"":""11"",""line_id"":""poppler-line:5b0f83c3357171f34401"",""observed_text_sha256"":""7e8b164f8ccab58087a278dd52d1dbb16f60ad3c9a0d2416e90f075dab7153ac"",""pdf_page"":345,""printed_page"":""318""}"
table_candidate,accepted,ibc2018:detection:94a04e0d16b86236e9fabef6,ibc2018:table:5adae94b3bd5f951f847dfa1,0.99,detected_structure,provisional,"{""appendix"":null,""bbox"":[269.35,575.605,322.321,591.061],""chapter"":""12"",""line_id"":""poppler-line:e8273ba588100339d38a"",""observed_text_sha256"":""4a47eabac4eb632e6edb609b2eb7cc22338874a3991cb4d8e5f0b723057c6597"",""pdf_page"":349,""printed_page"":""322""}"
table_candidate,accepted,ibc2018:detection:7698eddb512a9d77fce72e81,ibc2018:table:a9fbfd9e3935db691b6a9826,0.99,detected_structure,provisional,"{""appendix"":null,""bbox"":[155.85,71.605,208.782,87.061],""chapter"":""14"",""line_id"":""poppler-line:ad6a061eecc079ec07b1"",""observed_text_sha256"":""e82463e411696f57404e30bd67e764e3c133fd7ae10a4b1c0c1d87de8aae47e3"",""pdf_page"":358,""printed_page"":""331""}"
table_candidate,accepted,ibc2018:detection:5626d686392c3e8e9d6a8072,ibc2018:table:7509bf5e4c0fa5bfe7546da6,0.99,detected_structure,provisional,"{""appendix"":null,""bbox"":[419.0,411.655,478.571,427.111],""chapter"":""14"",""line_id"":""poppler-line:7a5ccfb44c21a8893a02"",""observed_text_sha256"":""541350355e73304ea2002fef66b8f9c99d6470d3c80bbe33718e095933eb277f"",""pdf_page"":358,""printed_page"":""331""}"
table_candidate,accepted,ibc2018:detection:17a809f3038ccb8bffb1339e,ibc2018:table:635606787dd285cda223b947,0.99,detected_structure,provisional,"{""appendix"":null,""bbox"":[392.351,309.803,465.322,325.26],""chapter"":""14"",""line_id"":""poppler-line:0d62253f7d44052ef0f7"",""observed_text_sha256"":""3fc043b2ab96be9629d7d54c9d17e2c310042ae6673e3576d03efab7193d6e67"",""pdf_page"":363,""printed_page"":""336""}"
table_candidate,accepted,ibc2018:detection:e95d202a3a026d746b9c6b22,ibc2018:table:393a5539494fe52bbc6299aa,0.99,detected_structure,provisional,"{""appendix"":null,""bbox"":[260.153,544.052,331.057,559.509],""chapter"":""14"",""line_id"":""poppler-line:57ab3786e57a4532d800"",""observed_text_sha256"":""38aedffcc471bdf91915452c01fab06ca5bf9d23d0cf14a081c8c07d8b444545"",""pdf_page"":365,""printed_page"":""338""}"
table_candidate,accepted,ibc2018:detection:2b2b83880b5e8e2bc2f3de53,ibc2018:table:a0af6206b18aa595d84203f8,0.99,detected_structure,provisional,"{""appendix"":null,""bbox"":[265.9,556.055,324.463,571.511],""chapter"":""15"",""line_id"":""poppler-line:fa3c8dd0e7df7a95d0e1"",""observed_text_sha256"":""b41f02b835532d9f0bde543e7893afd4be6069c9684d36628c726441c83fe7d6"",""pdf_page"":369,""printed_page"":""342""}"
table_candidate,accepted,ibc2018:detection:f9d7e72d9046f80f96d34fd0,ibc2018:table:3f594a4339cb82453b9e961f,0.99,detected_structure,provisional,"{""appendix"":null,""bbox"":[156.348,403.054,209.496,418.511],""chapter"":""15"",""line_id"":""poppler-line:9c1ac1c23b61c075999e"",""observed_text_sha256"":""d3e83911b01047ada4e14e3360a834dc66f9f5ff425ae1e2be211c0d1001c94f"",""pdf_page"":370,""printed_page"":""343""}"
table_candidate,accepted,ibc2018:detection:aa6a64f7bbc04d58702d5894,ibc2018:table:ef1447a72d0615d95e79648b,0.99,detected_structure,provisional,"{""appendix"":null,""bbox"":[418.15,488.955,479.634,504.412],""chapter"":""15"",""line_id"":""poppler-line:a13a849b6a76c60e2086"",""observed_text_sha256"":""391908e8de54007a0b17c2cafa99d8b3bd44548c29cbf14b81abb1646d2da644"",""pdf_page"":370,""printed_page"":""343""}"
table_candidate,accepted,ibc2018:detection:343278d93133091f5c9f431b,ibc2018:table:d681fc459a510da40800df68,0.99,detected_structure,provisional,"{""appendix"":null,""bbox"":[281.15,437.855,350.556,453.311],""chapter"":""15"",""line_id"":""poppler-line:18f1f8becb20a6c962eb"",""observed_text_sha256"":""590a3b9e18dedaa393d56282cc1e4ed0f2c23dd41be0b07a7b60d157174e45eb"",""pdf_page"":372,""printed_page"":""345""}"
table_candidate,accepted,ibc2018:detection:8248466460363f7a2acc4fe7,ibc2018:table:5c4585fb8cb98f851d5e2896,0.99,detected_structure,provisional,"{""appendix"":null,""bbox"":[261.8,71.855,331.398,87.312],""chapter"":""15"",""line_id"":""poppler-line:370907d693c6ab7ff2a0"",""observed_text_sha256"":""3daedefa9a870e9b716ff2390096ea3f3fae55cc3dd4cc7d0a23205df5b14972"",""pdf_page"":373,""printed_page"":""346""}"
table_candidate,accepted,ibc2018:detection:19a2e1d285993f8e40a660cb,ibc2018:table:501cb7a9a6ca4220a6b30301,0.99,detected_structure,provisional,"{""appendix"":null,""bbox"":[280.55,71.855,349.978,87.311],""chapter"":""15"",""line_id"":""poppler-line:9bb77f6a1361faee8ddd"",""observed_text_sha256"":""5b0a188d4d45479dd68e347263633e09c4d06d4d88337a4cc446b1001d4c1f9d"",""pdf_page"":374,""printed_page"":""347""}"
table_candidate,accepted,ibc2018:detection:e08015fa3ee6355723966901,ibc2018:table:2b4f559493dd894d47f31e50,0.99,detected_structure,provisional,"{""appendix"":null,""bbox"":[262.75,555.805,329.073,571.261],""chapter"":""15"",""line_id"":""poppler-line:fc08a62b6d01cf8d4cf6"",""observed_text_sha256"":""9573222d93edd41cdddebda2f81484573e897b19d27fe6eb53ca96e33db7ef26"",""pdf_page"":375,""printed_page"":""348""}"
table_candidate,accepted,ibc2018:detection:6a50f317609546da163c0a6a,ibc2018:table:845a411588d821d80d4c1f22,0.99,detected_structure,provisional,"{""appendix"":null,""bbox"":[290.403,66.602,350.222,82.058],""chapter"":""15"",""line_id"":""poppler-line:970ff48e5664902d078e"",""observed_text_sha256"":""3f73fdf29aa531f4b6d06de07770eeff1b1f79694d465ff972f6954f6c7b67cc"",""pdf_page"":376,""printed_page"":""349""}"
table_candidate,accepted,ibc2018:detection:498f865bd90ed73d144f2080,ibc2018:table:994f8d44aa3dc23afb7840cb,0.99,detected_structure,provisional,"{""appendix"":null,""bbox"":[127.75,185.955,197.212,201.411],""chapter"":""15"",""line_id"":""poppler-line:a84801e230fff7286c0c"",""observed_text_sha256"":""dae8b69a6335e20e7d4a87387e8106188e532d651898cd1d8af4810be9015daf"",""pdf_page"":377,""printed_page"":""350""}"
table_candidate,accepted,ibc2018:detection:569511ea1c3d087434a51aae,ibc2018:table:f9192f7b6412f4c06f796a3b,0.99,detected_structure,provisional,"{""appendix"":null,""bbox"":[127.841,608.97,197.354,624.427],""chapter"":""15"",""line_id"":""poppler-line:fb91a2e3c47f89b6428f"",""observed_text_sha256"":""270788f3f05bbf1fef6dbb87f5a91b7d9bbf464a2e0edaaa9eb7f491574a754b"",""pdf_page"":377,""printed_page"":""350""}"
table_candidate,accepted,ibc2018:detection:f2e6c0b6d1e052d972db55c0,ibc2018:table:749d6c9dd38bf4992b961b23,0.99,detected_structure,provisional,"{""appendix"":null,""bbox"":[152.949,408.054,212.592,423.511],""chapter"":""15"",""line_id"":""poppler-line:54f04fd8cfc4e791651a"",""observed_text_sha256"":""5e41e39add6acda8a301bfccf3b1572f2e4caa03ac1232fd1fc75f57a87310ee"",""pdf_page"":378,""printed_page"":""351""}"
table_candidate,accepted,ibc2018:detection:c5a75bdb1c4ec004b4665132,ibc2018:table:e966d9d8144562fa42727876,0.99,detected_structure,provisional,"{""appendix"":null,""bbox"":[419.0,231.655,478.724,247.112],""chapter"":""15"",""line_id"":""poppler-line:6a14f04974527207a33a"",""observed_text_sha256"":""63b982b9a6833399354d6b26f71ce680c327891bcc17ee5989b28a6d41478f5d"",""pdf_page"":378,""printed_page"":""351""}"
table_candidate,accepted,ibc2018:detection:5c294f6ebc9d023b1f6e80b1,ibc2018:table:7dd3060825162a6024f3b704,0.99,detected_structure,provisional,"{""appendix"":null,""bbox"":[418.999,452.255,478.819,467.711],""chapter"":""15"",""line_id"":""poppler-line:c6ab4bcf4a78db893be3"",""observed_text_sha256"":""a34b15aa450a91fdec083e3ad2534fe1fb3e493570e23e87f4a22cabaf7c1f49"",""pdf_page"":378,""printed_page"":""351""}"
table_candidate,accepted,ibc2018:detection:f34c072831c686898eb0eb57,ibc2018:table:c7748b2af8814deb9fba7935,0.99,detected_structure,provisional,"{""appendix"":null,""bbox"":[269.0,282.805,322.035,298.261],""chapter"":""15"",""line_id"":""poppler-line:23575e41ad4af1dd0b2e"",""observed_text_sha256"":""a7659fcd7f206ba2b6ee84c99341ac9e55b7df9ff2b3a35def2911cf7b64fc3b"",""pdf_page"":379,""printed_page"":""352""}"
table_candidate,accepted,ibc2018:detection:e18edadfb3bb0b3df21b39cc,ibc2018:table:4ee59a8483a9d92212cd6b58,0.99,detected_structure,provisional,"{""appendix"":null,""bbox"":[152.951,212.955,212.593,228.411],""chapter"":""15"",""line_id"":""poppler-line:fd0ee15d074834351d8a"",""observed_text_sha256"":""6c38e416ecff9fc6805140871961c43f7b86970cbe382ab4216baa38e9d6694a"",""pdf_page"":380,""printed_page"":""353""}"
table_candidate,accepted,ibc2018:detection:771b9d9bb585fb1eea93f360,ibc2018:table:8ed4d5a197afa1347b6e8931,0.99,detected_structure,provisional,"{""appendix"":null,""bbox"":[286.3,546.205,346.088,561.661],""chapter"":""15"",""line_id"":""poppler-line:568f0ce3c960bf9121a0"",""observed_text_sha256"":""7f55df2637f819cf6ba91df22cc35142651709877566c21c7e2445f0cbc8a3e6"",""pdf_page"":380,""printed_page"":""353""}"
table_candidate,accepted,ibc2018:detection:828b766d19412efecf232a54,ibc2018:table:b0428e5c145f856c2306b0ea,0.99,detected_structure,provisional,"{""appendix"":null,""bbox"":[130.751,277.405,194.855,292.861],""chapter"":""15"",""line_id"":""poppler-line:e9cef10f74cf0c2554c4"",""observed_text_sha256"":""ea1eaf6a5e9da7cdb342db7eda3e28a09bc09c837942b3de93a9ca378f86aad4"",""pdf_page"":381,""printed_page"":""354""}"
table_candidate,accepted,ibc2018:detection:d5cc7f54367c6eda57b8feed,ibc2018:table:587bebcc54ce66c66de3f75f,0.99,detected_structure,provisional,"{""appendix"":null,""bbox"":[396.801,518.255,460.944,533.712],""chapter"":""15"",""line_id"":""poppler-line:c9f9bb995df1ed588666"",""observed_text_sha256"":""8eaf35a798a0467fa5833a6b516242045d85fea09afb561dce6849c967888641"",""pdf_page"":381,""printed_page"":""354""}"
table_candidate,accepted,ibc2018:detection:cfdf4fe7cce64bc0626fcf1e,ibc2018:table:625cddc42a369ac15135f653,0.99,detected_structure,provisional,"{""appendix"":null,""bbox"":[127.151,310.055,198.355,325.512],""chapter"":""15"",""line_id"":""poppler-line:7aeead63f57d1dfc0b62"",""observed_text_sha256"":""90b9b4b71f94591d7cc8a83b68ed643d9d531151850dab9841a81fae71aecacf"",""pdf_page"":383,""printed_page"":""356""}"
table_candidate,accepted,ibc2018:detection:2eae518014e9a2dc284bef46,ibc2018:table:20eab036d56817269521a2ac,0.99,detected_structure,provisional,"{""appendix"":null,""bbox"":[289.15,72.205,342.178,87.661],""chapter"":""16"",""line_id"":""poppler-line:bf3e7a79d8c82a175197"",""observed_text_sha256"":""aacbec893678f700cc74481c01212819234a13ac01824d8d4b4878205fd13900"",""pdf_page"":390,""printed_page"":""363""}"
table_candidate,accepted,ibc2018:detection:ffef67202e92a29fc925a7ca,ibc2018:table:b08334b4ddc75b7ac820235d,0.99,detected_structure,provisional,"{""appendix"":null,""bbox"":[269.25,260.105,322.222,275.561],""chapter"":""16"",""line_id"":""poppler-line:165a9a18edcbfce639a3"",""observed_text_sha256"":""db8ec1f0e2767656a925dc0cd4e6746fcb10c4d19dacfe3a693be13298146d9b"",""pdf_page"":391,""printed_page"":""364""}"
table_candidate,accepted,ibc2018:detection:3ca11be6d43b7d004bfdcd04,ibc2018:table:a60a1293f6d3aae0428bc5a1,0.99,detected_structure,provisional,"{""appendix"":null,""bbox"":[379.302,71.303,478.458,86.759],""chapter"":""16"",""line_id"":""poppler-line:b6b480606256bfb566c6"",""observed_text_sha256"":""7880ec8d0f476ddac301afc9fdaa42f0621ec17afbf46f83c05302c784fa762d"",""pdf_page"":395,""printed_page"":""368""}"
table_candidate,merged_continuation_or_repeat,ibc2018:detection:b21770056cddee589ac022b0,ibc2018:table:a60a1293f6d3aae0428bc5a1,0.99,detected_structure,provisional,"{""appendix"":null,""bbox"":[136.4,71.355,188.332,86.812],""chapter"":""16"",""line_id"":""poppler-line:5eba5a63c12e344c6eed"",""observed_text_sha256"":""f8696e8e0f252391ff4789abe7497da07c999848b2231b8135d78cfd1f47e50c"",""pdf_page"":395,""printed_page"":""368""}"
table_candidate,merged_continuation_or_repeat,ibc2018:detection:cfede2a4ed779ef309fb5233,ibc2018:table:a60a1293f6d3aae0428bc5a1,0.99,detected_structure,provisional,"{""appendix"":null,""bbox"":[399.082,70.577,498.181,86.033],""chapter"":""16"",""line_id"":""poppler-line:68ad119d202eb5da55e7"",""observed_text_sha256"":""7880ec8d0f476ddac301afc9fdaa42f0621ec17afbf46f83c05302c784fa762d"",""pdf_page"":396,""printed_page"":""369""}"
table_candidate,merged_continuation_or_repeat,ibc2018:detection:c968b7cc87ea07c812734182,ibc2018:table:a60a1293f6d3aae0428bc5a1,0.99,detected_structure,provisional,"{""appendix"":null,""bbox"":[133.05,71.855,232.15,87.311],""chapter"":""16"",""line_id"":""poppler-line:c3fed2b26c4fb812e6bb"",""observed_text_sha256"":""7880ec8d0f476ddac301afc9fdaa42f0621ec17afbf46f83c05302c784fa762d"",""pdf_page"":396,""printed_page"":""369""}"
table_candidate,accepted,ibc2018:detection:5ef1b91085d97b40fca7a9b2,ibc2018:table:4a9e034589a018851a8ffc38,0.99,detected_structure,provisional,"{""appendix"":null,""bbox"":[416.752,98.004,479.841,113.461],""chapter"":""16"",""line_id"":""poppler-line:b1d2cc0c3d9cb2697932"",""observed_text_sha256"":""fc5e4818a31ef8b2af1f477164c66634fe771e75b73c472fb2a47c4d261852cb"",""pdf_page"":398,""printed_page"":""371""}"
table_candidate,accepted,ibc2018:detection:0b8b0b220c7db9132c684194,ibc2018:table:5e21679bb7f926d62dccf13e,0.99,detected_structure,provisional,"{""appendix"":null,""bbox"":[269.6,563.005,322.589,578.461],""chapter"":""16"",""line_id"":""poppler-line:7014f4b419726b6698a6"",""observed_text_sha256"":""65c764ad462304f9f6d1d71faf1552c48a87b1ab3cf3b167648c7c96422a9a26"",""pdf_page"":401,""printed_page"":""374""}"
table_candidate,accepted,ibc2018:detection:046e545fb209dd0f81fe9cdc,ibc2018:table:c2cc8c0c6f529968ff617229,0.99,detected_structure,provisional,"{""appendix"":null,""bbox"":[289.65,554.355,342.695,569.811],""chapter"":""16"",""line_id"":""poppler-line:a248dc597be3bd0467ef"",""observed_text_sha256"":""b7ad7e14d991c26a993a61cf04dfe88bed59e82beb7226c3e0919275363661de"",""pdf_page"":402,""printed_page"":""375""}"
table_candidate,accepted,ibc2018:detection:bc3c4de6ca610667dedd8200,ibc2018:table:e102edc1f45199d84d2cc9c7,0.99,detected_structure,provisional,"{""appendix"":null,""bbox"":[266.0,646.055,324.627,661.511],""chapter"":""16"",""line_id"":""poppler-line:21b38840701e5a1fc713"",""observed_text_sha256"":""186c52198de923be3a795a016dd5b8865a4a94d6fadad6320eea3b9b36472c13"",""pdf_page"":405,""printed_page"":""378""}"
table_candidate,accepted,ibc2018:detection:4f7c9a2a323fe38409d981cd,ibc2018:table:e23bab4bf4c2ade3f235ef6c,0.99,detected_structure,provisional,"{""appendix"":null,""bbox"":[268.75,384.055,320.596,399.511],""chapter"":""16"",""line_id"":""poppler-line:5f14615da4ce68d5a34f"",""observed_text_sha256"":""09b2be402ccf419e8024a6ab6ba7fd2d7ae01d371b3fd66a8a2de8584f11a845"",""pdf_page"":419,""printed_page"":""392""}"
table_candidate,accepted,ibc2018:detection:0332f83821a9626d58f49e43,ibc2018:table:0a75ccdda774ec4e5b6feace,0.99,detected_structure,provisional,"{""appendix"":null,""bbox"":[281.25,548.955,350.712,564.411],""chapter"":""16"",""line_id"":""poppler-line:7481839b06f41c850c7b"",""observed_text_sha256"":""5d80d1be3d62f79b511688007446b8c9a31c4fddaa1fd10c7f9d2e88824675f9"",""pdf_page"":426,""printed_page"":""399""}"
table_candidate,accepted,ibc2018:detection:74f932e22a01f3291428ca08,ibc2018:table:23f66b761b8f912ab1327256,0.99,detected_structure,provisional,"{""appendix"":null,""bbox"":[261.1,72.805,330.583,88.262],""chapter"":""16"",""line_id"":""poppler-line:7003df0c7d9597bddd20"",""observed_text_sha256"":""b9e9e130cfd59d308e1d8548fbb0193dc024eb7460bfef001c9a23db23218113"",""pdf_page"":427,""printed_page"":""400""}"
table_candidate,accepted,ibc2018:detection:7faf2b88b14661a34ec097e1,ibc2018:table:8a019a519a4fe42c4bf1dfdf,0.99,detected_structure,provisional,"{""appendix"":null,""bbox"":[261.45,350.105,330.912,365.561],""chapter"":""16"",""line_id"":""poppler-line:0692be52900a48788ef4"",""observed_text_sha256"":""f811b085f62d37099208daedea2035211a342c98671dd938dd351ab10bc3cded"",""pdf_page"":427,""printed_page"":""400""}"
table_candidate,accepted,ibc2018:detection:31d4eb1bcb86d2b4eeb5b868,ibc2018:table:c046966eaee23278f9653862,0.99,detected_structure,provisional,"{""appendix"":null,""bbox"":[260.5,557.255,330.153,572.711],""chapter"":""16"",""line_id"":""poppler-line:1df90febba67a203870e"",""observed_text_sha256"":""1daa09637f003889742e93ea0d65a8550fccd35af9089c899192911ef451d4a2"",""pdf_page"":427,""printed_page"":""400""}"
table_candidate,accepted,ibc2018:detection:5b4f2d94fe05a847026bb0fa,ibc2018:table:f727d41b5c10818bcc0f4f49,0.99,detected_structure,provisional,"{""appendix"":null,""bbox"":[286.443,71.297,346.053,86.753],""chapter"":""17"",""line_id"":""poppler-line:379032d877bba4ef0c69"",""observed_text_sha256"":""5cfeb4bc59895c8aa029617699ab505486a20b49a7113a8703e935b902a7e2e2"",""pdf_page"":446,""printed_page"":""419""}"
table_candidate,accepted,ibc2018:detection:eb7b5aa1f500506ca19757de,ibc2018:table:77da12fde42aff0d37c39d61,0.99,detected_structure,provisional,"{""appendix"":null,""bbox"":[268.649,72.204,321.734,87.661],""chapter"":""17"",""line_id"":""poppler-line:e69e38eac4a7c3a92b8f"",""observed_text_sha256"":""66767fa00b22fbeccb946bc3567ec883c9bda9990255a8998e93976050c9b0bc"",""pdf_page"":447,""printed_page"":""420""}"
table_candidate,accepted,ibc2018:detection:f778976e1b0dac47189a9e9b,ibc2018:table:17d7b4c803c54e8961a975db,0.99,detected_structure,provisional,"{""appendix"":null,""bbox"":[289.55,71.955,342.553,87.411],""chapter"":""17"",""line_id"":""poppler-line:73abcfdcb8fa87a080b6"",""observed_text_sha256"":""92067879ea53e228a61b5ad76c485ba36ba550944659e48b9762caefbeadfce3"",""pdf_page"":448,""printed_page"":""421""}"
table_candidate,accepted,ibc2018:detection:375be29cda63289191381114,ibc2018:table:c387df08357d186603bdb439,0.99,detected_structure,provisional,"{""appendix"":null,""bbox"":[288.55,228.905,341.674,244.361],""chapter"":""17"",""line_id"":""poppler-line:3681095ce79548cb385a"",""observed_text_sha256"":""77c85b51889ae48bfffcda811b3ec9fd19838ab32f5e3c5887cf7fa006bf8054"",""pdf_page"":448,""printed_page"":""421""}"
table_candidate,accepted,ibc2018:detection:e3dd0d5075ae363a9d9a7a43,ibc2018:table:2124f227fd056a85ce74aa39,0.99,detected_structure,provisional,"{""appendix"":null,""bbox"":[289.15,616.154,342.185,631.611],""chapter"":""17"",""line_id"":""poppler-line:8702a9dc1d781ab8f4ab"",""observed_text_sha256"":""51632b4bf3e42725e64b6dd271c8195a75bc9e2913847f089c38b1a51d4e27b6"",""pdf_page"":448,""printed_page"":""421""}"
table_candidate,accepted,ibc2018:detection:e29159473d59a15cd1f718e7,ibc2018:table:96e991d23905ba1f3137d644,0.99,detected_structure,provisional,"{""appendix"":null,""bbox"":[269.15,567.305,322.082,582.761],""chapter"":""18"",""line_id"":""poppler-line:b5effe8cc6d0a7f0a120"",""observed_text_sha256"":""2f13839dcdfeccd707ab01f637daa2f18993959b662f88bf08cb6aa9142f2a56"",""pdf_page"":461,""printed_page"":""434""}"
table_candidate,accepted,ibc2018:detection:079ef8afd15494fe236b14c8,ibc2018:table:2e1017ad263a3271f68f3fa8,0.99,detected_structure,provisional,"{""appendix"":null,""bbox"":[261.7,61.755,328.072,77.211],""chapter"":""18"",""line_id"":""poppler-line:1dbb4a500c6d51ee31f3"",""observed_text_sha256"":""809ed7a83c87227931c6ab998ed70eea0d2be3841794f1bd86c2c51a98c631fb"",""pdf_page"":463,""printed_page"":""436""}"
table_candidate,accepted,ibc2018:detection:54977d85e68dbd23f1264ef5,ibc2018:table:0caeed612959c4a38a05d133,0.99,detected_structure,provisional,"{""appendix"":null,""bbox"":[276.7,72.205,352.837,87.661],""chapter"":""18"",""line_id"":""poppler-line:3d5187de7af06372c154"",""observed_text_sha256"":""a9f6b05d3aa8ecd90cd431475640148539b43b71607f6178f8916ec5e2fdf5a6"",""pdf_page"":464,""printed_page"":""437""}"
table_candidate,accepted,ibc2018:detection:ccbf7be56ebbd011c84014cd,ibc2018:table:ae52d51344e3f6a49a172089,0.99,detected_structure,provisional,"{""appendix"":null,""bbox"":[256.4,65.105,332.771,80.561],""chapter"":""18"",""line_id"":""poppler-line:3601fa26f45615fae7e9"",""observed_text_sha256"":""cd523ca2b485b8e72facb835ecdf84b038e76a8708b67c3fe787e0cf90788b17"",""pdf_page"":465,""printed_page"":""438""}"
table_candidate,accepted,ibc2018:detection:cac55d8c6711b5723d7074c5,ibc2018:table:08e0f98b48cdfaebe64bde5b,0.99,detected_structure,provisional,"{""appendix"":null,""bbox"":[278.849,71.254,355.05,86.711],""chapter"":""18"",""line_id"":""poppler-line:c747addd9d1d20f67466"",""observed_text_sha256"":""083fd7a2f10e28137e88dcca1a11617d31abe8af2eed5ed8aa1f7656d47a1232"",""pdf_page"":466,""printed_page"":""439""}"
table_candidate,accepted,ibc2018:detection:f278e2572d6c76cc099ffe2e,ibc2018:table:87229d8a94db386693749deb,0.99,detected_structure,provisional,"{""appendix"":null,""bbox"":[257.755,72.205,333.843,87.662],""chapter"":""18"",""line_id"":""poppler-line:f3e03f81348105529665"",""observed_text_sha256"":""0e067e56f078523bd39a7ee418ed5aee1a2d2d86f30ac32c7781d26377413c97"",""pdf_page"":467,""printed_page"":""440""}"
table_candidate,accepted,ibc2018:detection:2d558b8412cead7867d5a148,ibc2018:table:4a4e7b9605bd20f5dd9932df,0.99,detected_structure,provisional,"{""appendix"":null,""bbox"":[264.803,357.055,323.431,372.512],""chapter"":""18"",""line_id"":""poppler-line:251d6438ac7f8820d599"",""observed_text_sha256"":""f8cc38f5220c3157da3e87d6eddd92530e572090d22cc7ac7c2033c40ab1ca4c"",""pdf_page"":469,""printed_page"":""442""}"
table_candidate,accepted,ibc2018:detection:7e44fb707b020180ed1a6a2a,ibc2018:table:babff415e8758ec8dc50a6b3,0.99,detected_structure,provisional,"{""appendix"":null,""bbox"":[266.0,531.205,325.685,546.661],""chapter"":""18"",""line_id"":""poppler-line:0e9940b333097ae5f0b6"",""observed_text_sha256"":""08887b0a578a844169a375ed78619adaaef5f2fb98ee7f913c51d427ab21c83c"",""pdf_page"":469,""printed_page"":""442""}"
table_candidate,accepted,ibc2018:detection:ea8f0d2446f69a8d4d10745e,ibc2018:table:440df08862c984706461a310,0.99,detected_structure,provisional,"{""appendix"":null,""bbox"":[422.25,338.855,475.317,354.311],""chapter"":""18"",""line_id"":""poppler-line:7e7777b70cedbf76c283"",""observed_text_sha256"":""ef17ea42480fcc666c8832928aad852bff8aa9812c9b382c13a8cac80ae46bb9"",""pdf_page"":470,""printed_page"":""443""}"
table_candidate,accepted,ibc2018:detection:2c48eaf74eb7300820ae7485,ibc2018:table:a5335a953ff1cec16cda31db,0.99,detected_structure,provisional,"{""appendix"":null,""bbox"":[282.2,70.654,348.565,86.111],""chapter"":""18"",""line_id"":""poppler-line:3d6676a293562095eabb"",""observed_text_sha256"":""2f92f9b9f20cd2335356a9701756e8b1b7da5218025df362886c6b2b05e57b2f"",""pdf_page"":474,""printed_page"":""447""}"
table_candidate,accepted,ibc2018:detection:2fdf7fc8b8f44ecd97200cb9,ibc2018:table:b2fd0006d1ffef6c48aa8deb,0.99,detected_structure,provisional,"{""appendix"":null,""bbox"":[133.05,71.955,192.646,87.412],""chapter"":""21"",""line_id"":""poppler-line:4d9a14bc7776bffa2ca8"",""observed_text_sha256"":""5480a094ecbb4bd8c41171bc15e30b427da75899e2205af295bfb109a5fbbf31"",""pdf_page"":495,""printed_page"":""468""}"
table_candidate,accepted,ibc2018:detection:19ae7be73b09d732f28523c5,ibc2018:table:e3c1266e72dd0c76a3351283,0.99,detected_structure,provisional,"{""appendix"":null,""bbox"":[129.7,588.905,195.065,604.361],""chapter"":""21"",""line_id"":""poppler-line:c09135ff023a825d7044"",""observed_text_sha256"":""96f811566d182f52bdba85cef4a99c5e375dfff1ed24a6236ed28fc0b11cb17d"",""pdf_page"":497,""printed_page"":""470""}"
table_candidate,accepted,ibc2018:detection:1d4806c13caf0a6c05d3b4d2,ibc2018:table:854c8b89820f83048fcf769f,0.99,detected_structure,provisional,"{""appendix"":null,""bbox"":[149.201,440.99,216.457,456.446],""chapter"":""21"",""line_id"":""poppler-line:0fc170a10efe32e7f8b8"",""observed_text_sha256"":""f9d29e1c6df9e870548fc76b8c3d1ff8d7cafa6dd2260642a3ba66057889e788"",""pdf_page"":504,""printed_page"":""477""}"
table_candidate,accepted,ibc2018:detection:40d1cd473c11cafebefdd64b,ibc2018:table:807e29b9b20d254b4061240d,0.99,detected_structure,provisional,"{""appendix"":null,""bbox"":[415.194,440.999,482.487,456.456],""chapter"":""21"",""line_id"":""poppler-line:8ef09c46754aa2c4198b"",""observed_text_sha256"":""c9f34a47ab81dfabfc17d74c3385ccf41c18465cab1ab2c0d6fe55718d1d2e34"",""pdf_page"":504,""printed_page"":""477""}"
table_candidate,accepted,ibc2018:detection:a9b9bb855111247eaa1b4015,ibc2018:table:0749dc4e9918f2f117597b66,0.99,detected_structure,provisional,"{""appendix"":null,""bbox"":[402.352,254.954,455.374,270.411],""chapter"":""21"",""line_id"":""poppler-line:1daf94a74e65fc9622e2"",""observed_text_sha256"":""df13599683ecb55f314d88a775988ea71355aa1035a1ef892d8dede3a32e64ac"",""pdf_page"":505,""printed_page"":""478""}"
table_candidate,accepted,ibc2018:detection:9f5bce43d66a185d2480b715,ibc2018:table:a9e89914501666eedd50ad71,0.99,detected_structure,provisional,"{""appendix"":null,""bbox"":[264.8,71.855,323.554,87.311],""chapter"":""23"",""line_id"":""poppler-line:c13ee6fe8197429ec3d9"",""observed_text_sha256"":""f3acdf380600aab9298c6b22a053b62c4cf6f40d263279f120c1756862f370f5"",""pdf_page"":515,""printed_page"":""488""}"
table_candidate,accepted,ibc2018:detection:ef4b0e9f399ee16e8813381c,ibc2018:table:faac945a57aa3da02d50c1e7,0.99,detected_structure,provisional,"{""appendix"":null,""bbox"":[264.2,584.355,327.043,599.811],""chapter"":""23"",""line_id"":""poppler-line:14f8f9b3c54fef88558b"",""observed_text_sha256"":""113ef4d5b3307b618e85f23911432d4c4221878185172a386bcaeeb724a2ce03"",""pdf_page"":515,""printed_page"":""488""}"
table_candidate,accepted,ibc2018:detection:bb83af18d8704672fe8f4635,ibc2018:table:70c08f30ce45526a33dfa0fe,0.99,detected_structure,provisional,"{""appendix"":null,""bbox"":[284.0,71.605,346.945,87.061],""chapter"":""23"",""line_id"":""poppler-line:802ed9da7547192c4881"",""observed_text_sha256"":""135c98458474c0f20f0ce377c255a115ecd13418b4dc0b23cc3eb65b80ef88c0"",""pdf_page"":516,""printed_page"":""489""}"
table_candidate,accepted,ibc2018:detection:0ac4593c68aa0a12c939943d,ibc2018:table:9ec973d2ceb98ee3c848caef,0.99,detected_structure,provisional,"{""appendix"":null,""bbox"":[264.2,66.055,327.145,81.512],""chapter"":""23"",""line_id"":""poppler-line:4e1d6d3ee9c7d373461c"",""observed_text_sha256"":""fe9a2edf2556bd8f71d642cb13a5f63299a47867c4bba4203d6bfcf6adc0ffeb"",""pdf_page"":517,""printed_page"":""490""}"
table_candidate,accepted,ibc2018:detection:0c3175157216b4ea9e792160,ibc2018:table:641ac4a17f0f25f3a542c7e5,0.99,detected_structure,provisional,"{""appendix"":null,""bbox"":[264.2,539.855,327.145,555.311],""chapter"":""23"",""line_id"":""poppler-line:ea1d90d6818eb97d2a33"",""observed_text_sha256"":""152cc0a743fe6600dc9f33e05aa613494749bd9d1eba2d057e9d5599d5c5620d"",""pdf_page"":517,""printed_page"":""490""}"
table_candidate,accepted,ibc2018:detection:ced19eee622d6de74b32dc7b,ibc2018:table:16f159cd699c100748e75ee2,0.99,detected_structure,provisional,"{""appendix"":null,""bbox"":[284.751,71.704,347.696,87.161],""chapter"":""23"",""line_id"":""poppler-line:d54f2fa293349511e31b"",""observed_text_sha256"":""71a5ff915b0e3f8ff015ea3ce0e7214e37a3ea3a4f991cfb9b8da21ca310dddb"",""pdf_page"":518,""printed_page"":""491""}"
table_candidate,accepted,ibc2018:detection:fa9687ef7fc7d9e873b9ac75,ibc2018:table:93475a3bc667c345196aaae0,0.99,detected_structure,provisional,"{""appendix"":null,""bbox"":[283.05,353.605,349.501,369.061],""chapter"":""23"",""line_id"":""poppler-line:d576d31416a3940d816c"",""observed_text_sha256"":""5c09a8ba263258f7542a536da75712f07a0080119449c3a5c8917e035bfbab48"",""pdf_page"":518,""printed_page"":""491""}"
table_candidate,accepted,ibc2018:detection:eacd2b9e5b547ebd524c6ab2,ibc2018:table:54d36f73ae5cd9ef325b01ab,0.99,detected_structure,provisional,"{""appendix"":null,""bbox"":[283.84,71.523,346.83,86.979],""chapter"":""23"",""line_id"":""poppler-line:5d21259111e3d1cc75ba"",""observed_text_sha256"":""f96ec6a4f8209f3eda8c859edabb8418f0e4e176259f27ad1acbf529a2f7ec9b"",""pdf_page"":520,""printed_page"":""493""}"
table_candidate,merged_continuation_or_repeat,ibc2018:detection:5354a6f495a37720067b0b09,ibc2018:table:54d36f73ae5cd9ef325b01ab,0.99,detected_structure,provisional,"{""appendix"":null,""bbox"":[240.45,71.955,350.695,87.412],""chapter"":""23"",""line_id"":""poppler-line:9dfe24a63ce4dcc71cc9"",""observed_text_sha256"":""a863eec246752d996111fed3dbd7a3e29b0eedc8ddca84827cd16919b2f68b47"",""pdf_page"":521,""printed_page"":""494""}"
table_candidate,merged_continuation_or_repeat,ibc2018:detection:bf8bfde5c7417b075e66baba,ibc2018:table:54d36f73ae5cd9ef325b01ab,0.99,detected_structure,provisional,"{""appendix"":null,""bbox"":[260.42,70.901,370.664,86.357],""chapter"":""23"",""line_id"":""poppler-line:69244d083bc6f8bb2160"",""observed_text_sha256"":""a863eec246752d996111fed3dbd7a3e29b0eedc8ddca84827cd16919b2f68b47"",""pdf_page"":522,""printed_page"":""495""}"
table_candidate,merged_continuation_or_repeat,ibc2018:detection:4ce898f81cff8f08b13941d4,ibc2018:table:54d36f73ae5cd9ef325b01ab,0.99,detected_structure,provisional,"{""appendix"":null,""bbox"":[241.05,71.955,351.295,87.412],""chapter"":""23"",""line_id"":""poppler-line:169cbf5e7f39390de54b"",""observed_text_sha256"":""a863eec246752d996111fed3dbd7a3e29b0eedc8ddca84827cd16919b2f68b47"",""pdf_page"":523,""printed_page"":""496""}"
table_candidate,merged_continuation_or_repeat,ibc2018:detection:7a5ef5ad8fc4f0b13bd540de,ibc2018:table:54d36f73ae5cd9ef325b01ab,0.99,detected_structure,provisional,"{""appendix"":null,""bbox"":[260.35,72.455,370.594,87.911],""chapter"":""23"",""line_id"":""poppler-line:4e4d3904399ced6c3e30"",""observed_text_sha256"":""a863eec246752d996111fed3dbd7a3e29b0eedc8ddca84827cd16919b2f68b47"",""pdf_page"":524,""printed_page"":""497""}"
table_candidate,accepted,ibc2018:detection:08b177f898b8b14a4328f206,ibc2018:table:1a09e4243f8273bbf662cfb8,0.99,detected_structure,provisional,"{""appendix"":null,""bbox"":[267.2,404.105,323.494,419.561],""chapter"":""23"",""line_id"":""poppler-line:89a45b7085647926fad5"",""observed_text_sha256"":""bb5ae66704bfe44b1a41a3cb0a0709f037557fb6dc91285dd220450da8166cbf"",""pdf_page"":525,""printed_page"":""498""}"
table_candidate,accepted,ibc2018:detection:b58f58d7a4c7918642636a6b,ibc2018:table:8ee961fb22682188af0cfa52,0.99,detected_structure,provisional,"{""appendix"":null,""bbox"":[397.402,305.704,460.245,321.161],""chapter"":""23"",""line_id"":""poppler-line:1f7315453461de995276"",""observed_text_sha256"":""e5e9ab9b12858dff229f12371f42c1515f8ab0ded807f8b14f0d0d8ddea9975e"",""pdf_page"":527,""printed_page"":""500""}"
table_candidate,accepted,ibc2018:detection:d0cc9472bd579b4c7eaaa348,ibc2018:table:64403d8e3cdb3245860e3840,0.99,detected_structure,provisional,"{""appendix"":null,""bbox"":[285.2,224.705,348.031,240.161],""chapter"":""23"",""line_id"":""poppler-line:ace386a7d8582c48b57e"",""observed_text_sha256"":""11146559b3b601a8542e6607976a1046ea94dd725cb632a9166e39ef622482b5"",""pdf_page"":528,""printed_page"":""501""}"
table_candidate,accepted,ibc2018:detection:4cb120936582a52ba9803110,ibc2018:table:47d6583715773829acf260ee,0.99,detected_structure,provisional,"{""appendix"":null,""bbox"":[398.95,270.305,458.689,285.761],""chapter"":""23"",""line_id"":""poppler-line:d7451e0df06a333669d8"",""observed_text_sha256"":""0a240081db296efe350ea5202b0a60023dc54a5106c73a99c92ac75bfdcffe23"",""pdf_page"":529,""printed_page"":""502""}"
table_candidate,accepted,ibc2018:detection:aaeb19233115e34fcb4256f6,ibc2018:table:004ba4afaeaea9b905c3a390,0.99,detected_structure,provisional,"{""appendix"":null,""bbox"":[418.999,191.955,477.64,207.411],""chapter"":""23"",""line_id"":""poppler-line:f2fc8ad48588a0a88cd7"",""observed_text_sha256"":""bbc62a3fd9d34231237d00e0a8b353c38c3a8766fd47142a12c60ab587b70bbd"",""pdf_page"":530,""printed_page"":""503""}"
table_candidate,accepted,ibc2018:detection:fc3879bb44a2e4b4c1181caa,ibc2018:table:b01839f16ff3d4561152b58b,0.99,detected_structure,provisional,"{""appendix"":null,""bbox"":[264.1,72.205,326.943,87.662],""chapter"":""23"",""line_id"":""poppler-line:00daa809d73436473e87"",""observed_text_sha256"":""03e7fd4dad18276e66b0a5f038feb51c2da032c53724262e4978eedc65788ac1"",""pdf_page"":531,""printed_page"":""504""}"
table_candidate,accepted,ibc2018:detection:d24de19948f5ff22873cb437,ibc2018:table:f8bf7ce4887e76b18630d4a2,0.99,detected_structure,provisional,"{""appendix"":null,""bbox"":[284.576,70.788,347.407,86.244],""chapter"":""23"",""line_id"":""poppler-line:2288ff8b9a099f08bfbd"",""observed_text_sha256"":""6abdb6a41fa6f611e9a07e908a123bd861fce9448c6732c163bb7964459f20e4"",""pdf_page"":532,""printed_page"":""505""}"
table_candidate,merged_continuation_or_repeat,ibc2018:detection:e28c8f2c6603b57edf0f5041,ibc2018:table:f8bf7ce4887e76b18630d4a2,0.99,detected_structure,provisional,"{""appendix"":null,""bbox"":[240.7,74.605,349.696,90.061],""chapter"":""23"",""line_id"":""poppler-line:bf5587817089b05d3ee3"",""observed_text_sha256"":""748fd7d5e276c10ab61aba661139531a49a9347cd8f5c7873f70f99c9cb686f5"",""pdf_page"":533,""printed_page"":""506""}"
table_candidate,accepted,ibc2018:detection:2985d39918b4322df132bb30,ibc2018:table:4fa9d82c128d41dd7d866057,0.99,detected_structure,provisional,"{""appendix"":null,""bbox"":[285.481,71.41,348.494,86.866],""chapter"":""23"",""line_id"":""poppler-line:f9e53c38f3b6e1b22827"",""observed_text_sha256"":""2c3e9e3ee5ac7840f1d0cd223cf50904ea670beb4bd9ea4794ff0ebe4c84839c"",""pdf_page"":534,""printed_page"":""507""}"
table_candidate,accepted,ibc2018:detection:8267fbd3b2a3a05e03237c46,ibc2018:table:0d47f6e9f392f8291b30133b,0.99,detected_structure,provisional,"{""appendix"":null,""bbox"":[285.55,508.655,348.381,524.111],""chapter"":""23"",""line_id"":""poppler-line:39936fa3034394f34337"",""observed_text_sha256"":""1fb59f978eef4ca1f362312e1ed8382eff1d9528f69c5978092f8d8ba08a955b"",""pdf_page"":534,""printed_page"":""507""}"
table_candidate,accepted,ibc2018:detection:18a0c8035ad23d72adf345a9,ibc2018:table:4ceb3664a078003aea52f8e3,0.99,detected_structure,provisional,"{""appendix"":null,""bbox"":[264.55,68.872,327.381,88.068],""chapter"":""23"",""line_id"":""poppler-line:05741be8a92eb85c3b41"",""observed_text_sha256"":""2608cbb869f354c642609af195783632dfd7c3263c16d17e182cbc405cf0a574"",""pdf_page"":535,""printed_page"":""508""}"
table_candidate,accepted,ibc2018:detection:79571f6be2d3392c280ea768,ibc2018:table:aa0c4e00bbd63acb63e1e488,0.99,detected_structure,provisional,"{""appendix"":null,""bbox"":[258.55,68.622,334.744,87.818],""chapter"":""23"",""line_id"":""poppler-line:aa4f6858d3c07a6285c4"",""observed_text_sha256"":""fb12188595d0e4cadc5225e61811db9cdbf7ae7d1d200e733030364d0f7bcc82"",""pdf_page"":537,""printed_page"":""510""}"
table_candidate,merged_continuation_or_repeat,ibc2018:detection:9c9a315bf51f9ed22f24012a,ibc2018:table:aa0c4e00bbd63acb63e1e488,0.99,detected_structure,provisional,"{""appendix"":null,""bbox"":[253.971,69.3,376.33,88.496],""chapter"":""23"",""line_id"":""poppler-line:57ba1aed6f90c05850a2"",""observed_text_sha256"":""9802d2523819ab57f8635f10d0b2a32ab8872ecd518309f9adeb78c49137dd50"",""pdf_page"":538,""printed_page"":""511""}"
table_candidate,accepted,ibc2018:detection:193ab7909652bf7f5804555e,ibc2018:table:7fc51c3d1e68864c01f5f241,0.99,detected_structure,provisional,"{""appendix"":null,""bbox"":[257.5,69.572,333.547,88.768],""chapter"":""23"",""line_id"":""poppler-line:8f106a3043585dafc0e5"",""observed_text_sha256"":""060265716d573678757a339c225d7faf0b10b2e3cdfe51cd39d25902b3316e0c"",""pdf_page"":539,""printed_page"":""512""}"
table_candidate,accepted,ibc2018:detection:c6593c78c8b3af1172856e84,ibc2018:table:c89b246e8d6ce8b6f4c387a3,0.99,detected_structure,provisional,"{""appendix"":null,""bbox"":[279.032,69.413,355.056,88.609],""chapter"":""23"",""line_id"":""poppler-line:a5650b9693a0d724c5e7"",""observed_text_sha256"":""20b13ac41fd2bbca0377a562eed5ac2c8cdb69f8649383c0bace808d768548df"",""pdf_page"":540,""printed_page"":""513""}"
table_candidate,merged_continuation_or_repeat,ibc2018:detection:cbd27a19ff7bf5872dce1393,ibc2018:table:c89b246e8d6ce8b6f4c387a3,0.99,detected_structure,provisional,"{""appendix"":null,""bbox"":[234.95,67.522,357.196,86.718],""chapter"":""23"",""line_id"":""poppler-line:f1bcb6ae1a6cbccfd668"",""observed_text_sha256"":""27e411d2642c7c9e3d0f6aed13e3f6d485873c6042ed214fabc6ce0e67036e05"",""pdf_page"":541,""printed_page"":""514""}"
table_candidate,accepted,ibc2018:detection:b8193fe95e69f2c185fdedb9,ibc2018:table:78ee1862e7ec3394e930f345,0.99,detected_structure,provisional,"{""appendix"":null,""bbox"":[277.957,69.526,354.287,88.722],""chapter"":""23"",""line_id"":""poppler-line:2e24195dd986ec4ef0ac"",""observed_text_sha256"":""e12390d165fa26232794a9238135dcedda29d1dcdcea711f0929921fbde963ef"",""pdf_page"":542,""printed_page"":""515""}"
table_candidate,merged_continuation_or_repeat,ibc2018:detection:bcb87591a5b30a63a2509939,ibc2018:table:78ee1862e7ec3394e930f345,0.99,detected_structure,provisional,"{""appendix"":null,""bbox"":[235.55,68.372,357.818,87.568],""chapter"":""23"",""line_id"":""poppler-line:df786188d079cd32a6a0"",""observed_text_sha256"":""feba38ccb02ea99b6abc8c30e8f66c5cce76a186974ba5be0517bce6b9feab6e"",""pdf_page"":543,""printed_page"":""516""}"
table_candidate,accepted,ibc2018:detection:3add50e3635d6d051c1e525d,ibc2018:table:9469748c26117fdf41ba16aa,0.99,detected_structure,provisional,"{""appendix"":null,""bbox"":[265.395,553.928,324.036,573.124],""chapter"":""23"",""line_id"":""poppler-line:3949e842066892262220"",""observed_text_sha256"":""279073bfd9bb00e8f911184a9ead9550f2769b41b476901bcb78543df811c6cd"",""pdf_page"":545,""printed_page"":""518""}"
table_candidate,accepted,ibc2018:detection:6baaf2b6a59f941c31385501,ibc2018:table:467b6af5272b25a498b3dd11,0.99,detected_structure,provisional,"{""appendix"":null,""bbox"":[283.747,68.872,346.66,88.068],""chapter"":""23"",""line_id"":""poppler-line:aabb40aa01728aa77d16"",""observed_text_sha256"":""34a2f7e73f2c75fffe5e952208f49fb941f34996f9627d585d9a7eea122fcf0d"",""pdf_page"":548,""printed_page"":""521""}"
table_candidate,accepted,ibc2018:detection:10e411819b5c8ae1a66ea5c9,ibc2018:table:f5b79dcd72688db454cdba34,0.99,detected_structure,provisional,"{""appendix"":null,""bbox"":[285.764,66.867,348.239,86.063],""chapter"":""23"",""line_id"":""poppler-line:78884be88ad862f0c458"",""observed_text_sha256"":""cccb7d97e9507582873cb472a2c401bb33a2ad765043f400e1b6c55dc792d3e6"",""pdf_page"":550,""printed_page"":""523""}"
table_candidate,accepted,ibc2018:detection:5393b3c12239912c9e623d67,ibc2018:table:6d43665f13e576b1e0530cb5,0.99,detected_structure,provisional,"{""appendix"":null,""bbox"":[259.396,417.221,328.858,436.418],""chapter"":""23"",""line_id"":""poppler-line:616afce19df6f779cbd7"",""observed_text_sha256"":""83110f7252eb8ae18b602d5152091376aa1e4d30d52cd409d0d23a74da54ca8a"",""pdf_page"":551,""printed_page"":""524""}"
table_candidate,merged_continuation_or_repeat,ibc2018:detection:beeae7a61305549f8ceab4fc,ibc2018:table:6d43665f13e576b1e0530cb5,0.99,detected_structure,provisional,"{""appendix"":null,""bbox"":[257.931,69.3,373.558,88.496],""chapter"":""23"",""line_id"":""poppler-line:6f1a0240afd21cf1db87"",""observed_text_sha256"":""a68f1719e7c6007674d52ba3ea0adc988000ae25b4df868d60fabbf0b262493d"",""pdf_page"":552,""printed_page"":""525""}"
table_candidate,accepted,ibc2018:detection:5f968a51a033464080db756f,ibc2018:table:bb4cebd35b9fab06fa75124c,0.99,detected_structure,provisional,"{""appendix"":null,""bbox"":[281.6,594.922,351.184,614.118],""chapter"":""23"",""line_id"":""poppler-line:3768a2a4a9bc8a2b17f5"",""observed_text_sha256"":""445829321f8ce1bc759406c7830e9fdcd720ce83a99280996bdb457950bf4e07"",""pdf_page"":552,""printed_page"":""525""}"
table_candidate,accepted,ibc2018:detection:a52e3a21078a0361f5506e34,ibc2018:table:1eb23eb8a912c1cf8c36a516,0.99,detected_structure,provisional,"{""appendix"":null,""bbox"":[261.8,68.722,331.384,87.918],""chapter"":""23"",""line_id"":""poppler-line:4556eb64a272504e2ba1"",""observed_text_sha256"":""46f9305cc1e85452eefd190dd6d9f676d25d9303c8d170cd7d9795708029aaa5"",""pdf_page"":553,""printed_page"":""526""}"
table_candidate,accepted,ibc2018:detection:3d548ea4ba7ebe6a1cd85e39,ibc2018:table:c479f483295a69e18e59c9a9,0.99,detected_structure,provisional,"{""appendix"":null,""bbox"":[260.5,267.572,330.084,286.768],""chapter"":""23"",""line_id"":""poppler-line:0b1ceb8a3100cc33021e"",""observed_text_sha256"":""ed7fe409e85c976227c685061839132b53bba44102b80c24303c053fca2e3ad4"",""pdf_page"":553,""printed_page"":""526""}"
table_candidate,accepted,ibc2018:detection:15d44e28acc0fb58be8c04a9,ibc2018:table:7b7d9d8c260047ead84c2543,0.99,detected_structure,provisional,"{""appendix"":null,""bbox"":[261.35,415.422,330.877,434.618],""chapter"":""23"",""line_id"":""poppler-line:3a5cecdb56b7a7a1178f"",""observed_text_sha256"":""fca032cd826dcf9b83f9c036b265fb7587c8cdf08ea724400940c23139cfdc26"",""pdf_page"":553,""printed_page"":""526""}"
table_candidate,accepted,ibc2018:detection:878790488b6ba36c6a3311dd,ibc2018:table:1565c7821da84d29a8b6a932,0.99,detected_structure,provisional,"{""appendix"":null,""bbox"":[287.95,357.722,347.858,376.918],""chapter"":""23"",""line_id"":""poppler-line:8958ef03b729ef6eb66f"",""observed_text_sha256"":""6dcfa43c860f579d7d2332fcbd383dc1ae1c407ad93d3c01692f9dfb64bcabbc"",""pdf_page"":560,""printed_page"":""533""}"
table_candidate,accepted,ibc2018:detection:87418e88b0fd2cbb327ccee5,ibc2018:table:ea57dd4a8a06a8a29e09cf0c,0.99,detected_structure,provisional,"{""appendix"":null,""bbox"":[281.181,69.017,350.643,88.213],""chapter"":""23"",""line_id"":""poppler-line:f9bfff019ddd501cc761"",""observed_text_sha256"":""5fb18c5979a66e6d761cdf3b8d622916b43f3584dd05554045ec80a19863803b"",""pdf_page"":562,""printed_page"":""535""}"
table_candidate,merged_continuation_or_repeat,ibc2018:detection:4730103a80ca5c65ae58bde7,ibc2018:table:ea57dd4a8a06a8a29e09cf0c,0.99,detected_structure,provisional,"{""appendix"":null,""bbox"":[239.15,67.522,354.777,86.718],""chapter"":""23"",""line_id"":""poppler-line:766f722776d2fa7e4d57"",""observed_text_sha256"":""1bf2f4ecccd6b10be5b3b0dd59c6c1cd967bbb5b4a52367973b02dea0348171e"",""pdf_page"":563,""printed_page"":""536""}"
table_candidate,accepted,ibc2018:detection:935c638277aece077dc1bf81,ibc2018:table:71ee63bf2d7db6b8f68561d1,0.99,detected_structure,provisional,"{""appendix"":null,""bbox"":[282.256,68.564,351.741,87.76],""chapter"":""23"",""line_id"":""poppler-line:4ff888befdf58c3ab4a3"",""observed_text_sha256"":""8975a8db9866daf6cc5736401ec3f9607c3119977d719f281adde5455f70aa04"",""pdf_page"":564,""printed_page"":""537""}"
table_candidate,merged_continuation_or_repeat,ibc2018:detection:22f1b05b0e233d91d7c478f2,ibc2018:table:71ee63bf2d7db6b8f68561d1,0.99,detected_structure,provisional,"{""appendix"":null,""bbox"":[239.75,67.522,355.287,86.718],""chapter"":""23"",""line_id"":""poppler-line:bde35c3328caceb472f8"",""observed_text_sha256"":""1c16bbe80d81d429a02115960265b1881d55212f11cea2b9d1e89056d959757f"",""pdf_page"":565,""printed_page"":""538""}"
table_candidate,accepted,ibc2018:detection:0578bb69bcebc1d945a212df,ibc2018:table:a3aace4fbf5069b3792a885b,0.99,detected_structure,provisional,"{""appendix"":null,""bbox"":[281.295,67.602,350.757,86.798],""chapter"":""23"",""line_id"":""poppler-line:2a4d09d6f3241f13f725"",""observed_text_sha256"":""7c99b36784798b6e0ea4d39fa20fd1edbe0b1d6a5b8823ceac138581f15de4eb"",""pdf_page"":566,""printed_page"":""539""}"
table_candidate,merged_continuation_or_repeat,ibc2018:detection:734606703a879872311a9ba1,ibc2018:table:a3aace4fbf5069b3792a885b,0.99,detected_structure,provisional,"{""appendix"":null,""bbox"":[238.3,68.022,353.927,87.218],""chapter"":""23"",""line_id"":""poppler-line:0bfa63a7c37359df0622"",""observed_text_sha256"":""04d18cd35e6b3bce95a7791ae931bd3067c9f46415622064c4b2733afd6c3764"",""pdf_page"":567,""printed_page"":""540""}"
table_candidate,accepted,ibc2018:detection:24ad6cb845ed1889a5c7113f,ibc2018:table:1e4c923dafe227aa159a11a2,0.99,detected_structure,provisional,"{""appendix"":null,""bbox"":[281.521,67.489,351.105,86.685],""chapter"":""23"",""line_id"":""poppler-line:1c44f65261d272b49cf4"",""observed_text_sha256"":""f14e72eb79845fdcaf9f5491f58af8c7a6f76918f180da6eaabc2bc2fe15d3b9"",""pdf_page"":568,""printed_page"":""541""}"
table_candidate,merged_continuation_or_repeat,ibc2018:detection:5c0164e70accae8edb26ed98,ibc2018:table:1e4c923dafe227aa159a11a2,0.99,detected_structure,provisional,"{""appendix"":null,""bbox"":[238.05,67.322,353.686,86.518],""chapter"":""23"",""line_id"":""poppler-line:97ce0225c5ba657c96a5"",""observed_text_sha256"":""37324f1931c49ef38b3c2b16a384e6a38bd2fd4b62aa4d9986d65d132957050b"",""pdf_page"":569,""printed_page"":""542""}"
table_candidate,accepted,ibc2018:detection:fe6d2840b610f8915ca9167b,ibc2018:table:831fbc27f2256b4e50ab7bc9,0.99,detected_structure,provisional,"{""appendix"":null,""bbox"":[279.767,68.904,349.351,88.1],""chapter"":""23"",""line_id"":""poppler-line:e0f72f7378b8d8c6017d"",""observed_text_sha256"":""bf0c1a19d68e690cee0e7b74aae1d114ec2e645998a0c678e2c2fda30aadf9da"",""pdf_page"":570,""printed_page"":""543""}"
table_candidate,merged_continuation_or_repeat,ibc2018:detection:fa550e803e9d551350528ea9,ibc2018:table:831fbc27f2256b4e50ab7bc9,0.99,detected_structure,provisional,"{""appendix"":null,""bbox"":[237.45,69.472,353.199,88.668],""chapter"":""23"",""line_id"":""poppler-line:3c5bc3276486b1f1fa3e"",""observed_text_sha256"":""720b15128ce3cf8bc25198a23e49bd483b655e65c479fd64d5a62f224db92572"",""pdf_page"":571,""printed_page"":""544""}"
table_candidate,accepted,ibc2018:detection:9a731aae5ef37af0dc1865b9,ibc2018:table:c40078d6883aa4794f4ced34,0.99,detected_structure,provisional,"{""appendix"":null,""bbox"":[281.408,69.186,350.992,88.382],""chapter"":""23"",""line_id"":""poppler-line:5219d20b1d5bf1f183ac"",""observed_text_sha256"":""24468390a77ba5fc9e1240878765d43de2f01b1291ed9267bfa7cc08b79ad44f"",""pdf_page"":572,""printed_page"":""545""}"
table_candidate,merged_continuation_or_repeat,ibc2018:detection:04e27486bf5e8e0878a8f104,ibc2018:table:c40078d6883aa4794f4ced34,0.99,detected_structure,provisional,"{""appendix"":null,""bbox"":[260.6,70.772,330.184,89.968],""chapter"":""23"",""line_id"":""poppler-line:60285b27c9eda5060683"",""observed_text_sha256"":""24468390a77ba5fc9e1240878765d43de2f01b1291ed9267bfa7cc08b79ad44f"",""pdf_page"":573,""printed_page"":""546""}"
table_candidate,accepted,ibc2018:detection:71efc979ee5f668c1138f15d,ibc2018:table:5ee5f5517965b61691e9c153,0.99,detected_structure,provisional,"{""appendix"":null,""bbox"":[281.181,69.413,350.878,88.609],""chapter"":""23"",""line_id"":""poppler-line:be8cfcbd985ed0f3431e"",""observed_text_sha256"":""5f20149135e57efdb511473dd4ede236944641f04f1b13b0919e0c4ad3b8cdca"",""pdf_page"":574,""printed_page"":""547""}"
table_candidate,merged_continuation_or_repeat,ibc2018:detection:9201395805315cab871648fc,ibc2018:table:5ee5f5517965b61691e9c153,0.99,detected_structure,provisional,"{""appendix"":null,""bbox"":[237.1,68.022,352.736,87.218],""chapter"":""23"",""line_id"":""poppler-line:e97ea2a8e89c965b20a5"",""observed_text_sha256"":""9ac74558ca0e34a5db61b48188d52fb5bb33dde7af8431b1369c97b793437e21"",""pdf_page"":575,""printed_page"":""548""}"
table_candidate,accepted,ibc2018:detection:60484ad8c3343c28194b7fb3,ibc2018:table:172502212e8e2780ea96369e,0.99,detected_structure,provisional,"{""appendix"":null,""bbox"":[281.408,68.451,350.992,87.647],""chapter"":""23"",""line_id"":""poppler-line:84a43d59bf54e63b0bf0"",""observed_text_sha256"":""d88fa9c1b5a4182e3c011621ff537b3be268dc24ec763bf86a608f4b7a3904ca"",""pdf_page"":576,""printed_page"":""549""}"
table_candidate,merged_continuation_or_repeat,ibc2018:detection:d208e16e02e6ab7f175e05e3,ibc2018:table:172502212e8e2780ea96369e,0.99,detected_structure,provisional,"{""appendix"":null,""bbox"":[238.3,68.972,353.936,88.168],""chapter"":""23"",""line_id"":""poppler-line:9f8d1eeca1d6d8f38c63"",""observed_text_sha256"":""d730d21979b75d4f0bc98ffb0ba473f497aa6d29f6db3380cce0ce77a8b73dd7"",""pdf_page"":577,""printed_page"":""550""}"
table_candidate,accepted,ibc2018:detection:fc080acd1e1c78f169197f7a,ibc2018:table:c6f987feb8ad31163ee235be,0.99,detected_structure,provisional,"{""appendix"":null,""bbox"":[282.37,69.186,347.651,88.382],""chapter"":""23"",""line_id"":""poppler-line:91d5f71352ee21319d1a"",""observed_text_sha256"":""4b5e2d3da3710209d0b471897d30e063413e1782c57f6d2ed064f162175cf943"",""pdf_page"":578,""printed_page"":""551""}"
table_candidate,accepted,ibc2018:detection:331b8cd1dc86a0f10966fa5e,ibc2018:table:120d9ae524a76dec19e9fd85,0.99,detected_structure,provisional,"{""appendix"":null,""bbox"":[262.9,69.722,326.814,88.918],""chapter"":""23"",""line_id"":""poppler-line:96d10510fe327f94541d"",""observed_text_sha256"":""1b5b507001ffe844cda175e82acb259dbc8a35562d32b72c628b4ea20350f2ad"",""pdf_page"":579,""printed_page"":""552""}"
table_candidate,merged_continuation_or_repeat,ibc2018:detection:e0e32b0ebca54b16aa5e7d64,ibc2018:table:120d9ae524a76dec19e9fd85,0.99,detected_structure,provisional,"{""appendix"":null,""bbox"":[261.721,69.526,371.979,88.722],""chapter"":""23"",""line_id"":""poppler-line:6ea7e850e83c282e7823"",""observed_text_sha256"":""5d3c8f7c7dd9254616f29dca935e4b2172ba295eed52e77b59926ffa642dc65d"",""pdf_page"":580,""printed_page"":""553""}"
table_candidate,accepted,ibc2018:detection:3c9978d9081209ca7657f048,ibc2018:table:e75d9a5339fef8e8b84e2754,0.99,detected_structure,provisional,"{""appendix"":null,""bbox"":[283.65,513.266,346.38,528.434],""chapter"":""24"",""line_id"":""poppler-line:42c62afaabc491ce4f8b"",""observed_text_sha256"":""01ecbffb3e6deda0e887f92a01cd0f9ba12f41fd95699e45c89971389bd20106"",""pdf_page"":586,""printed_page"":""559""}"
table_candidate,accepted,ibc2018:detection:e3a762d6460550bb8a241b8e,ibc2018:table:90cd177f2d6a587dc18d6f1a,0.99,detected_structure,provisional,"{""appendix"":null,""bbox"":[283.902,637.617,346.846,652.784],""chapter"":""24"",""line_id"":""poppler-line:8f4c6f2869be6e1c8c58"",""observed_text_sha256"":""5fea02d0a3862b73ff7c4851ae32276254f04d6221ebc06b9146c15248b5e1f6"",""pdf_page"":586,""printed_page"":""559""}"
table_candidate,accepted,ibc2018:detection:6080e05e3d63261d6d8accf8,ibc2018:table:fccad0a60efa31c17b4b137f,0.99,detected_structure,provisional,"{""appendix"":null,""bbox"":[269.15,71.816,322.096,86.984],""chapter"":""25"",""line_id"":""poppler-line:3016de07ff674ca95dcc"",""observed_text_sha256"":""bb628ffab8983d67723fe37e98ab771df86cee439f7d8d3a017840d92ddf0f51"",""pdf_page"":591,""printed_page"":""564""}"
table_candidate,accepted,ibc2018:detection:8c1934e9ea9088a963348af0,ibc2018:table:5e8386c137e55a57de47474d,0.99,detected_structure,provisional,"{""appendix"":null,""bbox"":[136.299,601.266,188.188,616.434],""chapter"":""25"",""line_id"":""poppler-line:2bdd301211e3b59aa9ca"",""observed_text_sha256"":""f3b80d7bac12d36df71f63929276add32e76cba01104062ccf258d2c0be396c3"",""pdf_page"":591,""printed_page"":""564""}"
table_candidate,accepted,ibc2018:detection:70c4ae4d2d7378a15e965db8,ibc2018:table:88adc1fdbecab8f3c5dadac6,0.99,detected_structure,provisional,"{""appendix"":null,""bbox"":[288.55,71.466,341.553,86.634],""chapter"":""25"",""line_id"":""poppler-line:5db5172d89d28096e943"",""observed_text_sha256"":""df7a88c906663c863306b3feb9902274fb6ad766a27b1d427983634e7a97e2cf"",""pdf_page"":592,""printed_page"":""565""}"
table_candidate,accepted,ibc2018:detection:9c34210f71fdf562f47d3bbe,ibc2018:table:be0db46090b802db013f10fb,0.99,detected_structure,provisional,"{""appendix"":null,""bbox"":[269.0,69.122,322.187,88.318],""chapter"":""25"",""line_id"":""poppler-line:0c67b41114bc9929a481"",""observed_text_sha256"":""393bd8fcdfb7978347af4cbedb679a5331c888d71cb02d6f6e29fa13b5804178"",""pdf_page"":593,""printed_page"":""566""}"
table_candidate,accepted,ibc2018:detection:5ebf42fbb42d870708873974,ibc2018:table:7a9586293a964e660ba0487b,0.99,detected_structure,provisional,"{""appendix"":null,""bbox"":[136.299,420.222,189.245,439.418],""chapter"":""25"",""line_id"":""poppler-line:dfba4d89b41e12c49017"",""observed_text_sha256"":""45bf3b085e0e465d4aa73e2713d4262dcf2db2804fca3a0194f3722e777a40c1"",""pdf_page"":593,""printed_page"":""566""}"
table_candidate,accepted,ibc2018:detection:b02465dcfa810caef9925575,ibc2018:table:d73ccc56ccc10e32aab98c1d,0.99,detected_structure,provisional,"{""appendix"":null,""bbox"":[152.951,492.166,211.401,507.333],""chapter"":""25"",""line_id"":""poppler-line:966db9cc1983f8dd139b"",""observed_text_sha256"":""83bf8013f0bf3d126bc6e9dd930735d1eed2512bfb5f28b38280816f274a8762"",""pdf_page"":594,""printed_page"":""567""}"
table_candidate,accepted,ibc2018:detection:071c9ff4f4c02da1a43fcb28,ibc2018:table:a2ae121f335a131805020ea7,0.99,detected_structure,provisional,"{""appendix"":null,""bbox"":[136.302,212.122,189.276,231.318],""chapter"":""25"",""line_id"":""poppler-line:f15299d77245e524f0be"",""observed_text_sha256"":""d309404e3884ec0081dec82995ba7f7eeed874873bd2c49a6763e63646b04f1d"",""pdf_page"":595,""printed_page"":""568""}"
table_candidate,accepted,ibc2018:detection:e73d9ad266037fffddee51ca,ibc2018:table:c7135a109c0f09abc2db9258,0.99,detected_structure,provisional,"{""appendix"":null,""bbox"":[263.85,68.372,326.896,87.568],""chapter"":""26"",""line_id"":""poppler-line:d27be4453f9ad24af71e"",""observed_text_sha256"":""94f91f1b3907bd04db787970484492008a6f6cd01e4505f8d0eff52c04a64c17"",""pdf_page"":601,""printed_page"":""574""}"
table_candidate,accepted,ibc2018:detection:bfcc9334d014a66f02a5e1f7,ibc2018:table:0eeafb4ad2fb5a588e40d8bd,0.99,detected_structure,provisional,"{""appendix"":null,""bbox"":[263.6,368.972,327.817,388.168],""chapter"":""26"",""line_id"":""poppler-line:7f86b1e38c43275b86ed"",""observed_text_sha256"":""24a144545f74c92849be682d2bf1df6cb2b696fab1f0952e3baa09b2ad76fd74"",""pdf_page"":601,""printed_page"":""574""}"
table_candidate,accepted,ibc2018:detection:e2ebfb7b5bd29106cdd143bc,ibc2018:table:eb7da4780ff8f25374d33c00,0.99,detected_structure,provisional,"{""appendix"":null,""bbox"":[284.0,68.122,347.159,87.318],""chapter"":""26"",""line_id"":""poppler-line:39827cb338481ec5d78b"",""observed_text_sha256"":""1a6a6b8a38fe83b148904dd258d2e7aa25ffd69914be13919abe1e2ed41a3b81"",""pdf_page"":602,""printed_page"":""575""}"
table_candidate,accepted,ibc2018:detection:3306cd3bf198aded16421c0f,ibc2018:table:21efd12ab47460fb9e4f1b48,0.99,detected_structure,provisional,"{""appendix"":null,""bbox"":[263.951,68.122,328.054,87.318],""chapter"":""26"",""line_id"":""poppler-line:103e1258de50327a9bce"",""observed_text_sha256"":""ecb72f2a235aacbcd353d41314ffcdab0848aee5c10c701e61f7534b3e730b2b"",""pdf_page"":603,""printed_page"":""576""}"
table_candidate,accepted,ibc2018:detection:5355ba6a689efcdfc02e6ba8,ibc2018:table:c113fdcbc137389f01a66997,0.99,detected_structure,provisional,"{""appendix"":null,""bbox"":[269.5,70.32,322.566,89.517],""chapter"":""26"",""line_id"":""poppler-line:6485f4f54c5128996206"",""observed_text_sha256"":""1ed8acbfec4010f0302b11268c0d9174a489565369bd6ec47a600ae0bf61ff4a"",""pdf_page"":605,""printed_page"":""578""}"
table_candidate,accepted,ibc2018:detection:1cb43b4a2a03abad5477775f,ibc2018:table:603c90ddd37a2642c2d3138b,0.99,detected_structure,provisional,"{""appendix"":null,""bbox"":[156.35,642.066,209.529,657.234],""chapter"":""26"",""line_id"":""poppler-line:04deef123912a3f60a8b"",""observed_text_sha256"":""cb0c4f241a79b5474b477b72132ec4f718f60b0a5c23cf87d96bd6e6fe4212f6"",""pdf_page"":606,""printed_page"":""579""}"
table_candidate,accepted,ibc2018:detection:09009cbec087bfbeda4e2196,ibc2018:table:8555056fc03764d05eac3bab,0.99,detected_structure,provisional,"{""appendix"":null,""bbox"":[283.3,456.122,348.144,475.318],""chapter"":""29"",""line_id"":""poppler-line:098be0779d38130e672f"",""observed_text_sha256"":""5f9fa769d6bc3819123ae9ec1eecf45164846e7773fa06c3f3939155d5479387"",""pdf_page"":614,""printed_page"":""587""}"
table_candidate,merged_continuation_or_repeat,ibc2018:detection:556411235ac8dc9afc85d24c,ibc2018:table:8555056fc03764d05eac3bab,0.99,detected_structure,provisional,"{""appendix"":null,""bbox"":[237.55,58.772,355.142,77.968],""chapter"":""29"",""line_id"":""poppler-line:7fc8fdef85a677a72383"",""observed_text_sha256"":""cbf39a50404995f1f2dd73606421800a7979ae8159bd2bd4c7da85d18aa3b898"",""pdf_page"":615,""printed_page"":""588""}"
table_candidate,merged_continuation_or_repeat,ibc2018:detection:b2ca69f315398642ce03674b,ibc2018:table:8555056fc03764d05eac3bab,0.99,detected_structure,provisional,"{""appendix"":null,""bbox"":[258.723,65.971,371.662,85.214],""chapter"":""29"",""line_id"":""poppler-line:90310bd82c8cd2e1ce72"",""observed_text_sha256"":""5aaab2941374955ddc8fad482d63cd7ab82d67a1ed1aa7d1904417a8f5fbcffd"",""pdf_page"":616,""printed_page"":""589""}"
table_candidate,accepted,ibc2018:detection:f98a1885bd263b5d0f54fbc3,ibc2018:table:6955f940c4857926f9f721bb,0.99,detected_structure,provisional,"{""appendix"":null,""bbox"":[156.351,563.272,209.392,582.468],""chapter"":""30"",""line_id"":""poppler-line:5f801f81a36b3df182c5"",""observed_text_sha256"":""adaa1803467e03bf17a8cc695b0a01dd258370a6f8b43dc49d7169f4085a728b"",""pdf_page"":618,""printed_page"":""591""}"
table_candidate,accepted,ibc2018:detection:a38c7472c6720842b48e73f6,ibc2018:table:4af54e2c500b5b681ebcaa2e,0.99,detected_structure,provisional,"{""appendix"":null,""bbox"":[269.602,601.716,321.491,616.883],""chapter"":""33"",""line_id"":""poppler-line:eba9dceb19b80239db83"",""observed_text_sha256"":""4af8a79d469473290076c1912b2d76ea38f807f68bb5d5ec63fcab04d1df6c99"",""pdf_page"":635,""printed_page"":""608""}"
table_candidate,accepted,ibc2018:detection:85220f2ccd8d611aa1c3b615,ibc2018:table:002e162a23cc6076411903b8,0.99,detected_structure,provisional,"{""appendix"":""C"",""bbox"":[288.449,584.522,341.78,603.719],""chapter"":null,""line_id"":""poppler-line:784a9a57346f958618f8"",""observed_text_sha256"":""701b9a68476a595814a2049af04cd9f8ff4b87212c502f227eed1a41c2c9a728"",""pdf_page"":674,""printed_page"":""647""}"
table_candidate,accepted,ibc2018:detection:0229e6b93b1980d6dbd18842,ibc2018:table:56566c2730ceb65a431751fe,0.99,detected_structure,provisional,"{""appendix"":""E"",""bbox"":[264.8,539.972,324.261,559.168],""chapter"":null,""line_id"":""poppler-line:a7dda58a43f91b586080"",""observed_text_sha256"":""6935ac7bf52f5688a439f113605a083df8ada94ce889689b4d795ca3be126f05"",""pdf_page"":681,""printed_page"":""654""}"
table_candidate,accepted,ibc2018:detection:3147b7a250001d3d6a38ebdf,ibc2018:table:7f2c8e1b912b85e31dd6ac62,0.99,detected_structure,provisional,"{""appendix"":""E"",""bbox"":[401.854,370.321,455.733,389.518],""chapter"":null,""line_id"":""poppler-line:e566a90ac2cca43fdb40"",""observed_text_sha256"":""753eb6c0623cfe18c04ead1662d4eef856346c58c74b399214bb802bec9fb111"",""pdf_page"":681,""printed_page"":""654""}"
table_candidate,accepted,ibc2018:detection:7236a0652cf65ccce5e5b161,ibc2018:table:175786f01de5344d90345d0e,0.99,detected_structure,provisional,"{""appendix"":""H"",""bbox"":[408.101,66.416,449.682,81.584],""chapter"":null,""line_id"":""poppler-line:4b0cb680428d607aa8b6"",""observed_text_sha256"":""033ea798b190c84507139b0baa8b613f3ba8e021ff4d54901254b2c3b40b6b8a"",""pdf_page"":697,""printed_page"":""670""}"
table_candidate,accepted,ibc2018:detection:462c098ff7189d89588db276,ibc2018:table:d0f63837fb4dcba75ae84eae,0.99,detected_structure,provisional,"{""appendix"":""H"",""bbox"":[408.151,239.446,449.471,254.613],""chapter"":null,""line_id"":""poppler-line:f65349a42da8c77590a2"",""observed_text_sha256"":""56ddc77f9f2390c9f37eefdec01a743e32a9a89a8830ab6910cd411ed35aca70"",""pdf_page"":697,""printed_page"":""670""}"
figure_candidate,accepted,ibc2018:detection:804a68fae6a4d6d6e7c5310b,ibc2018:figure:a2c29032fec38df11776dac5,0.99,detected_structure,provisional,"{""appendix"":null,""bbox"":[270.69,418.396,323.078,433.853],""chapter"":""7"",""line_id"":""poppler-line:5ed554a9f4e8ad7cff90"",""observed_text_sha256"":""5db09f8f2066323d1d3ebd39d9d632e7d77b7dc26b5fe8e40790402cc70e73bc"",""pdf_page"":155,""printed_page"":""128""}"
figure_candidate,accepted,ibc2018:detection:9572832b7b0ad653e32af609,ibc2018:figure:a5bf405968be0f50e29f8f25,0.99,detected_structure,provisional,"{""appendix"":null,""bbox"":[394.057,716.696,465.142,732.153],""chapter"":""7"",""line_id"":""poppler-line:bc419bcab024243f3938"",""observed_text_sha256"":""12ad0ad1636861ee4dec060f0c6ba1cc9d6cf5eb72dab37dde7abedad8f90ea3"",""pdf_page"":209,""printed_page"":""182""}"
figure_candidate,accepted,ibc2018:detection:cf3d4e4d677ac71b3141ac08,ibc2018:figure:d446d817cbf66faab6d8eedb,0.99,detected_structure,provisional,"{""appendix"":null,""bbox"":[281.383,308.096,346.773,323.553],""chapter"":""7"",""line_id"":""poppler-line:f4ad33c1dd5da0b25e22"",""observed_text_sha256"":""1fd76efed0cd8cdab1d554bab299405b249d397a8564140958d2cb9dd8c260a5"",""pdf_page"":210,""printed_page"":""183""}"
figure_candidate,accepted,ibc2018:detection:dd73c6ec0862cee8c40e44f7,ibc2018:figure:70413afd997b4db305155a63,0.99,detected_structure,provisional,"{""appendix"":null,""bbox"":[146.008,569.946,218.017,585.403],""chapter"":""7"",""line_id"":""poppler-line:d94ef418771ca380aca7"",""observed_text_sha256"":""764d855931563fd812982f9612a7c4b673636599679dc0f20e66535b6bf1bb32"",""pdf_page"":212,""printed_page"":""185""}"
figure_candidate,accepted,ibc2018:detection:1100cb425f2970bb9bf92cc6,ibc2018:figure:e6f95b25b14da50fed1d759e,0.99,detected_structure,provisional,"{""appendix"":null,""bbox"":[412.146,356.346,484.308,371.803],""chapter"":""7"",""line_id"":""poppler-line:4e390696ca9587ea8c9b"",""observed_text_sha256"":""23740fdc3c4f1bdadc9d44a3a2fe0b39f6c98e3cafae63152c49703cd037aaa4"",""pdf_page"":212,""printed_page"":""185""}"
figure_candidate,accepted,ibc2018:detection:2897a23774635c8a47692d58,ibc2018:figure:48278fb36383269fa5197539,0.99,detected_structure,provisional,"{""appendix"":null,""bbox"":[415.983,707.846,481.627,723.303],""chapter"":""7"",""line_id"":""poppler-line:002599e18525c81d6aa5"",""observed_text_sha256"":""318160a1c1bb2a82e47f7b961816108a6b6fc5b6394e63d0deac5ea8cd1c449e"",""pdf_page"":212,""printed_page"":""185""}"
figure_candidate,accepted,ibc2018:detection:1ad16c2e9bea81f6ad0d6001,ibc2018:figure:2d9d8e38e6ad6e19a0e68440,0.99,detected_structure,provisional,"{""appendix"":null,""bbox"":[125.858,631.184,201.204,646.641],""chapter"":""7"",""line_id"":""poppler-line:ae21b184dab8de52270d"",""observed_text_sha256"":""6b77ffbc67f206e2793da54116201dcf9462ab98876b48b95cb2f5f465972c1c"",""pdf_page"":213,""printed_page"":""186""}"
figure_candidate,accepted,ibc2018:detection:7f32388ff80785bdbe7152c8,ibc2018:figure:07a1723e9b656fdbed3f0ba9,0.99,detected_structure,provisional,"{""appendix"":null,""bbox"":[390.555,628.525,465.915,643.982],""chapter"":""7"",""line_id"":""poppler-line:cccab6a0df0990540c4a"",""observed_text_sha256"":""74d286978fea3f79f1f9c3e0337f4c2961ac624c0f701b717580fb55190d7228"",""pdf_page"":213,""printed_page"":""186""}"
figure_candidate,accepted,ibc2018:detection:9ceab1cc628c8a2390870139,ibc2018:figure:c3b28a6c407f06d0df3a6918,0.99,detected_structure,provisional,"{""appendix"":null,""bbox"":[149.0,455.955,217.613,471.411],""chapter"":""7"",""line_id"":""poppler-line:ba9c5c228d782fb7d804"",""observed_text_sha256"":""04158268b08f4deb47f4feda8b0c015ac40ce100677f87865e4d8429e81a0d8d"",""pdf_page"":220,""printed_page"":""193""}"
figure_candidate,accepted,ibc2018:detection:aefd55a23f267dd99070d6a9,ibc2018:figure:99debf8d5d55eb90379d44ac,0.99,detected_structure,provisional,"{""appendix"":null,""bbox"":[413.35,403.255,481.986,418.711],""chapter"":""7"",""line_id"":""poppler-line:ea300064514012187839"",""observed_text_sha256"":""c17ded09c62c00cbd653d69cbedb68fe5d88a030e36405e9de6cfa28775f8480"",""pdf_page"":220,""printed_page"":""193""}"
figure_candidate,accepted,ibc2018:detection:936175ba7d115b83d5f1f9f1,ibc2018:figure:9656e3a70d35e7ce89c83128,0.99,detected_structure,provisional,"{""appendix"":null,""bbox"":[130.4,321.905,198.923,337.361],""chapter"":""7"",""line_id"":""poppler-line:93b869365c7de702433d"",""observed_text_sha256"":""903e940d8902a1ba74c11dbc86ee253b7e4532ff2d46fee69770dec19c79d4d5"",""pdf_page"":221,""printed_page"":""194""}"
figure_candidate,accepted,ibc2018:detection:3bd39ac9e1b9288f3ef08890,ibc2018:figure:3cf0924dd59eb7cf0e1015a3,0.99,detected_structure,provisional,"{""appendix"":null,""bbox"":[393.957,341.137,462.537,356.594],""chapter"":""7"",""line_id"":""poppler-line:2d335a3d2a53b43673c1"",""observed_text_sha256"":""10d3fc60a514147f29746b00e5d9c95c5d58b1e6803efb6ea70ac797b11a77cd"",""pdf_page"":221,""printed_page"":""194""}"
figure_candidate,accepted,ibc2018:detection:0abc0ceb460baa3ce1b37cb9,ibc2018:figure:8319a3703354321948d0455d,0.99,detected_structure,provisional,"{""appendix"":null,""bbox"":[415.15,625.755,483.787,641.211],""chapter"":""7"",""line_id"":""poppler-line:73a573750a12bb0b42ba"",""observed_text_sha256"":""baf6dd0fb184e5114ce1d4711474e985f97122f8bbe43a22ca8fec5a76901682"",""pdf_page"":221,""printed_page"":""194""}"
figure_candidate,accepted,ibc2018:detection:181cc08eac5b3b644336acbc,ibc2018:figure:c4ff14e48a66903f207ce847,0.99,detected_structure,provisional,"{""appendix"":null,""bbox"":[282.2,253.155,350.723,268.611],""chapter"":""7"",""line_id"":""poppler-line:190b6731bb394c3e6682"",""observed_text_sha256"":""37a14b0d15f4ba89147f85a6cf7c3c7b3ec3f720e6775b1a562fccb7d4b3f097"",""pdf_page"":222,""printed_page"":""195""}"
figure_candidate,accepted,ibc2018:detection:0493e73042cc2729d5062522,ibc2018:figure:6004e9bb70a3460b02e29582,0.99,detected_structure,provisional,"{""appendix"":null,""bbox"":[284.15,494.455,352.674,509.911],""chapter"":""7"",""line_id"":""poppler-line:09277da0afb77cb566c5"",""observed_text_sha256"":""2850665ec8f54538aa84d755c719b51ee88e3aaae3d0109f096d12b72151f0ea"",""pdf_page"":222,""printed_page"":""195""}"
figure_candidate,accepted,ibc2018:detection:dbb8585dad80d210f4f8f99f,ibc2018:figure:8de96d27558f6f33f61114ba,0.99,detected_structure,provisional,"{""appendix"":null,""bbox"":[153.1,657.205,211.822,672.661],""chapter"":""7"",""line_id"":""poppler-line:5411f5991bf97d84c316"",""observed_text_sha256"":""3c48578e1abf0c03c9967dd6f57c3a399e6240dcf3cfc779332b11531dafefc0"",""pdf_page"":224,""printed_page"":""197""}"
figure_candidate,accepted,ibc2018:detection:23a7183895e829ed629b4d32,ibc2018:figure:8b41ef10657d1bf2de9df53b,0.99,detected_structure,provisional,"{""appendix"":null,""bbox"":[270.8,720.805,327.352,736.261],""chapter"":""16"",""line_id"":""poppler-line:7a0d6cd02966ae40d4ef"",""observed_text_sha256"":""85ded13f3b81ec7f91d9ada21f85731099150d4c1bb95aff8fed07dd14c6151d"",""pdf_page"":403,""printed_page"":""376""}"
figure_candidate,merged_continuation_or_repeat,ibc2018:detection:5295bed12dfd3ccbba2e0a48,ibc2018:figure:8b41ef10657d1bf2de9df53b,0.99,detected_structure,provisional,"{""appendix"":null,""bbox"":[264.776,694.711,367.503,710.168],""chapter"":""16"",""line_id"":""poppler-line:75c043ed2eac68fcfd14"",""observed_text_sha256"":""7601580fd5e009680195bdef567f9822f2c601e41bbc32944a1a855611a99b88"",""pdf_page"":404,""printed_page"":""377""}"
figure_candidate,accepted,ibc2018:detection:de307154055b71418f5a1177,ibc2018:figure:218ef9ff298e3a9493e79cad,0.99,detected_structure,provisional,"{""appendix"":null,""bbox"":[349.0,547.405,415.294,562.861],""chapter"":""16"",""line_id"":""poppler-line:f52d1917aa92c7fafcf9"",""observed_text_sha256"":""a6d8a2b6bb7dd1e31b83b1c0e3c54931b952853a01be2cdfe0c089319adcab33"",""pdf_page"":406,""printed_page"":""379""}"
figure_candidate,accepted,ibc2018:detection:49dff0423a25bc7e1c2652bb,ibc2018:figure:d3e7e814c6c01a1453f47ede,0.99,detected_structure,provisional,"{""appendix"":null,""bbox"":[350.3,526.755,416.681,542.211],""chapter"":""16"",""line_id"":""poppler-line:21ccaca80647c0b353b3"",""observed_text_sha256"":""dbc268ac1e30c60f6a27fad7e8cb0d9d041e5ec16e67ece6975f92455b908af6"",""pdf_page"":407,""printed_page"":""380""}"
figure_candidate,accepted,ibc2018:detection:09f88f12df4e10202e221f1d,ibc2018:figure:26d3f50320f8eb3381f24afc,0.99,detected_structure,provisional,"{""appendix"":null,""bbox"":[349.35,544.055,415.844,559.511],""chapter"":""16"",""line_id"":""poppler-line:f311a8876e5fed1f88c1"",""observed_text_sha256"":""4007f63d2de27995186a4b5f7b7bf8f0b558cb13d1345782674b6924cde42357"",""pdf_page"":408,""printed_page"":""381""}"
figure_candidate,accepted,ibc2018:detection:ec3c3ac9ccb60b8938470e62,ibc2018:figure:bf1e7af7a122a7cc3c8905e1,0.99,detected_structure,provisional,"{""appendix"":null,""bbox"":[346.6,527.105,412.981,542.561],""chapter"":""16"",""line_id"":""poppler-line:48a352aa55b03e3de7a2"",""observed_text_sha256"":""aae446e6d29cf6aab8f15268e1a6b35cd64cfab4978b8162e4ec84efd6422256"",""pdf_page"":409,""printed_page"":""382""}"
figure_candidate,accepted,ibc2018:detection:6beccc8972c6571d5c2acce6,ibc2018:figure:5a39dbe4d054fb824d894ca9,0.99,detected_structure,provisional,"{""appendix"":null,""bbox"":[282.256,690.242,348.693,705.699],""chapter"":""16"",""line_id"":""poppler-line:345d8d918ccf496751dd"",""observed_text_sha256"":""2ad43da45ee2c1d18b91616a59d825454a0d5f00ace137f335ff958bd5b1daa6"",""pdf_page"":410,""printed_page"":""383""}"
figure_candidate,merged_continuation_or_repeat,ibc2018:detection:9889704780ebc12fa3876dad,ibc2018:figure:5a39dbe4d054fb824d894ca9,0.99,detected_structure,provisional,"{""appendix"":null,""bbox"":[239.6,690.555,352.202,706.011],""chapter"":""16"",""line_id"":""poppler-line:c5161040c5aa6873e767"",""observed_text_sha256"":""64e0035b8b5b575fd7ef76bbb0fff24dcdd39fd06622090235273390bee6ff73"",""pdf_page"":411,""printed_page"":""384""}"
figure_candidate,accepted,ibc2018:detection:f9998c238254da9ac702915f,ibc2018:figure:36f39e1bfcd00224cdcf0202,0.99,detected_structure,provisional,"{""appendix"":null,""bbox"":[282.256,689.676,348.694,705.133],""chapter"":""16"",""line_id"":""poppler-line:1baa661c5442acc1d539"",""observed_text_sha256"":""ed3fe642553834b35846096374795b10e8419cdb672113055b4882aab472f7f8"",""pdf_page"":412,""printed_page"":""385""}"
figure_candidate,merged_continuation_or_repeat,ibc2018:detection:5d2e6b0fd6be4d17efa5573f,ibc2018:figure:36f39e1bfcd00224cdcf0202,0.99,detected_structure,provisional,"{""appendix"":null,""bbox"":[239.6,699.805,352.203,715.261],""chapter"":""16"",""line_id"":""poppler-line:701d10df68f235e3ce79"",""observed_text_sha256"":""a628c3143e64566434a5f5956a4171ce2e42c79794166ede3ef50e91197d3c51"",""pdf_page"":413,""printed_page"":""386""}"
figure_candidate,accepted,ibc2018:detection:39149b274e627a46ec628104,ibc2018:figure:b123cc2e6ebc0cf2ff30af16,0.99,detected_structure,provisional,"{""appendix"":null,""bbox"":[283.444,688.432,349.995,703.889],""chapter"":""16"",""line_id"":""poppler-line:8d2e59960e991c3e26c8"",""observed_text_sha256"":""f6e97101a091bf1b541d17ca2ab9f4a01a7a52f8c57b825e842c4781d4339a42"",""pdf_page"":414,""printed_page"":""387""}"
figure_candidate,merged_continuation_or_repeat,ibc2018:detection:794737d20d17c9537c9d094d,ibc2018:figure:b123cc2e6ebc0cf2ff30af16,0.99,detected_structure,provisional,"{""appendix"":null,""bbox"":[239.6,696.455,352.203,711.911],""chapter"":""16"",""line_id"":""poppler-line:7320977993ecc738e595"",""observed_text_sha256"":""ac07570830d8a3e47055cfc0b7fe66ceac394a69ccdadadbc924e301cfdac80a"",""pdf_page"":415,""printed_page"":""388""}"
figure_candidate,accepted,ibc2018:detection:8c329b45d76601d77efec023,ibc2018:figure:1b028f65dd2122af8a7c6841,0.99,detected_structure,provisional,"{""appendix"":null,""bbox"":[282.652,686.056,349.033,701.513],""chapter"":""16"",""line_id"":""poppler-line:d15d7ebe577379e455d7"",""observed_text_sha256"":""ba740801df86c2e895d759b47bae13616b5adb718cf329b86edd768d1d11083a"",""pdf_page"":416,""printed_page"":""389""}"
figure_candidate,merged_continuation_or_repeat,ibc2018:detection:a7bc7f4a8d497ef287f65859,ibc2018:figure:1b028f65dd2122af8a7c6841,0.99,detected_structure,provisional,"{""appendix"":null,""bbox"":[239.95,696.655,352.439,712.111],""chapter"":""16"",""line_id"":""poppler-line:ce6915738d5526a75814"",""observed_text_sha256"":""53c23333d283c9f3415fbed78dd9fbe17ee0c176ebe92b36248ae0dce8a78528"",""pdf_page"":417,""printed_page"":""390""}"
figure_candidate,accepted,ibc2018:detection:5156bc3142661b8c6bd5ecf3,ibc2018:figure:600e043e876e4c02df8c148a,0.99,detected_structure,provisional,"{""appendix"":null,""bbox"":[281.181,672.479,349.475,687.936],""chapter"":""16"",""line_id"":""poppler-line:7da874c1c9f3bb81b19d"",""observed_text_sha256"":""66fd99633a11636299eca7d0932d0cfbbff59cd23d9f3cac3069a6c51511127a"",""pdf_page"":420,""printed_page"":""393""}"
figure_candidate,merged_continuation_or_repeat,ibc2018:detection:335a92e39018267ad07c375d,ibc2018:figure:600e043e876e4c02df8c148a,0.99,detected_structure,provisional,"{""appendix"":null,""bbox"":[239.012,676.304,354.631,691.761],""chapter"":""16"",""line_id"":""poppler-line:dacb6f730902773cca57"",""observed_text_sha256"":""2f271d3789d89b2d8080b8cdc5d0b0d52943736004f600f63d96b751e5baa491"",""pdf_page"":421,""printed_page"":""394""}"
figure_candidate,merged_continuation_or_repeat,ibc2018:detection:271fdbf3316f041c0aeec501,ibc2018:figure:600e043e876e4c02df8c148a,0.99,detected_structure,provisional,"{""appendix"":null,""bbox"":[256.12,699.972,371.625,715.429],""chapter"":""16"",""line_id"":""poppler-line:84a2b69b5a14627413a3"",""observed_text_sha256"":""2f271d3789d89b2d8080b8cdc5d0b0d52943736004f600f63d96b751e5baa491"",""pdf_page"":422,""printed_page"":""395""}"
figure_candidate,merged_continuation_or_repeat,ibc2018:detection:3d19c74b8b3be3a1c932cc55,ibc2018:figure:600e043e876e4c02df8c148a,0.99,detected_structure,provisional,"{""appendix"":null,""bbox"":[241.049,598.997,356.555,614.454],""chapter"":""16"",""line_id"":""poppler-line:2e1de1f544ade2d82aa3"",""observed_text_sha256"":""2f271d3789d89b2d8080b8cdc5d0b0d52943736004f600f63d96b751e5baa491"",""pdf_page"":423,""printed_page"":""396""}"
figure_candidate,merged_continuation_or_repeat,ibc2018:detection:e4ff48cfb0cfe57500304981,ibc2018:figure:600e043e876e4c02df8c148a,0.99,detected_structure,provisional,"{""appendix"":null,""bbox"":[324.221,543.817,439.726,559.274],""chapter"":""16"",""line_id"":""poppler-line:67b5027e4d434116c068"",""observed_text_sha256"":""2f271d3789d89b2d8080b8cdc5d0b0d52943736004f600f63d96b751e5baa491"",""pdf_page"":424,""printed_page"":""397""}"
figure_candidate,accepted,ibc2018:detection:89a7f580b3e821d7ea57f911,ibc2018:figure:95d054bb3d7c8c17031c1b64,0.99,detected_structure,provisional,"{""appendix"":null,""bbox"":[259.4,676.755,332.482,692.211],""chapter"":""16"",""line_id"":""poppler-line:c22cb213b61b50f70093"",""observed_text_sha256"":""07348d67d97d9b827bd9118896caf409dd0f163dfdc0acfbef01b50b23dd46f8"",""pdf_page"":431,""printed_page"":""404""}"
figure_candidate,merged_continuation_or_repeat,ibc2018:detection:f517968704b8b3a54b8f7b49,ibc2018:figure:95d054bb3d7c8c17031c1b64,0.99,detected_structure,provisional,"{""appendix"":null,""bbox"":[253.688,694.428,373.105,709.885],""chapter"":""16"",""line_id"":""poppler-line:ed9c6fe15161b95f4c94"",""observed_text_sha256"":""2c88643375d7ba352aa98ac5db2bbbe62d4c20dd2f1b988e0f97da1f0dcde364"",""pdf_page"":432,""printed_page"":""405""}"
figure_candidate,accepted,ibc2018:detection:e343d59c9858fba4950a3b70,ibc2018:figure:a0c18ecb524a815490d7008d,0.99,detected_structure,provisional,"{""appendix"":null,""bbox"":[258.1,686.855,331.036,702.311],""chapter"":""16"",""line_id"":""poppler-line:3da77b374846830eeb85"",""observed_text_sha256"":""cccca06a86c106a78042137e88ba0ede5ea9470e622ba059f2ff1881250fcb85"",""pdf_page"":433,""printed_page"":""406""}"
figure_candidate,merged_continuation_or_repeat,ibc2018:detection:9ebd1ee4df31df1087e699a5,ibc2018:figure:a0c18ecb524a815490d7008d,0.99,detected_structure,provisional,"{""appendix"":null,""bbox"":[256.573,695.277,375.73,710.734],""chapter"":""16"",""line_id"":""poppler-line:41c71608b77c0775f9b3"",""observed_text_sha256"":""0ff819a022e6e4e5443fbcac4e526b716c6e038b53ff2324471647dcdc5e65da"",""pdf_page"":434,""printed_page"":""407""}"
figure_candidate,accepted,ibc2018:detection:29e0781be02fd20cafa0853a,ibc2018:figure:7761ae7b908258bc40a20cef,0.99,detected_structure,provisional,"{""appendix"":null,""bbox"":[259.05,702.805,332.042,718.261],""chapter"":""16"",""line_id"":""poppler-line:df4aaac78f33f32a08ac"",""observed_text_sha256"":""9512cca5fd4ac071ac37bfdbe7e1e0ec02223d043ad707490496369547993bf8"",""pdf_page"":435,""printed_page"":""408""}"
figure_candidate,accepted,ibc2018:detection:89c26d86a5f8bc9abe0889e5,ibc2018:figure:555a16ef64dad42a78532b52,0.99,detected_structure,provisional,"{""appendix"":null,""bbox"":[344.3,529.755,417.349,545.211],""chapter"":""16"",""line_id"":""poppler-line:6a046a100f7e547b3ae4"",""observed_text_sha256"":""16c90da7ad27a3c05683914d4a4a29ea557a73a10009768ab01d62ce2e049f62"",""pdf_page"":436,""printed_page"":""409""}"
figure_candidate,accepted,ibc2018:detection:afc20cb2899538c39b5de5c2,ibc2018:figure:7f5e737f7a4b35909cff5aff,0.99,detected_structure,provisional,"{""appendix"":null,""bbox"":[342.5,488.355,415.549,503.811],""chapter"":""16"",""line_id"":""poppler-line:9d5f2f34b5740f88b507"",""observed_text_sha256"":""71fffcf5d351cdd331f7b3fad43eec61e089923f31d36f82894c0282ff693768"",""pdf_page"":437,""printed_page"":""410""}"
figure_candidate,accepted,ibc2018:detection:2bf423c67e6c020e79240efa,ibc2018:figure:ee4f857fb3732d054971e06b,0.99,detected_structure,provisional,"{""appendix"":null,""bbox"":[278.805,701.67,351.741,717.127],""chapter"":""16"",""line_id"":""poppler-line:20ed89b2e8da4bda2207"",""observed_text_sha256"":""15b92c2b2f0b844e3c432136d3be075909819883b28c9c06b4fc2164648d7bff"",""pdf_page"":438,""printed_page"":""411""}"
figure_candidate,accepted,ibc2018:detection:8e04397073d766532faa4887,ibc2018:figure:3744b22f9dc7471df8d6c2ed,0.99,detected_structure,provisional,"{""appendix"":null,""bbox"":[257.15,697.755,330.199,713.211],""chapter"":""16"",""line_id"":""poppler-line:9f4ebcd3b8be95b58985"",""observed_text_sha256"":""2818039a8ae82c9037eac649cf7989eb4d246e300621c4e6c65f99f1b3cf53b3"",""pdf_page"":439,""printed_page"":""412""}"
figure_candidate,accepted,ibc2018:detection:bcafbf5abed8d7d07030c2f0,ibc2018:figure:43a62dd3d38b559d173d4549,0.99,detected_structure,provisional,"{""appendix"":null,""bbox"":[281.068,698.389,354.287,713.845],""chapter"":""16"",""line_id"":""poppler-line:cf0d6098d30a716bd936"",""observed_text_sha256"":""46e9a0ffe773c149b64a7ede4c10009c705a16455de518e4552a1db66681f3eb"",""pdf_page"":440,""printed_page"":""413""}"
figure_candidate,accepted,ibc2018:detection:387ee2e996017e6f9c84795e,ibc2018:figure:3d7f9ead2f1186fbb094b93a,0.99,detected_structure,provisional,"{""appendix"":null,""bbox"":[268.65,417.655,325.213,433.111],""chapter"":""16"",""line_id"":""poppler-line:ac41f539ea26d1db80da"",""observed_text_sha256"":""55aeb790bf27ca125ceef83d3cde610965bf6656042a269dad8ca0d8f48b8212"",""pdf_page"":441,""printed_page"":""414""}"
figure_candidate,accepted,ibc2018:detection:acd121b929aec4276655a33c,ibc2018:figure:e49fd91acdc06a2bef99fbb0,0.99,detected_structure,provisional,"{""appendix"":null,""bbox"":[283.195,725.121,345.386,740.578],""chapter"":""18"",""line_id"":""poppler-line:57d8042d4bf24523748c"",""observed_text_sha256"":""34b0abd0db2df6a7214748f97ba1760a13270ef68948ee7e1eba11cac488fe83"",""pdf_page"":468,""printed_page"":""441""}"
figure_candidate,accepted,ibc2018:detection:5ca336837d3f2aabd625b301,ibc2018:figure:17ca7dde573324161ed04fbd,0.99,detected_structure,provisional,"{""appendix"":null,""bbox"":[152.229,494.696,213.088,510.153],""chapter"":""21"",""line_id"":""poppler-line:a9c363109124a237c7b7"",""observed_text_sha256"":""8be33d427f26d0d33678c84917451d80dc070c9ab918c1f25649857ed627d94f"",""pdf_page"":500,""printed_page"":""473""}"
figure_candidate,accepted,ibc2018:detection:01d01e5973065ebcf0bf0729,ibc2018:figure:e5be1304a12333a552319606,0.99,detected_structure,provisional,"{""appendix"":null,""bbox"":[288.063,398.846,349.106,414.303],""chapter"":""21"",""line_id"":""poppler-line:3ef3c5ff05d14d493c9a"",""observed_text_sha256"":""3d47ee62d7150845ed9085185c04c0e9485dd2ff5a51993f3a9075d46fa3ccbb"",""pdf_page"":504,""printed_page"":""477""}"
figure_candidate,accepted,ibc2018:detection:a8d4b271b4878bd0a6c79df4,ibc2018:figure:95f1b8bfa3d86c1291db0491,0.99,detected_structure,provisional,"{""appendix"":null,""bbox"":[131.85,538.255,192.909,553.711],""chapter"":""21"",""line_id"":""poppler-line:5602e085ecb0beb4f452"",""observed_text_sha256"":""05cb32da3e904dc132e5b0acd88dd3ac9f00ede4ace1ca856d7f304782115903"",""pdf_page"":505,""printed_page"":""478""}"
figure_candidate,accepted,ibc2018:detection:c96596c7a2119266d95c0edc,ibc2018:figure:84dea2118fc508967d515f9e,0.99,detected_structure,provisional,"{""appendix"":null,""bbox"":[275.5,713.972,355.145,733.168],""chapter"":""23"",""line_id"":""poppler-line:333015c85801ae555157"",""observed_text_sha256"":""62c9637f9183b243e456e3d86ae67250977958d102d817b20775d0d92271c963"",""pdf_page"":544,""printed_page"":""517""}"
figure_candidate,accepted,ibc2018:detection:79c8373fc08c92a745778ec4,ibc2018:figure:d49a05f9b6b7096bf3809ddb,0.99,detected_structure,provisional,"{""appendix"":null,""bbox"":[256.4,330.472,336.068,349.668],""chapter"":""23"",""line_id"":""poppler-line:ea2e0c2413b6f65d859f"",""observed_text_sha256"":""4787d33edeaa712232c098c14fd9c10539360a7d20559d14ff94b147eac63a9e"",""pdf_page"":545,""printed_page"":""518""}"
figure_candidate,accepted,ibc2018:detection:5d3ed4c73c7773f86ae84e19,ibc2018:figure:d6fbd4f9b1f8aa5a4b4135c9,0.99,detected_structure,provisional,"{""appendix"":null,""bbox"":[262.05,518.872,331.952,538.068],""chapter"":""23"",""line_id"":""poppler-line:0c8ca1ad09669a2e09aa"",""observed_text_sha256"":""4a761b15f972eb827888f60bd4daf439f023a22a8e2adbfecdef7d3fad765011"",""pdf_page"":545,""printed_page"":""518""}"
figure_candidate,accepted,ibc2018:detection:1c6bfce9ddd87916f42ba950,ibc2018:figure:cc3c03c87d7596b8f2b97064,0.99,detected_structure,provisional,"{""appendix"":null,""bbox"":[123.45,716.272,203.095,735.468],""chapter"":""23"",""line_id"":""poppler-line:b2da59dcb349b42335ba"",""observed_text_sha256"":""64aec2ead0c4a9287f3f055fe773ff402207978b264101d793f22ed082dcc464"",""pdf_page"":547,""printed_page"":""520""}"
figure_candidate,accepted,ibc2018:detection:fec5564350a8ec0048ecee7a,ibc2018:figure:bd1b6ebc8366f5eb219b69f2,0.99,detected_structure,provisional,"{""appendix"":null,""bbox"":[389.0,717.572,468.668,736.768],""chapter"":""23"",""line_id"":""poppler-line:38a8fba1a61bdc2e690c"",""observed_text_sha256"":""22e1030f299d18b62f57dfee9be5a89f6a4183cef6078fa0009a99e922a5efe6"",""pdf_page"":547,""printed_page"":""520""}"
figure_candidate,accepted,ibc2018:detection:69d03faff030fcda918e7130,ibc2018:figure:90385d397dea18e80894dae6,0.99,detected_structure,provisional,"{""appendix"":null,""bbox"":[265.059,703.413,327.321,722.61],""chapter"":""23"",""line_id"":""poppler-line:9451a4d6414030c4efb9"",""observed_text_sha256"":""58328405e8f5f75df2bb89bbe2313e06af1230778771bc424544fab114696040"",""pdf_page"":549,""printed_page"":""522""}"
figure_candidate,accepted,ibc2018:detection:838efba9dd13cf9a668f3a13,ibc2018:figure:c835efcf4bf2af5403ac8b3c,0.99,detected_structure,provisional,"{""appendix"":null,""bbox"":[282.559,302.263,351.46,321.46],""chapter"":""23"",""line_id"":""poppler-line:8ecee6b6236de4dbc791"",""observed_text_sha256"":""0c2e0d29f35afe06742025b14b8f454dda42f881e732786c7eba16fb283af5bc"",""pdf_page"":554,""printed_page"":""527""}"
figure_candidate,accepted,ibc2018:detection:4db4dbdde2cb33b090ee9747,ibc2018:figure:bccc2494359a6c0ac9ff5acf,0.99,detected_structure,provisional,"{""appendix"":null,""bbox"":[279.842,711.713,349.744,730.91],""chapter"":""23"",""line_id"":""poppler-line:bc62921ef08397324b18"",""observed_text_sha256"":""50fecfa38925def321f76cab34b82cb634f44410b7cc05b32bcc969e44476029"",""pdf_page"":554,""printed_page"":""527""}"
figure_candidate,accepted,ibc2018:detection:30013c05a67c8758592432be,ibc2018:figure:a7f002b11f14077dbc9aa8d2,0.99,detected_structure,provisional,"{""appendix"":null,""bbox"":[275.921,392.095,355.565,411.292],""chapter"":""23"",""line_id"":""poppler-line:098cd11653765b3a71d9"",""observed_text_sha256"":""0d6b68aea62f99f8d911830ea592068cc9eb06e9b24b2ed565d833ea3d4e3e4a"",""pdf_page"":556,""printed_page"":""529""}"
figure_candidate,accepted,ibc2018:detection:6af7f32752f1766180bd6976,ibc2018:figure:60dcd48b2628496aaddd423f,0.99,detected_structure,provisional,"{""appendix"":null,""bbox"":[275.838,719.17,355.681,738.366],""chapter"":""23"",""line_id"":""poppler-line:56ca3e291bfed3b5648b"",""observed_text_sha256"":""48d7f681b6ef99359049a689d9216e792e455bf87d48fcdf4763d40aa5ca0ed6"",""pdf_page"":556,""printed_page"":""529""}"
figure_candidate,accepted,ibc2018:detection:2a038f649df0d47e548f09d5,ibc2018:figure:3ad9aaa1178023e3a4cc130a,0.99,detected_structure,provisional,"{""appendix"":null,""bbox"":[276.7,468.722,356.345,487.918],""chapter"":""23"",""line_id"":""poppler-line:827e2bbf4ad836aa17e3"",""observed_text_sha256"":""cf39c02a1d23042dafa9bc6009977e16c570a82b352c709896449295539b6168"",""pdf_page"":558,""printed_page"":""531""}"
figure_candidate,accepted,ibc2018:detection:5c1247ebb9cf8dfb968fbc07,ibc2018:figure:dc3e302613e1f8db7d8643ca,0.99,detected_structure,provisional,"{""appendix"":null,""bbox"":[275.738,717.813,355.638,737.01],""chapter"":""23"",""line_id"":""poppler-line:46488bd9dc3f9196bc3f"",""observed_text_sha256"":""5f825444deee4ee411cfdcb3c098e1c9222a0df95994a6151a999fc4866e8d51"",""pdf_page"":558,""printed_page"":""531""}"
figure_candidate,accepted,ibc2018:detection:ed39507bd84711d661cde6a3,ibc2018:figure:4ca7fecb926a821cd9dec0ad,0.99,detected_structure,provisional,"{""appendix"":null,""bbox"":[261.087,281.013,331.028,300.21],""chapter"":""23"",""line_id"":""poppler-line:024c4f4f482ac40a7ce0"",""observed_text_sha256"":""5d9f8902b3269df9c86b1b6509368b09fade421791590c9bf27dc1262beb6f3c"",""pdf_page"":559,""printed_page"":""532""}"
figure_candidate,accepted,ibc2018:detection:740aa76f2cd2dcab8d283466,ibc2018:figure:1651737c4a5f14d603cd203a,0.99,detected_structure,provisional,"{""appendix"":null,""bbox"":[267.1,720.516,323.883,735.684],""chapter"":""26"",""line_id"":""poppler-line:87631bc1acdbb67c40f6"",""observed_text_sha256"":""c22a5877ea587dc812a309c03418afb6ee7f0b769c4dcb32d2cc254a56407717"",""pdf_page"":599,""printed_page"":""572""}"
figure_candidate,accepted,ibc2018:detection:dae4baf65c0b014476f08710,ibc2018:figure:8cf3abff71ba2cdda0042d4a,0.99,detected_structure,provisional,"{""appendix"":null,""bbox"":[151.178,597.408,214.424,612.575],""chapter"":""30"",""line_id"":""poppler-line:a922d09a54122c663530"",""observed_text_sha256"":""fd953deac890e8d6ef8e3d0e1507a9d41beea6b826f5502dfd68eca167a26924"",""pdf_page"":622,""printed_page"":""595""}"
figure_candidate,accepted,ibc2018:detection:817457dd5a03f884c8d6024f,ibc2018:figure:a1cf3d8504d3648d2d147041,0.99,detected_structure,provisional,"{""appendix"":""J"",""bbox"":[286.554,376.258,343.132,391.425],""chapter"":null,""line_id"":""poppler-line:033ae096b7c59030bb12"",""observed_text_sha256"":""bc98e65fc65b73d26b315cdff3f0220e72723da7dafbedce961bc08c90afc896"",""pdf_page"":702,""printed_page"":""675""}"
figure_candidate,accepted,ibc2018:detection:69dd935fc5b0d560666a14e1,ibc2018:figure:b06096ffe1cc57521cec17b9,0.99,detected_structure,provisional,"{""appendix"":""J"",""bbox"":[286.271,721.002,341.752,736.17],""chapter"":null,""line_id"":""poppler-line:d623096d7c12a72c9374"",""observed_text_sha256"":""5f07d7cfab1bd921b6890401cbfcc754221b4c2e05ef2efeea49cd00122672e2"",""pdf_page"":702,""printed_page"":""675""}"
table_candidate,rejected_embedded_in_figure,ibc2018:detection:98920e1e0ee43dc4e300e205,,0.99,detected_structure,rejected,"{""appendix"":null,""bbox"":[138.631,130.198,218.259,144.683],""chapter"":""23"",""line_id"":""poppler-line:be57d0865b38068284b5"",""observed_text_sha256"":""c3b9b134ea906ba59b0a955c48cdbb472e3d22b212d821cb19155b802c2933a8"",""pdf_page"":556,""printed_page"":""529""}"
table_candidate,rejected_embedded_in_figure,ibc2018:detection:1ce154877b9cc83b7a5d9795,,0.99,detected_structure,rejected,"{""appendix"":null,""bbox"":[144.509,197.106,204.469,211.59],""chapter"":""23"",""line_id"":""poppler-line:d1f147c7fcb203ad3c2e"",""observed_text_sha256"":""148e26e2094888f2432f85fc90c68f9ccb1282f8f10f45f186461bfd00ba65be"",""pdf_page"":556,""printed_page"":""529""}"
table_candidate,rejected_embedded_in_figure,ibc2018:detection:d04c90708ca187c526f4b30e,,0.99,detected_structure,rejected,"{""appendix"":null,""bbox"":[417.468,469.535,481.506,481.187],""chapter"":""23"",""line_id"":""poppler-line:53be8b87db7be674528a"",""observed_text_sha256"":""c3b9b134ea906ba59b0a955c48cdbb472e3d22b212d821cb19155b802c2933a8"",""pdf_page"":556,""printed_page"":""529""}"
table_candidate,rejected_embedded_in_figure,ibc2018:detection:712604a531e659aba73bf093,,0.99,detected_structure,rejected,"{""appendix"":null,""bbox"":[149.85,483.704,213.887,495.356],""chapter"":""23"",""line_id"":""poppler-line:cc9991de4f86cc2f95d3"",""observed_text_sha256"":""c3b9b134ea906ba59b0a955c48cdbb472e3d22b212d821cb19155b802c2933a8"",""pdf_page"":556,""printed_page"":""529""}"
incidental_layout_candidate,accepted_provisional,ibc2018:detection:aa29fb3bfcfca2139e642218,ibc2018:incidental-layout:f00fac0b905261c9bc676156,0.78,detected_structure,provisional,"{""appendix"":null,""bbox"":[42.727,314.33,545.543,475.175],""chapter"":""7"",""line_id"":null,""observed_text_sha256"":null,""pdf_page"":213,""printed_page"":""186""}"
incidental_layout_candidate,accepted_provisional,ibc2018:detection:0056190c1c0de6372e919a87,ibc2018:incidental-layout:963ca7a052b23436802cfadb,0.55,detected_structure,provisional,"{""appendix"":null,""bbox"":[42.46,516.248,546.711,564.858],""chapter"":""7"",""line_id"":null,""observed_text_sha256"":null,""pdf_page"":213,""printed_page"":""186""}"
incidental_layout_candidate,accepted_provisional,ibc2018:detection:d181e7f8f97ae2de31e5c06b,ibc2018:incidental-layout:f6eb84547709edbb77d1b5ae,0.55,detected_structure,provisional,"{""appendix"":null,""bbox"":[188.528,166.017,459.481,242.392],""chapter"":""7"",""line_id"":null,""observed_text_sha256"":null,""pdf_page"":222,""printed_page"":""195""}"
incidental_layout_candidate,accepted_provisional,ibc2018:detection:92a1198c3076de31e1252bb7,ibc2018:incidental-layout:31dc52a24561195b4a33f935,0.78,detected_structure,provisional,"{""appendix"":null,""bbox"":[56.672,682.268,528.147,739.257],""chapter"":""16"",""line_id"":null,""observed_text_sha256"":null,""pdf_page"":395,""printed_page"":""368""}"
incidental_layout_candidate,accepted_provisional,ibc2018:detection:f2faa75e6c18a52c79946858,ibc2018:incidental-layout:193e4b90ced46435fd1fe3cc,0.55,detected_structure,provisional,"{""appendix"":null,""bbox"":[316.175,411.136,625.916,452.41],""chapter"":""16"",""line_id"":null,""observed_text_sha256"":null,""pdf_page"":406,""printed_page"":""379""}"
incidental_layout_candidate,accepted_provisional,ibc2018:detection:185eb8b8b7bfacf40d9861bb,ibc2018:incidental-layout:b0d58f4dc563278aca20f18c,0.55,detected_structure,provisional,"{""appendix"":null,""bbox"":[50.56,141.893,411.907,228.839],""chapter"":""23"",""line_id"":null,""observed_text_sha256"":null,""pdf_page"":549,""printed_page"":""522""}"
incidental_layout_candidate,accepted_provisional,ibc2018:detection:cb1f54995b93e2d6d66af277,ibc2018:incidental-layout:94dc1fe5288bf6ae07ac6b56,0.78,detected_structure,provisional,"{""appendix"":null,""bbox"":[50.015,315.963,496.175,382.442],""chapter"":""23"",""line_id"":null,""observed_text_sha256"":null,""pdf_page"":549,""printed_page"":""522""}"
incidental_layout_candidate,accepted_provisional,ibc2018:detection:356a3bf9f2ad5e2bfb9c6dc7,ibc2018:incidental-layout:e4189062a76c53b621a95904,0.78,detected_structure,provisional,"{""appendix"":null,""bbox"":[167.298,435.501,546.149,497.778],""chapter"":""23"",""line_id"":null,""observed_text_sha256"":null,""pdf_page"":549,""printed_page"":""522""}"
incidental_layout_candidate,accepted_provisional,ibc2018:detection:249c17cdf2445993f37d20a0,ibc2018:incidental-layout:3e3c23fc299191cd82046e77,0.55,detected_structure,provisional,"{""appendix"":null,""bbox"":[52.523,611.922,533.461,659.078],""chapter"":""23"",""line_id"":null,""observed_text_sha256"":null,""pdf_page"":549,""printed_page"":""522""}"
incidental_layout_candidate,accepted_provisional,ibc2018:detection:87e7f1adfc6c0d5983e7ab84,ibc2018:incidental-layout:4112cb042bb38fea486673f8,0.55,detected_structure,provisional,"{""appendix"":null,""bbox"":[40.1,258.53,551.55,332.553],""chapter"":""24"",""line_id"":null,""observed_text_sha256"":null,""pdf_page"":583,""printed_page"":""556""}"
incidental_layout_candidate,accepted_provisional,ibc2018:detection:8c040287238374c49caf1b28,ibc2018:incidental-layout:8773e345d6545190fa7c0193,0.55,detected_structure,provisional,"{""appendix"":""A"",""bbox"":[60.015,682.146,305.758,742.029],""chapter"":null,""line_id"":null,""observed_text_sha256"":null,""pdf_page"":670,""printed_page"":""643""}"
incidental_layout_candidate,accepted_provisional,ibc2018:detection:b6be8f48f6e277bd8ad92f89,ibc2018:incidental-layout:a6af87244f236ff9a750ad3c,0.55,detected_structure,provisional,"{""appendix"":""G"",""bbox"":[40.053,370.94,551.493,410.518],""chapter"":null,""line_id"":null,""observed_text_sha256"":null,""pdf_page"":693,""printed_page"":""666""}"
equation_candidate,accepted_provisional,ibc2018:detection:5d7483601557d57d73d0eee7,ibc2018:equation:e6fb057354d3a3587f211f7f,0.84,detected_structure,provisional,"{""appendix"":null,""bbox"":[52.112,367.697,181.844,385.367],""chapter"":""2"",""line_id"":""poppler-line:224909f09832d211db5e"",""observed_text_sha256"":""b1adb568745c89ac05a12b3b0e0bad38ec4a925cc24d6de129e78829ea4e8449"",""pdf_page"":69,""printed_page"":""42""}"
equation_candidate,accepted_provisional,ibc2018:detection:224a9402f3d29ff0b1890735,ibc2018:equation:bfe5bb577fd85c31a8d51fd2,0.84,detected_structure,provisional,"{""appendix"":null,""bbox"":[52.09,381.742,183.303,399.412],""chapter"":""2"",""line_id"":""poppler-line:5f83dc6cb8d426cce178"",""observed_text_sha256"":""590bc3ca73c2b21a20f423919f43a16ed9c606612b0852a5334fa9913acfe234"",""pdf_page"":69,""printed_page"":""42""}"
equation_candidate,accepted_provisional,ibc2018:detection:57e3cac668cfe583538a06b0,ibc2018:equation:2d33d415508273ca269ddec3,0.84,detected_structure,provisional,"{""appendix"":null,""bbox"":[63.992,340.454,178.111,353.265],""chapter"":""4"",""line_id"":""poppler-line:db773652227d881226b0"",""observed_text_sha256"":""8d4f542c0b9bb73d23f70f88b8ad6da7a4a14f497164d10f4ea8e950f6566358"",""pdf_page"":85,""printed_page"":""58""}"
equation_candidate,accepted_provisional,ibc2018:detection:317a354515b55816ea1d9546,ibc2018:equation:eae0f59cf397d3475926b761,0.84,detected_structure,provisional,"{""appendix"":null,""bbox"":[52.049,219.33,123.648,232.528],""chapter"":""5"",""line_id"":""poppler-line:6331bf7678f02e148865"",""observed_text_sha256"":""534a9e658c443672e6cd02547a19ec90fa314558aed08297905faefecf8b2399"",""pdf_page"":135,""printed_page"":""108""}"
equation_candidate,accepted_provisional,ibc2018:detection:806947cb97c6d20d19546b54,ibc2018:equation:72877c03e044613c8c85d757,0.84,detected_structure,provisional,"{""appendix"":null,""bbox"":[318.042,262.28,395.932,275.478],""chapter"":""5"",""line_id"":""poppler-line:95ab7520f539437abef0"",""observed_text_sha256"":""723b3a650ebb1cbb65cf93d278e931ee1388d84377d95b1064d981e0267bf2a2"",""pdf_page"":135,""printed_page"":""108""}"
equation_candidate,accepted_provisional,ibc2018:detection:5a2a1953600e510373bca2f3,ibc2018:equation:24b0af65dd12d551949cb854,0.84,detected_structure,provisional,"{""appendix"":null,""bbox"":[52.08,550.03,149.299,563.128],""chapter"":""5"",""line_id"":""poppler-line:f11f2eff3a70b867bcea"",""observed_text_sha256"":""390822790c4654a908ec111d505e91da029cf7007363393183151dce3696d445"",""pdf_page"":135,""printed_page"":""108""}"
equation_candidate,accepted_provisional,ibc2018:detection:6688814d4baf5d4366561802,ibc2018:equation:a392e8d2c8b9b6b1ac6dc227,0.84,detected_structure,provisional,"{""appendix"":null,""bbox"":[59.999,520.629,132.397,533.827],""chapter"":""7"",""line_id"":""poppler-line:ca4c2366a1562df96ff8"",""observed_text_sha256"":""5c5db1677e4dfdb2832d13f82d983872e69f52bdaca430186cf0a0b40b535e22"",""pdf_page"":154,""printed_page"":""127""}"
equation_candidate,accepted_provisional,ibc2018:detection:13124c6f3b7bb3a328fd6678,ibc2018:equation:300070ddaae4993284095b35,0.84,detected_structure,provisional,"{""appendix"":null,""bbox"":[63.997,101.97,115.713,115.928],""chapter"":""7"",""line_id"":""poppler-line:f355ceb65cd6144f5973"",""observed_text_sha256"":""62bef902064daf06e8c0006af7a78de5096fc46f6ca19a87459374a98c2df09a"",""pdf_page"":217,""printed_page"":""190""}"
equation_candidate,accepted_provisional,ibc2018:detection:e8710428ac6d4752adc8d606,ibc2018:equation:907313a19914c6c93bef2395,0.84,detected_structure,provisional,"{""appendix"":null,""bbox"":[317.938,342.681,527.818,356.878],""chapter"":""7"",""line_id"":""poppler-line:5e76f74c2d527ed1fdb7"",""observed_text_sha256"":""7667321a2e215190dd798e57b4d5759d40cf593f94d227eed1e6c911c4881020"",""pdf_page"":217,""printed_page"":""190""}"
equation_candidate,accepted_provisional,ibc2018:detection:13a7f779c85cdfa18228b3a7,ibc2018:equation:68ea1042a3a24f493efddae1,0.84,detected_structure,provisional,"{""appendix"":null,""bbox"":[349.872,665.239,433.192,679.152],""chapter"":""7"",""line_id"":""poppler-line:9301b0349a3d68263e5b"",""observed_text_sha256"":""e4286d58af8e930ab385426519727ee45fb862211f8c2d70262d9ceb4364a774"",""pdf_page"":222,""printed_page"":""195""}"
equation_candidate,accepted_provisional,ibc2018:detection:2b68acb3dd579be39a316d41,ibc2018:equation:b758d10ab2c6e50e73538a00,0.84,detected_structure,provisional,"{""appendix"":null,""bbox"":[341.988,181.188,475.145,195.128],""chapter"":""7"",""line_id"":""poppler-line:8b276a76e79b861ce165"",""observed_text_sha256"":""9e3840c7bb76f90919b62663929698c56b6fde931d006c6db910dba0412371f0"",""pdf_page"":223,""printed_page"":""196""}"
equation_candidate,accepted_provisional,ibc2018:detection:ef83f51b10a8f9ddbfff025b,ibc2018:equation:9fc1cc81c76c157d89eb402a,0.84,detected_structure,provisional,"{""appendix"":null,""bbox"":[63.947,405.135,136.253,419.178],""chapter"":""7"",""line_id"":""poppler-line:6136c8ad5ebad5583761"",""observed_text_sha256"":""f64c16ef2dc49da118e72c5d68057e687863433619a3684862dd9b6790e60d3d"",""pdf_page"":223,""printed_page"":""196""}"
equation_candidate,accepted_provisional,ibc2018:detection:4402cf9ca17da5088727fba3,ibc2018:equation:1ae9131604c5352b4a88ef5a,0.84,detected_structure,provisional,"{""appendix"":null,""bbox"":[63.961,434.216,198.679,448.228],""chapter"":""7"",""line_id"":""poppler-line:d0bc683ac87067dc2405"",""observed_text_sha256"":""f3d84667b121d2ca46e2cae5f2359dce47e07857766e30ce97255bc79a97cf43"",""pdf_page"":223,""printed_page"":""196""}"
equation_candidate,accepted_provisional,ibc2018:detection:2e8894ab9c9babf9745ac407,ibc2018:equation:8e2118f351c345852e8c1f11,0.84,detected_structure,provisional,"{""appendix"":null,""bbox"":[342.035,596.566,491.93,610.578],""chapter"":""7"",""line_id"":""poppler-line:a8253265b48c715183e7"",""observed_text_sha256"":""a80889fdef58c0de265f324213c179fddbe79aba6c7de93a254eb32499e32b74"",""pdf_page"":223,""printed_page"":""196""}"
equation_candidate,accepted_provisional,ibc2018:detection:5ffcc32e4919a0983b901a2e,ibc2018:equation:f16b00c8af3da4c4612f92e4,0.84,detected_structure,provisional,"{""appendix"":null,""bbox"":[61.346,720.053,268.289,730.373],""chapter"":""7"",""line_id"":""poppler-line:83f99354fae90af23139"",""observed_text_sha256"":""af9bbcffd520c916c2adad84c41c96f801c981b6d7628bb109d4c768dad5513f"",""pdf_page"":232,""printed_page"":""205""}"
equation_candidate,accepted_provisional,ibc2018:detection:11f35694f6b89071e2ef51bb,ibc2018:equation:41f48ced4f57d2774d43f38c,0.84,detected_structure,provisional,"{""appendix"":null,""bbox"":[330.032,230.243,391.541,244.227],""chapter"":""9"",""line_id"":""poppler-line:41e9007e3bc4fc4a1704"",""observed_text_sha256"":""b04d000da7935b754a58cc92e466bc3ed76d9ffa5983eb66a4769289a22d1af2"",""pdf_page"":269,""printed_page"":""242""}"
equation_candidate,accepted_provisional,ibc2018:detection:2e8c1a461822ea025e3c26a9,ibc2018:equation:362372f438cebcfbd3a4005b,0.84,detected_structure,provisional,"{""appendix"":null,""bbox"":[330.027,255.193,420.513,269.177],""chapter"":""9"",""line_id"":""poppler-line:d3f98bbdb6232554a9a4"",""observed_text_sha256"":""c36c04082b2e1bb3119ac1530812620d665e538578b94daff0751243b2fa9749"",""pdf_page"":269,""printed_page"":""242""}"
equation_candidate,accepted_provisional,ibc2018:detection:94d3e4b4ae9eba1cdd52cf8d,ibc2018:equation:af13b0fc8424d4d14b200162,0.84,detected_structure,provisional,"{""appendix"":null,""bbox"":[318.007,269.243,462.471,283.227],""chapter"":""9"",""line_id"":""poppler-line:28249b73d432d4522f76"",""observed_text_sha256"":""211dee75c4f32a88ae40a074dd639fc1e72e7d3c8531d6d9fb88ce7e943fe482"",""pdf_page"":269,""printed_page"":""242""}"
equation_candidate,accepted_provisional,ibc2018:detection:6eb901e28d14539391e6e22c,ibc2018:equation:a072fe970e04b44d71fccdc5,0.84,detected_structure,provisional,"{""appendix"":null,""bbox"":[338.023,112.327,447.086,126.828],""chapter"":""9"",""line_id"":""poppler-line:233897eb51040c4c1821"",""observed_text_sha256"":""48fa2ecb45641ab73c4ce382d7831253c3fe93b5872006401e9daf6ab75eadc7"",""pdf_page"":270,""printed_page"":""243""}"
equation_candidate,accepted_provisional,ibc2018:detection:49e950464c75def092735ee9,ibc2018:equation:7758999d48ea648b5d7d2b8c,0.84,detected_structure,provisional,"{""appendix"":null,""bbox"":[52.049,363.33,126.897,376.528],""chapter"":""9"",""line_id"":""poppler-line:cdf3cfbf0271368ad088"",""observed_text_sha256"":""b061747b5155aab0125a1178044b4594114d43a2af6f33ea5fcb5eacb24cac88"",""pdf_page"":271,""printed_page"":""244""}"
equation_candidate,accepted_provisional,ibc2018:detection:1f92865e697114eea2559cf6,ibc2018:equation:d294a4e4847e27f3efb20379,0.84,detected_structure,provisional,"{""appendix"":null,""bbox"":[318.084,185.579,370.799,198.827],""chapter"":""9"",""line_id"":""poppler-line:c89e5edbdbe7fc1acbaa"",""observed_text_sha256"":""abe032fcb3c6d315246c3f322be1282a1cc31c35a22359c0bbfa5c0203002bcc"",""pdf_page"":277,""printed_page"":""250""}"
equation_candidate,accepted_provisional,ibc2018:detection:da6e4ea82a0383645a7a2743,ibc2018:equation:9185b1f1021c95ec7ba009d5,0.84,detected_structure,provisional,"{""appendix"":null,""bbox"":[318.144,270.529,368.135,283.777],""chapter"":""9"",""line_id"":""poppler-line:8002930bddfb3fed6f94"",""observed_text_sha256"":""d8da4bb95d2830fa4a6fdf50c532dca8536a92ba712d98b731095c08b5d3821b"",""pdf_page"":277,""printed_page"":""250""}"
equation_candidate,accepted_provisional,ibc2018:detection:69ad4b5aed8025796686797f,ibc2018:equation:e97cfe4e7e5af93725572dfc,0.84,detected_structure,provisional,"{""appendix"":null,""bbox"":[325.209,724.603,498.588,734.853],""chapter"":""10"",""line_id"":""poppler-line:e41a36c47685ac282463"",""observed_text_sha256"":""bec003f01c3f1033d20843f7097b390330d2fd62b35c09cac00725d8a447814e"",""pdf_page"":286,""printed_page"":""259""}"
equation_candidate,accepted_provisional,ibc2018:detection:b23802a74dae20193ae612f2,ibc2018:equation:db2c3550b796cd8bdd98a1db,0.84,detected_structure,provisional,"{""appendix"":null,""bbox"":[317.982,134.137,342.451,146.948],""chapter"":""16"",""line_id"":""poppler-line:5d3fb4dfe901a088fcf3"",""observed_text_sha256"":""9899868e1c061957b59298170ada30aeef73b29f265e56b7d6cda8a3cf9ab60e"",""pdf_page"":393,""printed_page"":""366""}"
equation_candidate,accepted_provisional,ibc2018:detection:8ce5f1135e88db0929909f30,ibc2018:equation:93d4872874cd0458626f4d33,0.84,detected_structure,provisional,"{""appendix"":null,""bbox"":[317.982,149.132,375.759,161.943],""chapter"":""16"",""line_id"":""poppler-line:d5e33770b6da91972467"",""observed_text_sha256"":""7fc81f204beb9ee3c55192b2c7e416a6c1d8d1f5c3a9127a149b0cc6b22f3df9"",""pdf_page"":393,""printed_page"":""366""}"
equation_candidate,accepted_provisional,ibc2018:detection:3fffa5845fda18a6d9041c46,ibc2018:equation:5f48be477054f24f9f515e30,0.84,detected_structure,provisional,"{""appendix"":null,""bbox"":[317.982,164.128,422.229,178.078],""chapter"":""16"",""line_id"":""poppler-line:4bc9f5968bb336ea920a"",""observed_text_sha256"":""581be6e73a1f6f6bbfb90ba178547cb87d885c6bdd8a0b2b4e8b42803cf22d8f"",""pdf_page"":393,""printed_page"":""366""}"
equation_candidate,accepted_provisional,ibc2018:detection:d2e1c162eeb6551502b3e44c,ibc2018:equation:c093d87b3033121e2fe5cb45,0.84,detected_structure,provisional,"{""appendix"":null,""bbox"":[318.011,177.492,551.553,194.178],""chapter"":""16"",""line_id"":""poppler-line:bbaf0e4a71ed4a9af8a7"",""observed_text_sha256"":""4eabe8ef7f0ee1e287dcc53769f22b48f1d609e3f5e1f2cb0e363c3500432fbb"",""pdf_page"":393,""printed_page"":""366""}"
equation_candidate,accepted_provisional,ibc2018:detection:b83fe06309b9bf4c8bb993db,ibc2018:equation:91600c515979eb50a8f065b6,0.84,detected_structure,provisional,"{""appendix"":null,""bbox"":[318.005,196.401,429.472,209.212],""chapter"":""16"",""line_id"":""poppler-line:8bb74b2608e1d5af2717"",""observed_text_sha256"":""b8a3d3ede791db957fad8dff5efa94058a729337977c1ab0ca3e8983c542f384"",""pdf_page"":393,""printed_page"":""366""}"
equation_candidate,accepted_provisional,ibc2018:detection:731e094973de51cd8ec3c1fc,ibc2018:equation:9aafb9967cae578cf66ba74e,0.84,detected_structure,provisional,"{""appendix"":null,""bbox"":[318.005,211.389,529.03,225.378],""chapter"":""16"",""line_id"":""poppler-line:c385a77c91845fa54c26"",""observed_text_sha256"":""86ad2a7fa886bd9e9a442151143eb2acdcae16550dd34449101dc7b58226484d"",""pdf_page"":393,""printed_page"":""366""}"
equation_candidate,accepted_provisional,ibc2018:detection:b04a8ed26dc3e0ec9096a130,ibc2018:equation:1889e33d37f8112eaa870490,0.84,detected_structure,provisional,"{""appendix"":null,""bbox"":[318.019,238.557,495.755,251.368],""chapter"":""16"",""line_id"":""poppler-line:92eeb0fa52d932cf3d24"",""observed_text_sha256"":""b43112554032f65c1fc4582ec2e5845defaa2760f335a5da626b517764f380af"",""pdf_page"":393,""printed_page"":""366""}"
equation_candidate,accepted_provisional,ibc2018:detection:3b1acf4b5895886149fd38d3,ibc2018:equation:993d021ed45a30af80c405ef,0.84,detected_structure,provisional,"{""appendix"":null,""bbox"":[40.097,258.894,80.074,271.705],""chapter"":""16"",""line_id"":""poppler-line:a376a5674845753287ef"",""observed_text_sha256"":""569fe97eb9fb147e84627b1da061cde5a6a67352ac19c0d3df744c12d481b49e"",""pdf_page"":393,""printed_page"":""366""}"
equation_candidate,accepted_provisional,ibc2018:detection:490f896991a6858a14998d26,ibc2018:equation:7cc78751347e9fd7d0fab60a,0.84,detected_structure,provisional,"{""appendix"":null,""bbox"":[318.02,264.453,382.728,277.263],""chapter"":""16"",""line_id"":""poppler-line:1b9db8f270d35ba51ff9"",""observed_text_sha256"":""7f9e122ad0603799c4d6a8657abbbc8f1723e10f5e52ccf500433da56a068198"",""pdf_page"":393,""printed_page"":""366""}"
equation_candidate,accepted_provisional,ibc2018:detection:030b86cc1484dd476fb7b76c,ibc2018:equation:2b571fc85a99323bcab9c9e4,0.84,detected_structure,provisional,"{""appendix"":null,""bbox"":[40.097,273.889,211.24,287.878],""chapter"":""16"",""line_id"":""poppler-line:ae31d63fab9817b4b31a"",""observed_text_sha256"":""fe02a933a91fe8c6ee1f888c6ead7054dababa8b537ac23e3cf8b86d1b3f6381"",""pdf_page"":393,""printed_page"":""366""}"
equation_candidate,accepted_provisional,ibc2018:detection:4b9e13e314cf91e0e8fcd894,ibc2018:equation:a0e8e1bbb91f41db7c5d1efb,0.84,detected_structure,provisional,"{""appendix"":null,""bbox"":[318.02,279.448,404.917,292.259],""chapter"":""16"",""line_id"":""poppler-line:081490b36fc3002231b2"",""observed_text_sha256"":""21fad782b54b754dddca2072361a4a85eacd11df8abff594fa6b1c3826b83ecc"",""pdf_page"":393,""printed_page"":""366""}"
equation_candidate,accepted_provisional,ibc2018:detection:2ab2107352ab92013c2cfdb7,ibc2018:equation:521ff5d91a43330d03ba3580,0.84,detected_structure,provisional,"{""appendix"":null,""bbox"":[40.124,301.038,253.376,315.028],""chapter"":""16"",""line_id"":""poppler-line:9bec548baca06f6b7003"",""observed_text_sha256"":""a61bd2d8c3d5c9ca1a0d090fd55f46ba626e827b5bf44a5cf4229e090a816cc0"",""pdf_page"":393,""printed_page"":""366""}"
equation_candidate,accepted_provisional,ibc2018:detection:5a813c89c65f6a91e27b34b1,ibc2018:equation:1ac9f6f6acb7a58f1cd1a3be,0.84,detected_structure,provisional,"{""appendix"":null,""bbox"":[40.097,328.152,246.519,342.128],""chapter"":""16"",""line_id"":""poppler-line:97280dc99dad22d46585"",""observed_text_sha256"":""52a26b2ccd5ab80b16372dc23638b1c4f1583ea3ff34bee1f2873b4d727e4cf5"",""pdf_page"":393,""printed_page"":""366""}"
equation_candidate,accepted_provisional,ibc2018:detection:10f4e9723e6fd07c771f797a,ibc2018:equation:40cc7a0ea4170ecceee43373,0.84,detected_structure,provisional,"{""appendix"":null,""bbox"":[40.101,355.288,190.707,369.152],""chapter"":""16"",""line_id"":""poppler-line:a850e3bc740fb2775f06"",""observed_text_sha256"":""344b7daa1be439d39b87ccb127c6b2cb33792c88eb141da12dca81154c24924d"",""pdf_page"":393,""printed_page"":""366""}"
equation_candidate,accepted_provisional,ibc2018:detection:23adc5e5cdddf58c6612495d,ibc2018:equation:df27e71f771c8df7c141fd0b,0.84,detected_structure,provisional,"{""appendix"":null,""bbox"":[40.085,386.386,140.815,399.197],""chapter"":""16"",""line_id"":""poppler-line:532ee505ba8191b825eb"",""observed_text_sha256"":""9cc660ef87ddca0129ab29c08deb231fe4aab0ecaf70d3a56de978162961f931"",""pdf_page"":393,""printed_page"":""366""}"
equation_candidate,accepted_provisional,ibc2018:detection:d2fbd686cd3a498c0490e84c,ibc2018:equation:511da6f84acd7e89e768d9a8,0.84,detected_structure,provisional,"{""appendix"":null,""bbox"":[72.019,419.584,157.728,433.578],""chapter"":""16"",""line_id"":""poppler-line:e4ee1b3ab9e542745493"",""observed_text_sha256"":""b79b90724565d608dbfb83e1c83660bd000c9fabcf7ab144b7045bbf06e55cca"",""pdf_page"":394,""printed_page"":""367""}"
equation_candidate,accepted_provisional,ibc2018:detection:649aa009de8128593dc6d5f7,ibc2018:equation:244500ad181e13073285a3de,0.84,detected_structure,provisional,"{""appendix"":null,""bbox"":[71.991,435.789,136.374,448.612],""chapter"":""16"",""line_id"":""poppler-line:8374d5addd02e3739ee8"",""observed_text_sha256"":""3137016d3774d3852e0cc8476663180cf34e6f0bb915b38f33b39d0304d4c259"",""pdf_page"":394,""printed_page"":""367""}"
equation_candidate,accepted_provisional,ibc2018:detection:241fc45c9811a51fb190cc79,ibc2018:equation:65ab761f5fc87a02131a64d5,0.84,detected_structure,provisional,"{""appendix"":null,""bbox"":[72.037,450.784,158.577,463.599],""chapter"":""16"",""line_id"":""poppler-line:ab44f85e792e67446566"",""observed_text_sha256"":""6df08571b2c1d1bc306fa903f2ef7fa64503d9dff361b6f387790e17c00fb6fa"",""pdf_page"":394,""printed_page"":""367""}"
equation_candidate,accepted_provisional,ibc2018:detection:41befc07389fd2e91b761f8a,ibc2018:equation:914d6ed781364f89a70bbba9,0.84,detected_structure,provisional,"{""appendix"":null,""bbox"":[72.037,465.673,158.318,478.5],""chapter"":""16"",""line_id"":""poppler-line:80c794239281955db1e7"",""observed_text_sha256"":""091b24342f598fcd5cc77daa6af89667fee3e2c0c15267074251f2c425b8722a"",""pdf_page"":394,""printed_page"":""367""}"
equation_candidate,accepted_provisional,ibc2018:detection:82194d8c4f24a7f48967c72d,ibc2018:equation:fc4e2ea3eb8c9a36f4f92a92,0.84,detected_structure,provisional,"{""appendix"":null,""bbox"":[71.999,480.684,142.869,493.495],""chapter"":""16"",""line_id"":""poppler-line:feaf7821dd5c03d37ca7"",""observed_text_sha256"":""44f3c6a06e653adb61d3c3fa99a10ece68d18e4e3d5344652f316beee133ccbc"",""pdf_page"":394,""printed_page"":""367""}"
equation_candidate,accepted_provisional,ibc2018:detection:86c84f38762700af9fb4e939,ibc2018:equation:2126b49e8acdee5d23a623b2,0.84,detected_structure,provisional,"{""appendix"":null,""bbox"":[71.999,495.679,123.448,508.49],""chapter"":""16"",""line_id"":""poppler-line:ee5269438a17218cb869"",""observed_text_sha256"":""36d6a00df3b8dc9691abc5c762a01496adc98fa8f57b98cbcf4feeb267890137"",""pdf_page"":394,""printed_page"":""367""}"
equation_candidate,accepted_provisional,ibc2018:detection:fc3a15f9142ef42865addced,ibc2018:equation:2defb75f5ed88a80ab848a56,0.84,detected_structure,provisional,"{""appendix"":null,""bbox"":[329.99,75.188,377.611,89.177],""chapter"":""16"",""line_id"":""poppler-line:b57e835275ced3fdbd78"",""observed_text_sha256"":""37f509471b2d9fc6bbbdf7eaff78a65671ad48d328a1771054af73d7ddca7196"",""pdf_page"":399,""printed_page"":""372""}"
equation_candidate,accepted_provisional,ibc2018:detection:67520d4e5a8af590d2a2e032,ibc2018:equation:274763fb174275a7bb703a2c,0.84,detected_structure,provisional,"{""appendix"":null,""bbox"":[330.008,104.588,406.762,118.577],""chapter"":""16"",""line_id"":""poppler-line:1a722a404f6b25606af5"",""observed_text_sha256"":""0b1ba8ac7279ad6cf0404d3dec998f524c171f4bc2eeb9683acbf1ced14aacd3"",""pdf_page"":399,""printed_page"":""372""}"
equation_candidate,accepted_provisional,ibc2018:detection:51531a52528dba74e4dfbcd8,ibc2018:equation:ff486df93c4117225beef088,0.84,detected_structure,provisional,"{""appendix"":null,""bbox"":[78.644,117.352,150.549,131.278],""chapter"":""16"",""line_id"":""poppler-line:bbd024f02b60c44ebe19"",""observed_text_sha256"":""964b3a6e430e408f6506e4e4d407bb09e0e49946d1b7cd79b7678a1065dd9144"",""pdf_page"":399,""printed_page"":""372""}"
equation_candidate,accepted_provisional,ibc2018:detection:6f092448e4446abdc1cfd8d4,ibc2018:equation:c9c9f1420834068ec940e57e,0.84,detected_structure,provisional,"{""appendix"":null,""bbox"":[330.045,219.865,495.05,234.377],""chapter"":""16"",""line_id"":""poppler-line:5e1a9e02d1726f5053bf"",""observed_text_sha256"":""39d8f796eb87fc7a0f6241249faa4ae538220261c57b3d472fe77f87697cd9bd"",""pdf_page"":399,""printed_page"":""372""}"
equation_candidate,accepted_provisional,ibc2018:detection:e1a1f97514c2e127a0060fd4,ibc2018:equation:5a243e97f182a2923e3bc2c6,0.84,detected_structure,provisional,"{""appendix"":null,""bbox"":[330.021,246.56,478.504,260.527],""chapter"":""16"",""line_id"":""poppler-line:7c493309665daf203ac7"",""observed_text_sha256"":""2c6d03c81cbc92e230bdcd7fd7845502910fda56439b4d35ac2b4f14d1322f86"",""pdf_page"":399,""printed_page"":""372""}"
equation_candidate,accepted_provisional,ibc2018:detection:8e22c3112fee049364eaddfe,ibc2018:equation:bdda3c706c5030cdbbf14642,0.84,detected_structure,provisional,"{""appendix"":null,""bbox"":[330.04,299.915,502.601,314.427],""chapter"":""16"",""line_id"":""poppler-line:a4a3a2b433992532a127"",""observed_text_sha256"":""c1e32b206b4753d0e73d7a70e212676804f0d322948dd0a3e63c18bd2bd652a0"",""pdf_page"":399,""printed_page"":""372""}"
equation_candidate,accepted_provisional,ibc2018:detection:a1af037cc8f7ffc6d322285c,ibc2018:equation:9d077734ed66732ae4d92ae9,0.84,detected_structure,provisional,"{""appendix"":null,""bbox"":[330.036,376.365,392.679,390.752],""chapter"":""16"",""line_id"":""poppler-line:2ef685c6f1a148c8b5ac"",""observed_text_sha256"":""fb0fb90ae4d9e7f50c3732a161f7b6a368e814794193bf5018c09c66cbb494cf"",""pdf_page"":399,""printed_page"":""372""}"
equation_candidate,accepted_provisional,ibc2018:detection:a6f45d06b458a3d85ee0bd7d,ibc2018:equation:c26a5a68baf14d98ad3fee15,0.84,detected_structure,provisional,"{""appendix"":null,""bbox"":[330.028,392.104,455.36,406.002],""chapter"":""16"",""line_id"":""poppler-line:bd4742c2034fef9e2261"",""observed_text_sha256"":""e4a6f8d6d577fb4a86b2fba79db4bb8e81251b3e6c653a44829d914b94cdd54a"",""pdf_page"":399,""printed_page"":""372""}"
equation_candidate,accepted_provisional,ibc2018:detection:30725c3023c04dcea2df7f4c,ibc2018:equation:7fc9a98561b880d8ab2c9030,0.84,detected_structure,provisional,"{""appendix"":null,""bbox"":[330.028,406.865,405.173,421.251],""chapter"":""16"",""line_id"":""poppler-line:5e85bb3d383e2157b9a3"",""observed_text_sha256"":""8a4edb07af78b176fece889172bbebaf79f5885dd5df75710c274c10994fd67f"",""pdf_page"":399,""printed_page"":""372""}"
equation_candidate,accepted_provisional,ibc2018:detection:330b993934477fa263cb538d,ibc2018:equation:0b5a43396362457a3e903fa5,0.84,detected_structure,provisional,"{""appendix"":null,""bbox"":[53.056,239.582,111.848,258.892],""chapter"":""16"",""line_id"":""poppler-line:e51f1a717d671fdac590"",""observed_text_sha256"":""4086de194186409a7fcc1f1024edc133d1e27121b61909b445f22474f6fe85b8"",""pdf_page"":405,""printed_page"":""378""}"
equation_candidate,accepted_provisional,ibc2018:detection:13fd1443d2f3128616aa7585,ibc2018:equation:f144fe31ec80c67555e7e790,0.84,detected_structure,provisional,"{""appendix"":null,""bbox"":[71.95,112.629,174.499,125.854],""chapter"":""16"",""line_id"":""poppler-line:a7c1e8afcd7b06e4b2ef"",""observed_text_sha256"":""27b3294e07396ffa086d224221a7a4209aeea6321b2b95d6ed1d24e9201d78ad"",""pdf_page"":418,""printed_page"":""391""}"
equation_candidate,accepted_provisional,ibc2018:detection:136041360c06b748e97ef642,ibc2018:equation:0fe31ac0d93a00111e27e243,0.84,detected_structure,provisional,"{""appendix"":null,""bbox"":[73.002,147.99,95.496,163.281],""chapter"":""16"",""line_id"":""poppler-line:9e1b57c1977cc9ad9925"",""observed_text_sha256"":""2c5c0fc42bdd9b0136a19c35e64807caefa9b7de2a2a01d9fb3cb335f4be6fb9"",""pdf_page"":418,""printed_page"":""391""}"
equation_candidate,accepted_provisional,ibc2018:detection:9ef8fcfb795822461fa7b972,ibc2018:equation:5d8b770a6ef9e8fac7c4c005,0.84,detected_structure,provisional,"{""appendix"":null,""bbox"":[326.017,555.45,387.292,568.904],""chapter"":""16"",""line_id"":""poppler-line:c1085b1312633899359d"",""observed_text_sha256"":""77b988b27ad1504d4bc07fd510d2f4cc85a42d98390c5eb729f12d9d3404a78a"",""pdf_page"":418,""printed_page"":""391""}"
equation_candidate,accepted_provisional,ibc2018:detection:a8cc4417fa34a482210a2589,ibc2018:equation:b65708054b1efcc56f7f2a04,0.84,detected_structure,provisional,"{""appendix"":null,""bbox"":[326.068,571.629,432.892,584.954],""chapter"":""16"",""line_id"":""poppler-line:bbb713e6a06e3383d416"",""observed_text_sha256"":""7c13721a5b848a5423b94d744f97721ce623f83310e933cd41d9991185b2674f"",""pdf_page"":418,""printed_page"":""391""}"
equation_candidate,accepted_provisional,ibc2018:detection:681cd7070287033d1ab088b7,ibc2018:equation:a1c32a86c6523c72514e0fba,0.84,detected_structure,provisional,"{""appendix"":null,""bbox"":[339.039,180.584,390.391,204.351],""chapter"":""16"",""line_id"":""poppler-line:efd69878929515d4652b"",""observed_text_sha256"":""f827ba743ab69e30de517bbcf4225803174a44270b551aff9f9b85c5c0da0af9"",""pdf_page"":426,""printed_page"":""399""}"
equation_candidate,accepted_provisional,ibc2018:detection:4335176fbeb942f3cafad410,ibc2018:equation:f0341ac7cd4616e57b97f115,0.84,detected_structure,provisional,"{""appendix"":null,""bbox"":[339.034,210.811,389.699,234.602],""chapter"":""16"",""line_id"":""poppler-line:b01dca87e94eaaaf3c8f"",""observed_text_sha256"":""8f62830123ac374e4b1391d948e990f56d84973f4a27019cc74ca7f9456906dd"",""pdf_page"":426,""printed_page"":""399""}"
equation_candidate,accepted_provisional,ibc2018:detection:5f1573bdc2ff0751fdf2c38b,ibc2018:equation:f8b269588b8c1920ce0c81e1,0.84,detected_structure,provisional,"{""appendix"":null,""bbox"":[72.021,344.238,111.848,358.228],""chapter"":""16"",""line_id"":""poppler-line:aece71a9f7456f0a4193"",""observed_text_sha256"":""2e5c5aa3ab44723d944ff3e92e11adf2707204b303197df16062041a978ee980"",""pdf_page"":426,""printed_page"":""399""}"
equation_candidate,accepted_provisional,ibc2018:detection:c2694dfd65407511d0505c02,ibc2018:equation:0451d331989a8ab54ad272cf,0.84,detected_structure,provisional,"{""appendix"":null,""bbox"":[72.047,360.438,113.223,374.278],""chapter"":""16"",""line_id"":""poppler-line:f92e90598c53aa2cb1bb"",""observed_text_sha256"":""60387a4284555f15dab5316faeee3355d3f7d62d1ad1645c158ff43063d7ad5d"",""pdf_page"":426,""printed_page"":""399""}"
equation_candidate,accepted_provisional,ibc2018:detection:eedfe94226f7ab8a7d8f41f5,ibc2018:equation:6860990b7bcd269bca8a2950,0.84,detected_structure,provisional,"{""appendix"":null,""bbox"":[329.952,111.765,393.258,126.128],""chapter"":""16"",""line_id"":""poppler-line:b273e04a0cdd220b70b3"",""observed_text_sha256"":""925258cd3dddf33f63018240370c35ec4d1fd5789b3cb12cb6cb1ca07ddbca93"",""pdf_page"":429,""printed_page"":""402""}"
equation_candidate,accepted_provisional,ibc2018:detection:c64269b1eed28e73660e5bca,ibc2018:equation:07a194c4d9e701da89ab4ec8,0.84,detected_structure,provisional,"{""appendix"":null,""bbox"":[330.023,533.665,389.974,548.178],""chapter"":""16"",""line_id"":""poppler-line:ba5b35c09be67df79bbe"",""observed_text_sha256"":""b7383e162c9c5eb7bb4bb5ba4bd8607a5ab8052c1421b9d19caba40fa8e1ca36"",""pdf_page"":429,""printed_page"":""402""}"
equation_candidate,accepted_provisional,ibc2018:detection:b1f8e9219cebb954a45a538f,ibc2018:equation:855240a8fd69ed322ed640e0,0.84,detected_structure,provisional,"{""appendix"":null,""bbox"":[342.047,628.288,385.845,642.228],""chapter"":""18"",""line_id"":""poppler-line:a22bf5da6463fc72cdc8"",""observed_text_sha256"":""114d4e2f1e421600a783fc83fc9b1b72f9c083d48d8c440bddfdc28e069dbd95"",""pdf_page"":475,""printed_page"":""448""}"
equation_candidate,accepted_provisional,ibc2018:detection:f0c0381885e339736c80d609,ibc2018:equation:348c2e8a3cb152a2e25f1883,0.84,detected_structure,provisional,"{""appendix"":null,""bbox"":[385.87,274.288,533.335,288.128],""chapter"":""18"",""line_id"":""poppler-line:4881e0fdfcffe5009bd3"",""observed_text_sha256"":""3a920d0fa2881c6bbd128cbb6786aad0b0db6d4e5b402a613677675424d37a04"",""pdf_page"":478,""printed_page"":""451""}"
equation_candidate,accepted_provisional,ibc2018:detection:02b7d4e385e4b2230f064885,ibc2018:equation:7a20c9ee6e495b7519bafc94,0.84,detected_structure,provisional,"{""appendix"":null,""bbox"":[95.95,280.687,304.813,298.357],""chapter"":""18"",""line_id"":""poppler-line:d33d9ae177331b593a5a"",""observed_text_sha256"":""59d89fd2cd5dcaa4ac1cad3978e3367256857258a45986cb8854a7eb8af359f2"",""pdf_page"":478,""printed_page"":""451""}"
equation_candidate,accepted_provisional,ibc2018:detection:7104e273759b3b807df101ce,ibc2018:equation:2c7007d78e36bff4adc52d86,0.84,detected_structure,provisional,"{""appendix"":null,""bbox"":[385.96,320.579,425.416,334.228],""chapter"":""18"",""line_id"":""poppler-line:c7a048579d07d9255732"",""observed_text_sha256"":""9a1e65a0dcd041c21eeb7b6c996da92a03f190a68fe194235081afb1aa7d0a19"",""pdf_page"":478,""printed_page"":""451""}"
equation_candidate,accepted_provisional,ibc2018:detection:6cf4af8e89208106c57a9544,ibc2018:equation:3fa9fe6a1a74c6d791b46e9d,0.84,detected_structure,provisional,"{""appendix"":null,""bbox"":[385.966,685.388,520.186,699.378],""chapter"":""18"",""line_id"":""poppler-line:dcdba3e1fc1f617e380f"",""observed_text_sha256"":""21cb0f06ea9c0421af8de4574705c37b4dbeae85a89d415b1e1693fb91c2bd91"",""pdf_page"":478,""printed_page"":""451""}"
equation_candidate,accepted_provisional,ibc2018:detection:30459f85ce60d688129cdbdb,ibc2018:equation:5b5ed939993ee310ac9fea8e,0.84,detected_structure,provisional,"{""appendix"":null,""bbox"":[99.995,90.184,266.784,104.178],""chapter"":""18"",""line_id"":""poppler-line:329ebc025ba78424a38b"",""observed_text_sha256"":""90c1559e38b298844a6d7aa3954bb7c782a9cc8c39a5eadc31b85255b1a1b0a3"",""pdf_page"":479,""printed_page"":""452""}"
equation_candidate,accepted_provisional,ibc2018:detection:74b6ae96beceb2b1d87d35c2,ibc2018:equation:991665932e6947c0e7de6e27,0.84,detected_structure,provisional,"{""appendix"":null,""bbox"":[63.987,616.503,175.643,633.951],""chapter"":""18"",""line_id"":""poppler-line:cf8a1d1592cdfffc9162"",""observed_text_sha256"":""329c25199f690f8c90aabc04d0877e54720fdca808eb5f82a2ca8324adc9a5a5"",""pdf_page"":479,""printed_page"":""452""}"
equation_candidate,accepted_provisional,ibc2018:detection:1b00b8a27814415fccd6be70,ibc2018:equation:e3441db11e761de748ec9f3f,0.84,detected_structure,provisional,"{""appendix"":null,""bbox"":[72.014,137.729,125.298,150.927],""chapter"":""21"",""line_id"":""poppler-line:df83760e3e3eaaf023d2"",""observed_text_sha256"":""c0fd35312e41ba1a2cd4b907cd53fd31d383380d934235a2f39c79b302f1702f"",""pdf_page"":496,""printed_page"":""469""}"
equation_candidate,accepted_provisional,ibc2018:detection:98fe8547354ff1819448342f,ibc2018:equation:f0afb2df139196111e3a0803,0.84,detected_structure,provisional,"{""appendix"":null,""bbox"":[72.049,152.929,150.848,166.177],""chapter"":""21"",""line_id"":""poppler-line:79f3a48218c640ce2c43"",""observed_text_sha256"":""ff508242fc05cd8039da5c201f8244f6edb273ad0343e9761b64d6e9f75792bc"",""pdf_page"":496,""printed_page"":""469""}"
equation_candidate,accepted_provisional,ibc2018:detection:643d9e7ed906e4c0788ce3ce,ibc2018:equation:f9d14c00b8741b565e0e0372,0.84,detected_structure,provisional,"{""appendix"":null,""bbox"":[76.05,151.166,154.849,165.228],""chapter"":""21"",""line_id"":""poppler-line:5332187d51c4e3c1a459"",""observed_text_sha256"":""ffa7c98db60debe403f28b4875dfaec0b4440b273097e40a9efba6fbe2b8552c"",""pdf_page"":497,""printed_page"":""470""}"
equation_candidate,accepted_provisional,ibc2018:detection:2c28250b04c29412273084f4,ibc2018:equation:5afba855eb7b7b557b280b77,0.84,detected_structure,provisional,"{""appendix"":null,""bbox"":[40.098,102.53,87.51,116.102],""chapter"":""24"",""line_id"":""poppler-line:d008546bc34588130867"",""observed_text_sha256"":""5aac7fb577a1ea47ab5eb7289b921ea3e37b03d898a36d3e2593a499023da19e"",""pdf_page"":583,""printed_page"":""556""}"
equation_candidate,accepted_provisional,ibc2018:detection:b3cff995045ae214733e6c0b,ibc2018:equation:23523452806fed4002c982ed,0.84,detected_structure,provisional,"{""appendix"":null,""bbox"":[317.971,112.98,380.936,126.403],""chapter"":""24"",""line_id"":""poppler-line:3955d40a9524c241d78d"",""observed_text_sha256"":""394b26d9268d25c285356f9c02c8a25ffd6feca24f73a1628a3672ce769f9a07"",""pdf_page"":583,""printed_page"":""556""}"
equation_candidate,accepted_provisional,ibc2018:detection:eb50e3a14cad0be3e90ab1ef,ibc2018:equation:96d3b8d0626bb198cec485c4,0.84,detected_structure,provisional,"{""appendix"":null,""bbox"":[40.09,242.566,101.826,256.152],""chapter"":""24"",""line_id"":""poppler-line:a3968f5b1eed635f536c"",""observed_text_sha256"":""72dc1e4c7b82932614513a865943bf52d4a4499c024dc6699605a2eb9cd93233"",""pdf_page"":583,""printed_page"":""556""}"
equation_candidate,accepted_provisional,ibc2018:detection:6a0ccd8df302ea919a3d4143,ibc2018:equation:01758bedd7bccf1d89f98c33,0.84,detected_structure,provisional,"{""appendix"":null,""bbox"":[40.101,258.53,134.318,272.102],""chapter"":""24"",""line_id"":""poppler-line:06b5dadb3f896d8a802d"",""observed_text_sha256"":""1727be66044b1f52d2491da042e46f7a22eb5d1f4cd03a8ffcf9d0eed62834ba"",""pdf_page"":583,""printed_page"":""556""}"
equation_candidate,accepted_provisional,ibc2018:detection:7763ef47396c354cd26c9004,ibc2018:equation:303dec89db9535b5693341a4,0.84,detected_structure,provisional,"{""appendix"":null,""bbox"":[40.135,274.63,121.722,288.052],""chapter"":""24"",""line_id"":""poppler-line:21b0c018fe89f9e0afef"",""observed_text_sha256"":""75be2304d9b68d7ee0f43fc8adb091f8144c16ea8fc7f9f88616637f9e09441f"",""pdf_page"":583,""printed_page"":""556""}"
equation_candidate,accepted_provisional,ibc2018:detection:0369de32a2438a0692e6a2d3,ibc2018:equation:76be2263b505dab9e7531a91,0.84,detected_structure,provisional,"{""appendix"":null,""bbox"":[318.035,289.232,364.486,302.803],""chapter"":""24"",""line_id"":""poppler-line:a7757c8ea86e7f31d1af"",""observed_text_sha256"":""50eed55cca9a56af7b5265fcedf3888daefce32c58dbfe9a0edb74bd66da53e0"",""pdf_page"":583,""printed_page"":""556""}"
equation_candidate,accepted_provisional,ibc2018:detection:350c01ef056db0dc1c6fd608,ibc2018:equation:173d50ff67450ed52b97f862,0.84,detected_structure,provisional,"{""appendix"":null,""bbox"":[318.014,319.03,364.486,332.553],""chapter"":""24"",""line_id"":""poppler-line:66a32b105f4b9fb99192"",""observed_text_sha256"":""b4ecb12f5fab0a2514fc6241010418db03a05a7f44e3a16bbbb61513ecec59fa"",""pdf_page"":583,""printed_page"":""556""}"
equation_candidate,accepted_provisional,ibc2018:detection:6db026af6506817bd23839a2,ibc2018:equation:bf000805234e5a174ddf3ed8,0.84,detected_structure,provisional,"{""appendix"":null,""bbox"":[318.034,457.844,368.435,471.302],""chapter"":""24"",""line_id"":""poppler-line:b7be0338aa1c5bcfd520"",""observed_text_sha256"":""2fdda10765ef3ca08679bbceaf42fdfe5207fcbf35cae3a60f9e9779db695346"",""pdf_page"":583,""printed_page"":""556""}"
equation_candidate,accepted_provisional,ibc2018:detection:cef528fb20b7d96395a14a53,ibc2018:equation:e851d091afba42888891a499,0.84,detected_structure,provisional,"{""appendix"":null,""bbox"":[40.091,575.665,73.111,590.102],""chapter"":""24"",""line_id"":""poppler-line:fbe2574b2e64f7d258bc"",""observed_text_sha256"":""74508b643479acb6f04db99e982c2879c784f785787b679d9832f2f37df28396"",""pdf_page"":583,""printed_page"":""556""}"
equation_candidate,accepted_provisional,ibc2018:detection:487a0129515fbd1148721349,ibc2018:equation:5597a5e49a5ab6a364ca70e9,0.84,detected_structure,provisional,"{""appendix"":null,""bbox"":[318.033,656.209,364.485,669.652],""chapter"":""24"",""line_id"":""poppler-line:379b983dbeb656d38e69"",""observed_text_sha256"":""a104c0f6648ad1d8632691816734ffa93605c22ce3f13a4db424c520e0108514"",""pdf_page"":583,""printed_page"":""556""}"
equation_candidate,accepted_provisional,ibc2018:detection:41a3c5a5186c5e59c009e392,ibc2018:equation:05f04b504e39810f04abcb9b,0.84,detected_structure,provisional,"{""appendix"":null,""bbox"":[318.028,685.879,361.935,699.402],""chapter"":""24"",""line_id"":""poppler-line:49490e7971af54b9ae2e"",""observed_text_sha256"":""9ef85054c38ebe7b7cb3e9dbed484ee0bcdee6c031d098b3238aae100f09f5d6"",""pdf_page"":583,""printed_page"":""556""}"
equation_candidate,accepted_provisional,ibc2018:detection:edc110d24807e7195153af53,ibc2018:equation:17cb8a979728fd841bd52525,0.84,detected_structure,provisional,"{""appendix"":null,""bbox"":[72.036,202.12,134.787,218.702],""chapter"":""24"",""line_id"":""poppler-line:e3a1a69428dde326eae3"",""observed_text_sha256"":""394b26d9268d25c285356f9c02c8a25ffd6feca24f73a1628a3672ce769f9a07"",""pdf_page"":584,""printed_page"":""557""}"
equation_candidate,accepted_provisional,ibc2018:detection:ae8b45bf63f4d46712052310,ibc2018:equation:a6dc93e787705c5309a68e2b,0.84,detected_structure,provisional,"{""appendix"":null,""bbox"":[318.036,325.63,348.856,342.078],""chapter"":""24"",""line_id"":""poppler-line:85bcb2370953a9d99fe6"",""observed_text_sha256"":""0d1907a7cc7dcc9c9bc4c5a5b2fe4dfaeeec3e5618f7960284c179a6fa6d81be"",""pdf_page"":585,""printed_page"":""558""}"
equation_candidate,accepted_provisional,ibc2018:detection:a72f32cbf7d89cefe529d252,ibc2018:equation:3984d6cd64dbb5b816c025b4,0.84,detected_structure,provisional,"{""appendix"":null,""bbox"":[52.058,473.484,84.56,487.152],""chapter"":""24"",""line_id"":""poppler-line:94f9eb64907a0e90e7a5"",""observed_text_sha256"":""53cc37e40bafc86f52314dc573728c4da242a508336694cbb13941ae30495dd6"",""pdf_page"":585,""printed_page"":""558""}"
equation_candidate,accepted_provisional,ibc2018:detection:f24f15d2b0008bfef98e4c81,ibc2018:equation:59c6e5b7ec097aeed3a98973,0.84,detected_structure,provisional,"{""appendix"":null,""bbox"":[52.093,602.72,97.822,616.252],""chapter"":""24"",""line_id"":""poppler-line:cdf9d114dd73d10696f8"",""observed_text_sha256"":""19300436aaaf9ee94c36f17f8c18bd1330b8c358aeaa48e2380ef6ffe989e291"",""pdf_page"":585,""printed_page"":""558""}"
equation_candidate,accepted_provisional,ibc2018:detection:26fba40afab93df525840ba6,ibc2018:equation:1fad28378703d95aa9404c03,0.84,detected_structure,provisional,"{""appendix"":null,""bbox"":[52.092,618.776,99.972,632.352],""chapter"":""24"",""line_id"":""poppler-line:6e471e778ae1993e1617"",""observed_text_sha256"":""ad141a4beabbc07e5423f677cf679664a0b19f6253a43388bd1e2855a702f62f"",""pdf_page"":585,""printed_page"":""558""}"
diagram_candidate,accepted_provisional,ibc2018:detection:35da94266b1b3eb7c7f147c7,ibc2018:diagram:3e2f09476944957369bacbe3,0.7,detected_structure,provisional,"{""appendix"":null,""bbox"":[39.7,443.25,549.82,575.61],""chapter"":""23"",""line_id"":null,""observed_text_sha256"":""f90c7bd6b6a471e64d3cdbc1d9ddd1b49089483bed14f2b744fb80ae31f0e3ac"",""pdf_page"":531,""printed_page"":""504""}"
diagram_candidate,accepted_provisional,ibc2018:detection:aaa89afa2c40b76e7c8b01ac,ibc2018:diagram:90cd66ee4db4b3d90c954411,0.7,detected_structure,provisional,"{""appendix"":null,""bbox"":[43.4,141.95,547.64,518.39],""chapter"":""23"",""line_id"":null,""observed_text_sha256"":""29963c4ee4694a61fb0950ad3c1e2e34d06fc1c81b46fb16f5c13836ab6939e1"",""pdf_page"":533,""printed_page"":""506""}"
