chapter35_entry_ids,citation_purpose,document_family,id,issuing_organization,normalization_confidence,observed_designations,observed_editions,observed_titles,record_type,review_state
"[""ibc2018:chapter35-row:3a244ba339a448c6e60b4818""]",unknown,APA S475,ibc2018:external-family:00d275056ff1a6e17b99e50b,APA,0.95,"[""APA S475—16""]","[""16""]","[""Glued Laminated Beam Design Tables""]",external_document_family,provisional
"[""ibc2018:chapter35-row:15ab4e18c2fb996d4685677e""]",product qualification,924,ibc2018:external-family:01742ae7169708c0c4239be7,UL,0.95,"[""924—06""]","[""06""]","[""Safety Emergency Lighting and Power Equipment—with Revisions through April 2014""]",external_document_family,provisional
"[""ibc2018:chapter35-row:623ffaee4b5ad26769260535""]",material specification,A615/A615M,ibc2018:external-family:01abe2f812e4c5808c6ccdda,ASTM,0.95,"[""A615/A615M—15ae1""]","[""15ae1""]","[""Specification for Deformed and Plain Carbon-steel Bars for Concrete Reinforcement""]",external_document_family,provisional
"[""ibc2018:chapter35-row:e924e3eb08d784a5bba988fc""]",related code,"18 USC Part 1, Ch.40",ibc2018:external-family:01eb8194eb09effc540cb213,USC,0.95,"[""18 USC Part 1, Ch.40""]",[],"[""Importation, Manufacture, Distribution and Storage of Explosive Materials""]",external_document_family,provisional
"[""ibc2018:chapter35-row:1179c27ed3051f8309e82c3c""]",material specification,D7158/D7158M,ibc2018:external-family:022950be283094a0657b0275,ASTM,0.95,"[""D7158/D7158M—16""]","[""16""]","[""Standard Test Method for Wind Resistance of Asphalt Shingles (Uplift Force/Uplift Resistance Method)""]",external_document_family,provisional
"[""ibc2018:chapter35-row:21331c58140a7bc8125ca605""]",installation standard,120,ibc2018:external-family:026ff0d028d406792af53018,NFPA,0.95,"[""120—15""]","[""15""]","[""Standard for Fire Prevention and Control in Coal Mines""]",external_document_family,provisional
"[""ibc2018:chapter35-row:933c7a8f2508e56fd523db4e""]",structural design standard,AISI S240,ibc2018:external-family:029a1c9d28bb6288b98eda51,AISI,0.95,"[""AISI S240—15""]","[""15""]","[""North American Standard for Cold-Formed Steel Structuring Framing, 2015""]",external_document_family,provisional
"[""ibc2018:chapter35-row:62643db57aae322f56676eda""]",structural design standard,216,ibc2018:external-family:0397d9431dd22a741b2c0679,TMS,0.95,"[""216—2013""]","[""2013""]","[""Standard Method for Determining Fire Resistance of Concrete and Masonry Construction Assemblies""]",external_document_family,provisional
"[""ibc2018:chapter35-row:7fbb0348593d59352e021eed""]",material specification,C557,ibc2018:external-family:03bdceb34086cb2cee72193e,ASTM,0.95,"[""C557—03(2009)e01""]","[""03(2009)e01""]","[""Specification for Adhesives for Fastening Gypsum Wallboard to Wood Framing""]",external_document_family,provisional
"[""ibc2018:chapter35-row:4562c55f392400faaec5aea8""]",material specification,D6162/D6162M,ibc2018:external-family:04884db05df377a56587a09d,ASTM,0.95,"[""D6162/D6162M—00a(2015)e1""]","[""00a(2015)e1""]","[""Specification for Styrene-butadiene-styrene (SBS) Modified Bituminous Sheet Materials Using a""]",external_document_family,provisional
"[""ibc2018:chapter35-row:de1ca100f7c843f3f6973d52""]",material specification,C956,ibc2018:external-family:04bcba309f9a09c6c0bfbd52,ASTM,0.95,"[""C956—04(2015)""]","[""04(2015)""]","[""Specification for Installation of Cast-in-place Reinforced Gypsum Concrete""]",external_document_family,provisional
"[""ibc2018:chapter35-row:1b77b876c9798944f92eefb9""]",installation standard,58,ibc2018:external-family:05cc4feaf2eca4ee22bc5114,NFPA,0.95,"[""58—17""]","[""17""]","[""Liquefied Petroleum Gas Code""]",external_document_family,provisional
"[""ibc2018:chapter35-row:b2913955f1062e76d6bbda22""]",material specification,C933,ibc2018:external-family:05dbf21dfd8bce4b4317f0c5,ASTM,0.95,"[""C933—14""]","[""14""]","[""Specification for Welded Wire Lath""]",external_document_family,provisional
"[""ibc2018:chapter35-row:272c4d38ab53a2a70714058c""]",material specification,A588/A588M,ibc2018:external-family:06553fe01328145bb7854bd9,ASTM,0.95,"[""A588/A588M—15""]","[""15""]","[""Specification for High-strength Low-alloy Structural Steel with 50 ksi (345 MPa) Minimum Yield Point with""]",external_document_family,provisional
"[""ibc2018:chapter35-row:85195df53bed9a954aa67547""]",performance classification,16 CFR Part 1201 (2002),ibc2018:external-family:065abc44aa90fa31adb53379,CPSC,0.95,"[""16 CFR Part 1201 (2002)""]",[],"[""Safety Standard for Architectural Glazing Material""]",external_document_family,provisional
"[""ibc2018:chapter35-row:195682b8682fad20b9b7ae3f""]",unknown,A 156.38,ibc2018:external-family:06ff219019436f495975470f,BHMA,0.95,"[""A 156.38—2014""]","[""2014""]","[""Low Energy Power Operated Sliding and Folding Doors""]",external_document_family,provisional
"[""ibc2018:chapter35-row:da61671741501a26b3cfdaad""]",material specification,D7254,ibc2018:external-family:07523de58336f728ac6e9a17,ASTM,0.95,"[""D7254—15""]","[""15""]","[""Standard Specification for Polypropylene (PP) Siding""]",external_document_family,provisional
"[""ibc2018:chapter35-row:7badd62a9b8e234b86708711""]",product qualification,103,ibc2018:external-family:07565e9aabe32a68dc1f1660,UL,0.95,"[""103—2010""]","[""2010""]","[""Factory-built Chimneys, for Residential Type and Building Heating Appliances—with Revisions through July 2012""]",external_document_family,provisional
"[""ibc2018:chapter35-row:607ed9cc9b821b421a08dc09""]",unknown,GA 216,ibc2018:external-family:0768322d1930ea82dbf67441,GA,0.95,"[""GA 216—2016""]","[""2016""]","[""Application and Finishing of Gypsum Panel Products""]",external_document_family,provisional
"[""ibc2018:chapter35-row:10a146b911b281675e351bc8""]",material specification,D2843,ibc2018:external-family:07f6c5363af40ae3d697dc54,ASTM,0.95,"[""D2843—16""]","[""16""]","[""Standard Test Method for Density of Smoke from the Burning or Decomposition of Plastics""]",external_document_family,provisional
"[""ibc2018:chapter35-row:1c7c9bd01552c4b4ac6a552f""]",unknown,ANSI/SPRI RP-4,ibc2018:external-family:07fdd2bfac39c8d28d358b9d,SPRI,0.95,"[""ANSI/SPRI RP-4—13""]","[""13""]","[""Wind Design Guide for Ballasted Single-ply Roofing Systems""]",external_document_family,provisional
"[""ibc2018:chapter35-row:29b037bb4cf22cd27cfd22a0""]",material specification,C27,ibc2018:external-family:086ac7fd0d46d0e76ab64b06,ASTM,0.95,"[""C27—98(2013)""]","[""98(2013)""]","[""Specification for Classification of Fireclay and High-alumina Refractory Brick""]",external_document_family,provisional
"[""ibc2018:chapter35-row:aea8c43c022c818267d4966e""]",unknown,ANSI 117,ibc2018:external-family:0956023930464a46c6ec51e9,APA,0.95,"[""ANSI 117—15""]","[""15""]","[""Standard Specification for Structural Glued Laminated Timber of Softwood Species""]",external_document_family,provisional
"[""ibc2018:chapter35-row:44a9bd82081991d7673815bf""]",unknown,APA X440,ibc2018:external-family:096921f87999718e8066b74d,APA,0.95,"[""APA X440—17""]","[""17""]","[""Product Guide: Glulam""]",external_document_family,provisional
"[""ibc2018:chapter35-row:5d49958c8e6f01dcbed2a07f""]",material specification,C844,ibc2018:external-family:0986c9b5cb12a21af9de08f0,ASTM,0.95,"[""C844—2015""]","[""2015""]","[""Specification for Application of Gypsum Base to Receive Gypsum Veneer Plaster""]",external_document_family,provisional
"[""ibc2018:chapter35-row:2de9e0d6622f8c7668599640""]",material specification,C1278/C1278M,ibc2018:external-family:09dfd2dc9e832fb29afbc46f,ASTM,0.95,"[""C1278/C1278M—07a(2011)""]","[""07a(2011)""]","[""Specification for Fiber-reinforced Gypsum Panel""]",external_document_family,provisional
"[""ibc2018:chapter35-row:eab1aae2e2cfda27f48f04b1""]",material specification,A416/A416M,ibc2018:external-family:0aa6bc4672907cd8825e1eb7,ASTM,0.95,"[""A416/A416M—15""]","[""15""]","[""Specification for Steel Strand, Uncoated Seven-wire for Prestressed Concrete""]",external_document_family,provisional
"[""ibc2018:chapter35-row:c2306bc4394b48beb626ab3a""]",material specification,D6164/D6164M,ibc2018:external-family:0aaa8200650f0803dc1cccc8,ASTM,0.95,"[""D6164/D6164M—11""]","[""11""]","[""Specification for Styrene-butadiene-styrene (SBS) Modified Bituminous Sheet Metal Materials Using Polyester""]",external_document_family,provisional
"[""ibc2018:chapter35-row:a3ad5ad25f856609f5f071b3""]",material specification,D5019,ibc2018:external-family:0af34e96f87e73f5a72b30df,ASTM,0.95,"[""D5019—07a""]","[""07a""]","[""Specification for Reinforced Nonvulcanized Polymeric Sheet Used in Roofing Membrane""]",external_document_family,provisional
"[""ibc2018:chapter35-row:0dd925e1e4950a20262b4773""]",material specification,D5456,ibc2018:external-family:0bfb328dd918cc15c4b8bb57,ASTM,0.95,"[""D5456—14b""]","[""14b""]","[""Specification for Evaluation of Structural Composite Lumber Products""]",external_document_family,provisional
"[""ibc2018:chapter35-row:daca6dca47d7231af6270d25""]",material specification,D3679,ibc2018:external-family:0bff6eb89f3133682968e912,ASTM,0.95,"[""D3679—13""]","[""13""]","[""Specification for Rigid Poly (Vinyl Chloride) (PVC) Siding""]",external_document_family,provisional
"[""ibc2018:chapter35-row:d0313a724808baeed56d4446""]",product qualification,2594,ibc2018:external-family:0d091a22125027266d3ed6a5,UL,0.95,"[""2594—2013""]","[""2013""]","[""Electric Vehicle Supply Equipment""]",external_document_family,provisional
"[""ibc2018:chapter35-row:66a6ac587d4c7fe3783b0629""]",related code,IPMC,ibc2018:external-family:0d2fda96966c573fe974b995,ICC,0.95,"[""IPMC—18""]","[""18""]","[""International Property Maintenance Code®""]",external_document_family,provisional
"[""ibc2018:chapter35-row:50806c652853fdc3e2d4b6a9""]",material specification,C920,ibc2018:external-family:0e60e93ef8d4276d8943c84d,ASTM,0.95,"[""C920—14a""]","[""14a""]","[""Standard for Specification for Elastomeric Joint Sealants""]",external_document_family,provisional
"[""ibc2018:chapter35-row:2c8c5d7388e833fecf441e5e""]",material specification,A690/A690M,ibc2018:external-family:0f5c3d151ec8ff2d5b41fc09,ASTM,0.95,"[""A690/A690M—13a""]","[""13a""]","[""Standard Specification for High-strength Low-alloy Nickel, Copper, Phosphorus Steel H-piles and Sheet Piling""]",external_document_family,provisional
"[""ibc2018:chapter35-row:6a0e107f0d8813d7a0264968""]",unknown,49 CFR Parts 100–185,ibc2018:external-family:1082edcc10abc6290dae1358,DOL,0.95,"[""49 CFR Parts 100–185—2015""]","[""2015""]","[""Hazardous Materials Regulations""]",external_document_family,provisional
"[""ibc2018:chapter35-row:814dc7ceb8540febde461c81""]",material specification,C315,ibc2018:external-family:11222813c748ec62e1a18a62,ASTM,0.95,"[""C315—07(2011)""]","[""07(2011)""]","[""Specification for Clay Flue Liners and Chimney Pots""]",external_document_family,provisional
"[""ibc2018:chapter35-row:9e5443c675d43613621a02f4""]",product qualification,2200,ibc2018:external-family:1219ba64ee73a9401d91b18b,UL,0.95,"[""2200—2012""]","[""2012""]","[""Stationary Engine Generator Assemblies—with Revisions through July 2015""]",external_document_family,provisional
"[""ibc2018:chapter35-row:9c2a83c665c898f843a7908d""]",installation standard,17A,ibc2018:external-family:12878331f4aa7e5d723b97b7,NFPA,0.95,"[""17A—17""]","[""17""]","[""Standard for Wet Chemical Extinguishing Systems""]",external_document_family,provisional
"[""ibc2018:chapter35-row:f721f71d8a50c4953d6ec0e9""]",related code,ICC 300,ibc2018:external-family:12c281ca3a0e38ae3a14954b,ICC,0.95,"[""ICC 300—17""]","[""17""]","[""ICC Standard on Bleachers, Folding and Telescopic Seating and Grandstands""]",external_document_family,provisional
"[""ibc2018:chapter35-row:578a24869d1c3cce9fd04816""]",material specification,B42,ibc2018:external-family:12dbc4e342fff7f8af71d08d,ASTM,0.95,"[""B42—2015A""]","[""2015A""]","[""Specification for Seamless Copper Pipe, Standard Sizes""]",external_document_family,provisional
"[""ibc2018:chapter35-row:944a38d5332aac426880a84d""]",material specification,C35/C35,ibc2018:external-family:132447ad11ac080244c86aea,ASTM,0.95,"[""C35/C35—01(2014)""]","[""01(2014)""]","[""Specification for Inorganic Aggregates for Use in Gypsum Plaster""]",external_document_family,provisional
"[""ibc2018:chapter35-row:6c02c65e44cda612c21722e6""]",product qualification,641,ibc2018:external-family:13434799a2b2cb760e70b6f3,UL,0.95,"[""641—2010""]","[""2010""]","[""Type L Low-temperature Venting Systems—with Revisions through June 2013""]",external_document_family,provisional
"[""ibc2018:chapter35-row:1458a7aed79222923b4f2733""]",material specification,B43,ibc2018:external-family:13dc1f1d22125fa49f41b444,ASTM,0.95,"[""B43—15""]","[""15""]","[""Specification for Seamless Red Brass Pipe, Standard Sizes""]",external_document_family,provisional
"[""ibc2018:chapter35-row:f509422cbc545339f6291a4e""]",material specification,A792/A792M,ibc2018:external-family:141b99f52e490203e23c7282,ASTM,0.95,"[""A792/A792M—10(2015)""]","[""10(2015)""]","[""Specification for Steel Sheet, 55% Aluminum-zinc Alloy-coated by the Hot-dip Process""]",external_document_family,provisional
"[""ibc2018:chapter35-row:fb2af040fe78bbb72f6ce2ec""]",material specification,B68/B68M,ibc2018:external-family:142dfba62c60f435d6aaa025,ASTM,0.95,"[""B68/B68M—11""]","[""11""]","[""Specification for Seamless Copper Tube, Bright Annealed (Metric)""]",external_document_family,provisional
"[""ibc2018:chapter35-row:4a24dfb31f66438f85f2631d""]",performance classification,16 CFR Part 1507 (2002),ibc2018:external-family:14b3d9ce1cfda7d4e97e94ea,CPSC,0.95,"[""16 CFR Part 1507 (2002)""]",[],"[""Fireworks Devices""]",external_document_family,provisional
"[""ibc2018:chapter35-row:061d57a3183cc6b2bfc09050""]",material specification,A252,ibc2018:external-family:150838f4dc867a2b1d301752,ASTM,0.95,"[""A252—10""]","[""10""]","[""Specification for Welded and Seamless Steel Pipe Piles""]",external_document_family,provisional
"[""ibc2018:chapter35-row:58cc1e3bd3fa55dde634e075""]",unknown,B16.22,ibc2018:external-family:15e1d59e11c76f24a4f3e830,ASME,0.95,"[""B16.22—2013""]","[""2013""]","[""Wrought Copper and Copper Alloy Solder Joint Pressure Fittings""]",external_document_family,provisional
"[""ibc2018:chapter35-row:1a081ca3bdc7df279731d84c""]",product qualification,580,ibc2018:external-family:1636767f1c532ffa8dc2c365,UL,0.95,"[""580—2006""]","[""2006""]","[""Test for Uplift Resistance of Roof Assemblies—with Revisions through October 2013""]",external_document_family,provisional
"[""ibc2018:chapter35-row:e3cc02aaec5944d2e341a836""]",product qualification,1994,ibc2018:external-family:1668314f77877082ee23717c,UL,0.95,"[""1994—04""]","[""04""]","[""Luminous Egress Path Marking Systems—with Revisions through May 2015""]",external_document_family,provisional
"[""ibc2018:chapter35-row:b0cb5158411c5534aa88f49a""]",unknown,SDI-C,ibc2018:external-family:16ad86055029eef8cede9013,SDI,0.95,"[""SDI-C—2017""]","[""2017""]","[""Standard for Composite Steel Floor Deck—Slabs""]",external_document_family,provisional
"[""ibc2018:chapter35-row:182329dd9e33d355e2bb4770""]",unknown,EP 484.3 MON2016,ibc2018:external-family:17170435b3e8a1a996ffc544,ASABE,0.95,"[""EP 484.3 MON2016""]",[],"[""Diaphragm Design of Metal-clad, Wood-frame Rectangular Buildings""]",external_document_family,provisional
"[""ibc2018:chapter35-row:f5b72f2f20874b7a2365c717""]",structural design standard,8,ibc2018:external-family:1743e1460991b5fce02f64d4,ASCE/SEI,0.95,"[""8—17""]","[""17""]","[""Standard Specification for the Design of Cold-formed Stainless Steel Structural Members""]",external_document_family,provisional
"[""ibc2018:chapter35-row:ff3599484f2e0efb3b559c02""]",material specification,D3462/D3462M,ibc2018:external-family:179bb39f2c8531738b0f8151,ASTM,0.95,"[""D3462/D3462M—10a""]","[""10a""]","[""Specification for Asphalt Shingles Made from Glass Felt and Surfaced with Mineral Granules""]",external_document_family,provisional
"[""ibc2018:chapter35-row:d968c8a04feb87d17a46f116""]",unknown,A136.1,ibc2018:external-family:17ae6c3a36e5930c1f21641a,ANSI,0.95,"[""A136.1—08""]","[""08""]","[""American National Standard Specifications for the Installation of Ceramic Tile""]",external_document_family,provisional
"[""ibc2018:chapter35-row:9b24ef71899d2a276c225546""]",material specification,D6878/D6878M,ibc2018:external-family:17ffb1379c25f2689b1c0ed2,ASTM,0.95,"[""D6878/D6878M—13""]","[""13""]","[""Standard Specification for Thermoplastic Polyolefin Based Sheet Roofing""]",external_document_family,provisional
"[""ibc2018:chapter35-row:ccb17ff79d8371fe0490b640""]",installation standard,70,ibc2018:external-family:18262f949a55900295275157,NFPA,0.95,"[""70—17""]","[""17""]","[""National Electrical Code""]",external_document_family,provisional
"[""ibc2018:chapter35-row:734bef4e90f652ffc14c335a""]",structural design standard,602,ibc2018:external-family:182952ce109f5ddd7865eacc,TMS,0.95,"[""602—2016""]","[""2016""]","[""Specification for Masonry Structures""]",external_document_family,provisional
"[""ibc2018:chapter35-row:a89acc2874a1469b0e175183""]",product qualification,555,ibc2018:external-family:1844dcc14d58939df0e98d2e,UL,0.95,"[""555—2006""]","[""2006""]","[""Fire Dampers—with Revisions through May 2014""]",external_document_family,provisional
"[""ibc2018:chapter35-row:a32d82c8e9927f1c5abd23e2""]",unknown,A118.5,ibc2018:external-family:18a446ef796449cf4cb6ee93,ANSI,0.95,"[""A118.5—99""]","[""99""]","[""American National Standard Specifications for Chemical Resistant Furan Mortar and Grouts for Tile Installation""]",external_document_family,provisional
"[""ibc2018:chapter35-row:64df7a82236aeb18b2224c87""]",material specification,D4272,ibc2018:external-family:18f82dc170cef1141c133b64,ASTM,0.95,"[""D4272—15""]","[""15""]","[""Test Method for Total Energy Impact of Plastic Films by Dart Drop""]",external_document_family,provisional
"[""ibc2018:chapter35-row:c6016e3e13bf2ed423ffdb2f""]",installation standard,275,ibc2018:external-family:191c938fb7ca3dec50f89f10,NFPA,0.95,"[""275—17""]","[""17""]","[""Standard Method of Fire Tests for the Evaluation of Thermal Barriers""]",external_document_family,provisional
"[""ibc2018:chapter35-row:e4133f124611f6b811b59b66""]",material specification,D450/D450M,ibc2018:external-family:1bdede2807935e166cb9f190,ASTM,0.95,"[""D450/D450M—07(2013)e1""]","[""07(2013)e1""]","[""Specification for Coal-tar Pitch Used in Roofing, Dampproofing and Waterproofing""]",external_document_family,provisional
"[""ibc2018:chapter35-row:b6d3f18801d2e2fdc6795e1c""]",material specification,C67,ibc2018:external-family:1c553df06f8f41b63a9e368d,ASTM,0.95,"[""C67—14""]","[""14""]","[""Test Methods of Sampling and Testing Brick and Structural Clay Tile""]",external_document_family,provisional
"[""ibc2018:chapter35-row:c0311df56e0fed70cd256e7b""]",unknown,ICC 900/SRCC 300,ibc2018:external-family:1c5f1e76fe4b2f8ded3e63b5,SRCC,0.95,"[""ICC 900/SRCC 300—2015""]","[""2015""]","[""Solar Thermal System Standard""]",external_document_family,provisional
"[""ibc2018:chapter35-row:1bbdc9826373347962fd2ecc""]",installation standard,286,ibc2018:external-family:1c7920833f776f57523f5e43,NFPA,0.95,"[""286—15""]","[""15""]","[""Standard Methods of Fire Test for Evaluating Contribution of Wall and Ceiling Interior Finish to Room Fire Growth""]",external_document_family,provisional
"[""ibc2018:chapter35-row:896bd163eb1bf0544aaa7f02""]",material specification,D1863/D1863M,ibc2018:external-family:1d43fe305b9a713d9b257008,ASTM,0.95,"[""D1863/D1863M—05(2011)e1""]","[""05(2011)e1""]","[""Specification for Mineral Aggregate Used on Built-up Roofs""]",external_document_family,provisional
"[""ibc2018:chapter35-row:5ffa960d6818675e2d4f41e9""]",material specification,D6380/D6380M,ibc2018:external-family:1d765c3ae335565d8af84a08,ASTM,0.95,"[""D6380/D6380M—03(2013)e1""]","[""03(2013)e1""]","[""Standard Specification for Asphalt Roll Roofing (Organic) Felt""]",external_document_family,provisional
"[""ibc2018:chapter35-row:8e2ae989d8fa83e27ea1a0a9""]",unknown,ISO 8115,ibc2018:external-family:1d8b8b2b80c1453474907c5b,ISO,0.95,"[""ISO 8115—86""]","[""86""]","[""Cotton Bales—Dimensions and Density""]",external_document_family,provisional
"[""ibc2018:chapter35-row:91c74c161fff534c8878bdc0""]",unknown,A108.9,ibc2018:external-family:1dcdc283db797b7d6aa1c92f,ANSI,0.95,"[""A108.9—99""]","[""99""]","[""Installation of Ceramic Tile with Modified Epoxy Emulsion Mortar/Grout""]",external_document_family,provisional
"[""ibc2018:chapter35-row:f791d94dade398758fc263ce""]",unknown,M4,ibc2018:external-family:1e3429a6f5c373481c411b67,AWPA,0.95,"[""M4—16""]","[""16""]","[""Standard for the Care of Preservative-treated Wood Products""]",external_document_family,provisional
"[""ibc2018:chapter35-row:2dc0c7a12ba554ada791d792""]",product qualification,864,ibc2018:external-family:1e6552034bb80a1590006da8,UL,0.95,"[""864—03""]","[""03""]","[""Control Units and Accessories for Fire Alarm Systems—with Revisions through December 2014""]",external_document_family,provisional
"[""ibc2018:chapter35-row:ae86070c2b9683ed96e1f397""]",material specification,E331,ibc2018:external-family:1e86f82c2f760abdcb4ae6c0,ASTM,0.95,"[""E331—00(2009)""]","[""00(2009)""]","[""Standard Test Method for Water Penetration of Exterior Windows, Skylights, Doors and Curtain Walls by Uniform""]",external_document_family,provisional
"[""ibc2018:chapter35-row:0d4f825f8b3c7d2ef2fec2da""]",material specification,D1557,ibc2018:external-family:1e92d6738726fa12e7166c91,ASTM,0.95,"[""D1557—12e1""]","[""12e1""]","[""Test Methods for Laboratory Compaction Characteristics of Soil Using Modified Effort [56,000 ft-lb/ft3 (2,700 kN m/m3)]""]",external_document_family,provisional
"[""ibc2018:chapter35-row:c0d1b21451cf1e8a3d481e2c""]",material specification,C587,ibc2018:external-family:1ecfdbabc7bd6d0425949c22,ASTM,0.95,"[""C587—04(2014)""]","[""04(2014)""]","[""Specification for Gypsum Veneer Plaster""]",external_document_family,provisional
"[""ibc2018:chapter35-row:514382a0d49d12545ddda74f""]",product qualification,1256,ibc2018:external-family:1f2a067f10d975f8949c212c,UL,0.95,"[""1256—02""]","[""02""]","[""Fire Test of Roof Deck Construction—with Revisions through July 2013""]",external_document_family,provisional
"[""ibc2018:chapter35-row:676440c957ff2c1513c87ff6""]",material specification,D43/D43M,ibc2018:external-family:1fea005c6a590751501da182,ASTM,0.95,"[""D43/D43M—00(2012)e1""]","[""00(2012)e1""]","[""Specification for Coal Tar Primer Used in Roofing, Dampproofing and Waterproofing""]",external_document_family,provisional
"[""ibc2018:chapter35-row:b5cd9f749ffb4c8c5d1fca08""]",material specification,C1063,ibc2018:external-family:201bfb75d2738d2f7bde3aa6,ASTM,0.95,"[""C1063—15a""]","[""15a""]","[""Specification for Installation of Lathing and Furring to Receive Interior and Exterior Portland Cement-based Plaster""]",external_document_family,provisional
"[""ibc2018:chapter35-row:e1a21a1f4a04247534a8c274""]",material specification,D4897/D4897M,ibc2018:external-family:2021506cd63e460748d85904,ASTM,0.95,"[""D4897/D4897M—01(2009)""]","[""01(2009)""]","[""Specification for Asphalt-coated Glass Fiber Venting Base Sheet Used in Roofing""]",external_document_family,provisional
"[""ibc2018:chapter35-row:70492eea95daedc67ea62e04""]",structural design standard,7,ibc2018:external-family:20aefdd457978d6c5ccf1ff5,ASCE/SEI,0.95,"[""7—16""]","[""16""]","[""Minimum Design Loads and Associated Criteria for Buildings and Other Structures""]",external_document_family,provisional
"[""ibc2018:chapter35-row:bfcc3ce5442738756cc65e86""]",material specification,C595/C595M,ibc2018:external-family:211265dfaacf5b27ce5d76c4,ASTM,0.95,"[""C595/C595M—14e1""]","[""14e1""]","[""Specification for Blended Hydraulic Cements""]",external_document_family,provisional
"[""ibc2018:chapter35-row:a01a2e412e42926077d317c2""]",material specification,C636/C636M,ibc2018:external-family:212481b341afe3e87d8e42ed,ASTM,0.95,"[""C636/C636M—13""]","[""13""]","[""Practice for Installation of Metal Ceiling Suspension Systems for Acoustical Tile and Lay-in Panels""]",external_document_family,provisional
"[""ibc2018:chapter35-row:93dad66d802d7cbbf2fdc012""]",material specification,E2570/E2570M,ibc2018:external-family:22194600a1ea774022d5a510,ASTM,0.95,"[""E2570/E2570M—07(2014)e1""]","[""07(2014)e1""]","[""Standard Test Method for Evaluating Water-resistive Barrier (WRB) Coatings Used under Exterior""]",external_document_family,provisional
"[""ibc2018:chapter35-row:320d94dedbcfeb656b7bc353""]",unknown,APA PDS Supplement 2,ibc2018:external-family:222b53be019fe1c1eb20a2c8,APA,0.95,"[""APA PDS Supplement 2—12""]","[""12""]","[""Design and Fabrication of Plywood-lumber Beams (revised 2013)""]",external_document_family,provisional
"[""ibc2018:chapter35-row:528d01e37f7ebdf812700dc2""]",material specification,C59/C59M,ibc2018:external-family:2232ac8ac38c029faace464f,ASTM,0.95,"[""C59/C59M—00(2015)""]","[""00(2015)""]","[""Specification for Gypsum Casting Plaster and Molding Plaster""]",external_document_family,provisional
"[""ibc2018:chapter35-row:31414653d05fa93b6d6ec671""]",unknown,A108.10,ibc2018:external-family:2240216f1348599afc27c2f4,ANSI,0.95,"[""A108.10—99""]","[""99""]","[""Installation of Grout in Tilework""]",external_document_family,provisional
"[""ibc2018:chapter35-row:0f484f2bd108249e594b255a""]",structural design standard,504,ibc2018:external-family:22a76eef0b7734cb3c899c08,TMS,0.95,"[""504—2016""]","[""2016""]","[""Standard for the Fabrication of Architectural Cast Stone""]",external_document_family,provisional
"[""ibc2018:chapter35-row:c7cfc150c927a17f76325dfb""]",material specification,C547,ibc2018:external-family:22f20f86ed1d08bb6ee89636,ASTM,0.95,"[""C547—15""]","[""15""]","[""Specification for Mineral Fiber Pipe Insulation""]",external_document_family,provisional
"[""ibc2018:chapter35-row:c3acde45deef81bdfdba8aed""]",material specification,B251,ibc2018:external-family:2301567ea7d60a9e9972b263,ASTM,0.95,"[""B251—10""]","[""10""]","[""Specification for General Requirements for Wrought Seamless Copper and Copper-alloy Tube""]",external_document_family,provisional
"[""ibc2018:chapter35-row:72566c0ebac69fe16bb49ab9""]",structural design standard,403,ibc2018:external-family:24d787a65baf296ab3bbb603,TMS,0.95,"[""403—2017""]","[""2017""]","[""Direct Design Handbook for Masonry Structures""]",external_document_family,provisional
"[""ibc2018:chapter35-row:3fa1c4bf862a4ceb5bc5ac20""]",installation standard,259,ibc2018:external-family:26262bc4d3fe5279aaf9c8ac,NFPA,0.95,"[""259—18""]","[""18""]","[""Standard Test Method for Potential Heat of Building Materials""]",external_document_family,provisional
"[""ibc2018:chapter35-row:e48d6df8e5ee30c66fe23595""]",structural design standard,55,ibc2018:external-family:266cb9f1ab5f704507148121,ASCE/SEI,0.95,"[""55—16""]","[""16""]","[""Tensile Membrane Structures""]",external_document_family,provisional
"[""ibc2018:chapter35-row:df751daf38bfb7fdd5270d9d""]",structural design standard,ANSI/AISC 360,ibc2018:external-family:2966f3dad5220411743c5bef,AISC,0.95,"[""ANSI/AISC 360—16""]","[""16""]","[""Specification for Structural Steel Buildings""]",external_document_family,provisional
"[""ibc2018:chapter35-row:d7ef5726e56c9c344517b0ab""]",unknown,TPI 1,ibc2018:external-family:29d2707015e3b2a16556c16e,TPI,0.95,"[""TPI 1—2014""]","[""2014""]","[""National Design Standard for Metal-plate-connected Wood Truss Construction""]",external_document_family,provisional
"[""ibc2018:chapter35-row:f708612920b3146f3b80a1d9""]",material specification,D4586/D4586M,ibc2018:external-family:2a2a4371f756291863f1795a,ASTM,0.95,"[""D4586/D4586M—07(2012)e1""]","[""07(2012)e1""]","[""Specification for Asphalt Roof Cement—Asbestos-free""]",external_document_family,provisional
"[""ibc2018:chapter35-row:28f2b5a0c8bf46cfdbccfa35""]",performance classification,16 CFR Part 1404 (2002),ibc2018:external-family:2b866b0f1dfbe5ce7da11a17,CPSC,0.95,"[""16 CFR Part 1404 (2002)""]",[],"[""Cellulose Insulation""]",external_document_family,provisional
"[""ibc2018:chapter35-row:82feed8aed97ff7a5dbe54cf""]",material specification,C552,ibc2018:external-family:2c2b30124a844ccc42552ae9,ASTM,0.95,"[""C552—15""]","[""15""]","[""Standard Specification for Cellular Glass Thermal Insulation""]",external_document_family,provisional
"[""ibc2018:chapter35-row:6f6eb53358576e578d9a1376""]",installation standard,32,ibc2018:external-family:2c4acb4ccc92b5b87395beb9,NFPA,0.95,"[""32—16""]","[""16""]","[""Standard for Dry Cleaning Plants""]",external_document_family,provisional
"[""ibc2018:chapter35-row:208ad90ee750abe6e66e51e7""]",material specification,C317/C317M,ibc2018:external-family:2c502c9799bebf1e61645559,ASTM,0.95,"[""C317/C317M—00(2015)""]","[""00(2015)""]","[""Specification for Gypsum Concrete""]",external_document_family,provisional
"[""ibc2018:chapter35-row:05968f0a602b3e0d8a999007""]",unknown,Intumescent Fire-resistive Materials; an Annotated Guide,ibc2018:external-family:2c6c89cb15d3fd791aa85135,AWCI,0.95,"[""Intumescent Fire-resistive Materials; an Annotated Guide""]",[],"[""""]",external_document_family,provisional
"[""ibc2018:chapter35-row:3e1ba08356f506681e970671""]",unknown,ANSI/SPRI VF1,ibc2018:external-family:2c83cfd69c739adf2c42a12c,SPRI,0.95,"[""ANSI/SPRI VF1—10""]","[""10""]","[""External Fire Design Standard for Vegetative Roofs""]",external_document_family,provisional
"[""ibc2018:chapter35-row:d5f054ecf6afda3ba46b661e""]",material specification,C1029,ibc2018:external-family:2ca86d39337e2b100341a34d,ASTM,0.95,"[""C1029—15""]","[""15""]","[""Specification for Spray-applied Rigid Cellular Polyurethane Thermal Insulation""]",external_document_family,provisional
"[""ibc2018:chapter35-row:feb4d3ca31bf1621bab74503""]",unknown,ANSI/FS 100-12,ibc2018:external-family:2cd2109a782d375fa066ad8a,SBCA,0.95,"[""ANSI/FS 100-12""]",[],"[""Standard Requirements for Wind Pressure Resistance of Foam Plastic Insulating Sheathing Used in Exterior Wall""]",external_document_family,provisional
"[""ibc2018:chapter35-row:2a51211044461920a3b430b7""]",unknown,SDI-QA/QC,ibc2018:external-family:2ce61b32e486f5803b462395,SDI,0.95,"[""SDI-QA/QC—2017""]","[""2017""]","[""Standard for Quality Control and Quality Assurance for Installation of Steel Deck""]",external_document_family,provisional
"[""ibc2018:chapter35-row:124fe6b9014b7d9433aa4208""]",installation standard,61,ibc2018:external-family:2ce720897e373613150c3ce8,NFPA,0.95,"[""61—17""]","[""17""]","[""Standard for the Prevention of Fires and Dust Explosions in Agricultural and Food Product Facilities""]",external_document_family,provisional
"[""ibc2018:chapter35-row:13623b45becd729854f6128f""]",material specification,E108,ibc2018:external-family:2e0866ae6995fa12a018421b,ASTM,0.95,"[""E108—16""]","[""16""]","[""Standard Test Methods for Fire Tests of Roof Coverings""]",external_document_family,provisional
"[""ibc2018:chapter35-row:e074557403892d23224e8eae""]",material specification,D6223/D6223M,ibc2018:external-family:2e61a7fb28e6deb5649feb97,ASTM,0.95,"[""D6223/D6223M—02(2009)e1""]","[""02(2009)e1""]","[""Specification for Atactic Polypropylene (APP) Modified Bituminous Sheet Materials Using a""]",external_document_family,provisional
"[""ibc2018:chapter35-row:545c6b92f643eb55d85d51e2""]",product qualification,2075,ibc2018:external-family:2e725ecb83b077837de680e1,UL,0.95,"[""2075—2013""]","[""2013""]","[""Standard for Gas and Vapor Detectors and Sensors""]",external_document_family,provisional
"[""ibc2018:chapter35-row:7a47bdf4db3db61d944c543c""]",related code,IFGC,ibc2018:external-family:2ec9521c33016d944cf1f934,ICC,0.95,"[""IFGC—18""]","[""18""]","[""International Fuel Gas Code®""]",external_document_family,provisional
"[""ibc2018:chapter35-row:11093607797689c82ccac4ca""]",material specification,E2751/E2751M,ibc2018:external-family:2f42a65366076b049f005e99,ASTM,0.95,"[""E2751/E2751M—13""]","[""13""]","[""Practice for Design and Performance of Supported Laminated Glass Walkways""]",external_document_family,provisional
"[""ibc2018:chapter35-row:99c3cfb520381e7ae7dc031e""]",installation standard,170,ibc2018:external-family:2f5153ef274810e75d2922e0,NFPA,0.95,"[""170—18""]","[""18""]","[""Standard for Fire Safety and Emergency Symbols""]",external_document_family,provisional
"[""ibc2018:chapter35-row:45fc6ae55c5500b04fe0abd0""]",material specification,C1047,ibc2018:external-family:2f9d2ab22d79aacf4364fc64,ASTM,0.95,"[""C1047—14a""]","[""14a""]","[""Specification for Accessories for Gypsum Wallboard and Gypsum Veneer Base""]",external_document_family,provisional
"[""ibc2018:chapter35-row:982ce0fa7b7a05a899df2760""]",unknown,AITC 104,ibc2018:external-family:3007b06f3f8939291c2ca42d,WCLIB,0.95,"[""AITC 104—03""]","[""03""]","[""Typical Construction Details""]",external_document_family,provisional
"[""ibc2018:chapter35-row:1c797fb717bdba68fc1c1c89""]",unknown,A 156.19,ibc2018:external-family:3096672f9a473be70b49dacc,BHMA,0.95,"[""A 156.19—2013""]","[""2013""]","[""Standard for Power Assist and Low Energy Power Operated Doors""]",external_document_family,provisional
"[""ibc2018:chapter35-row:65ae1d21dec47f11e2f8bee5""]",product qualification,1715,ibc2018:external-family:30a0bfa6a24c2e4f3d57d605,UL,0.95,"[""1715—97""]","[""97""]","[""Fire Test of Interior Finish Material—with Revisions through January 2013""]",external_document_family,provisional
"[""ibc2018:chapter35-row:10c8d53f19d8b741dcf652d8""]",material specification,C578,ibc2018:external-family:30bd7350b8a03624a4750698,ASTM,0.95,"[""C578—15""]","[""15""]","[""Standard Specification for Rigid, Cellular Polystyrene Thermal Insulation""]",external_document_family,provisional
"[""ibc2018:chapter35-row:a6e2dedcdfdb1e0bfc43572b""]",installation standard,92,ibc2018:external-family:30f296f1370288d429942646,NFPA,0.95,"[""92—15""]","[""15""]","[""Standard for Smoke Control Systems""]",external_document_family,provisional
"[""ibc2018:chapter35-row:505f6658b97ea856142263bb""]",product qualification,2034,ibc2018:external-family:32069300100540409d0a719a,UL,0.95,"[""2034—2008""]","[""2008""]","[""Single- and Multiple-station Carbon Monoxide Alarms—with Revisions through March 2015""]",external_document_family,provisional
"[""ibc2018:chapter35-row:a196b2d52571f6ab966ccc17""]",material specification,C1658/C1658M,ibc2018:external-family:321f8256a98bf1837ddcb84e,ASTM,0.95,"[""C1658/C1658M—13""]","[""13""]","[""Standard Specification for Glass Mat Gypsum Panels""]",external_document_family,provisional
"[""ibc2018:chapter35-row:eb76bc97e41bc8b0dc62cb34""]",material specification,B370,ibc2018:external-family:328b261e62d8f87f26f2bd3e,ASTM,0.95,"[""B370—12""]","[""12""]","[""Specification for Copper Sheet and Strip for Building Construction""]",external_document_family,provisional
"[""ibc2018:chapter35-row:d05526b199392028423024cd""]",product qualification,300A,ibc2018:external-family:32b4bfce29f6b5c5fadfad96,UL,0.95,"[""300A—06""]","[""06""]","[""Outline of Investigation for Extinguishing System Units for Residential Range Top Cooking Surfaces""]",external_document_family,provisional
"[""ibc2018:chapter35-row:08af203c61734cddec5ac574""]",material specification,G154,ibc2018:external-family:330ea963091619d4e02ba924,ASTM,0.95,"[""G154—12a""]","[""12a""]","[""Practice for Operating Fluorescent Light Apparatus for UV Exposure of Nonmetallic Materials""]",external_document_family,provisional
"[""ibc2018:chapter35-row:9afdbc4e30246f951f7942d2""]",unknown,ANSI/AWC WFCM,ibc2018:external-family:3317c38f038fccb3388f40c0,AWC,0.95,"[""ANSI/AWC WFCM—2018""]","[""2018""]","[""Wood Frame Construction Manual for One- and Two-Family Dwellings""]",external_document_family,provisional
"[""ibc2018:chapter35-row:07cde43f86b8024dfc765eef""]",material specification,C1261,ibc2018:external-family:336b925defd48f9c34c08c35,ASTM,0.95,"[""C1261—13""]","[""13""]","[""Specification for Firebox Brick for Residential Fireplaces""]",external_document_family,provisional
"[""ibc2018:chapter35-row:fbf9c76b498c5250e5c177cb""]",product qualification,CAN/ULC S 102.2,ibc2018:external-family:34cb4d399bdd7ed01fbc385e,ULC,0.95,"[""CAN/ULC S 102.2—2010""]","[""2010""]","[""Standard Method of Test for Surface Burning Characteristics of Flooring, Floor Coverings and""]",external_document_family,provisional
"[""ibc2018:chapter35-row:1102331331560554f49ac5a9""]",material specification,C1167,ibc2018:external-family:35607c3bf362785560951db1,ASTM,0.95,"[""C1167—11""]","[""11""]","[""Specification for Clay Roof Tiles""]",external_document_family,provisional
"[""ibc2018:chapter35-row:b4b556a23cdf8975dc88f7d8""]",material specification,D7425/D7425M,ibc2018:external-family:356aa8f51f05ddc5b5d2bcdf,ASTM,0.95,"[""D7425/D7425M—13""]","[""13""]","[""Standard Specification for Spray Polyurethane Foam Used for Roofing Applications""]",external_document_family,provisional
"[""ibc2018:chapter35-row:4817e883167e91f511835850""]",unknown,APA S560,ibc2018:external-family:358178bde61f7eec5096a531,APA,0.95,"[""APA S560—14""]","[""14""]","[""Field Notching and Drilling of Glued Laminated Timber Beams""]",external_document_family,provisional
"[""ibc2018:chapter35-row:a6b22029661b52b8c8f703d6""]",material specification,C1002,ibc2018:external-family:35e9cf3b4c839fae3f93c589,ASTM,0.95,"[""C1002—14""]","[""14""]","[""Specification for Steel Self-piercing Tapping Screws for the Application of Gypsum Panel Products or Metal Plaster Bases""]",external_document_family,provisional
"[""ibc2018:chapter35-row:811717a83b2c9c191ebca3c3""]",unknown,ASME/A17.1,ibc2018:external-family:360ae64a617fb6894504796f,ASME,0.95,"[""ASME/A17.1—2016/CSA B44—16""]","[""2016/CSA B44—16""]","[""Safety Code for Elevators and Escalators""]",external_document_family,provisional
"[""ibc2018:chapter35-row:fcfb9c47d30e560a0ec3de75""]",material specification,F2200,ibc2018:external-family:368502530f894d9901039fe5,ASTM,0.95,"[""F2200—14""]","[""14""]","[""Standard Specification for Automated Vehicular Gate Construction""]",external_document_family,provisional
"[""ibc2018:chapter35-row:582fced34a0cf68b77dbc516""]",material specification,E2599,ibc2018:external-family:37240e6b59a5d73d74955369,ASTM,0.95,"[""E2599—15""]","[""15""]","[""Standard Practice for Specimen Preparation and Mounting of Reflective Insulation, Radiant Barrier and Vinyl Stretch""]",external_document_family,provisional
"[""ibc2018:chapter35-row:fa6a0bbec33e7fbf81beb550""]",material specification,D3909/D3909M,ibc2018:external-family:3798668d3dd99734e4892e3e,ASTM,0.95,"[""D3909/D3909M—14""]","[""14""]","[""Specification for Asphalt Roll Roofing (Glass Felt) Surfaced with Mineral Granules""]",external_document_family,provisional
"[""ibc2018:chapter35-row:152fcb9f6773d82ba6e22097""]",material specification,A283/A283M,ibc2018:external-family:3833db5677175abb1a01e769,ASTM,0.95,"[""A283/A283M—13""]","[""13""]","[""Specification for Low and Intermediate Tensile Strength Carbon Steel Plates""]",external_document_family,provisional
"[""ibc2018:chapter35-row:da9a35c3dc252494a76af8bb""]",installation standard,288,ibc2018:external-family:385f261fcddeeac35a0c9703,NFPA,0.95,"[""288—17""]","[""17""]","[""Standard Methods of Fire Tests of Horizontal Fire Door Assemblies Installed in Horizontal in Fire-resistance-rated Floor""]",external_document_family,provisional
"[""ibc2018:chapter35-row:d29b5c15e9b4dda9531b4de6""]",unknown,B31.3,ibc2018:external-family:3896aeb91fbea4f71e552fb0,ASME,0.95,"[""B31.3—2016""]","[""2016""]","[""Process Piping""]",external_document_family,provisional
"[""ibc2018:chapter35-row:36ac3b64f0df3616fa95e2a6""]",product qualification,300,ibc2018:external-family:38baceb3e90eca10e082306b,UL,0.95,"[""300—05(R2010)""]","[""05(R2010)""]","[""Fire Testing of Fire Extinguishing Systems for Protection of Commercial Cooking Equipment—with Revisions""]",external_document_family,provisional
"[""ibc2018:chapter35-row:3ab878b7b79a868a48f43254""]",installation standard,11,ibc2018:external-family:390f6e128341e3fe85d80620,NFPA,0.95,"[""11—16""]","[""16""]","[""Standard for Low Expansion Foam""]",external_document_family,provisional
"[""ibc2018:chapter35-row:7be3ca7206ad6615c4cb8cd8""]",unknown,SJI 200,ibc2018:external-family:398648462c06882a12d55cf4,SJI,0.95,"[""SJI 200—15""]","[""15""]","[""Standard Specification for Composite Steel Joists, CJ-Series""]",external_document_family,provisional
"[""ibc2018:chapter35-row:07a4fedd135b49c8246114a6""]",unknown,GA 600,ibc2018:external-family:39a3f6077ab1d93ca8342bd6,GA,0.95,"[""GA 600—2015""]","[""2015""]","[""Fire-resistance Design Manual, 21st Edition""]",external_document_family,provisional
"[""ibc2018:chapter35-row:bdd8f5915e28999ee86bb4f1""]",accessibility standard,ICC A117.1,ibc2018:external-family:39dc1cb2fb52452f400658cb,ICC,0.95,"[""ICC A117.1—09""]","[""09""]","[""Accessible and Usable Buildings and Facilities""]",external_document_family,provisional
"[""ibc2018:chapter35-row:6f956b958319cfceae4bf702""]",unknown,AAMA/WDMA/CSA 101/I.S.2/A440,ibc2018:external-family:39e0bc5807e9b23dac5b089d,CSA,0.95,"[""AAMA/WDMA/CSA 101/I.S.2/A440—17""]","[""17""]","[""North American Fenestration Standard/Specifications for Windows, Doors and Unit""]",external_document_family,provisional
"[""ibc2018:chapter35-row:72dd0ba23d0b23b8edeaeb12""]",structural design standard,404,ibc2018:external-family:3ac0b337d8316aef3f1f39a4,TMS,0.95,"[""404—2016""]","[""2016""]","[""Standard for the Design of Architectural Cast Stone""]",external_document_family,provisional
"[""ibc2018:chapter35-row:65616851bd5223a19df9a07e""]",unknown,ADM1,ibc2018:external-family:3b10b17ecd4dbcad77819820,AA,0.95,"[""ADM1—2015""]","[""2015""]","[""Aluminum Design Manual: Part 1—A Specification for Aluminum Structures""]",external_document_family,provisional
"[""ibc2018:chapter35-row:d50df8db272f5e6bf55a7d39""]",material specification,E2353,ibc2018:external-family:3b3725a55d64ee9a36582a93,ASTM,0.95,"[""E2353—14""]","[""14""]","[""Standard Test Methods for Performance of Glazing in Permanent Railing Systems, Guards and Balustrades""]",external_document_family,provisional
"[""ibc2018:chapter35-row:0e19bcd9cab1312a1953790c""]",material specification,D3200,ibc2018:external-family:3b5c7281eaadaeefb34457ed,ASTM,0.95,"[""D3200—74(2012)""]","[""74(2012)""]","[""Standard Specification and Test Method for Establishing Recommended Design Stresses for Round Timber""]",external_document_family,provisional
"[""ibc2018:chapter35-row:8891c2a550b63c18b81d638e""]",material specification,E119,ibc2018:external-family:3b9cee9b189ffe67a2d13800,ASTM,0.95,"[""E119—16""]","[""16""]","[""Standard Test Methods for Fire Tests of Building Construction and Materials""]",external_document_family,provisional
"[""ibc2018:chapter35-row:4323d302a937f56f797224f9""]",material specification,D2626/D2626M,ibc2018:external-family:3bb9c476e855594fac6a40b5,ASTM,0.95,"[""D2626/D2626M—04(2012)e1""]","[""04(2012)e1""]","[""Specification for Asphalt Saturated and Coated Organic Felt Base Sheet Used in Roofing""]",external_document_family,provisional
"[""ibc2018:chapter35-row:1e194effd173f4b3ba950945""]",material specification,E1300,ibc2018:external-family:3cef9dc9c3b19059ef2a3ba1,ASTM,0.95,"[""E1300—12ae1""]","[""12ae1""]","[""Practice for Determining Load Resistance of Glass in Buildings""]",external_document_family,provisional
"[""ibc2018:chapter35-row:99a0d8930c2e0a2b067982d7""]",material specification,E2273,ibc2018:external-family:3d3f27ddcd48aad71559138c,ASTM,0.95,"[""E2273—03(2011)""]","[""03(2011)""]","[""Standard Test Method for Determining the Drainage Efficiency of Exterior Insulation and Finish Systems (EIFS)""]",external_document_family,provisional
"[""ibc2018:chapter35-row:b0b748f9f44c22b703e5ba34""]",material specification,C1088,ibc2018:external-family:3d8ad4364a38ba1d3498b860,ASTM,0.95,"[""C1088—14""]","[""14""]","[""Specification for Thin Veneer Brick Units Made from Clay or Shale""]",external_document_family,provisional
"[""ibc2018:chapter35-row:9c3a83889e02f6de648e5903""]",material specification,C1007,ibc2018:external-family:3dc54a434ecb84c1b957b272,ASTM,0.95,"[""C1007—11a(2015)""]","[""11a(2015)""]","[""Specification for Installation of Load Bearing (Transverse and Axial) Steel Studs and Related Accessories""]",external_document_family,provisional
"[""ibc2018:chapter35-row:53110ce0fb9783c24a9ef22e""]",unknown,MNL 128,ibc2018:external-family:3dd6896b489fd157fb2805db,PCI,0.95,"[""MNL 128—01""]","[""01""]","[""Recommended Practice for Glass Fiber Reinforced Concrete Panels""]",external_document_family,provisional
"[""ibc2018:chapter35-row:f5a92e3d04014a3a6b8afedf""]",fire-test standard,268,ibc2018:external-family:3e85f89495e8c8bcdfc0a947,NFPA,0.95,"[""268—17""]","[""17""]","[""Standard Test Method for Determining Ignitability of Exterior Wall Assemblies Using a Radiant Heat Energy Source""]",external_document_family,provisional
"[""ibc2018:chapter35-row:2788c9c1418bb2c1b840ea0e""]",product qualification,2196,ibc2018:external-family:3f35c6264b574fe9ebe908a1,UL,0.95,"[""2196—2001""]","[""2001""]","[""Tests for Fire Resistive Cables—with Revisions through March 2012""]",external_document_family,provisional
"[""ibc2018:chapter35-row:2e1cd79506c9cc16a58572e7""]",material specification,C1289,ibc2018:external-family:3fb26583d4a4e7835e0245c6,ASTM,0.95,"[""C1289—15""]","[""15""]","[""Standard Specification for Faced Rigid Cellular Polyisocyanurate Thermal Insulation Board""]",external_document_family,provisional
"[""ibc2018:chapter35-row:40756653ba918db3622dcdaf""]",installation standard,82,ibc2018:external-family:40079593c8404c9e8b076683,NFPA,0.95,"[""82—14""]","[""14""]","[""Standard on Incinerators and Waste and Linen Handling Systems and Equipment""]",external_document_family,provisional
"[""ibc2018:chapter35-row:13e65b553c0af5d331d390b7""]",material specification,E1602,ibc2018:external-family:412d7a767ed3acf2adcc2676,ASTM,0.95,"[""E1602—03(2010)e1""]","[""03(2010)e1""]","[""Guide for Construction of Solid Fuel-burning Masonry Heaters""]",external_document_family,provisional
"[""ibc2018:chapter35-row:1aab874db66e600e75d0dcb1""]",material specification,G152,ibc2018:external-family:41c9d30ada9b86d757278277,ASTM,0.95,"[""G152—13""]","[""13""]","[""Practice for Operating Open Flame Carbon Arc Light Apparatus for Exposure of Nonmetallic Materials""]",external_document_family,provisional
"[""ibc2018:chapter35-row:2512814f87e753f94fe4e112""]",material specification,E90,ibc2018:external-family:424885d78214d613bd6c9b42,ASTM,0.95,"[""E90—09""]","[""09""]","[""Test Method for Laboratory Measurement of Airborne Sound Transmission Loss of Building Partitions and Elements""]",external_document_family,provisional
"[""ibc2018:chapter35-row:301521eb15433960cc6f8942""]",unknown,49 CFR Parts 173.137—(2009),ibc2018:external-family:42aaf8a4c82f8780886bceb3,DOL,0.95,"[""49 CFR Parts 173.137—(2009)""]",[],"[""Shippers—General Requirements for Shipments and Packaging—Class 8—Assignment of Packing""]",external_document_family,provisional
"[""ibc2018:chapter35-row:50a56f56dbb56a89dfc0a755""]",material specification,D4829,ibc2018:external-family:43861d2db439a1d36d3345bc,ASTM,0.95,"[""D4829—11""]","[""11""]","[""Test Method for Expansion Index of Soils""]",external_document_family,provisional
"[""ibc2018:chapter35-row:5f23a91907e38a8de8f3d021""]",material specification,C549,ibc2018:external-family:444319f595f6bb29c1389f4a,ASTM,0.95,"[""C549—06(2012)""]","[""06(2012)""]","[""Specification for Perlite Loose Fill Insulation""]",external_document_family,provisional
"[""ibc2018:chapter35-row:8e152b8b8ab75de5a4724f11""]",material specification,A924/A924M,ibc2018:external-family:445550f6ca8c3b547bbf7f6a,ASTM,0.95,"[""A924/A924M—14""]","[""14""]","[""Standard Specification for General Requirements for Steel Sheet, Metallic-coated by the Hot-dip Process""]",external_document_family,provisional
"[""ibc2018:chapter35-row:b86af82c1e562535f964d559""]",structural design standard,29,ibc2018:external-family:4464626c5c1173b5fab78c42,ASCE/SEI,0.95,"[""29—17""]","[""17""]","[""Standard Calculation Methods for Structural Fire Protection""]",external_document_family,provisional
"[""ibc2018:chapter35-row:012068dc1a1285f6904ae2ca""]",material specification,C140/C140M,ibc2018:external-family:44b27567923a042d87baff46,ASTM,0.95,"[""C140/C140M—15""]","[""15""]","[""Test Method Sampling and Testing Concrete Masonry Units and Related Units""]",external_document_family,provisional
"[""ibc2018:chapter35-row:1771fb379a4239f66784ba4c""]",unknown,A108.4,ibc2018:external-family:44ed7e4141f3004002a76f76,ANSI,0.95,"[""A108.4—99""]","[""99""]","[""Installation of Ceramic Tile with Organic Adhesives or Water-cleanable Tile-setting Epoxy Adhesive""]",external_document_family,provisional
"[""ibc2018:chapter35-row:f9910083cbb5f4e65e226da2""]",material specification,D4869/D4869M,ibc2018:external-family:45738f69b0808dc492e18198,ASTM,0.95,"[""D4869/D4869M—15""]","[""15""]","[""Specification for Asphalt-saturated (Organic Felt) Underlayment Used in Steep Slope Roofing""]",external_document_family,provisional
"[""ibc2018:chapter35-row:88c4ac590bd52775721421fd""]",material specification,C91/C91M,ibc2018:external-family:45d4f4e99dec9b0df5ae3077,ASTM,0.95,"[""C91/C91M—12""]","[""12""]","[""Specification for Masonry Cement""]",external_document_family,provisional
"[""ibc2018:chapter35-row:ddbb32828d045e8bdddfdb07""]",structural design standard,ANSI/AISC 341,ibc2018:external-family:45e81e56a56a4aeb16d3f59d,AISC,0.95,"[""ANSI/AISC 341—16""]","[""16""]","[""Seismic Provisions for Structural Steel Buildings""]",external_document_family,provisional
"[""ibc2018:chapter35-row:b59933ee8f4fb11ce2cab7c9""]",related code,IPC,ibc2018:external-family:474971956b37aacdc34bd279,ICC,0.95,"[""IPC—18""]","[""18""]","[""International Plumbing Code®""]",external_document_family,provisional
"[""ibc2018:chapter35-row:ed1466563a1f6ff9d508d880""]",unknown,ISO 8336,ibc2018:external-family:47ae7195868dbd056e6c5e79,ISO,0.95,"[""ISO 8336—09""]","[""09""]","[""Fiber-cement Flat Sheets—Product Specification and Test Methods""]",external_document_family,provisional
"[""ibc2018:chapter35-row:3cb71628833a57657fee363b""]",material specification,C954,ibc2018:external-family:47e21f50de9831ffe9d9c97f,ASTM,0.95,"[""C954—15""]","[""15""]","[""Specification for Steel Drill Screws for the Application of Gypsum Panel Products or Metal Plaster Bases to Steel Studs""]",external_document_family,provisional
"[""ibc2018:chapter35-row:7268cb0a4386dae2a30a9020""]",related code,IWUIC,ibc2018:external-family:488c0c06f744448214ae0185,ICC,0.95,"[""IWUIC—18""]","[""18""]","[""International Wildland-Urban Interface Code®""]",external_document_family,provisional
"[""ibc2018:chapter35-row:7796ba2b3515a014d60c4c2a""]",installation standard,30,ibc2018:external-family:4964948ab88b90318f1d1f1b,NFPA,0.95,"[""30—18""]","[""18""]","[""Flammable and Combustible Liquids Code""]",external_document_family,provisional
"[""ibc2018:chapter35-row:73f5cf6e5fff3d5f20479343""]",unknown,ANSI A135.5,ibc2018:external-family:4a2ce0fed345ae49da12aeb8,CPA,0.95,"[""ANSI A135.5—2012""]","[""2012""]","[""Prefinished Hardboard Paneling""]",external_document_family,provisional
"[""ibc2018:chapter35-row:4634e8101a0638796f42252e""]",material specification,C1283,ibc2018:external-family:4bdb6c6837672c9b6c428fe2,ASTM,0.95,"[""C1283—11""]","[""11""]","[""Practice for Installing Clay Flue Lining""]",external_document_family,provisional
"[""ibc2018:chapter35-row:677d8c1723fb487263c5370e""]",unknown,U1,ibc2018:external-family:4c1b6bbf87770132c1e67dcd,AWPA,0.95,"[""U1—16""]","[""16""]","[""USE CATEGORY SYSTEM: User Specification for Treated Wood Except Commodity Specification H""]",external_document_family,provisional
"[""ibc2018:chapter35-row:1355e6f92d4aae931ea645e3""]",installation standard,1124,ibc2018:external-family:4c3aaa49ce8741564d66b1fe,NFPA,0.95,"[""1124—17""]","[""17""]","[""Code for the Manufacture, Transportation and Storage of Fireworks and Pyrotechnic Articles""]",external_document_family,provisional
"[""ibc2018:chapter35-row:da806d75d07a9186990564e5""]",unknown,APA PDS Supplement 1,ibc2018:external-family:4c4b59bc5cfada14bc06db36,APA,0.95,"[""APA PDS Supplement 1—12""]","[""12""]","[""Design and Fabrication of Plywood Curved Panels (revised 2013)""]",external_document_family,provisional
"[""ibc2018:chapter35-row:5de540ca1901b8c533dd77ad""]",related code,ICC 600,ibc2018:external-family:4c51ab4be7aeb7ecdee37f79,ICC,0.95,"[""ICC 600—14""]","[""14""]","[""Standard for Residential Construction in High-wind Regions""]",external_document_family,provisional
"[""ibc2018:chapter35-row:d6829da74545d0d2993dd9d4""]",product qualification,723,ibc2018:external-family:4d4ff936f332dee189927898,UL,0.95,"[""723—2008""]","[""2008""]","[""Test for Surface Burning Characteristics of Building Materials—with Revisions through August 2013""]",external_document_family,provisional
"[""ibc2018:chapter35-row:c0469aca4924e426df815e66""]",material specification,C216,ibc2018:external-family:4ebd773b5faf949822339142,ASTM,0.95,"[""C216—15""]","[""15""]","[""Specification for Facing Brick (Solid Masonry Units Made from Clay or Shale)""]",external_document_family,provisional
"[""ibc2018:chapter35-row:5d681143eef32fd912ae843a""]",material specification,C754,ibc2018:external-family:4f42710eb684688231f110cb,ASTM,0.95,"[""C754—15""]","[""15""]","[""Specification for Installation of Steel Framing Members to Receive Screw-attached Gypsum Panel Products""]",external_document_family,provisional
"[""ibc2018:chapter35-row:6be25fbcb237049c39965119""]",material specification,D4479/D4479M,ibc2018:external-family:4fbb4a34882afbc8afa4a780,ASTM,0.95,"[""D4479/D4479M—07(2012)e1""]","[""07(2012)e1""]","[""Specification for Asphalt Roof Coatings—Asbestos-free""]",external_document_family,provisional
"[""ibc2018:chapter35-row:afc58e7872a2f2c4bac15cd0""]",material specification,C1157/C1157M,ibc2018:external-family:504abb6f0eecb79446a919c3,ASTM,0.95,"[""C1157/C1157M—11""]","[""11""]","[""Standard Performance Specification for Hydraulic Cement""]",external_document_family,provisional
"[""ibc2018:chapter35-row:00cdf36c68deaeedbf97f1c2""]",material specification,A722/A722M,ibc2018:external-family:505c2eb521c37fbfa6362e73,ASTM,0.95,"[""A722/A722M—15""]","[""15""]","[""Specification for High-strength Steel Bars for Prestressed Concrete""]",external_document_family,provisional
"[""ibc2018:chapter35-row:05b320b8d4c8eaaad511d9ee""]",product qualification,1784,ibc2018:external-family:50ae30a4763fb36bdc51f9b8,UL,0.95,"[""1784—01""]","[""01""]","[""Air Leakage Tests of Door Assemblies—with Revisions through February 2015""]",external_document_family,provisional
"[""ibc2018:chapter35-row:3d13eb86f3924f89b6a4ea50""]",unknown,TEK 5,ibc2018:external-family:516552d7a4c881c40375df52,NCMA,0.95,"[""TEK 5—84(1996)""]","[""84(1996)""]","[""Details for Concrete Masonry Fire Walls""]",external_document_family,provisional
"[""ibc2018:chapter35-row:c9bd2aa878c796d693d8465a""]",unknown,A108.8,ibc2018:external-family:51f3e228e3cef3053bbd5ede,ANSI,0.95,"[""A108.8—99""]","[""99""]","[""Installation of Ceramic Tile with Chemical-resistant Furan Resin Mortar and Grout""]",external_document_family,provisional
"[""ibc2018:chapter35-row:b8d75733660e668302e3baa7""]",installation standard,110,ibc2018:external-family:5216b39453ad3d66e0a1899c,NFPA,0.95,"[""110—16""]","[""16""]","[""Standard for Emergency and Standby Power Systems""]",external_document_family,provisional
"[""ibc2018:chapter35-row:7eaf7a3d3c6607edba69cab2""]",installation standard,30A,ibc2018:external-family:527f6bd8624271429ed5a94b,NFPA,0.95,"[""30A—18""]","[""18""]","[""Code for Motor Fuel Dispensing Facilities and Repair Garages""]",external_document_family,provisional
"[""ibc2018:chapter35-row:d2e29155870659f5b3b31f2f""]",material specification,C474,ibc2018:external-family:52b93a8c8196947c79275252,ASTM,0.95,"[""C474—15""]","[""15""]","[""Test Methods for Joint Treatment Materials for Gypsum Board Construction""]",external_document_family,provisional
"[""ibc2018:chapter35-row:54aff35811ff1aa432347df6""]",unknown,B20.1,ibc2018:external-family:52bcbd7c2a72685ce3a5dff9,ASME,0.95,"[""B20.1—2015""]","[""2015""]","[""Safety Standard for Conveyors and Related Equipment""]",external_document_family,provisional
"[""ibc2018:chapter35-row:c124d45a2b3401d7f7149176""]",unknown,SDI RD,ibc2018:external-family:548edd1f659a2d6d5e4c8679,SDI,0.95,"[""SDI RD—2017""]","[""2017""]","[""Standard for Steel Roof Deck""]",external_document_family,provisional
"[""ibc2018:chapter35-row:835a07bb943b3891f589e057""]",product qualification,2079,ibc2018:external-family:54b2257b14327fd7e9448aff,UL,0.95,"[""2079—04""]","[""04""]","[""Tests for Fire Resistance of Building Joint Systems—with Revisions through August 2015""]",external_document_family,provisional
"[""ibc2018:chapter35-row:abcf53b5ff63af942311398c""]",material specification,A6/A6M,ibc2018:external-family:55127fff2226f26d690ba987,ASTM,0.95,"[""A6/A6M—14""]","[""14""]","[""Standard Specification for General Requirements for Rolled Structural Steel Bars, Plates, Shapes and Sheet Piling""]",external_document_family,provisional
"[""ibc2018:chapter35-row:e75d26fa60334c13b821b132""]",material specification,D6947/D6947M,ibc2018:external-family:55b22d4b93a8e8e2925581fe,ASTM,0.95,"[""D6947/D6947M—07(2013)e1""]","[""07(2013)e1""]","[""Standard Specification for Liquid Applied Moisture Cured Polyurethane Coating Used in Spray""]",external_document_family,provisional
"[""ibc2018:chapter35-row:aaf8607e1d27dccdc2efed1d""]",material specification,E1996,ibc2018:external-family:55f1f2b7f967f902d5541d4d,ASTM,0.95,"[""E1996—14a""]","[""14a""]","[""Specification for Performance of Exterior Windows, Curtain Walls, Doors and Impact Protective Systems Impacted by""]",external_document_family,provisional
"[""ibc2018:chapter35-row:16e0075d1ea645b4d5e599a1""]",unknown,APA PDS,ibc2018:external-family:568bdcaddddfa41046bd8bd9,APA,0.95,"[""APA PDS—12""]","[""12""]","[""Panel Design Specification""]",external_document_family,provisional
"[""ibc2018:chapter35-row:193780149022db26b95036d0""]",product qualification,1479,ibc2018:external-family:574cc92af21c083cef8d07b7,UL,0.95,"[""1479—03""]","[""03""]","[""Fire Tests of Penetration Firestops—with Revisions through June 2015""]",external_document_family,provisional
"[""ibc2018:chapter35-row:7b46de49424ce05ae73aef2f""]",material specification,D422,ibc2018:external-family:584f5d6f6e2beb0ddef77ff7,ASTM,0.95,"[""D422—63(2007)e2""]","[""63(2007)e2""]","[""Test Method for Particle-size Analysis of Soils""]",external_document_family,provisional
"[""ibc2018:chapter35-row:561e963da12eb543d56fbcaf""]",material specification,D2898,ibc2018:external-family:58f9d703459b25e0c891b833,ASTM,0.95,"[""D2898—10""]","[""10""]","[""Test Methods for Accelerated Weathering of Fire-retardant-treated Wood for Fire Testing""]",external_document_family,provisional
"[""ibc2018:chapter35-row:95ee79fc7869b3e2f5f569c8""]",material specification,B695,ibc2018:external-family:5902baff1418ce0853aa48ff,ASTM,0.95,"[""B695—04(2009)""]","[""04(2009)""]","[""Standard Specification for Coatings of Zinc Mechanically Deposited on Iron and Steel Strip for Building""]",external_document_family,provisional
"[""ibc2018:chapter35-row:0fd84a72b70e26165d1b6dc6""]",related code,ICC 901/SRCC 100,ibc2018:external-family:59a798d048b357cc2a1abbd8,ICC,0.95,"[""ICC 901/SRCC 100—2015""]","[""2015""]","[""Solar Thermal Collector Standard""]",external_document_family,provisional
"[""ibc2018:chapter35-row:52cc4d11fac17b8698a54c6c""]",material specification,C728,ibc2018:external-family:5a5cbe3249eac2a791bebc7d,ASTM,0.95,"[""C728—15""]","[""15""]","[""Standard Specification for Perlite Thermal Insulation Board""]",external_document_family,provisional
"[""ibc2018:chapter35-row:462687ebb7522f9b822b2c6f""]",material specification,A463/A463M,ibc2018:external-family:5a67d6345ac6053d6cc85b67,ASTM,0.95,"[""A463/A463M—15""]","[""15""]","[""Standard Specification for Steel Sheet, Aluminum-coated, by the Hot-dip Process""]",external_document_family,provisional
"[""ibc2018:chapter35-row:94361ce4397c6133289e8d46""]",material specification,E2072,ibc2018:external-family:5ae44297aae44a4d9fe4fad4,ASTM,0.95,"[""E2072—14""]","[""14""]","[""Standard Specification for Photoluminescent (Phosphorescent) Safety Markings""]",external_document_family,provisional
"[""ibc2018:chapter35-row:d29c48db42557b86483f839f""]",product qualification,4430,ibc2018:external-family:5b08eb4d4e15d4d2bed9151a,FM,0.95,"[""4430—2012""]","[""2012""]","[""Approval Standard for Heat and Smoke Vents""]",external_document_family,provisional
"[""ibc2018:chapter35-row:5ddf5399e1b17145d5b93bc9""]",installation standard,72,ibc2018:external-family:5c4facd97626b193d4d7ff61,NFPA,0.95,"[""72—16""]","[""16""]","[""National Fire Alarm and Signaling Code""]",external_document_family,provisional
"[""ibc2018:chapter35-row:3586105435d9e60a30ef56b5""]",material specification,D6841,ibc2018:external-family:5c972274937b48a5c8287fcb,ASTM,0.95,"[""D6841—08""]","[""08""]","[""Standard Practice for Calculating Design Value Treatment Adjustment Factors for Fire-retardant Treated Lumber""]",external_document_family,provisional
"[""ibc2018:chapter35-row:48de2142b7471c5372432b93""]",unknown,ANSI A135.6,ibc2018:external-family:5e84b01f21ef57ffb35a4d44,CPA,0.95,"[""ANSI A135.6—2012""]","[""2012""]","[""Engineered Wood Siding""]",external_document_family,provisional
"[""ibc2018:chapter35-row:42cf3ab3cc2101dc7a85ee28""]",installation standard,85,ibc2018:external-family:5e857898ea58f448a3a0ea81,NFPA,0.95,"[""85—15""]","[""15""]","[""Boiler and Combustion System Hazards Code""]",external_document_family,provisional
"[""ibc2018:chapter35-row:53536a4499aa15a91ca7823e""]",unknown,ANSI/APA PRR 410,ibc2018:external-family:5e9ef160281169a4ee40f4a2,APA,0.95,"[""ANSI/APA PRR 410—16""]","[""16""]","[""Standard for Performance-Rated Engineered Wood Rim Boards""]",external_document_family,provisional
"[""ibc2018:chapter35-row:e3bfa7b533606a6a7201e10f""]",unknown,A118.3,ibc2018:external-family:5eceb95d9eb8bd269e4beed0,ANSI,0.95,"[""A118.3—13""]","[""13""]","[""American National Standard Specifications for Chemical-resistant, Water-cleanable Tile-setting and -grouting Epoxy""]",external_document_family,provisional
"[""ibc2018:chapter35-row:1415b21e02fc7409eef8b762""]",material specification,F547,ibc2018:external-family:5f385f8a9f09bfd6ef3a96ac,ASTM,0.95,"[""F547—06(2012)""]","[""06(2012)""]","[""Terminology of Nails for Use with Wood and Wood-base Materials""]",external_document_family,provisional
"[""ibc2018:chapter35-row:6bf9724170cde4df59a64c07""]",material specification,E1592,ibc2018:external-family:604fa730c764edf9313fe75d,ASTM,0.95,"[""E1592—05(2012)""]","[""05(2012)""]","[""Test Method for Structural Performance of Sheet Metal Roof and Siding Systems by Uniform Static Air Pressure""]",external_document_family,provisional
"[""ibc2018:chapter35-row:49a9271b59d61135c97d7db5""]",material specification,C926,ibc2018:external-family:60577e9e2fec4e6f15ca9fe0,ASTM,0.95,"[""C926—15b""]","[""15b""]","[""Specification for Application of Portland Cement-based Plaster""]",external_document_family,provisional
"[""ibc2018:chapter35-row:5ad14f19d810433be36e57f9""]",installation standard,99,ibc2018:external-family:62ffd8f1ea0be785c67ca477,NFPA,0.95,"[""99—18""]","[""18""]","[""Health Care Facilities Code""]",external_document_family,provisional
"[""ibc2018:chapter35-row:7c7603a00181b9eccc3638c8""]",installation standard,654,ibc2018:external-family:64dda994eafbb4f0c645d6a2,NFPA,0.95,"[""654—17""]","[""17""]","[""Standard for the Prevention of Fire and Dust Explosions from the Manufacturing, Processing and Handling of Combustible""]",external_document_family,provisional
"[""ibc2018:chapter35-row:c9f1b3a378b8a39090099dd9""]",material specification,C1670,ibc2018:external-family:64e61fd94777a62b0034131e,ASTM,0.95,"[""C1670—16""]","[""16""]","[""Standard Specification for Adhered Manufactured Stone Masonry Veneer Units""]",external_document_family,provisional
"[""ibc2018:chapter35-row:6754459e43cd815a4e71faf6""]",material specification,E2556/E2556M,ibc2018:external-family:64e7dd6afcf9d5b5e4a7daa8,ASTM,0.95,"[""E2556/E2556M—10""]","[""10""]","[""Standard Specification for Vapor Permeable Flexible Sheet Water-resistive Barriers Intended for Mechanical""]",external_document_family,provisional
"[""ibc2018:chapter35-row:7d79d9bdaac4d809cfcc27b3""]",material specification,C1032,ibc2018:external-family:651d2e062df19a48e489b2fe,ASTM,0.95,"[""C1032—14""]","[""14""]","[""Specification for Woven Wire Plaster Base""]",external_document_family,provisional
"[""ibc2018:chapter35-row:416c6ccb0c634dfc47524f80""]",product qualification,1777,ibc2018:external-family:654ed7bd1fe5364579af1b0d,UL,0.95,"[""1777—2007""]","[""2007""]","[""Chimney Liners—with Revisions through October 2015""]",external_document_family,provisional
"[""ibc2018:chapter35-row:e10cec995b437e54e2271f8e""]",unknown,EP 559.2 MON2016,ibc2018:external-family:6679b1e86774d84b0d5d60cd,ASABE,0.95,"[""EP 559.2 MON2016""]",[],"[""Design Requirements and Bending Properties for Mechanically Laminated Wood Assemblies""]",external_document_family,provisional
"[""ibc2018:chapter35-row:afa1dd3e04d7031fe43410c6""]",unknown,540,ibc2018:external-family:67b4aac17927187b6ba71d5e,AMCA,0.95,"[""540—13""]","[""13""]","[""Test Method for Louvers Impacted by Wind Borne Debris""]",external_document_family,provisional
"[""ibc2018:chapter35-row:c014cd05c73ea4ae6dbe54e5""]",material specification,E2393,ibc2018:external-family:68063a3da5b56f63e4b08d89,ASTM,0.95,"[""E2393—10a(2015)""]","[""10a(2015)""]","[""Standard Practice for On-site Inspection of Installed Fire Resistive Joint Systems and Perimeter Fire Barriers""]",external_document_family,provisional
"[""ibc2018:chapter35-row:ec24ca8f42e5207bf3a99926""]",material specification,C946,ibc2018:external-family:696b57ff1921a65a0d45879c,ASTM,0.95,"[""C946—10""]","[""10""]","[""Specification for Construction of Dry-stacked, Surface-bonded Walls""]",external_document_family,provisional
"[""ibc2018:chapter35-row:63aa878fee9524df21443b8e""]",product qualification,793,ibc2018:external-family:69c284e554d372cb63959245,UL,0.95,"[""793—08""]","[""08""]","[""Automatically Operated Roof Vents for Smoke and Heat—with Revisions through September 2011""]",external_document_family,provisional
"[""ibc2018:chapter35-row:6bbbae79d5d9551f4dc957ae""]",unknown,PS 20,ibc2018:external-family:6a2703e158b07eb6d5207c30,DOC,0.95,"[""PS 20—05""]","[""05""]","[""American Softwood Lumber Standard""]",external_document_family,provisional
"[""ibc2018:chapter35-row:56b9d57f7ed7e9cb88d96883""]",installation standard,211,ibc2018:external-family:6a4b0b3f9623b0c9961b637a,NFPA,0.95,"[""211—16""]","[""16""]","[""Standard for Chimneys, Fireplaces, Vents and Solid Fuel-burning Appliances""]",external_document_family,provisional
"[""ibc2018:chapter35-row:7aa3bcae02e7526a9fca2a22""]",unknown,ANSI/AWC SDPWS,ibc2018:external-family:6a5ad99b1088286a593d60b3,AWC,0.95,"[""ANSI/AWC SDPWS—2015""]","[""2015""]","[""Special Design Provisions for Wind and Seismic""]",external_document_family,provisional
"[""ibc2018:chapter35-row:a2ce16d92ff79408bd8ac7a4""]",material specification,C1313/C1313M,ibc2018:external-family:6af805f736290d6bd7082f64,ASTM,0.95,"[""C1313/C1313M—13""]","[""13""]","[""Standard Specification for Sheet Radiant Barriers for Building Construction Applications""]",external_document_family,provisional
"[""ibc2018:chapter35-row:eab82d1b4bd42bdd36ef3a0f""]",unknown,ANSI/APA A190.1,ibc2018:external-family:6b1c9a9a95bb87085fa8607b,APA,0.95,"[""ANSI/APA A190.1—17""]","[""17""]","[""Structural Glued Laminated Timber""]",external_document_family,provisional
"[""ibc2018:chapter35-row:9c9df7543019523590e2859e""]",unknown,ANSI/ASSE Z359.1,ibc2018:external-family:6b286d611e499e4c6a58d032,ASSE,0.95,"[""ANSI/ASSE Z359.1—2016""]","[""2016""]","[""Requirements for the ANSI/ASSE Z359 Fall Protection Code""]",external_document_family,provisional
"[""ibc2018:chapter35-row:558604271fa4e11a78e63ff5""]",installation standard,101,ibc2018:external-family:6b5d88045d924abf9821a8fc,NFPA,0.95,"[""101—18""]","[""18""]","[""Life Safety Code""]",external_document_family,provisional
"[""ibc2018:chapter35-row:847f87452bcd7c461ee76385""]",product qualification,268,ibc2018:external-family:6b90ca597476ba784fb0ce02,UL,0.95,"[""268—09""]","[""09""]","[""Smoke Detectors for Fire Alarm Systems""]",external_document_family,provisional
"[""ibc2018:chapter35-row:85b6d068abce523fe047e77e""]",unknown,A208.1,ibc2018:external-family:6bcc8f01502f9d4fb70a1644,CPA,0.95,"[""A208.1—2016""]","[""2016""]","[""Particleboard""]",external_document_family,provisional
"[""ibc2018:chapter35-row:bc1c097e1759ac9c885fb6e2""]",product qualification,55A,ibc2018:external-family:6c018bd38a5a05dc1e86e954,UL,0.95,"[""55A—04""]","[""04""]","[""Materials for Built-up Roof Coverings""]",external_document_family,provisional
"[""ibc2018:chapter35-row:cb8cd88884ddf340c8dc7520""]",unknown,ANSI/DASMA 107,ibc2018:external-family:6de2b9e14115a0f0e3df2718,DASMA,0.95,"[""ANSI/DASMA 107—2017""]","[""2017""]","[""Room Fire Test Standard for Garage Doors Using Foam Plastic Insulation""]",external_document_family,provisional
"[""ibc2018:chapter35-row:f9296f431b49827a4b72deed""]",material specification,D1227,ibc2018:external-family:6eb547d6428d8ee9e7c06759,ASTM,0.95,"[""D1227—13""]","[""13""]","[""Specification for Emulsified Asphalt Used as a Protective Coating for Roofing""]",external_document_family,provisional
"[""ibc2018:chapter35-row:25380272aaac36fd0733410d""]",material specification,C1492,ibc2018:external-family:6ed4c426234b5d5d470f906b,ASTM,0.95,"[""C1492—03(2009)""]","[""03(2009)""]","[""Standard Specification for Concrete Roof Tile""]",external_document_family,provisional
"[""ibc2018:chapter35-row:88d199e7314216e37897d791""]",unknown,ANSI/HPVA HP-1,ibc2018:external-family:6effe32ffbc5201faaf5a7f3,HPVA,0.95,"[""ANSI/HPVA HP-1—2016""]","[""2016""]","[""American National Standard for Hardwood and Decorative Plywood""]",external_document_family,provisional
"[""ibc2018:chapter35-row:dc934a27818392db17364ce1""]",unknown,A108.6,ibc2018:external-family:704870b2e6aa8baaa6df7d52,ANSI,0.95,"[""A108.6—99""]","[""99""]","[""Installation of Ceramic Tile with Chemical-resistant, Water Cleanable Tile-setting and -grouting Epoxy""]",external_document_family,provisional
"[""ibc2018:chapter35-row:b3efb2476240a7d5dbdae5f4""]",unknown,ANSI MH29.1,ibc2018:external-family:715ccc314a73a548c4c09118,MHI,0.95,"[""ANSI MH29.1—08""]","[""08""]","[""Safety Requirements for Industrial Scissors Lifts""]",external_document_family,provisional
"[""ibc2018:chapter35-row:11f1721a0351853132f9eff3""]",material specification,C1600/C1600M,ibc2018:external-family:7198749426c20af34ad35c0c,ASTM,0.95,"[""C1600/C1600M—11""]","[""11""]","[""Standard Specification for Rapid Hardening Hydraulic Cement""]",external_document_family,provisional
"[""ibc2018:chapter35-row:7118ddadf1dd82c38fbf91d4""]",material specification,F1667,ibc2018:external-family:7227aa4da6d47221304f2df9,ASTM,0.95,"[""F1667—15""]","[""15""]","[""Specification for Driven Fasteners: Nails, Spikes and Staples""]",external_document_family,provisional
"[""ibc2018:chapter35-row:03d1fc30330b0d249f867c06""]",performance classification,16 CFR Part 1209 (2002),ibc2018:external-family:72298297fd99ed98117ff8e8,CPSC,0.95,"[""16 CFR Part 1209 (2002)""]",[],"[""Interim Safety Standard for Cellulose Insulation""]",external_document_family,provisional
"[""ibc2018:chapter35-row:e8a6f3206289fc33fa2ccd40""]",material specification,C94/C94M,ibc2018:external-family:72c7cd6ad4c8c18c81326090,ASTM,0.95,"[""C94/C94M—15a""]","[""15a""]","[""Specification for Ready-mixed Concrete""]",external_document_family,provisional
"[""ibc2018:chapter35-row:c545dddc7e57847ea74c053d""]",material specification,C932,ibc2018:external-family:72f73c9678c1cbfece41bcc6,ASTM,0.95,"[""C932—06(2013)""]","[""06(2013)""]","[""Specification for Surface-applied Bonding Compounds for Exterior Plastering""]",external_document_family,provisional
"[""ibc2018:chapter35-row:b1aef168af3f9e4986350eca""]",material specification,C957/C957M,ibc2018:external-family:73123147874fb1a114e36c54,ASTM,0.95,"[""C957/C957M—15""]","[""15""]","[""Specification for High-solids Content, Cold Liquid-applied Elastomeric Waterproofing Membrane with Integral""]",external_document_family,provisional
"[""ibc2018:chapter35-row:6b48f7c498840a841841bc01""]",material specification,D3019,ibc2018:external-family:7332013e76a45c047cb48e72,ASTM,0.95,"[""D3019—08""]","[""08""]","[""Specification for Lap Cement Used with Asphalt Roll Roofing, Nonfibered, Asbestos Fibered and Nonasbestos Fibered""]",external_document_family,provisional
"[""ibc2018:chapter35-row:20244e38cea90957c995a079""]",related code,IECC,ibc2018:external-family:7366a33aeb48285589509648,ICC,0.95,"[""IECC—18""]","[""18""]","[""International Energy Conservation Code®""]",external_document_family,provisional
"[""ibc2018:chapter35-row:cb96cdc82fa3cbc3d92a4261""]",material specification,C1766,ibc2018:external-family:7397c6e1ee410ecbd6b2bae3,ASTM,0.95,"[""C1766—13""]","[""13""]","[""Standard Specification for Factory-laminated Gypsum Panel Products""]",external_document_family,provisional
"[""ibc2018:chapter35-row:e0dffdf923110d3c6a0af175""]",material specification,D56,ibc2018:external-family:7410ab6be456e4fb960f60ce,ASTM,0.95,"[""D56—05(2010)""]","[""05(2010)""]","[""Test Method for Flash Point by Tag Closed Cup Tester""]",external_document_family,provisional
"[""ibc2018:chapter35-row:0347cff2ed7546c0e8228a06""]",installation standard,17,ibc2018:external-family:7581b5dfda73f239dd02b3d0,NFPA,0.95,"[""17—17""]","[""17""]","[""Standard for Dry Chemical Extinguishing Systems""]",external_document_family,provisional
"[""ibc2018:chapter35-row:3404634ae5ca2a0250160784""]",installation standard,111,ibc2018:external-family:75a3fc7929a3e46c6d63c7a7,NFPA,0.95,"[""111—13""]","[""13""]","[""Standard on Stored Electrical Energy Emergency and Standby Power Systems""]",external_document_family,provisional
"[""ibc2018:chapter35-row:6743d7b5dd7e3ecb00556186""]",material specification,D6083,ibc2018:external-family:75e6d536e4c3a29be0a55e2b,ASTM,0.95,"[""D6083—05e01""]","[""05e01""]","[""Specification for Liquid Applied Acrylic Coating Used in Roofing""]",external_document_family,provisional
"[""ibc2018:chapter35-row:42e81f93ecf239b04bd96a74""]",material specification,C842,ibc2018:external-family:764534237dd3107e2f0d7b90,ASTM,0.95,"[""C842—05(2015)""]","[""05(2015)""]","[""Specification for Application of Interior Gypsum Plaster""]",external_document_family,provisional
"[""ibc2018:chapter35-row:40120e90cc06e6e60200d6fd""]",unknown,C1,ibc2018:external-family:76d05a139a39d70a0132db6a,AWPA,0.95,"[""C1—03""]","[""03""]","[""All Timber Products—Preservative Treatment by Pressure Processes""]",external_document_family,provisional
"[""ibc2018:chapter35-row:eb37acc97ea1cd902132368f""]",material specification,C22/C22M,ibc2018:external-family:76dbc9c4aac21dbf8a169783,ASTM,0.95,"[""C22/C22M—00(2015)""]","[""00(2015)""]","[""Specification for Gypsum""]",external_document_family,provisional
"[""ibc2018:chapter35-row:4e8ef11d013d2cf4c28e1fc9""]",product qualification,325,ibc2018:external-family:77bdd3ddea7ce83d61a6369f,UL,0.95,"[""325—02""]","[""02""]","[""Door, Drapery, Gate, Louver and Window Operations and Systems—with Revisions through May 2015""]",external_document_family,provisional
"[""ibc2018:chapter35-row:0c82c1b268334b9fe0249c3d""]",material specification,C330/C330M,ibc2018:external-family:78f036369ce489b60b0f29cf,ASTM,0.95,"[""C330/C330M—14""]","[""14""]","[""Specification for Lightweight Aggregates for Structural Concrete""]",external_document_family,provisional
"[""ibc2018:chapter35-row:dae287df55422a6dad510208""]",product qualification,9,ibc2018:external-family:798d03a99b7d7fecbfa17e65,UL,0.95,"[""9—2009""]","[""2009""]","[""Fire Tests of Window Assemblies—with Revisions through February 2015""]",external_document_family,provisional
"[""ibc2018:chapter35-row:37548755fed0ca6d99d69cd5""]",unknown,Z 97.1,ibc2018:external-family:79b639516f6e55d7a2b90b49,ANSI,0.95,"[""Z 97.1—14""]","[""14""]","[""Safety Glazing Materials Used in Buildings—Safety Performance Specifications and Methods of Test""]",external_document_family,provisional
"[""ibc2018:chapter35-row:83ca7efe194504e599f684ac""]",unknown,ANSI/DASMA 115,ibc2018:external-family:79eb6cdf45cd0a4d04364b40,DASMA,0.95,"[""ANSI/DASMA 115—2016""]","[""2016""]","[""Standard Method for Testing Sectional Garage Doors, Rolling Doors and Flexible Doors: Determination of""]",external_document_family,provisional
"[""ibc2018:chapter35-row:3910bedea6d69e6ffb7b0e3f""]",material specification,C475/C475M,ibc2018:external-family:7a03b13e7e6a8a87d283baef,ASTM,0.95,"[""C475/C475M—15""]","[""15""]","[""Specification for Joint Compound and Joint Tape for Finishing Gypsum Board""]",external_document_family,provisional
"[""ibc2018:chapter35-row:8bc84f74dc20153585faf654""]",unknown,SJI 100,ibc2018:external-family:7a16290f385eb3a3771a8168,SJI,0.95,"[""SJI 100—15""]","[""15""]","[""44th Edition Standard Specification Load Tables and Weight Tables for Steel Joists and Joist Girders K-Series, LH-""]",external_document_family,provisional
"[""ibc2018:chapter35-row:deeb962ccde148daef9da0e2""]",unknown,ALI ALCTV,ibc2018:external-family:7a3c8e7fb75dbc240db5485a,ALI,0.95,"[""ALI ALCTV—2016""]","[""2016""]","[""Standard for Automotive Lifts—Safety Requirements for Construction, Testing and Validation (ANSI)""]",external_document_family,provisional
"[""ibc2018:chapter35-row:f487948324d338ccf56dadb4""]",fire-test standard,252,ibc2018:external-family:7af992c35d53650e07ad035a,NFPA,0.95,"[""252—17""]","[""17""]","[""Standard Methods of Fire Tests of Door Assemblies""]",external_document_family,provisional
"[""ibc2018:chapter35-row:9bbc6271308492aefdfaed08""]",material specification,D7655/D7655M,ibc2018:external-family:7b54bec9b5103f6427ee9244,ASTM,0.95,"[""D7655/D7655M—12""]","[""12""]","[""Standard Classification for Size of Aggregate Used as Ballast for Roof Membrane Systems""]",external_document_family,provisional
"[""ibc2018:chapter35-row:996def3815078249ba8e0372""]",material specification,C1396/C1396M,ibc2018:external-family:7b857a0a99f7842fc9487645,ASTM,0.95,"[""C1396/C1396M—14a""]","[""14a""]","[""Specification for Gypsum Board""]",external_document_family,provisional
"[""ibc2018:chapter35-row:f21754996351d10e9e22ba0b""]",material specification,D3201/D3201M,ibc2018:external-family:7b87f8008f7c3a5ef65664ef,ASTM,0.95,"[""D3201/D3201M—13""]","[""13""]","[""Test Method for Hygroscopic Properties of Fire-retardant-treated Wood and Wood-based Products""]",external_document_family,provisional
"[""ibc2018:chapter35-row:58b98343b878f1d1c560af4d""]",installation standard,13,ibc2018:external-family:7c3db016fbd87498ff2d6750,NFPA,0.95,"[""13—16""]","[""16""]","[""Standard for Installation of Sprinkler Systems""]",external_document_family,provisional
"[""ibc2018:chapter35-row:4ada035ba59fa1c6d45d1ae6""]",material specification,D3957,ibc2018:external-family:7cf69ef2f89b155385621dcc,ASTM,0.95,"[""D3957—09""]","[""09""]","[""Standard Practices for Establishing Stress Grades for Structural Members Used in Log Buildings""]",external_document_family,provisional
"[""ibc2018:chapter35-row:77025f45b917b3d01075f8ba""]",product qualification,710B,ibc2018:external-family:7d442fc00493ec55d34b77eb,UL,0.95,"[""710B—2011""]","[""2011""]","[""Recirculating Systems—with Revisions through August 2014""]",external_document_family,provisional
"[""ibc2018:chapter35-row:db0d9c0600ffe17cb990c0df""]",unknown,ANSI/APA PRP 210,ibc2018:external-family:7d4e38cffc19dcdb11bce2ce,APA,0.95,"[""ANSI/APA PRP 210—14""]","[""14""]","[""Standard for Performance-Rated Engineered Wood Siding""]",external_document_family,provisional
"[""ibc2018:chapter35-row:99892537f86a6a829874927a""]",unknown,PTI DC,ibc2018:external-family:7d6c3d1af2c56113848fb252,PTI,0.95,"[""PTI DC—10.5-12""]","[""10.5-12""]","[""Standard Requirements for Design and Analysis of Shallow Concrete Foundations on Expansive Soils""]",external_document_family,provisional
"[""ibc2018:chapter35-row:746ec3a66bb9203ec53c4224""]",unknown,PS 1,ibc2018:external-family:7daf5e15eceade8e58788aa7,DOC,0.95,"[""PS 1—09""]","[""09""]","[""Structural Plywood""]",external_document_family,provisional
"[""ibc2018:chapter35-row:3cc7dafec770aaff309a93b4""]",material specification,E330/E330M,ibc2018:external-family:7eb4759de3ae7c0fc3401b96,ASTM,0.95,"[""E330/E330M—14""]","[""14""]","[""Standard Test Method for Structural Performance of Exterior Windows, Doors, Skylights and Curtain Walls by""]",external_document_family,provisional
"[""ibc2018:chapter35-row:b4fc2408beabae627f79d3f6""]",material specification,C31/C31M,ibc2018:external-family:7f4797eb4be17e102b0f15ac,ASTM,0.95,"[""C31/C31M—15""]","[""15""]","[""Practice for Making and Curing Concrete Test Specimens in the Field""]",external_document_family,provisional
"[""ibc2018:chapter35-row:64035145fb5f2025a2f9c898""]",material specification,C840,ibc2018:external-family:7f62b4282aa17b9180e907d5,ASTM,0.95,"[""C840—13""]","[""13""]","[""Specification for Application and Finishing of Gypsum Board""]",external_document_family,provisional
"[""ibc2018:chapter35-row:82c9b97503639f46b3444fa4""]",material specification,E2579,ibc2018:external-family:80636b51863098eff741cfdc,ASTM,0.95,"[""E2579—13""]","[""13""]","[""Standard Practice for Specimen Preparation and Mounting of Wood Products to Assess Surface Burning Characteristics""]",external_document_family,provisional
"[""ibc2018:chapter35-row:9269b7aace6812f19d4188a6""]",installation standard,12A,ibc2018:external-family:814c15c3bdc523c54f019c19,NFPA,0.95,"[""12A—15""]","[""15""]","[""Standard on Halon 1301 Fire Extinguishing Systems""]",external_document_family,provisional
"[""ibc2018:chapter35-row:24f90fc98fbdf60afb199064""]",unknown,A13.1,ibc2018:external-family:815d59c125958b0359f9a0b0,ANSI,0.95,"[""A13.1—2015""]","[""2015""]","[""Scheme for the Identification of Piping Systems""]",external_document_family,provisional
"[""ibc2018:chapter35-row:4f067e379bc592feb870015d""]",material specification,G155,ibc2018:external-family:81c88e10e233ef2d16891b90,ASTM,0.95,"[""G155—13""]","[""13""]","[""Practice for Operating Xenon Arc Light Apparatus for Exposure of Nonmetallic Materials""]",external_document_family,provisional
"[""ibc2018:chapter35-row:f61873ccc8abdc3c61def5c0""]",unknown,APA T300,ibc2018:external-family:81dc2124387c1bf4a1fefafa,APA,0.95,"[""APA T300—16""]","[""16""]","[""Glulam Connection Details""]",external_document_family,provisional
"[""ibc2018:chapter35-row:eff932e27f10ecfb6f4369cf""]",material specification,C28/C28M,ibc2018:external-family:826860ddd95646f24d6b64cd,ASTM,0.95,"[""C28/C28M—10(2015)""]","[""10(2015)""]","[""Specification for Gypsum Plasters""]",external_document_family,provisional
"[""ibc2018:chapter35-row:373f3387a551b743219187a2""]",product qualification,14C,ibc2018:external-family:826c7f56a5e12d76eeea2f1a,UL,0.95,"[""14C—06""]","[""06""]","[""Swinging Hardware for Standard Tin Clad Fire Doors Mounted Singly and in Pairs—with Revisions through May 2013""]",external_document_family,provisional
"[""ibc2018:chapter35-row:ad06180eadfe634b758c351a""]",unknown,ANSI/AWC PWF,ibc2018:external-family:83359b5ba44c8d2f6028f122,AWC,0.95,"[""ANSI/AWC PWF—2015""]","[""2015""]","[""Permanent Wood Foundation Design Specification""]",external_document_family,provisional
"[""ibc2018:chapter35-row:2959cb225f60bc05fa83ae6f""]",installation standard,484,ibc2018:external-family:8475938ad6ab565e61f64764,NFPA,0.95,"[""484—18""]","[""18""]","[""Standard for Combustible Metals""]",external_document_family,provisional
"[""ibc2018:chapter35-row:cd7375195ae07524c5eec849""]",unknown,ANSI A135.4,ibc2018:external-family:84a27d00917b6638f4bea409,CPA,0.95,"[""ANSI A135.4—2012""]","[""2012""]","[""Basic Hardboard""]",external_document_family,provisional
"[""ibc2018:chapter35-row:4a5491ccc549e0f8b05803ea""]",installation standard,12,ibc2018:external-family:84e8107ce7ee7ae3f1fa2dea,NFPA,0.95,"[""12—15""]","[""15""]","[""Standard on Carbon Dioxide Extinguishing Systems""]",external_document_family,provisional
"[""ibc2018:chapter35-row:11e58bb4efd8bf177e242b8e""]",installation standard,2001,ibc2018:external-family:8518d9e4e54fd7f70bcd4c5b,NFPA,0.95,"[""2001—15""]","[""15""]","[""Standard on Clean Agent Fire Extinguishing Systems""]",external_document_family,provisional
"[""ibc2018:chapter35-row:62fc73f9194dceaa78cc52f7""]",product qualification,555C,ibc2018:external-family:858cc48000ef339d1d57c6e5,UL,0.95,"[""555C—2006""]","[""2006""]","[""Ceiling Dampers—with Revisions through December 2014""]",external_document_family,provisional
"[""ibc2018:chapter35-row:8d47ee743549ac96d0c79d15""]",material specification,E492,ibc2018:external-family:86fa5c5a21014d595687e4dc,ASTM,0.95,"[""E492—09""]","[""09""]","[""Test Method for Laboratory Measurement of Impact Sound Transmission Through Floor-ceiling Assemblies Using the""]",external_document_family,provisional
"[""ibc2018:chapter35-row:c4509773636828cc9fbd0e0d""]",product qualification,14B,ibc2018:external-family:89096b08e99de1400810fdc8,UL,0.95,"[""14B—2008""]","[""2008""]","[""Sliding Hardware for Standard Horizontally Mounted Tin Clad Fire Doors—with Revisions through May 2013""]",external_document_family,provisional
"[""ibc2018:chapter35-row:962cbfa09ff67a478b5fd93a""]",fire-test standard,285,ibc2018:external-family:898476a874cf9ed5a329b396,NFPA,0.95,"[""285—17""]","[""17""]","[""Standard Fire Test Method for the Evaluation of Fire Propagation Characteristics of Exterior Nonload-bearing Wall""]",external_document_family,provisional
"[""ibc2018:chapter35-row:d125b4d52227ef21d7837552""]",material specification,C1280,ibc2018:external-family:89b0d6c10f407fdd6dbf3444,ASTM,0.95,"[""C1280—13a""]","[""13a""]","[""Specification for Application of Exterior Gypsum Panel Products for Use as Sheathing""]",external_document_family,provisional
"[""ibc2018:chapter35-row:dabfb089e39e85dfd62fafc4""]",material specification,D5726,ibc2018:external-family:89b18063da5951781eba02b2,ASTM,0.95,"[""D5726—98(2013)""]","[""98(2013)""]","[""Specification for Thermoplastic Fabrics Used in Hot-applied Roofing and Waterproofing""]",external_document_family,provisional
"[""ibc2018:chapter35-row:659d4578fe2d05eda79c6ed9""]",material specification,D2824/D2824M,ibc2018:external-family:8a1e0f060061bb5c5bdcdb0f,ASTM,0.95,"[""D2824/D2824M—13""]","[""13""]","[""Standard Specification for Aluminum-pigmented Asphalt Roof Coatings, Nonfibered and Fibered without""]",external_document_family,provisional
"[""ibc2018:chapter35-row:0e606e58c7586fc6da8ce0d9""]",material specification,D2178/D2178M,ibc2018:external-family:8a293788aaf5f4f426634add,ASTM,0.95,"[""D2178/D2178M—15""]","[""15""]","[""Specification for Asphalt Glass Felt Used in Roofing and Waterproofing""]",external_document_family,provisional
"[""ibc2018:chapter35-row:27daaa5a1edc476bfa513127""]",product qualification,10A,ibc2018:external-family:8acc7dbf021226132604ba3b,UL,0.95,"[""10A—2009""]","[""2009""]","[""Tin Clad Fire Doors—with Revisions through December 2013""]",external_document_family,provisional
"[""ibc2018:chapter35-row:020d5a19e00a3844045c6289""]",material specification,D5643/D5643M,ibc2018:external-family:8ae066d56cef60784fc757d2,ASTM,0.95,"[""D5643/D5643M—06(2012)e1""]","[""06(2012)e1""]","[""Specification for Coal Tar Roof Cement, Asbestos-free""]",external_document_family,provisional
"[""ibc2018:chapter35-row:f49c65dfd77976e166600d79""]",material specification,C631,ibc2018:external-family:8b1a9016c2106388f85beeef,ASTM,0.95,"[""C631—09(2014)""]","[""09(2014)""]","[""Specification for Bonding Compounds for Interior Gypsum Plastering""]",external_document_family,provisional
"[""ibc2018:chapter35-row:c1b49a28b7e1742bb0ac1746""]",material specification,D25,ibc2018:external-family:8b22f28e67e91c0b45a7bade,ASTM,0.95,"[""D25—12""]","[""12""]","[""Specification for Round Timber Piles""]",external_document_family,provisional
"[""ibc2018:chapter35-row:dc27f74dc5a826a3d2ab9faa""]",installation standard,289,ibc2018:external-family:8b245e3221f7fd6ac088f7c8,NFPA,0.95,"[""289—18""]","[""18""]","[""Standard Method of Fire Test for Individual Fuel Packages""]",external_document_family,provisional
"[""ibc2018:chapter35-row:7821409714dc4ca66652d3b3""]",material specification,A240/A240M,ibc2018:external-family:8b8354f2425b0ef4f28a7e61,ASTM,0.95,"[""A240/A240M—15a""]","[""15a""]","[""Standard Specification for Chromium and Chromium-nickel Stainless Steel Plate, Sheet and Strip for Pressure""]",external_document_family,provisional
"[""ibc2018:chapter35-row:04c9220fe127c004908204e7""]",material specification,C843,ibc2018:external-family:8c5b3a987ecff1a68396e301,ASTM,0.95,"[""C843—99(2012)""]","[""99(2012)""]","[""Specification for Application of Gypsum Veneer Plaster""]",external_document_family,provisional
"[""ibc2018:chapter35-row:16e301f41f9b3fc060f0ef5a""]",unknown,49 CFR Parts 173–178,ibc2018:external-family:8cc89eb578cb47a93bc6d960,DOL,0.95,"[""49 CFR Parts 173–178—2015""]","[""2015""]","[""Specification of Transportation of Explosive and Other Dangerous Articles, UN 0335,""]",external_document_family,provisional
"[""ibc2018:chapter35-row:3b75c525ebff836b10a326f4""]",material specification,E2404,ibc2018:external-family:8d5bf0920a7c98676b36bdd3,ASTM,0.95,"[""E2404—15a""]","[""15a""]","[""Practice for Specimen Preparation and Mounting of Textile, Paper or Polymeric (Including Vinyl) and Wood Wall or""]",external_document_family,provisional
"[""ibc2018:chapter35-row:b06f37101078e6312f406c7c""]",unknown,A118.1,ibc2018:external-family:8dba63cde9175f6a202b652d,ANSI,0.95,"[""A118.1—16""]","[""16""]","[""American National Standard Specifications for Dry-set Portland Cement Mortar""]",external_document_family,provisional
"[""ibc2018:chapter35-row:46fb68a71dd18e158c2f1a8b""]",unknown,AWC STJR,ibc2018:external-family:8e203da6465cb4d3fe408f1e,AWC,0.95,"[""AWC STJR—2015""]","[""2015""]","[""Span Tables for Joists and Rafters""]",external_document_family,provisional
"[""ibc2018:chapter35-row:3414233b3a3aa55867721257""]",related code,ICC 900/SRCC 300,ibc2018:external-family:8e8a59c2c5eeaa872891ade6,ICC,0.95,"[""ICC 900/SRCC 300—2015""]","[""2015""]","[""Solar Thermal System Standard""]",external_document_family,provisional
"[""ibc2018:chapter35-row:efe1ad56677186cae0c5f404""]",product qualification,10B,ibc2018:external-family:8ea714fa5d35988bea512df5,UL,0.95,"[""10B—2008""]","[""2008""]","[""Fire Tests of Door Assemblies—with Revisions through February 2015""]",external_document_family,provisional
"[""ibc2018:chapter35-row:873582616d310ac034bc019a""]",material specification,C897,ibc2018:external-family:8f78d7b3c526aa5bcbb220c7,ASTM,0.95,"[""C897—15""]","[""15""]","[""Specification for Aggregate for Job-mixed Portland Cement-based Plaster""]",external_document_family,provisional
"[""ibc2018:chapter35-row:2d7fd7069ceba11abe9f6ff9""]",material specification,C150/C150M,ibc2018:external-family:8f7ea0c284bd58501c1816fb,ASTM,0.95,"[""C150/C150M—15""]","[""15""]","[""Specification for Portland Cement""]",external_document_family,provisional
"[""ibc2018:chapter35-row:1753836dca4fa14d7645730a""]",product qualification,10C,ibc2018:external-family:8f80a8e3563f1991279c66c5,UL,0.95,"[""10C—2009""]","[""2009""]","[""Positive Pressure Fire Tests of Door Assemblies—with Revisions through February 2015""]",external_document_family,provisional
"[""ibc2018:chapter35-row:50c91afbfb7618e46aad0517""]",material specification,D4022/D4022M,ibc2018:external-family:8fd7f8975610044bbe170537,ASTM,0.95,"[""D4022/D4022M—07(2012)e1""]","[""07(2012)e1""]","[""Specification for Coal Tar Roof Cement, Asbestos Containing""]",external_document_family,provisional
"[""ibc2018:chapter35-row:953c21da17a627c8d35abcbe""]",material specification,D6163/D6163M,ibc2018:external-family:8ffa9041f140b9af38dcf430,ASTM,0.95,"[""D6163/D6163M—00(2015)e1""]","[""00(2015)e1""]","[""Specification for Styrene-butadiene-styrene (SBS) Modified Bituminous Sheet Materials Using Glass""]",external_document_family,provisional
"[""ibc2018:chapter35-row:7011eab8fcad2cbf9d8da497""]",material specification,C206,ibc2018:external-family:9051cdcd9ef167d869a190e6,ASTM,0.95,"[""C206—14""]","[""14""]","[""Specification for Finishing Hydrated Lime""]",external_document_family,provisional
"[""ibc2018:chapter35-row:0832087c9ce640d1eb91bebf""]",unknown,ANSI/MH16.3,ibc2018:external-family:9087e028d5d1113d6f665b25,RMI,0.95,"[""ANSI/MH16.3—16""]","[""16""]","[""Specification for the Design, Testing and Utilization of Industrial Steel Cantilevered Storage Racks""]",external_document_family,provisional
"[""ibc2018:chapter35-row:c67e3e3cab15f4d5d52f99f3""]",unknown,A 156.10,ibc2018:external-family:909f54a77ab2d6e4f9aec2ed,BHMA,0.95,"[""A 156.10—2011""]","[""2011""]","[""Power Operated Pedestrian Doors""]",external_document_family,provisional
"[""ibc2018:chapter35-row:25658e5b1be38f39a2eeecae""]",material specification,C33/C33M,ibc2018:external-family:90ba902c5415b83d6890134b,ASTM,0.95,"[""C33/C33M—13""]","[""13""]","[""Specification for Concrete Aggregates""]",external_document_family,provisional
"[""ibc2018:chapter35-row:4904060f63beb53a497a52ec""]",material specification,D227/D227M,ibc2018:external-family:90bfc423afba7c87f9a28f01,ASTM,0.95,"[""D227/D227M—03(2011)e1""]","[""03(2011)e1""]","[""Specification for Coal-tar-saturated Organic Felt Used in Roofing and Waterproofing""]",external_document_family,provisional
"[""ibc2018:chapter35-row:950e987fb4ebfb578bcf4eae""]",installation standard,750,ibc2018:external-family:9238fee9a70b2c70ad415838,NFPA,0.95,"[""750—15""]","[""15""]","[""Standard on Water Mist Fire Protection Systems""]",external_document_family,provisional
"[""ibc2018:chapter35-row:08a749bfcd4792489432d9db""]",installation standard,105,ibc2018:external-family:92974588e11903d64c679145,NFPA,0.95,"[""105—16""]","[""16""]","[""Standard for Smoke Door Assemblies and Other Opening Protectives""]",external_document_family,provisional
"[""ibc2018:chapter35-row:af7d2ad3e9c399db23addca3""]",material specification,A36/A36M,ibc2018:external-family:92c7e09d06bb9322d49843e2,ASTM,0.95,"[""A36/A36M—14""]","[""14""]","[""Specification for Carbon Structural Steel""]",external_document_family,provisional
"[""ibc2018:chapter35-row:dd6bf88ab7a892077681a96d""]",material specification,D6298,ibc2018:external-family:930d78562a7dfad9328d4ae5,ASTM,0.95,"[""D6298—13""]","[""13""]","[""Specification for Fiberglass Reinforced Styrene-butadiene-styrene (SBS) Modified Bituminous Sheets with a Factory""]",external_document_family,provisional
"[""ibc2018:chapter35-row:6b8b467fda0848b856295b99""]",material specification,C61/C61M,ibc2018:external-family:931cc520326118a9e781c2e9,ASTM,0.95,"[""C61/C61M—00(2015)""]","[""00(2015)""]","[""Specification for Gypsum Keene’s Cement""]",external_document_family,provisional
"[""ibc2018:chapter35-row:dfdcd64a249a28b1a8701f25""]",fire-test standard,253,ibc2018:external-family:93a0fc13eff2271d80310d9a,NFPA,0.95,"[""253—15""]","[""15""]","[""Standard Method of Test for Critical Radiant Flux of Floor Covering Systems Using a Radiant Heat Energy Source""]",external_document_family,provisional
"[""ibc2018:chapter35-row:424207beca05d737694ffcc6""]",structural design standard,AISI S220,ibc2018:external-family:953e903f250610fb56708d2f,AISI,0.95,"[""AISI S220—15""]","[""15""]","[""North American Standard for Cold-formed Steel Framing—Nonstructural Members, 2015""]",external_document_family,provisional
"[""ibc2018:chapter35-row:44e43177c65b6a5939768df9""]",product qualification,790,ibc2018:external-family:9584a5a1d95f22d790fac937,UL,0.95,"[""790—04""]","[""04""]","[""Standard Test Methods for Fire Tests of Roof Coverings—with Revisions through July 2014""]",external_document_family,provisional
"[""ibc2018:chapter35-row:85c931d079b532674e16644a""]",product qualification,4474,ibc2018:external-family:95a335c5b1a0d317ddeb7593,FM,0.95,"[""4474—2011""]","[""2011""]","[""American National Standard for Evaluating the Simulated Wind Uplift Resistance of Roof Assemblies Using Static""]",external_document_family,provisional
"[""ibc2018:chapter35-row:90a6475703d6a366af6c4572""]",material specification,D2487,ibc2018:external-family:975cd033d1739c2fc2f4c360,ASTM,0.95,"[""D2487—11""]","[""11""]","[""Practice for Classification of Soils for Engineering Purposes (Unified Soil Classification System)""]",external_document_family,provisional
"[""ibc2018:chapter35-row:3ddcb45b07cbd26012735aab""]",installation standard,31,ibc2018:external-family:9843661319a3b35735563f61,NFPA,0.95,"[""31—16""]","[""16""]","[""Standard for the Installation of Oil-burning Equipment""]",external_document_family,provisional
"[""ibc2018:chapter35-row:bd6ca0e99e3a7e7c1c6937c2""]",material specification,D4318,ibc2018:external-family:986121e50b62ccd74684837d,ASTM,0.95,"[""D4318—10e1""]","[""10e1""]","[""Test Methods for Liquid Limit, Plastic Limit and Plasticity Index of Soils""]",external_document_family,provisional
"[""ibc2018:chapter35-row:ac7a20a72d71ec04bdf6c450""]",material specification,E84,ibc2018:external-family:98a40d1a1663b1039cb4952e,ASTM,0.95,"[""E84—16""]","[""16""]","[""Standard Test Methods for Surface Burning Characteristics of Building Materials""]",external_document_family,provisional
"[""ibc2018:chapter35-row:684807a6e6a0081d2b9d94e8""]",installation standard,720,ibc2018:external-family:98c173a6a0dc915c5a90226b,NFPA,0.95,"[""720—15""]","[""15""]","[""Standard for the Installation of Carbon Monoxide (CO) Detection and Warning Equipment""]",external_document_family,provisional
"[""ibc2018:chapter35-row:5e48ebdbd0d6f133549bb5f8""]",material specification,E1966,ibc2018:external-family:992f30f684cb3c96e57e50bb,ASTM,0.95,"[""E1966—15""]","[""15""]","[""Standard Test Method for Fire-resistive Joint Systems""]",external_document_family,provisional
"[""ibc2018:chapter35-row:13c41b13ed42a496baf51582""]",unknown,EP 486.2 OCT 2012ED,ibc2018:external-family:992fa16a08c642e95b122bf8,ASABE,0.95,"[""EP 486.2 OCT 2012ED""]",[],"[""Shallow-post and Pier Foundation Design""]",external_document_family,provisional
"[""ibc2018:chapter35-row:6a1377d8a4f62e5c2cef9606""]",installation standard,10,ibc2018:external-family:99cf432c952a8fdd7f409b05,NFPA,0.95,"[""10—18""]","[""18""]","[""Standard for Portable Fire Extinguishers""]",external_document_family,provisional
"[""ibc2018:chapter35-row:a29f076a80ad2811699ba562""]",material specification,D448,ibc2018:external-family:9a3d62d8d4eedac7b05a5f83,ASTM,0.95,"[""D448—2012""]","[""2012""]","[""Standard Classification for Sizes of Aggregate for Road and Bridge Construction""]",external_document_family,provisional
"[""ibc2018:chapter35-row:a84e22be1031f375e2907e9b""]",material specification,B101,ibc2018:external-family:9b4a9238410fd5e69c95d692,ASTM,0.95,"[""B101—12""]","[""12""]","[""Specification for Lead-coated Copper Sheet and Strip for Building Construction""]",external_document_family,provisional
"[""ibc2018:chapter35-row:0baecf060295c2972f52d0fa""]",unknown,A108.1B,ibc2018:external-family:9cc31099d1bd98159e3aa397,ANSI,0.95,"[""A108.1B—99""]","[""99""]","[""Installation of Ceramic Tile, Quarry Tile on a Cured Portland Cement Mortar Setting Bed with Dry-set or Latex-""]",external_document_family,provisional
"[""ibc2018:chapter35-row:39333def3ac11e7ef4d18224""]",unknown,A18.1,ibc2018:external-family:9d7f25c3c7e6ca9e3bfbafb6,ASME,0.95,"[""A18.1—2014""]","[""2014""]","[""Safety Standard for Platform Lifts and Stairway Chairlifts""]",external_document_family,provisional
"[""ibc2018:chapter35-row:6b02fac16434bc759523a983""]",unknown,A118.8,ibc2018:external-family:9e857144d420b4935b1c5322,ANSI,0.95,"[""A118.8—99""]","[""99""]","[""American National Standard Specifications for Modified Epoxy Emulsion Mortar/Grout""]",external_document_family,provisional
"[""ibc2018:chapter35-row:81f9f10f97450dbfa089bb4a""]",installation standard,20,ibc2018:external-family:9ec70bd09df3f26876951bbc,NFPA,0.95,"[""20—16""]","[""16""]","[""Standard for the Installation of Stationary Pumps for Fire Protection""]",external_document_family,provisional
"[""ibc2018:chapter35-row:2ffd4c907d0c96c21d2bf144""]",material specification,D93,ibc2018:external-family:9eef0987ad5f76be3c178299,ASTM,0.95,"[""D93—15""]","[""15""]","[""Test Methods for Flash Point by Pensky-Martens Closed Cup Tester""]",external_document_family,provisional
"[""ibc2018:chapter35-row:8d62c0dd6d09558d82c3804e""]",material specification,A755/A755M,ibc2018:external-family:a04f00bafced11b06f7ee2e2,ASTM,0.95,"[""A755/A755M—15""]","[""15""]","[""Specification for Steel Sheet, Metallic-coated by the Hot-dip Process and Prepainted by the Coil-coating Process""]",external_document_family,provisional
"[""ibc2018:chapter35-row:4f8c6d1e2ebb97eefe984fbc""]",structural design standard,216.1,ibc2018:external-family:a05a22a7b980b5a6c5888236,ACI,0.95,"[""216.1—14""]","[""14""]","[""Code Requirements for Determining Fire Resistance of Concrete and Masonry Construction Assemblies""]",external_document_family,provisional
"[""ibc2018:chapter35-row:7b2805bf3ff712a174a366c9""]",unknown,ANSI/AWC NDS,ibc2018:external-family:a1032366670c8e1816626a67,AWC,0.95,"[""ANSI/AWC NDS—2018""]","[""2018""]","[""National Design Specification (NDS) for Wood Construction—with 2018 NDS Supplement""]",external_document_family,provisional
"[""ibc2018:chapter35-row:2a6945f20fd30d42f43d4bbe""]",product qualification,263,ibc2018:external-family:a1605c22c0ce316f9fd36a31,UL,0.95,"[""263—11""]","[""11""]","[""Fire Tests of Building Construction and Materials—with Revisions through June 2015""]",external_document_family,provisional
"[""ibc2018:chapter35-row:3e1072afb38a6da84c86964d""]",unknown,A118.6,ibc2018:external-family:a1cf76bd7b6895091cee81af,ANSI,0.95,"[""A118.6—10""]","[""10""]","[""American National Standard Specifications for Cement Grouts for Tile Installation""]",external_document_family,provisional
"[""ibc2018:chapter35-row:7ba6956b8fbb5e9318415a1d""]",related code,IFC,ibc2018:external-family:a1ee59076a889865d6021c7e,ICC,0.95,"[""IFC—18""]","[""18""]","[""International Fire Code®""]",external_document_family,provisional
"[""ibc2018:chapter35-row:6bbd3812c6e696ba51f5c4f2""]",material specification,C726,ibc2018:external-family:a1f6a9f59d3c707e6413326d,ASTM,0.95,"[""C726—12""]","[""12""]","[""Standard Specification for Mineral Wool Roof Insulation Board""]",external_document_family,provisional
"[""ibc2018:chapter35-row:9d5766620b4fd9bc8ea3a34b""]",material specification,D1929,ibc2018:external-family:a30026d31c34d07e69e24c88,ASTM,0.95,"[""D1929—16""]","[""16""]","[""Standard Test Method for Determining Ignition Temperature of Plastics""]",external_document_family,provisional
"[""ibc2018:chapter35-row:99cb972ae00a9f7286ac2ace""]",material specification,C847,ibc2018:external-family:a3657dca728f8bdc8fcefd52,ASTM,0.95,"[""C847—14a""]","[""14a""]","[""Specification for Metal Lath""]",external_document_family,provisional
"[""ibc2018:chapter35-row:c3e9806909c566b512031072""]",product qualification,1975,ibc2018:external-family:a391cb05f5011d40fc3d1ade,UL,0.95,"[""1975—06""]","[""06""]","[""Fire Tests for Foamed Plastics Used for Decorative Purposes""]",external_document_family,provisional
"[""ibc2018:chapter35-row:d24b02eebc968bcebfc2d120""]",unknown,FP 1001,ibc2018:external-family:a3c31846ec824be79c38427a,NAAMM,0.95,"[""FP 1001—17""]","[""17""]","[""Guide Specifications for Design of Metal Flag Poles""]",external_document_family,provisional
"[""ibc2018:chapter35-row:c4301ecb8e6490b4b211e966""]",material specification,A653/A653M,ibc2018:external-family:a4904a8a737a76d2ccac9178,ASTM,0.95,"[""A653/A653M—15""]","[""15""]","[""Specification for Steel Sheet, Zinc-coated Galvanized or Zinc-iron Alloy-coated Galvannealed by the Hot-dip""]",external_document_family,provisional
"[""ibc2018:chapter35-row:0eb45cb1dd316ecd3918da44""]",material specification,E2634,ibc2018:external-family:a4e313b51ceef33911d377fa,ASTM,0.95,"[""E2634—11(2015)""]","[""11(2015)""]","[""Standard Specification for Flat Wall Insulating Concrete Form (ICF) Systems""]",external_document_family,provisional
"[""ibc2018:chapter35-row:c3eda1e0d09e5cb4517ec56b""]",material specification,B280,ibc2018:external-family:a54e3911b9d4f080f0b2f960,ASTM,0.95,"[""B280—13""]","[""13""]","[""Specification for Seamless Copper Tube for Air Conditioning and Refrigeration Field Service""]",external_document_family,provisional
"[""ibc2018:chapter35-row:26cf6878dcbdb8a3b70e50b9""]",material specification,D3737,ibc2018:external-family:a56d3bd6f9723ede229f4958,ASTM,0.95,"[""D3737—12""]","[""12""]","[""Practice for Establishing Allowable Properties for Structural Glued Laminated Timber (Glulam)""]",external_document_family,provisional
"[""ibc2018:chapter35-row:ef66853dc3348b83065b1ff6""]",product qualification,294,ibc2018:external-family:a58a9ccc45c27be673fb377a,UL,0.95,"[""294—1999""]","[""1999""]","[""Access Control System Units—with Revisions through February 2015""]",external_document_family,provisional
"[""ibc2018:chapter35-row:d8a0b683c29c16ce4ae17498""]",unknown,AITC 110,ibc2018:external-family:a5f5c821e8edc49c7fc8a113,WCLIB,0.95,"[""AITC 110—01""]","[""01""]","[""Standard Appearance Grades for Structural Glued Laminated Timber""]",external_document_family,provisional
"[""ibc2018:chapter35-row:db2fb98597f57a97d59731d8""]",unknown,AAMA/WDMA/CSA 101/I.S.2/A440,ibc2018:external-family:a6391e6db69848384c110e3a,AAMA,0.95,"[""AAMA/WDMA/CSA 101/I.S.2/A440—17""]","[""17""]","[""North American Fenestration Standard/Specifications for Windows, Doors and Skylights""]",external_document_family,provisional
"[""ibc2018:chapter35-row:93abc0759dc34a27b257e1f0""]",material specification,C516,ibc2018:external-family:a650d1e9386b5b144672674a,ASTM,0.95,"[""C516—08(2014)e1""]","[""08(2014)e1""]","[""Specifications for Vermiculite Loose Fill Thermal Insulation""]",external_document_family,provisional
"[""ibc2018:chapter35-row:b759bdfc3dd420824146098e""]",material specification,C331/C331M,ibc2018:external-family:a6bffbad63b210e9dd04caf2,ASTM,0.95,"[""C331/C331M—14""]","[""14""]","[""Specification for Lightweight Aggregates for Concrete Masonry Units""]",external_document_family,provisional
"[""ibc2018:chapter35-row:fe8ad6de75b49067d94727f6""]",related code,ISPSC,ibc2018:external-family:a77e4df89f208ecffffcce84,ICC,0.95,"[""ISPSC—18""]","[""18""]","[""International Swimming Pool and Spa Code®""]",external_document_family,provisional
"[""ibc2018:chapter35-row:e738bbf200c9f37418351d1e""]",material specification,C887,ibc2018:external-family:a7b8a2d520f87968be364893,ASTM,0.95,"[""C887—13""]","[""13""]","[""Specification for Packaged, Dry Combined Materials for Surface Bonding Mortar""]",external_document_family,provisional
"[""ibc2018:chapter35-row:c87b13ff7c1d5618d98dc147""]",material specification,E2573,ibc2018:external-family:a8b9218f571f45d088f3cf72,ASTM,0.95,"[""E2573—12""]","[""12""]","[""Standard Practice for Specimen Preparation and Mounting of Site-fabricated Stretch Systems to Assess Surface Burning""]",external_document_family,provisional
"[""ibc2018:chapter35-row:6e7f89cfae884aa5329db002""]",material specification,B209,ibc2018:external-family:a913d11cabb60ed12b49cfbd,ASTM,0.95,"[""B209—14""]","[""14""]","[""Specification for Aluminum and Aluminum Alloy Steel and Plate""]",external_document_family,provisional
"[""ibc2018:chapter35-row:fdee0ecdc1cc52fdbb1b38e1""]",material specification,C55,ibc2018:external-family:aa3740efc5394b43365b4e1c,ASTM,0.95,"[""C55—2014a""]","[""2014a""]","[""Specification for Concrete Building Brick""]",external_document_family,provisional
"[""ibc2018:chapter35-row:54d83e3413c4932d57b79ecd""]",unknown,FEMA-TB-11,ibc2018:external-family:aaf9b03a5fad6f08947596d2,FEMA,0.95,"[""FEMA-TB-11—01""]","[""01""]","[""Crawlspace Construction for Buildings Located in Special Flood Hazard Areas""]",external_document_family,provisional
"[""ibc2018:chapter35-row:6d56cdbaf8b778ffc00758b7""]",installation standard,265,ibc2018:external-family:aafe0ab9a32d792fc5670e11,NFPA,0.95,"[""265—15""]","[""15""]","[""Standard Methods of Fire Tests for Evaluating Room Fire Growth Contribution of Textile Wall Coverings on Full Height""]",external_document_family,provisional
"[""ibc2018:chapter35-row:8632c3b1943a319589fb8e8a""]",material specification,E2307,ibc2018:external-family:ab3292ad9ef257a788bfab67,ASTM,0.95,"[""E2307—15b""]","[""15b""]","[""Standard Test Method for Determining Fire Resistance of Perimeter Fire Barriers Using the Intermediate-scale,""]",external_document_family,provisional
"[""ibc2018:chapter35-row:a4bf3caec58e7147b60afb04""]",product qualification,555S,ibc2018:external-family:ab509694dd78646c44ab5468,UL,0.95,"[""555S—99""]","[""99""]","[""Smoke Dampers—with Revisions through February 2014""]",external_document_family,provisional
"[""ibc2018:chapter35-row:4d2927baddcc9c716a510ade""]",material specification,D2859,ibc2018:external-family:ad43b948ad7c87d8fb1f5c2e,ASTM,0.95,"[""D2859—16""]","[""16""]","[""Standard Test Method for Ignition Characteristics of Finished Textile Floor Covering Materials""]",external_document_family,provisional
"[""ibc2018:chapter35-row:a47fc710b65297324401d3bc""]",material specification,C1568,ibc2018:external-family:ad716d86dc1d7b08849e8e5a,ASTM,0.95,"[""C1568—08(2013)""]","[""08(2013)""]","[""Standard Test Method for Wind Resistance of Concrete and Clay Roof Tiles (Mechanical Uplift""]",external_document_family,provisional
"[""ibc2018:chapter35-row:19e8903e088aba2fe1397b52""]",unknown,APA PDS Supplement 4,ibc2018:external-family:ad8d453939a7057176a59017,APA,0.95,"[""APA PDS Supplement 4—12""]","[""12""]","[""Design and Fabrication of Plywood Sandwich Panels (revised 2013)""]",external_document_family,provisional
"[""ibc2018:chapter35-row:fd3df2a2315b2d024fb8e3e2""]",structural design standard,AISI S100,ibc2018:external-family:ae1d28ab90bef206fe0cfff1,AISI,0.95,"[""AISI S100—16""]","[""16""]","[""North American Specification for the Design of Cold-formed Steel Structural Members, 2016""]",external_document_family,provisional
"[""ibc2018:chapter35-row:729dbbe007dcb1b12e76694d""]",unknown,APA X450,ibc2018:external-family:af27eb1912dc79b9fbe81ad8,APA,0.95,"[""APA X450—01""]","[""01""]","[""Glulam in Residential Construction—Western Edition""]",external_document_family,provisional
"[""ibc2018:chapter35-row:7b91f0c57f9c860df10b3e32""]",installation standard,80,ibc2018:external-family:af4d036d6eb0440095b26895,NFPA,0.95,"[""80—16""]","[""16""]","[""Standard for Fire Doors and Other Opening Protectives""]",external_document_family,provisional
"[""ibc2018:chapter35-row:ec0ce18012d90ace326a3a46""]",material specification,C514,ibc2018:external-family:afbd4f3c87b45fd6901fe3a4,ASTM,0.95,"[""C514—04(2014)""]","[""04(2014)""]","[""Specification for Nails for the Application of Gypsum Board""]",external_document_family,provisional
"[""ibc2018:chapter35-row:9073256c9db85db7e6170f2a""]",unknown,BS EN 15250,ibc2018:external-family:b0166c78211c6944ea31b9c8,CEN,0.95,"[""BS EN 15250—2007""]","[""2007""]","[""Slow Heat Release Appliances Fired by Solid Fuel Requirements and Test Methods""]",external_document_family,provisional
"[""ibc2018:chapter35-row:9dfedd2d0f9655f6f6de4c5f""]",material specification,F2090,ibc2018:external-family:b033eefb1576043944e44c3a,ASTM,0.95,"[""F2090—17""]","[""17""]","[""Specification for Window Fall Prevention Devices with Emergency Escape (Egress) Release Mechanisms""]",external_document_family,provisional
"[""ibc2018:chapter35-row:900ed8c7984e0078624b6180""]",unknown,29 CFR Part 1910.1000 (2015),ibc2018:external-family:b06001b07f8941f70c382417,DOL,0.95,"[""29 CFR Part 1910.1000 (2015)""]",[],"[""Air Contaminants""]",external_document_family,provisional
"[""ibc2018:chapter35-row:fb8a10d3df410009c95ca363""]",related code,SBCCI SSTD 11,ibc2018:external-family:b099257d0003b8e4634b7392,ICC,0.95,"[""SBCCI SSTD 11—97""]","[""97""]","[""Test Standard for Determining Wind Resistance of Concrete or Clay Roof Tiles""]",external_document_family,provisional
"[""ibc2018:chapter35-row:a3a2fc31d753418f848237ea""]",material specification,C62,ibc2018:external-family:b0e99114072e76b18d973d80,ASTM,0.95,"[""C62—13a""]","[""13a""]","[""Standard Specification for Building Brick (Solid Masonry Units Made from Clay or Shale)""]",external_document_family,provisional
"[""ibc2018:chapter35-row:cf6099c0a86b543862f21aff""]",material specification,E136,ibc2018:external-family:b1c67856e6c8616b907eb083,ASTM,0.95,"[""E136—16""]","[""16""]","[""Standard Test Method for Behavior of Materials in a Vertical Tube Furnace at 750°C""]",external_document_family,provisional
"[""ibc2018:chapter35-row:84b99957e119969ce92550bb""]",unknown,APA R540,ibc2018:external-family:b26b040f35cb5136f78ae3ab,APA,0.95,"[""APA R540—13""]","[""13""]","[""Builders Tips: Proper Storage and Handling of Glulam Beams""]",external_document_family,provisional
"[""ibc2018:chapter35-row:21888311fdd4b77dcb3175bb""]",material specification,E605/E605M,ibc2018:external-family:b2c06f415dcc4d97a1524fac,ASTM,0.95,"[""E605/E605M—93(2015)e1""]","[""93(2015)e1""]","[""Test Method for Thickness and Density of Sprayed Fire-resistive Material (SFRM) Applied to Structural""]",external_document_family,provisional
"[""ibc2018:chapter35-row:b9ece8c11ad8051b82c5cb74""]",material specification,C1177/C1177M,ibc2018:external-family:b33185fe8ba51977d905ec5f,ASTM,0.95,"[""C1177/C1177M—13""]","[""13""]","[""Specification for Glass Mat Gypsum Substrate for Use as Sheathing""]",external_document_family,provisional
"[""ibc2018:chapter35-row:7f4fe0dcd0db98b9bd0ddc80""]",material specification,A153/A153M,ibc2018:external-family:b3f7d596bd9f5d187ad84a27,ASTM,0.95,"[""A153/A153M—09""]","[""09""]","[""Specification for Zinc Coating (Hot-dip) on Iron and Steel Hardware""]",external_document_family,provisional
"[""ibc2018:chapter35-row:5f9d08913e8110a19e65ec35""]",material specification,E814,ibc2018:external-family:b41cd7b23812e4d3359d0b10,ASTM,0.95,"[""E814—2013A""]","[""2013A""]","[""Test Method for Fire Tests of Penetration Firestop Systems""]",external_document_family,provisional
"[""ibc2018:chapter35-row:47aeea6538f4de9e57214cfe""]",material specification,D41/D41M,ibc2018:external-family:b43eb1e050b13598de3b0013,ASTM,0.95,"[""D41/D41M—11""]","[""11""]","[""Specification for Asphalt Primer Used in Roofing, Dampproofing and Waterproofing""]",external_document_family,provisional
"[""ibc2018:chapter35-row:79a160987e27eaa374f4566d""]",material specification,E2178,ibc2018:external-family:b453e4034d2a140726847717,ASTM,0.95,"[""E2178—13""]","[""13""]","[""Standard Test Method for Air Permeance of Building Materials""]",external_document_family,provisional
"[""ibc2018:chapter35-row:9e7b31c3d9e24ca5672699d5""]",related code,ICC 400,ibc2018:external-family:b4acdc3b7c6adff15e8b74f7,ICC,0.95,"[""ICC 400—17""]","[""17""]","[""Standard on Design and Construction of Log Structures""]",external_document_family,provisional
"[""ibc2018:chapter35-row:8cd2002a83c17914a6a20479""]",unknown,A17.7,ibc2018:external-family:b4e9ac0480a604fcdb2809a8,ASME,0.95,"[""A17.7—2007/CSA B44—07(R2012)""]","[""2007/CSA B44—07(R2012)""]","[""Performance-based Safety Code for Elevators and Escalators""]",external_document_family,provisional
"[""ibc2018:chapter35-row:21bed076307fa7b39689a593""]",material specification,D6757,ibc2018:external-family:b620506df0120906770ff0be,ASTM,0.95,"[""D6757—2013""]","[""2013""]","[""Specification for Underlayment Felt Containing Inorganic Fibers Used in Steep Slope Roofing""]",external_document_family,provisional
"[""ibc2018:chapter35-row:ce7b04c8fcd7e7527d7c5140""]",structural design standard,D1.4/D1.4M,ibc2018:external-family:b622b5b7aa0d48dc2842e769,AWS,0.95,"[""D1.4/D1.4M—2017""]","[""2017""]","[""Structural Welding Code—Reinforcing Steel Including Metal Inserts and Connections In Reinforced Concrete""]",external_document_family,provisional
"[""ibc2018:chapter35-row:9895d81837260c3306797031""]",material specification,E283,ibc2018:external-family:b62e1f58659aed8a38eba6a4,ASTM,0.95,"[""E283—04(2012)""]","[""04(2012)""]","[""Standard Test Method for Determining Rate of Air Leakage through Exterior Windows, Curtain Walls and Doors""]",external_document_family,provisional
"[""ibc2018:chapter35-row:54fea0223173232037691d2d""]",material specification,C270,ibc2018:external-family:b68225b2c5b72ae9d3a7c7c9,ASTM,0.95,"[""C270—14a""]","[""14a""]","[""Specification for Mortar for Unit Masonry""]",external_document_family,provisional
"[""ibc2018:chapter35-row:f825b7d28be15f3858fb6ef7""]",material specification,D4601/D4601M,ibc2018:external-family:b693dc53176e89a2fe6a5a32,ASTM,0.95,"[""D4601/D4601M—04(2012)e1""]","[""04(2012)e1""]","[""Specification for Asphalt-coated Glass Fiber Base Sheet Used in Roofing""]",external_document_family,provisional
"[""ibc2018:chapter35-row:dd5a298b1cd4775593f21ecd""]",installation standard,701,ibc2018:external-family:b7141ddb717ea0ea0fecddbe,NFPA,0.95,"[""701—15""]","[""15""]","[""Standard Methods of Fire Tests for Flame Propagation of Textiles and Films""]",external_document_family,provisional
"[""ibc2018:chapter35-row:855be02539ffdba504ed3a00""]",material specification,D635,ibc2018:external-family:b72c0d2f77651f4ccff77364,ASTM,0.95,"[""D635—14""]","[""14""]","[""Test Method for Rate of Burning and/or Extent and Time of Burning of Plastics in a Horizontal Position""]",external_document_family,provisional
"[""ibc2018:chapter35-row:698be2ddee5c17066e3b94ac""]",material specification,C1186,ibc2018:external-family:b7d385d1a7705be452e854a1,ASTM,0.95,"[""C1186—08(2012)""]","[""08(2012)""]","[""Specification for Flat Fiber Cement Sheets""]",external_document_family,provisional
"[""ibc2018:chapter35-row:53415e370e30921e5415d196""]",unknown,ASME A17.7,ibc2018:external-family:b8abead1f43c23a2e6d44de5,CSA,0.95,"[""ASME A17.7—2007/CSA B44.7—07""]","[""2007/CSA B44.7—07""]","[""Performance-based Safety Code for Elevators and Escalators""]",external_document_family,provisional
"[""ibc2018:chapter35-row:b45ccb3efe28993933e0f792""]",product qualification,4470,ibc2018:external-family:b9105300e6f81485522f2dba,FM,0.95,"[""4470—2016""]","[""2016""]","[""Approval Standard for Single-ply Polymer-modified Bitumen Sheet, Built-up Roof (BUR) and Liquid Applied Roof""]",external_document_family,provisional
"[""ibc2018:chapter35-row:1102be5419bf806eff3144e2""]",product qualification,1897,ibc2018:external-family:b9749e426bdfae9581d4ac63,UL,0.95,"[""1897—12""]","[""12""]","[""Uplift Tests for Roof Covering Systems—with Revisions through September 2015""]",external_document_family,provisional
"[""ibc2018:chapter35-row:50b096a4090252e65d5eff24""]",installation standard,655,ibc2018:external-family:bab5e26aa797f0917390b4e0,NFPA,0.95,"[""655—17""]","[""17""]","[""Standard for the Prevention of Sulfur Fires and Explosions""]",external_document_family,provisional
"[""ibc2018:chapter35-row:afe17c85125a4015c085f093""]",material specification,E96/E96M,ibc2018:external-family:bb0a6cb3841b65af7ac46385,ASTM,0.95,"[""E96/E96M—15""]","[""15""]","[""Standard Test Methods for Water Vapor Transmission of Materials""]",external_document_family,provisional
"[""ibc2018:chapter35-row:b5c470bc1c292dfc02775c12""]",material specification,C652,ibc2018:external-family:bb0a93ef424f467aea697a5d,ASTM,0.95,"[""C652—15""]","[""15""]","[""Specification for Hollow Brick (Hollow Masonry Units Made from Clay or Shale)""]",external_document_family,provisional
"[""ibc2018:chapter35-row:10bc4737e7633933a0960c44""]",installation standard,13D,ibc2018:external-family:bc402d991333037413fd01d3,NFPA,0.95,"[""13D—16""]","[""16""]","[""Standard for the Installation of Sprinkler Systems in One- and Two-family Dwellings and Manufactured Homes""]",external_document_family,provisional
"[""ibc2018:chapter35-row:797c8f93fa6addbca1af58c9""]",unknown,CSSB,ibc2018:external-family:bc5a6ebf01bdae375be52ca9,CSSB,0.95,"[""CSSB—97""]","[""97""]","[""Grading and Packing Rules for Western Red Cedar Shakes and Western Red Shingles of the Cedar Shake and Shingle""]",external_document_family,provisional
"[""ibc2018:chapter35-row:b8d06b77a69460ad7e751342""]",material specification,C208,ibc2018:external-family:bd81d2cfe12585338c0257f6,ASTM,0.95,"[""C208—12""]","[""12""]","[""Specification for Cellulosic Fiber Insulating Board""]",external_document_family,provisional
"[""ibc2018:chapter35-row:37bb889e9158d75f11f546ff""]",unknown,ANSI/SPRI/FM 4435-ES-1,ibc2018:external-family:be2fa587a8abe0852d568bec,SPRI,0.95,"[""ANSI/SPRI/FM 4435-ES-1—11""]","[""11""]","[""Wind Test Design Standard for Edge Systems Used with Low Slope Roofing Systems""]",external_document_family,provisional
"[""ibc2018:chapter35-row:6ac6e7290b511dc025e18270""]",material specification,A706/A706M,ibc2018:external-family:beba3a87c714e4e20ade957b,ASTM,0.95,"[""A706/A706M—15""]","[""15""]","[""Specification for Low-alloy Steel Deformed and Plain Bars for Concrete Reinforcement""]",external_document_family,provisional
"[""ibc2018:chapter35-row:3d997169394eef107f3d975f""]",unknown,A 156.27,ibc2018:external-family:bef309f3cb363811e65b6349,BHMA,0.95,"[""A 156.27—2011""]","[""2011""]","[""Power and Manual Operated Revolving Pedestrian Doors""]",external_document_family,provisional
"[""ibc2018:chapter35-row:6509e9824e5f1471027464c5""]",material specification,A572/A572M,ibc2018:external-family:bf1aef72a5140470cf5866fb,ASTM,0.95,"[""A572/A572M—15""]","[""15""]","[""Specification for High-strength Low-alloy Columbium-Vanadium Structural Steel""]",external_document_family,provisional
"[""ibc2018:chapter35-row:8f7d022b0fa2e3c2c5bf26ac""]",product qualification,4450—(1989),ibc2018:external-family:bf4a947f14a4ebb78c2a9b98,FM,0.95,"[""4450—(1989)""]",[],"[""Approval Standard for Class 1 Insulated Steel Deck Roofs—with Supplements through July 1992""]",external_document_family,provisional
"[""ibc2018:chapter35-row:820ab19430dde1d6334f0483""]",unknown,714,ibc2018:external-family:bf621c53de78937f3616da56,AAMA,0.95,"[""714—15""]","[""15""]","[""Voluntary Specification for Liquid Applied Flashing Used to Create a Water-resistive Seal around Exterior Wall Openings""]",external_document_family,provisional
"[""ibc2018:chapter35-row:fa8672d5b7b0197a98afbe71""]",installation standard,40,ibc2018:external-family:bfca65f4cbe002aac2d0b0ba,NFPA,0.95,"[""40—16""]","[""16""]","[""Standard for the Storage and Handling of Cellulose Nitrate Film""]",external_document_family,provisional
"[""ibc2018:chapter35-row:e7524755ecd1bb6638e2375a""]",fire-test standard,257,ibc2018:external-family:bfeac208dfed5d18c705acdf,NFPA,0.95,"[""257—17""]","[""17""]","[""Standard for Fire Test for Window and Glass Block Assemblies""]",external_document_family,provisional
"[""ibc2018:chapter35-row:6325c5318756f840c4d3c44c""]",unknown,A108.5,ibc2018:external-family:c0bc09f6c2db07474948418e,ANSI,0.95,"[""A108.5—99""]","[""99""]","[""Installation of Ceramic Tile with Dry-set Portland Cement Mortar or Latex-Portland Cement Mortar""]",external_document_family,provisional
"[""ibc2018:chapter35-row:eac58f430533a4f8fc22116b""]",unknown,ANSI/MH16.1,ibc2018:external-family:c0c1b613126ac8b5b83c063e,RMI,0.95,"[""ANSI/MH16.1—12""]","[""12""]","[""Specification for Design, Testing and Utilization of Industrial Steel Storage Racks""]",external_document_family,provisional
"[""ibc2018:chapter35-row:abc503f215d69c2c2b20c306""]",related code,IEBC,ibc2018:external-family:c16228205e8b0feef00d5f7b,ICC,0.95,"[""IEBC—18""]","[""18""]","[""International Existing Building Code®""]",external_document_family,provisional
"[""ibc2018:chapter35-row:38b9778b2110d3ed4860d720""]",performance classification,16 CFR Part 1630 (2007),ibc2018:external-family:c1b9c18253b10544f0c2dc01,CPSC,0.95,"[""16 CFR Part 1630 (2007)""]",[],"[""Standard for the Surface Flammability of Carpets and Rugs""]",external_document_family,provisional
"[""ibc2018:chapter35-row:005de5e337569d10cf03d531""]",material specification,B88,ibc2018:external-family:c1d72f8aaf6e42e643c27fbd,ASTM,0.95,"[""B88—14""]","[""14""]","[""Specification for Seamless Copper Water Tube""]",external_document_family,provisional
"[""ibc2018:chapter35-row:bf9ddf30d069b2d95970c3ff""]",installation standard,45,ibc2018:external-family:c1fa8b1ec8e3b8a7e125794b,NFPA,0.95,"[""45—15""]","[""15""]","[""Standard on Fire Protection Laboratories Using Chemicals (2015 Edition)""]",external_document_family,provisional
"[""ibc2018:chapter35-row:43c26350a6f09453f25f7445""]",unknown,AITC 113,ibc2018:external-family:c2416fb123d3ee58ce728b5a,WCLIB,0.95,"[""AITC 113—10""]","[""10""]","[""Standard for Dimensions of Structural Glued Laminated Timber""]",external_document_family,provisional
"[""ibc2018:chapter35-row:565ed8d0ddfe3b9693b34e8d""]",unknown,711,ibc2018:external-family:c25aa47346cd91ed1b306d61,AAMA,0.95,"[""711—16""]","[""16""]","[""Voluntary Specification for Self Adhering Flashing Used for Installation of Exterior Wall Fenestration Products""]",external_document_family,provisional
"[""ibc2018:chapter35-row:9889f4a9dddeeea25fe51ad2""]",material specification,A875/A875M,ibc2018:external-family:c2c6b33cfdf72957c2aae152,ASTM,0.95,"[""A875/A875M—13""]","[""13""]","[""Standard Specification for Steel Sheet, Zinc-5%, Aluminum Alloy-coated by the Hot-dip Process""]",external_document_family,provisional
"[""ibc2018:chapter35-row:e004ee6a989a2d5cf6fae29a""]",material specification,C1629/C1629M,ibc2018:external-family:c2ccfdfd3c41de8102ad4658,ASTM,0.95,"[""C1629/C1629M—15""]","[""15""]","[""Standard Classification for Abuse-resistant Nondecorated Interior Gypsum Panel Products and""]",external_document_family,provisional
"[""ibc2018:chapter35-row:b2f5835bb45e165122e591d8""]",material specification,E2568,ibc2018:external-family:c30abbc2fd25e9b1eecc7812,ASTM,0.95,"[""E2568—09e1""]","[""09e1""]","[""Standard Specification for PB Exterior Insulation and Finish Systems""]",external_document_family,provisional
"[""ibc2018:chapter35-row:45907cd183245ff0c42d7c82""]",material specification,D7147,ibc2018:external-family:c31219a488ada16408fa52af,ASTM,0.95,"[""D7147—11""]","[""11""]","[""Specification for Testing and Establishing Allowable Loads of Joist Hangers""]",external_document_family,provisional
"[""ibc2018:chapter35-row:c4a840f6825768066155b90f""]",unknown,A90.1,ibc2018:external-family:c45665b4ef704c724f3389de,ASME,0.95,"[""A90.1—2015""]","[""2015""]","[""Safety Standard for Belt Manlifts""]",external_document_family,provisional
"[""ibc2018:chapter35-row:5dbe1a13a10d80271ca74285""]",material specification,C841,ibc2018:external-family:c52cb7ac54a939fcb38b888e,ASTM,0.95,"[""C841—03(2013)""]","[""03(2013)""]","[""Specification for Installation of Interior Lathing and Furring""]",external_document_family,provisional
"[""ibc2018:chapter35-row:bb88aa6c1de5b14faa52a92b""]",material specification,E736/E736M,ibc2018:external-family:c58daebee62e81742c7e3f75,ASTM,0.95,"[""E736/E736M—00(2015)e1""]","[""00(2015)e1""]","[""Test Method for Cohesion/Adhesion of Sprayed Fire-resistive Materials Applied to Structural Members""]",external_document_family,provisional
"[""ibc2018:chapter35-row:a2859df2d217b050d542c308""]",material specification,C1178/C1178M,ibc2018:external-family:c5c17c640e6bab74efb673bd,ASTM,0.95,"[""C1178/C1178M—13""]","[""13""]","[""Specification for Coated Mat Water-resistant Gypsum Backing Panel""]",external_document_family,provisional
"[""ibc2018:chapter35-row:2b6ffe3e734be40cf8c0e257""]",material specification,C473,ibc2018:external-family:c5f8a7e8bca805f4cfdafa32,ASTM,0.95,"[""C473—15""]","[""15""]","[""Test Methods for Physical Testing of Gypsum Panel Products""]",external_document_family,provisional
"[""ibc2018:chapter35-row:668017f05d0c3ef8d1075fe6""]",unknown,SDI NC,ibc2018:external-family:c61379fdd13cb9be382dbcb8,SDI,0.95,"[""SDI NC—2017""]","[""2017""]","[""Standard for Noncomposite Steel Floor Deck""]",external_document_family,provisional
"[""ibc2018:chapter35-row:e28453f6343f1f42b5a382ab""]",material specification,C5,ibc2018:external-family:c66c9156224311d773c792ab,ASTM,0.95,"[""C5—10""]","[""10""]","[""Specification for Quicklime for Structural Purposes""]",external_document_family,provisional
"[""ibc2018:chapter35-row:6d1e0d8946f55a656cbb5a28""]",material specification,E970,ibc2018:external-family:c6f24d84c97c8c850aa4b85b,ASTM,0.95,"[""E970—14""]","[""14""]","[""Standard Test Method for Critical Radiant Flux of Exposed Attic Floor Insulation Using a Radiant Heat Energy Source""]",external_document_family,provisional
"[""ibc2018:chapter35-row:a02c36797383312c3a4efab9""]",structural design standard,402,ibc2018:external-family:c75ce52108586328ad48f550,TMS,0.95,"[""402—2016""]","[""2016""]","[""Building Code for Masonry Structures""]",external_document_family,provisional
"[""ibc2018:chapter35-row:e76309d2ce4a00fabda55727""]",structural design standard,19,ibc2018:external-family:c76522f674cb50ecf616fecd,ASCE/SEI,0.95,"[""19—16""]","[""16""]","[""Structural Applications of Steel Cables for Buildings""]",external_document_family,provisional
"[""ibc2018:chapter35-row:a912b37d946395676fbec383""]",material specification,D6694/D6694M,ibc2018:external-family:c7fde7323a24036c85bc386b,ASTM,0.95,"[""D6694/D6694M—08(2013)e1""]","[""08(2013)e1""]","[""Standard Specification for Liquid-applied Silicone Coating Used in Spray Polyurethane Foam Roofing""]",external_document_family,provisional
"[""ibc2018:chapter35-row:750dd9c03f72e1f01e0876ac""]",material specification,C406/C406M,ibc2018:external-family:c82cbaaadc76f2647226fee6,ASTM,0.95,"[""C406/C406M—15""]","[""15""]","[""Specification for Roofing Slate""]",external_document_family,provisional
"[""ibc2018:chapter35-row:869273662146a3076963409f""]",product qualification,217,ibc2018:external-family:c991fee5f4c6cfea91a3fd1b,UL,0.95,"[""217—06""]","[""06""]","[""Single and Multiple Station Smoke Alarms—with Revisions through October 2015""]",external_document_family,provisional
"[""ibc2018:chapter35-row:cb30cfb13fd4a1f4bf0e8535""]",material specification,C90,ibc2018:external-family:ca6feef4906a7f9c2531df45,ASTM,0.95,"[""C90—14""]","[""14""]","[""Specification for Loadbearing Concrete Masonry Units""]",external_document_family,provisional
"[""ibc2018:chapter35-row:d64cceea4a705a8751781973""]",structural design standard,AISI S230,ibc2018:external-family:cb6646c33eba08d6aef6c7d4,AISI,0.95,"[""AISI S230—15""]","[""15""]","[""Standard for Cold-formed Steel Framing—Prescriptive Method for One- and Two-family Dwellings, 2015""]",external_document_family,provisional
"[""ibc2018:chapter35-row:f3ddcf457f2f3cbeec9103f8""]",material specification,C172/C172M,ibc2018:external-family:cb89008e35c35f60ffe35111,ASTM,0.95,"[""C172/C172M—14a""]","[""14a""]","[""Practice for Sampling Freshly Mixed Concrete""]",external_document_family,provisional
"[""ibc2018:chapter35-row:b5e556f760814a2447bc4fb4""]",installation standard,664,ibc2018:external-family:cbfd0e22d7167eb661ad9246,NFPA,0.95,"[""664—17""]","[""17""]","[""Standard for the Prevention of Fires and Explosions in Wood Processing and Woodworking Facilities""]",external_document_family,provisional
"[""ibc2018:chapter35-row:20dfd6af0a38c909c4805b69""]",material specification,C744,ibc2018:external-family:cca876523bc90c7a5db1f855,ASTM,0.95,"[""C744—14""]","[""14""]","[""Specification for Prefaced Concrete and Calcium Silicate Masonry Units""]",external_document_family,provisional
"[""ibc2018:chapter35-row:aa7483501058b82213da2b49""]",installation standard,2010,ibc2018:external-family:cd179fd29b6bd87715c1a292,NFPA,0.95,"[""2010—15""]","[""15""]","[""Standard for Fixed Aerosol Fire-extinguishing Systems""]",external_document_family,provisional
"[""ibc2018:chapter35-row:9fabede09885e7e48a18b4e2""]",product qualification,305,ibc2018:external-family:cd3469022ccb3dc44325cc57,UL,0.95,"[""305—2012""]","[""2012""]","[""Panic Hardware—with Revisions through August 2014""]",external_document_family,provisional
"[""ibc2018:chapter35-row:7fcd99aada630d6be2e0ddfb""]",product qualification,1482,ibc2018:external-family:ce7286f038b759e45d81eac2,UL,0.95,"[""1482—2011""]","[""2011""]","[""Solid-fuel Type Room Heaters—with Revisions through August 2015""]",external_document_family,provisional
"[""ibc2018:chapter35-row:1e392738c38112e9f4f15004""]",unknown,MNL 124,ibc2018:external-family:ce7c13426aa2e034b4a195a4,PCI,0.95,"[""MNL 124—11""]","[""11""]","[""Design for Fire Resistance of Precast Prestressed Concrete""]",external_document_family,provisional
"[""ibc2018:chapter35-row:d62d99fbe8bbd3d93d2c4441""]",material specification,D3468/D3468M,ibc2018:external-family:cee6a06c50be8ec39800145e,ASTM,0.95,"[""D3468/D3468M—99(2013)e1""]","[""99(2013)e1""]","[""Specification for Liquid-applied Neoprene and Chlorosulfonated Polyethylene Used in Roofing and""]",external_document_family,provisional
"[""ibc2018:chapter35-row:9b9d6ebe2e579e84d3389c13""]",material specification,C73,ibc2018:external-family:cf1717ead9c288bc2d4b2bd9,ASTM,0.95,"[""C73—14""]","[""14""]","[""Specification for Calcium Silicate Brick (Sand-lime Brick)""]",external_document_family,provisional
"[""ibc2018:chapter35-row:6f89b422da33d8856762f4d7""]",material specification,D6754/D6754M,ibc2018:external-family:cf4f94a0e55e17d9e44b1aa9,ASTM,0.95,"[""D6754/D6754M—10""]","[""10""]","[""Standard Specification for Ketone Ethylene Ester Based Sheet Roofing""]",external_document_family,provisional
"[""ibc2018:chapter35-row:f536e0d6b336b7fa69ef07e7""]",material specification,D226/D226M,ibc2018:external-family:cf84268510aa8bc038886ef0,ASTM,0.95,"[""D226/D226M—09""]","[""09""]","[""Specification for Asphalt-saturated Organic Felt Used in Roofing and Waterproofing""]",external_document_family,provisional
"[""ibc2018:chapter35-row:1c5e51ecf6baa3acd5b29b6a""]",product qualification,1040,ibc2018:external-family:cfe8a399592338634f880b85,UL,0.95,"[""1040—96""]","[""96""]","[""Fire Test of Insulated Wall Construction—with Revisions through October 2012""]",external_document_family,provisional
"[""ibc2018:chapter35-row:363d6e8f14ab0b1fc7fd9f68""]",product qualification,199E,ibc2018:external-family:d034442e9a58b6f103fe6b44,UL,0.95,"[""199E—04""]","[""04""]","[""Outline of Investigation for Fire Testing of Sprinklers and Water Spray Nozzles for Protection of Deep Fat Fryers""]",external_document_family,provisional
"[""ibc2018:chapter35-row:6dffceaa37e030f0039b0508""]",installation standard,13R,ibc2018:external-family:d04226ddb4bace94715af961,NFPA,0.95,"[""13R—16""]","[""16""]","[""Standard for the Installation of Sprinkler Systems in Low-rise Residential Occupancies""]",external_document_family,provisional
"[""ibc2018:chapter35-row:36e198b0a7787933c7127208""]",structural design standard,302,ibc2018:external-family:d1054212cc5aa82f2f096f71,TMS,0.95,"[""302—2012""]","[""2012""]","[""Standard Method for Determining the Sound Transmission Class Rating for Masonry Walls""]",external_document_family,provisional
"[""ibc2018:chapter35-row:cfeb0dd0fa02359240079aff""]",material specification,E648,ibc2018:external-family:d20612b3f80a84afec43b7cc,ASTM,0.95,"[""E648—15e1""]","[""15e1""]","[""Standard Test Method for Critical Radiant Flux of Floor-covering Systems Using a Radiant Heat Energy Source""]",external_document_family,provisional
"[""ibc2018:chapter35-row:fbd8b5c7aa476b8bf3aa32ff""]",structural design standard,604,ibc2018:external-family:d358ff341798dda9043edd21,TMS,0.95,"[""604—2016""]","[""2016""]","[""Standard for the Installation of Architectural Cast Stone""]",external_document_family,provisional
"[""ibc2018:chapter35-row:63699c7803bbf00f5cd8b01d""]",material specification,C1288,ibc2018:external-family:d37dac8d3499fd8d354d76c8,ASTM,0.95,"[""C1288—14""]","[""14""]","[""Standard Specification for Discrete Nonasbestos Fiber-cement Interior Substrate Sheets""]",external_document_family,provisional
"[""ibc2018:chapter35-row:d08235d3628d9083db02f89b""]",installation standard,221,ibc2018:external-family:d3f2308721bf94a9626d0f1c,NFPA,0.95,"[""221—18""]","[""18""]","[""Standard for High Challenge Fire Walls, Fire Walls and Fire Barrier Walls""]",external_document_family,provisional
"[""ibc2018:chapter35-row:396c039b58af1adc9f183efe""]",related code,IMC,ibc2018:external-family:d420c4c28869bf0bd3f5c867,ICC,0.95,"[""IMC—18""]","[""18""]","[""International Mechanical Code®""]",external_document_family,provisional
"[""ibc2018:chapter35-row:1a15a8c7df6be403d4d4fdef""]",material specification,D1143/D1143M,ibc2018:external-family:d47998b5979003cfc164d204,ASTM,0.95,"[""D1143/D1143M—07(2013)""]","[""07(2013)""]","[""Test Methods for Deep Foundations Under Static Axial Compressive Load""]",external_document_family,provisional
"[""ibc2018:chapter35-row:adba3fbe17e6fda8ef9f35e3""]",material specification,D6509/D6509M,ibc2018:external-family:d4d2d5656d856523d9d92f9e,ASTM,0.95,"[""D6509/D6509M—09(2015)""]","[""09(2015)""]","[""Standard Specification for Atactic Polypropylene (APP) Modified Bituminous Base Sheet Materials Using""]",external_document_family,provisional
"[""ibc2018:chapter35-row:7e73bfe0aa90b1cb1fff8597""]",installation standard,652,ibc2018:external-family:d623d94002c7fa6f73fcd654,NFPA,0.95,"[""652—16""]","[""16""]","[""Standard on the Fundamentals of Combustible Dust""]",external_document_family,provisional
"[""ibc2018:chapter35-row:890d11a1e795f87c3df9886f""]",unknown,EN 1081,ibc2018:external-family:d6686aae4f4f13919ee926c8,CEN,0.95,"[""EN 1081—98""]","[""98""]","[""Resilient Floor Coverings—Determination of the Electrical Resistance""]",external_document_family,provisional
"[""ibc2018:chapter35-row:9aa1a281fc5374b7b51e35cf""]",material specification,D3747,ibc2018:external-family:d6ed0be83d5af19c283e9187,ASTM,0.95,"[""D3747—79(2007)""]","[""79(2007)""]","[""Specification for Emulsified Asphalt Adhesive for Adhering Roof Insulation""]",external_document_family,provisional
"[""ibc2018:chapter35-row:2a5e006f1d43fea023ed088a""]",unknown,ANSI/APA PRG 320,ibc2018:external-family:d7ad8ae71db0d4fbc3e0f171,APA,0.95,"[""ANSI/APA PRG 320—17""]","[""17""]","[""Standard for Performance-rated Cross-laminated Timber""]",external_document_family,provisional
"[""ibc2018:chapter35-row:c6d56cbe8774a81ff39bb9e0""]",installation standard,14,ibc2018:external-family:d7d7808c2973ebc8f1b610f0,NFPA,0.95,"[""14—16""]","[""16""]","[""Standard for the Installation of Standpipe and Hose System""]",external_document_family,provisional
"[""ibc2018:chapter35-row:350ff3fe53cd08f02ddec654""]",unknown,AAMA/WDMA/CSA 101/I.S.2/A440,ibc2018:external-family:d853a0fa1139a61f79e58a50,WDMA,0.95,"[""AAMA/WDMA/CSA 101/I.S.2/A440—17""]","[""17""]","[""Specifications for Windows, Doors and Unit Skylights""]",external_document_family,provisional
"[""ibc2018:chapter35-row:c9b26fde69f0c4b0fb3e9319""]",material specification,D6222/D6222M,ibc2018:external-family:d85dba272eaf7c127b000443,ASTM,0.95,"[""D6222/D6222M—11""]","[""11""]","[""Specification for Atactic Polypropylene (APP) Modified Bituminous Sheet Materials Using Polyester""]",external_document_family,provisional
"[""ibc2018:chapter35-row:a7f8407161be162f181df05d""]",unknown,A118.4,ibc2018:external-family:d9e1ffe45bd99654a3d1f5cc,ANSI,0.95,"[""A118.4—16""]","[""16""]","[""American National Standard Specifications for Modified Dry-set Cement Mortar""]",external_document_family,provisional
"[""ibc2018:chapter35-row:02adcdaea02b9b41a2b8c173""]",product qualification,127,ibc2018:external-family:da90707115898e7520cff893,UL,0.95,"[""127—2011""]","[""2011""]","[""Factory-built Fireplaces—with Revisions through May 2015""]",external_document_family,provisional
"[""ibc2018:chapter35-row:bf451f533d4eb259322c4c3e""]",installation standard,409,ibc2018:external-family:dac0e015ac9da2806a81913e,NFPA,0.95,"[""409—16""]","[""16""]","[""Standard for Aircraft Hangars""]",external_document_family,provisional
"[""ibc2018:chapter35-row:a4af2fc2c403013f650da8b9""]",material specification,D7032,ibc2018:external-family:dc73029983dee1798628af3c,ASTM,0.95,"[""D7032—14""]","[""14""]","[""Standard Specification for Establishing Performance Ratings for Wood, Plastic Composite Deck Boards and Guardrail""]",external_document_family,provisional
"[""ibc2018:chapter35-row:b84cb05f24f6f2d2da3a0d2f""]",structural design standard,32,ibc2018:external-family:dd582400e195bec5fa4999ac,ASCE/SEI,0.95,"[""32—17""]","[""17""]","[""Design and Construction of Frost Protected Shallow Foundations""]",external_document_family,provisional
"[""ibc2018:chapter35-row:0921939dbd67c8cf936afb5e""]",material specification,C472,ibc2018:external-family:de1c8a1590f9fd5301739504,ASTM,0.95,"[""C472—99(2014)""]","[""99(2014)""]","[""Standard Test Methods for Physical Testing of Gypsum, Gypsum Plasters and Gypsum Concrete""]",external_document_family,provisional
"[""ibc2018:chapter35-row:dd588d7a4f95d3cdfb9d0db2""]",performance classification,16 CFR Part 1500.44 (2009),ibc2018:external-family:de28f0a7322e7c8446059619,CPSC,0.95,"[""16 CFR Part 1500.44 (2009)""]",[],"[""Method for Determining Extremely Flammable and Flammable Solids""]",external_document_family,provisional
"[""ibc2018:chapter35-row:570397beae119cfe62ff34af""]",material specification,E1354,ibc2018:external-family:de67e76055eeb3540a2ab35d,ASTM,0.95,"[""E1354—16""]","[""16""]","[""Standard Test Method for Heat and Visible Smoke Release Rates for Materials and Products Using an Oxygen""]",external_document_family,provisional
"[""ibc2018:chapter35-row:b5ff8f8a63532c43aafeb994""]",product qualification,2202,ibc2018:external-family:de71d51f553600548061a386,UL,0.95,"[""2202—2009""]","[""2009""]","[""Electric Vehicle (EV) Charging System Equipment""]",external_document_family,provisional
"[""ibc2018:chapter35-row:477b360b706aa5dfd85984a1""]",unknown,A108.1A,ibc2018:external-family:dee403fb3f472a6b8a591092,ANSI,0.95,"[""A108.1A—16""]","[""16""]","[""Installation of Ceramic Tile in the Wet-set Method, with Portland Cement Mortar""]",external_document_family,provisional
"[""ibc2018:chapter35-row:1b164b87f53a2ee5930ecb60""]",material specification,E1886,ibc2018:external-family:df28707b338c6dc14db00e53,ASTM,0.95,"[""E1886—13A""]","[""13A""]","[""Standard Test Method for Performance of Exterior Windows, Curtain Walls, Doors and Impact Protective Systems""]",external_document_family,provisional
"[""ibc2018:chapter35-row:416d0db5fb2f84ecf17037d2""]",material specification,D4434/D4434M,ibc2018:external-family:df76dc92551c09c6bd787a61,ASTM,0.95,"[""D4434/D4434M—12""]","[""12""]","[""Specification for Poly (Vinyl Chloride) Sheet Roofing""]",external_document_family,provisional
"[""ibc2018:chapter35-row:5ec0a39f1fe7a13f2c1ae2d4""]",unknown,222-H,ibc2018:external-family:e001b4dfa1fce96f289e4caf,TIA,0.95,"[""222-H—2016""]","[""2016""]","[""Structural Standards for Antenna Supporting Structures and Antennas""]",external_document_family,provisional
"[""ibc2018:chapter35-row:b886cfc06d542eaa0ceeee00""]",material specification,D5665/D5665M,ibc2018:external-family:e13c3c517f05e93655d683eb,ASTM,0.95,"[""D5665/D5665M—99a(2014)e1""]","[""99a(2014)e1""]","[""Specification for Thermoplastic Fabrics Used in Cold-applied Roofing and Waterproofing""]",external_document_family,provisional
"[""ibc2018:chapter35-row:d732bbbba8996516f0540e0f""]",unknown,1402,ibc2018:external-family:e16484e6a2a4b4c9229cd617,AAMA,0.95,"[""1402—09""]","[""09""]","[""Standard Specifications for Aluminum Siding, Soffit and Fascia""]",external_document_family,provisional
"[""ibc2018:chapter35-row:55a4280149bb560338a87368""]",material specification,D3278,ibc2018:external-family:e1747c1271aa227cf900133e,ASTM,0.95,"[""D3278—96(2011)""]","[""96(2011)""]","[""Test Methods for Flash Point of Liquids by Small Scale Closed-cup Apparatus""]",external_document_family,provisional
"[""ibc2018:chapter35-row:25f6c88ab1cb5adc1aded98b""]",structural design standard,AISI S400,ibc2018:external-family:e213b3c7c36a2832f2c79f65,AISI,0.95,"[""AISI S400—15/S1—16""]","[""15/S1—16""]","[""North American Standard for Seismic Design of Cold-formed Steel Structural Systems, 2015, with""]",external_document_family,provisional
"[""ibc2018:chapter35-row:77bede1eab90c7b37bb85eb9""]",structural design standard,49,ibc2018:external-family:e2fd3845b8e90f9c433ff8e5,ASCE/SEI,0.95,"[""49—07""]","[""07""]","[""Wind Tunnel Testing for Buildings and Other Structures""]",external_document_family,provisional
"[""ibc2018:chapter35-row:b50db78e7180ed8650b1393f""]",product qualification,1741,ibc2018:external-family:e3c4a256ac42769432f921fb,UL,0.95,"[""1741—2010""]","[""2010""]","[""Inverters, Converters, Controllers and Interconnection System Equipment for Use with Distributed Energy Resources—""]",external_document_family,provisional
"[""ibc2018:chapter35-row:7cd78244cf78e86a0ab04bec""]",unknown,WRI/CRSI,ibc2018:external-family:e4d56eaec7f29430e51e3bc2,WRI,0.95,"[""WRI/CRSI—81""]","[""81""]","[""Design of Slab-on-ground Foundations—with 1996 Update""]",external_document_family,provisional
"[""ibc2018:chapter35-row:7ef7ae60ace8d10ee5565883""]",installation standard,418,ibc2018:external-family:e573f5e7cf860a7717c3fcbe,NFPA,0.95,"[""418—16""]","[""16""]","[""Standard for Heliports""]",external_document_family,provisional
"[""ibc2018:chapter35-row:6ad93b7bd4658a0d3601192d""]",related code,IRC,ibc2018:external-family:e5bb3dc77b870d99b4a8d1a8,ICC,0.95,"[""IRC—18""]","[""18""]","[""International Residential Code®""]",external_document_family,provisional
"[""ibc2018:chapter35-row:3f9684980edc9703f5cb1751""]",related code,ICC 500,ibc2018:external-family:e5f30977f71e227999f1c17a,ICC,0.95,"[""ICC 500—14""]","[""14""]","[""ICC/NSSA Standard on the Design and Construction of Storm Shelters""]",external_document_family,provisional
"[""ibc2018:chapter35-row:a52545d18151e56948a677da""]",unknown,A137.1,ibc2018:external-family:e67d0536c7a2cf4409fc5e50,ANSI,0.95,"[""A137.1—17""]","[""17""]","[""American National Standard Specifications for Ceramic Tile""]",external_document_family,provisional
"[""ibc2018:chapter35-row:4057fed4142d25f026ca23ec""]",material specification,D2822/D2822M,ibc2018:external-family:e68aac5dd14ade8c056ceb1d,ASTM,0.95,"[""D2822/D2822M—05(2011)e1""]","[""05(2011)e1""]","[""Specification for Asphalt Roof Cement, Asbestos Containing""]",external_document_family,provisional
"[""ibc2018:chapter35-row:aba1f9dccda0313d075c8718""]",unknown,ICC 901/SRCC 100,ibc2018:external-family:e6dc020e2cee613a9e78c366,SRCC,0.95,"[""ICC 901/SRCC 100—2015""]","[""2015""]","[""Solar Thermal Collector Standard""]",external_document_family,provisional
"[""ibc2018:chapter35-row:3a7fd4b318c218904c457bad""]",material specification,D312/D312M,ibc2018:external-family:e887eca84b7704138e8c15fb,ASTM,0.95,"[""D312/D312M—15""]","[""15""]","[""Specification for Asphalt Used in Roofing""]",external_document_family,provisional
"[""ibc2018:chapter35-row:29c3891e7e09548410a912c5""]",material specification,C1364,ibc2018:external-family:e8fb8f158b15d8e5eb3a344c,ASTM,0.95,"[""C1364—10B""]","[""10B""]","[""Standard Specification for Architectural Cast Stone""]",external_document_family,provisional
"[""ibc2018:chapter35-row:0cbdf66dd349965beb9c4ec8""]",material specification,D6464,ibc2018:external-family:e92fb5e1fec9244874ba435b,ASTM,0.95,"[""D6464—03a(2009)e1""]","[""03a(2009)e1""]","[""Standard Specification for Expandable Foam Adhesives for Fastening Gypsum Wallboard to Wood Framing""]",external_document_family,provisional
"[""ibc2018:chapter35-row:87bda708797860f7c908bdf0""]",material specification,C1328/C1328M,ibc2018:external-family:eadf0620685ba5483473c300,ASTM,0.95,"[""C1328/C1328M—12""]","[""12""]","[""Specification for Plastic (Stucco Cement)""]",external_document_family,provisional
"[""ibc2018:chapter35-row:abbc7e61fb8c7937edc70c16""]",material specification,D6305,ibc2018:external-family:eb0b96bbe18c3d766afdd023,ASTM,0.95,"[""D6305—08(2015)e1""]","[""08(2015)e1""]","[""Practice for Calculating Bending Strength Design Adjustment Factors for Fire-retardant-treated Plywood Roof""]",external_document_family,provisional
"[""ibc2018:chapter35-row:937ec53b71c4b367548d1d17""]",unknown,AITC 200,ibc2018:external-family:eb74b7fe2dabc0b9bd0ce8ea,WCLIB,0.95,"[""AITC 200—09""]","[""09""]","[""Manufacturing Quality Control Systems Manual for Structural Glued Laminated Timber""]",external_document_family,provisional
"[""ibc2018:chapter35-row:bd338cf27de3b8ac78804b04""]",unknown,ANSI/DASMA 108,ibc2018:external-family:eb9a41dd93148c2533d10f5e,DASMA,0.95,"[""ANSI/DASMA 108—2017""]","[""2017""]","[""Standard Method for Testing Sectional Garage Doors, Rolling Doors and Flexible Doors: Determination of""]",external_document_family,provisional
"[""ibc2018:chapter35-row:30124bc36cc520ceac49bc7e""]",material specification,E2174,ibc2018:external-family:ebd9847d86a868e5d330c7dc,ASTM,0.95,"[""E2174—14b""]","[""14b""]","[""Standard Practice for On-site Inspection of Installed Fire Stops""]",external_document_family,provisional
"[""ibc2018:chapter35-row:2750319e037569dc41063ff7""]",unknown,PS 2,ibc2018:external-family:ec1deb15fbcdbbb93c723105,DOC,0.95,"[""PS 2—10""]","[""10""]","[""Performance Standard for Wood-based Structural-use Panels""]",external_document_family,provisional
"[""ibc2018:chapter35-row:f4ef42f0fb5d2dc773c08fb2""]",material specification,D3689/D3698M,ibc2018:external-family:ed00c478e524654874f1547a,ASTM,0.95,"[""D3689/D3698M—07(2013)e1""]","[""07(2013)e1""]","[""Test Methods for Deep Foundations under Static Axial Tensile Load""]",external_document_family,provisional
"[""ibc2018:chapter35-row:2930d5df3154d9c258c74c62""]",related code,IPSDC,ibc2018:external-family:ed5eb2a997feb0f97aa842ac,ICC,0.95,"[""IPSDC—18""]","[""18""]","[""International Private Sewage Disposal Code®""]",external_document_family,provisional
"[""ibc2018:chapter35-row:094933fb54f5f7caa3ca3e30""]",material specification,D7672,ibc2018:external-family:edd78e6babcd8265fe425acf,ASTM,0.95,"[""D7672—14""]","[""14""]","[""Standard Specification for Evaluating Structural Capacities of Rim Board Products and Assemblies""]",external_document_family,provisional
"[""ibc2018:chapter35-row:42f96b42ec4fd78f96c0b06a""]",structural design standard,318,ibc2018:external-family:edf096f30e7fb5aab29ce2c8,ACI,0.95,"[""318—14""]","[""14""]","[""Building Code Requirements for Structural Concrete""]",external_document_family,provisional
"[""ibc2018:chapter35-row:3283bb2efd63c0de6913a084""]",material specification,D4945,ibc2018:external-family:edf99303f315fdc1fbba57f3,ASTM,0.95,"[""D4945—12""]","[""12""]","[""Test Method for High-strain Dynamic Testing of Deep Foundations""]",external_document_family,provisional
"[""ibc2018:chapter35-row:f5702cfeac68a5d33ff57e1f""]",material specification,F2006,ibc2018:external-family:ee524de8911f5e90dab092b1,ASTM,0.95,"[""F2006—17""]","[""17""]","[""Standard/Safety Specification for Window Fall Prevention Devices for Nonemergency Escape (Egress) and Rescue""]",external_document_family,provisional
"[""ibc2018:chapter35-row:22e8d4c38e02bb9fe3c24df4""]",material specification,D5664,ibc2018:external-family:ee927b5f7e03036879087def,ASTM,0.95,"[""D5664—10""]","[""10""]","[""Standard Test Method for Evaluating the Effects of Fire-retardant Treatment and Elevated Temperatures on Strength""]",external_document_family,provisional
"[""ibc2018:chapter35-row:637519066a453b653fa5bbe3""]",material specification,D5516,ibc2018:external-family:ee9c3cb580cc5f7f334612f5,ASTM,0.95,"[""D5516—09""]","[""09""]","[""Test Method of Evaluating the Flexural Properties of Fire-retardant Treated Softwood Plywood Exposed to Elevated""]",external_document_family,provisional
"[""ibc2018:chapter35-row:0d48c0cbc0923190e2db629c""]",material specification,C635/C635M,ibc2018:external-family:ef964b412633790fe60bf758,ASTM,0.95,"[""C635/C635M—13a""]","[""13a""]","[""Specification for the Manufacture, Performance and Testing of Metal Suspension Systems for Acoustical Tile and""]",external_document_family,provisional
"[""ibc2018:chapter35-row:6c6811cdeaa84f07525f5d63""]",material specification,C199,ibc2018:external-family:f06a3ece26ad8a4bcad017f1,ASTM,0.95,"[""C199—84(2011)""]","[""84(2011)""]","[""Test Method for Pier Test for Refractory Mortars""]",external_document_family,provisional
"[""ibc2018:chapter35-row:e931c1965f57c7329d50c57c""]",unknown,APA PDS Supplement 3,ibc2018:external-family:f18ad13194ac8e9ed896c29a,APA,0.95,"[""APA PDS Supplement 3—12""]","[""12""]","[""Design and Fabrication of Plywood Stressed-skin Panels (revised 2013)""]",external_document_family,provisional
"[""ibc2018:chapter35-row:c3a16232c8e8800946c50a91""]",unknown,APA PDS Supplement 5,ibc2018:external-family:f25e7cfceb6cb8a3b5fb7174,APA,0.95,"[""APA PDS Supplement 5—16""]","[""16""]","[""Design and Fabrication of All-plywood Beams (revised 2013)""]",external_document_family,provisional
"[""ibc2018:chapter35-row:a4c2dd35cd733d80cc8ec553""]",material specification,E681,ibc2018:external-family:f2b8dd17cc47f168f223aa87,ASTM,0.95,"[""E681—09(2015)""]","[""09(2015)""]","[""Test Methods for Concentration Limits of Flammability of Chemical Vapors and Gases""]",external_document_family,provisional
"[""ibc2018:chapter35-row:aa880ead93aaaf871b2014a3""]",unknown,B16.18,ibc2018:external-family:f37142b4f5fa680ca876611f,ASME,0.95,"[""B16.18—2012""]","[""2012""]","[""Cast Copper Alloy Solder Joint Pressure Fittings""]",external_document_family,provisional
"[""ibc2018:chapter35-row:7a0434a616a32bbab469e6a6""]",material specification,C836/C836M,ibc2018:external-family:f4ee648002f4f60ddd2d72f1,ASTM,0.95,"[""C836/C836M—15""]","[""15""]","[""Specification for High-solids Content, Cold Liquid-applied Elastomeric Waterproofing Membrane for Use with""]",external_document_family,provisional
"[""ibc2018:chapter35-row:6fd7423d00adee2fe2bf7186""]",material specification,D4637/D4637M,ibc2018:external-family:f52bdce26813aba3a1766936,ASTM,0.95,"[""D4637/D4637M—14e1""]","[""14e1""]","[""Specification for EPDM Sheet Used in Single-ply Roof Membrane""]",external_document_family,provisional
"[""ibc2018:chapter35-row:f5d76fa1e11843d4b28951a2""]",material specification,D3161/D3161M,ibc2018:external-family:f5f96e4e6366f393ef2c87ce,ASTM,0.95,"[""D3161/D3161M—15""]","[""15""]","[""Test Method for Wind Resistance of Steep Slope Roofing Products (Fan Induced Method)""]",external_document_family,provisional
"[""ibc2018:chapter35-row:a1b46d965a7028e623aadaa5""]",structural design standard,AISI S202,ibc2018:external-family:f81d5735a7931661f2e88aee,AISI,0.95,"[""AISI S202—15""]","[""15""]","[""Code of Standard Practice for Cold-formed Steel Framing, 2015""]",external_document_family,provisional
"[""ibc2018:chapter35-row:c40d8120c183ed2786de4ef5""]",material specification,D86,ibc2018:external-family:f9505209b3179192ca879585,ASTM,0.95,"[""D86—15""]","[""15""]","[""Test Method for Distillation of Petroleum Products and Liquid Fuels at Atmospheric Pressure""]",external_document_family,provisional
"[""ibc2018:chapter35-row:1ea590dd80035102d79e31be""]",material specification,D1970/D1970M,ibc2018:external-family:f9780d15f1d1fd9dda9eaf5f,ASTM,0.95,"[""D1970/D1970M—15a""]","[""15a""]","[""Specification for Self-adhering Polymer Modified Bituminous Sheet Materials Used as Steep Roof""]",external_document_family,provisional
"[""ibc2018:chapter35-row:147a67f4df15a4f92995b224""]",material specification,D2823/D2823M,ibc2018:external-family:fb53ad2aaf28ee2642cf82e4,ASTM,0.95,"[""D2823/D2823M—05(2011)e1""]","[""05(2011)e1""]","[""Specification for Asphalt Roof Coatings, Asbestos Containing""]",external_document_family,provisional
"[""ibc2018:chapter35-row:e20d24278655d8aac7944dd9""]",material specification,D3746,ibc2018:external-family:fbb3da77c615594e21474b45,ASTM,0.95,"[""D3746—85(2008)""]","[""85(2008)""]","[""Test Method for Impact Resistance of Bituminous Roofing Systems""]",external_document_family,provisional
"[""ibc2018:chapter35-row:b96a471ec571cbf01a371b1d""]",installation standard,276,ibc2018:external-family:fbc2344e12914e4c55fed302,NFPA,0.95,"[""276—15""]","[""15""]","[""Standard Method of Fire Tests for Determining the Heat Release Rate of Roofing Assemblies with Combustible Above-deck""]",external_document_family,provisional
"[""ibc2018:chapter35-row:129c4f866eafc074a9e352f1""]",product qualification,2703,ibc2018:external-family:fbc2cefcdcbccb3fc81da334,UL,0.95,"[""2703—2014""]","[""2014""]","[""Outline of Investigation for Mounting Systems, Mounting Devices, Clamping/Retention Devices and Ground Lugs for""]",external_document_family,provisional
"[""ibc2018:chapter35-row:42fdde06017da51ced092339""]",unknown,ASM 35,ibc2018:external-family:fbc826115d89ee2f492f9612,AA,0.95,"[""ASM 35—00""]","[""00""]","[""Aluminum Sheet Metal Work in Building Construction (Fourth Edition)""]",external_document_family,provisional
"[""ibc2018:chapter35-row:976922fd95c09e2901ca6a09""]",structural design standard,24,ibc2018:external-family:fc402c7c26af89e0c74ae26b,ASCE/SEI,0.95,"[""24—14""]","[""14""]","[""Flood Resistant Design and Construction""]",external_document_family,provisional
"[""ibc2018:chapter35-row:35862229ea1528efe8db0343""]",product qualification,1703,ibc2018:external-family:fc9ee1543ea615680451e7ae,UL,0.95,"[""1703—02""]","[""02""]","[""Flat-plate Photovoltaic Modules and Panels—with Revisions through October 2015""]",external_document_family,provisional
"[""ibc2018:chapter35-row:f5d9e773208b287303d2f800""]",installation standard,704,ibc2018:external-family:fcbf57e7087587b6685a25a9,NFPA,0.95,"[""704—17""]","[""17""]","[""Standard System for the Identification of the Hazards of Materials for Emergency Response""]",external_document_family,provisional
"[""ibc2018:chapter35-row:4f9c4f44c1a4a6635d135127""]",installation standard,16,ibc2018:external-family:fcc7ecce5d23e3d4bbfa216e,NFPA,0.95,"[""16—15""]","[""15""]","[""Standard for the Installation of Foam-water Sprinkler and Foam-water Spray Systems""]",external_document_family,provisional
"[""ibc2018:chapter35-row:54fbc3ae695fb3aa3d2dddf9""]",unknown,12-B,ibc2018:external-family:fcdb1fc02977f0c404e0fc7e,AWCI,0.95,"[""12-B—14""]","[""14""]","[""Technical Manual 12B, Third Edition; Standard Practice for the Testing and Inspection of Field Applied Thin Film""]",external_document_family,provisional
"[""ibc2018:chapter35-row:2970c511d900f94f79e287cc""]",product qualification,4880,ibc2018:external-family:fd3ff9c6193da4aad19931a5,FM,0.95,"[""4880—2015""]","[""2015""]","[""Approval Standard for Class 1 Fire Rating of Building Panels or Interior Finish Materials""]",external_document_family,provisional
"[""ibc2018:chapter35-row:b271e4efe011aa4f1b81e472""]",unknown,ASME A17.1,ibc2018:external-family:fd6d738f2b3769fb35e32f1f,CSA,0.95,"[""ASME A17.1—2016/CSA B44-—16""]","[""2016/CSA B44-—16""]","[""Safety Code for Elevators and Escalators""]",external_document_family,provisional
"[""ibc2018:chapter35-row:2016e9fa82ee73d905c37b1f""]",material specification,D5055,ibc2018:external-family:fdb649cade68864d0e0c6990,ASTM,0.95,"[""D5055—13e1""]","[""13e1""]","[""Specification for Establishing and Monitoring Structural Capacities of Prefabricated Wood I-joists""]",external_document_family,provisional
"[""ibc2018:chapter35-row:fc586b1b1d10294817463c07""]",unknown,AWC WCD No. 4,ibc2018:external-family:fdb66d7e736d731f10aa1e6a,AWC,0.95,"[""AWC WCD No. 4—2003""]","[""2003""]","[""Wood Construction Data—Plank and Beam Framing for Residential Buildings""]",external_document_family,provisional
"[""ibc2018:chapter35-row:a83844504479ce5e4dcc84d8""]",material specification,C1325,ibc2018:external-family:fe865de39d1986fccca97adf,ASTM,0.95,"[""C1325—14""]","[""14""]","[""Standard Specification for Nonasbestos Fiber-mat Reinforced Cement Backer Units""]",external_document_family,provisional
"[""ibc2018:chapter35-row:ccba8224e1eb716f977aed3a""]",unknown,AITC 119,ibc2018:external-family:feba876fe4010bc2c6328644,WCLIB,0.95,"[""AITC 119—96""]","[""96""]","[""Standard Specifications for Structural Glued Laminated Timber of Hardwood Species""]",external_document_family,provisional
"[""ibc2018:chapter35-row:faa65c90a1b5fdbd05ea7a6e""]",material specification,D4990,ibc2018:external-family:ff62784efe76b0f38a698eb1,ASTM,0.95,"[""D4990—97a(2013)""]","[""97a(2013)""]","[""Specification for Coal Tar Glass Felt Used in Roofing and Waterproofing""]",external_document_family,provisional
"[""ibc2018:chapter35-row:143cd89b02f2e0e290f4e168""]",performance classification,16 CFR Part 1500 (2009),ibc2018:external-family:fff2b37fd64a18cf975208e7,CPSC,0.95,"[""16 CFR Part 1500 (2009)""]",[],"[""Hazardous Substances and Articles; Administration and Enforcement Regulations""]",external_document_family,provisional
